Symbol ,Series ,LTP ,%chng ,Mkt Cap (₹ Crores),Volume (Lakhs),Value (₹ Crores)
HDFCBANK,EQ,810,1.93,1246862.83,397.7,3220.22
GROWW,EQ,208.25,6.95,130647.65,1310.89,2723.51
RAILTEL,EQ,332.5,16.92,10671.2,695.37,2266.5
RELIANCE,EQ,1342.9,2.11,1817275.75,153.14,2052.08
LT,EQ,4073,3,560294.99,45.62,1861.56
VEDL,EQ,766,1.79,299535.73,231.15,1759.57
SBIN,EQ,1070.9,0.69,988506.84,161.96,1739.9
GALLANTT,EQ,814.6,20,19654.75,211.84,1629.69
INFY,EQ,1305,2.21,529258.85,120.99,1581.97
EIEL,EQ,212.4,6.64,3728.26,720.27,1564.51
BSE,EQ,3393,2.71,138395.07,44.18,1497.59
ETERNAL,EQ,246.01,4.14,237408.28,560.73,1374.06
AFCONS,EQ,334,9.01,12284.01,387.63,1358.1
TCS,EQ,2552.8,3.24,923625.38,52.61,1337.45
MCX,EQ,2858,3.34,72876.67,46.12,1314.85
SILVERBEES,EQ,235.09,4.5,32307.82,505.86,1202.08
NETWEB,EQ,3570,7.87,20327.83,32.28,1140.53
HINDALCO,EQ,1009,3.14,226745.16,110.75,1123.02
MTARTECH,EQ,4953,12.63,15235.23,23.16,1119.01
SUZLON,EQ,49,6.85,67201.7,2154.57,1045.83
ADANIPOWER,EQ,182,0.36,350981.44,514.98,949.67
MARUTI,EQ,13289,1.63,417809.58,6.99,931.7
DIXON,EQ,11077,5.46,67350.26,8.52,931.53
M&M,EQ,3259,1.2,405266.05,25.91,846.36
SHRIRAMFIN,EQ,1020,1.58,239974.02,78.69,809.88
BPCL,EQ,310.8,6.09,134838.49,261.47,800.95
INDIGO,EQ,4620,4.35,178635.07,16.23,752.05
SIEMENS,EQ,3584,7.19,127633.59,21.35,751.18
TATAPOWER,EQ,421.5,2.92,134683.56,176.11,738.92
KOTAKBANK,EQ,382.35,2.81,380303.09,191,726.16
RPOWER,EQ,28.95,10.88,11973.06,2500.88,719.25
POWERGRID,EQ,313,4.21,291108.9,218.97,678.05
GOLDBEES,EQ,125.26,1.21,56722.69,539.36,676.36
ADANIPORTS,EQ,1508,2.91,347437.03,44.16,665.16
PGEL,EQ,537,10.3,15322.9,125.52,662.6
EICHERMOT,EQ,7118,0.96,195256.85,9.13,649.83
TATASTEEL,EQ,208.19,0.87,259894.55,308.58,645.19
HINDCOPPER,EQ,549.4,4.24,53128.3,115.79,644.62
KAYNES,EQ,4018,3.59,26934.52,16.02,643.38
WAAREEENER,EQ,3423.5,2.66,98477.43,18.75,639.75
SUNPHARMA,EQ,1694,2.53,406437.77,37.6,632.1
HGINFRA,EQ,623,12.54,4060.16,98.19,624.14
ANGELONE,EQ,297.39,6.04,27088.04,210.51,622.23
PFC,EQ,445,2.64,146854.53,135.78,602.5
HAL,EQ,4240,3.42,283560.6,14,589.23
WIPRO,EQ,210,3.46,220258.81,278.9,581.26
HCLTECH,EQ,1450.3,1.46,393562.85,39.94,579.44
DEEPAKFERT,EQ,1195.2,11.53,15087.94,48.07,575.73
HDFCAMC,EQ,2670,4.87,114382.85,21.61,573.27
ITC,EQ,302.2,1.19,378717.56,187.01,565.57
BAJFINANCE,EQ,912.7,1.53,567894.89,59.75,547.85
BAJAJ-AUTO,EQ,9865,0.5,275724.62,5.52,545.59
JPPOWER,EQ,18.69,8.79,12809.11,2959.91,544.33
TMCV,EQ,435.4,1.3,160328.71,118.71,522.11
ICICIPRULI,EQ,563.5,3.11,81671.49,92.14,520.75
JIOFIN,EQ,242.6,2.07,154127.22,204.77,497.66
NATIONALUM,EQ,423.7,1.35,77818.09,110.13,468.12
POWERINDIA,EQ,28400,0.26,126585.51,1.63,468.12
QPOWER,EQ,1117.05,12.46,8650.89,41.68,455.64
HINDZINC,EQ,580,3.1,245068.5,77.5,453.12
LGEINDIA,EQ,1536.5,2.37,104293.38,29.04,448.85
TMPV,EQ,356,3.04,131101.47,124.95,445.74
BEL,EQ,447.3,1.3,326966.41,99.15,443.52
COALINDIA,EQ,435.9,0.18,268633.33,101.49,441.27
MAZDOCK,EQ,2542,1.89,102539.2,16.87,428.31
TITAN,EQ,4527.5,1.99,401945.18,9.19,413.75
LIQUIDCASE,EQ,113.63,0.03,9084.67,361.94,411.21
HINDPETRO,EQ,366.45,4.88,77974.06,112.04,410.84
CUMMINSIND,EQ,4995,0.07,138461.4,8.07,406.36
RVNL,EQ,286.99,5.59,59837.99,141.5,402.24
LICI,EQ,841.7,4.73,532375.06,47.21,393.73
CDSL,EQ,1340,3.83,28006,29.44,393.64
LODHA,EQ,860,4.79,85912.17,45.53,388.13
FORCEMOT,EQ,22440,1.67,29245.86,1.7,386.76
ADANIENT,EQ,2138,0.42,276206.77,17.79,385.94
IDEA,EQ,9.49,2.59,102817.54,4100.02,385.81
POLYCAB,EQ,7773.5,2.99,117035.6,4.95,385.06
ASHOKLEY,EQ,175.59,2.05,103139.01,215.64,382.01
DMART,EQ,4465.4,0.39,291125.83,8.47,377.35
BANKBARODA,EQ,278.6,1.04,144074.15,134.48,375.94
INOXWIND,EQ,93.39,6.67,16140.01,403.17,374.26
BHEL,EQ,292,1.47,101676.25,127.31,374.07
HDFCLIFE,EQ,640,3.38,138100.45,57.37,365.69
GVT&D,EQ,4138,1.08,105952.06,8.65,359.37
DLF,EQ,587,3.27,145300.99,61.11,357.58
APOLLOHOSP,EQ,7619.5,1.37,109556.72,4.65,354.3
VBL,EQ,445.05,3.36,150520.11,77.98,347.91
HEROMOTOCO,EQ,5281,0.65,105667.41,6.52,346.33
ABB,EQ,6851.5,0.34,145189.02,5,345.9
CANBK,EQ,141.43,1.92,128286.22,241.67,342.93
BOSCHLTD,EQ,37125,1.39,109495.14,0.93,342.44
TATSILV,EQ,23.89,4.55,5606.63,1412.39,341.23
STLTECH,EQ,254.91,5,12442.99,134.13,340.45
SOLARINDS,EQ,14826,2.07,134160.56,2.28,337.93
HINDUNILVR,EQ,2152,1.17,505632.04,15.53,335.32
PURVA,EQ,231.05,6.97,5479.34,141.43,335.22
COFORGE,EQ,1282.4,4.15,43059,26.26,333.65
DATAPATTNS,EQ,3452,3.26,19325.67,9.54,331.34
JSWENERGY,EQ,527.7,3.55,92732.31,62.46,329.11
MUTHOOTFIN,EQ,3598.3,1.01,144460.4,9.12,329.04
SWIGGY,EQ,272.75,3.24,75287.55,119.85,325.59
ULTRACEMCO,EQ,11711,1.82,345098.78,2.75,323.81
BHARATFORG,EQ,1826.5,1.4,87310.11,17.09,312.95
NIFTYBEES,EQ,273.84,1.6,62952.16,112.53,308.12
HFCL,EQ,88.15,2.5,13492.26,345.15,307.74
BRITANNIA,EQ,5665,1.36,136451.89,5.43,306.76
MOTHERSON,EQ,123.39,3.59,130225.98,248.91,306.36
CGPOWER,EQ,750,4.73,118119.09,41,304.71
ADANIGREEN,EQ,1094.5,0.83,179650.56,27.6,304.63
NTPC,EQ,392,1.49,380109.31,77.22,302.5
GMDCLTD,EQ,622.6,1.3,19798.68,47.76,301.61
TRENT,EQ,3973.2,2.52,141242.28,7.53,298.91
PARAS,EQ,756,7.1,6092.4,38.51,290.74
KRN,EQ,1124.05,7.05,6986.71,25.9,288.15
ITDC,EQ,642.3,1.53,5508.97,44.46,287.57
ASIANPAINT,EQ,2420.7,2.9,232193.01,11.82,285.44
PERSISTENT,EQ,5489.9,2.09,86603.17,5.12,282.67
INDUSINDBK,EQ,839.1,2.47,65374.79,32.72,274.38
MAXHEALTH,EQ,990.35,4.06,96380.12,27.59,271.35
AEGISLOG,EQ,658.4,6.55,23109.84,40.79,271.14
LTM,EQ,4630,3.66,137276.41,5.73,264.06
SBILIFE,EQ,1972,3.01,197809.77,13.41,263.09
GRSE,EQ,2574,2.07,29485.68,10.14,262.27
AGIIL,EQ,372.5,3.6,4656.15,72.2,261.03
PAYTM,EQ,1137,2.74,72780.47,22.74,258.8
ICICIGI,EQ,1864,4.59,92921.11,13.97,256.89
AMBER,EQ,7488,4.31,26351.52,3.47,256.81
AUROPHARMA,EQ,1375,2.63,79860.22,18.3,250.17
TECHM,EQ,1482,3.25,145212.47,16.79,247.2
ARSSBL,EQ,583,1.7,3656.88,41,245.67
MPHASIS,EQ,2406,3.88,45911.19,10.12,241.09
SONACOMS,EQ,584.9,2.74,36371.82,41.22,239.85
IOC,EQ,145.14,2.88,204955.65,160.21,232.51
UNIONBANK,EQ,188.1,1.85,143588.12,122.44,230.82
GODFRYPHLP,EQ,2100,2.77,32756.17,10.96,230.78
PAGEIND,EQ,36600,2.09,40823.18,0.63,228.7
TDPOWERSYS,EQ,945,3.22,14762.3,23.85,226.14
KIRLOSENG,EQ,1584,6.67,23024.9,14.09,221.37
CHOLAFIN,EQ,1549.6,2.81,132031.68,14.1,218.37
PRESTIGE,EQ,1338,2.57,57631.71,16.09,214.89
GPIL,EQ,304.95,5.48,20473.27,71.62,214.67
TVSMOTOR,EQ,3786,1.28,179867.98,5.68,214.61
GMRAIRPORT,EQ,99.01,4.31,104544.42,215.53,213.31
LUPIN,EQ,2335.8,0.89,106787.9,9.08,212.75
NTPCGREEN,EQ,107.18,2.83,90313.4,197.75,212.15
CYIENT,EQ,963.7,7.54,10709.23,21.77,209.98
HBLENGINE,EQ,786.95,4.65,21813.86,26.74,208.39
TARIL,EQ,309,6.09,9275.12,68.05,207.48
SHREECEM,EQ,24960,2.72,90057.55,0.82,204.62
GAIL,EQ,156.35,1.72,102801.68,130.41,203.81
UNITDSPR,EQ,1250.5,1.54,90955.22,16.25,203.32
EMMVEE,EQ,258.4,8.45,17890.2,79.5,200.47
RECLTD,EQ,352.85,1.69,92913.31,56.64,200.26
BANDHANBNK,EQ,173.29,3.93,27916.54,115.35,199.85
PREMIERENE,EQ,998.8,2.55,45245.08,19.72,196.68
HEG,EQ,590,4.25,11385.67,33.33,195.87
INDHOTEL,EQ,647,1.9,92096.07,30.31,195.77
HYUNDAI,EQ,1781,1.99,144713.57,10.94,195.34
VOLTAS,EQ,1400,2.82,46323.86,13.96,195.09
HDFCSILVER,EQ,235.78,4.81,7790.2,81.77,194.8
NAM-INDIA,EQ,949,3.66,60557.21,20.31,194.64
BAJAJFINSV,EQ,1829,2.28,292740.59,10.66,194.41
BDL,EQ,1357,1.82,49742.53,14.28,193.99
COCHINSHIP,EQ,1482.3,3.3,38996.46,13.13,193.42
NHPC,EQ,80.47,3.62,80832.4,241.34,192.95
LAURUSLABS,EQ,1123.95,3.32,60677.18,17.23,192.27
SWARAJENG,EQ,4050,3.67,4920.7,4.56,191.66
POLICYBZR,EQ,1483,2.06,68617.38,12.81,189.61
NEWGEN,EQ,473,6.26,6731.63,40.16,189.31
360ONE,EQ,1058.8,4.88,43001.94,17.95,188.71
NMDC,EQ,87.02,1.41,76506.4,215.74,188.32
AVANTIFEED,EQ,1418.3,0.09,19323.72,12.94,186.7
IRFC,EQ,101.85,2.96,133102.73,183.44,186.61
GRASIM,EQ,2733.1,0.74,185994.1,6.66,183.09
JWL,EQ,273.75,4.53,11699.26,65.61,180.16
UNOMINDA,EQ,1098,1.84,63400.78,16.05,176.57
DABUR,EQ,432.6,1.85,76729.84,40.79,176.4
CHENNPETRO,EQ,970.85,2.73,14457.06,17.87,173.01
KALYANKJIL,EQ,442.5,0.19,45698.75,38.8,172.68
JSWSTEEL,EQ,1218.5,1.19,297978.57,14.04,171.12
GODREJPROP,EQ,1735,1.65,52259.54,9.87,171.04
PAISALO,EQ,42.76,8.42,3889.12,397.28,170.43
THERMAX,EQ,4084,5.51,48663.43,4.22,170.35
JUBLFOOD,EQ,453.7,3.61,29937.18,37.63,169.9
SILVERIETF,EQ,245.49,4.62,15307.52,68.13,168.83
UPL,EQ,660,2.52,55715.17,25.45,167.33
RADICO,EQ,2905.8,3.49,38908.06,5.74,165.43
AARTIIND,EQ,430.5,1.46,15609.69,38.59,163.93
YATRA,EQ,123.5,20,1937.91,138.72,162.87
TATAGOLD,EQ,14.7,1.31,5954.28,1103.94,162.5
MARICO,EQ,753.95,0.11,97873.94,21.46,162.47
TEJASNET,EQ,450,1.68,7994.85,35.91,161.81
PNB,EQ,113,2.05,129870.26,141.01,159.62
PIIND,EQ,3060,5.18,46425.74,5.29,159.09
CIPLA,EQ,1227,1.31,99114.93,12.98,158.96
ABCAPITAL,EQ,343.55,1.81,90024.54,45.65,157.84
AUBANK,EQ,983,0.4,73554.66,15.94,157.46
BLUESTARCO,EQ,1805,4.34,37113.47,8.79,156.88
OBEROIRLTY,EQ,1706.2,1.25,62037.81,9.08,154.78
DIVISLAB,EQ,6179,1.8,164033.04,2.51,154.67
NESTLEIND,EQ,1256.9,2.51,242369.83,12.37,154.54
ANANDRATHI,EQ,3650,1.61,30302.53,4.19,153.27
FORTIS,EQ,880,3.5,66436.32,17.51,152.73
TATACONSUM,EQ,1092,0.16,108017.69,13.85,152.39
MFSL,EQ,1699.7,3.24,58659.16,8.95,152.33
HSCL,EQ,489.35,4,24689.74,31.48,151.84
LTF,EQ,280.5,2.36,70256.81,53.24,150.06
WELCORP,EQ,1053.65,4.79,27794.3,14.31,149.8
AWFIS,EQ,362.57,13.9,2593.84,40.44,148.05
MEESHO,EQ,164.6,3.32,75124.35,90.25,147.71
GRAPHITE,EQ,666.5,4.53,13021.78,22.25,147.24
NAUKRI,EQ,1027.55,3.31,66628.46,14.4,147.01
ZEEL,EQ,82.75,3.58,7948.3,177.56,146.58
HDFCGOLD,EQ,129.4,1.23,22170.13,112.61,145.94
ATGL,EQ,584.9,2.18,64327.89,24.7,144.31
OFSS,EQ,7550,5.38,65711.53,1.92,143.49
SAMMAANCAP,EQ,156.5,1.62,12968.63,91.48,143.02
PIDILITIND,EQ,1330,0.26,135362.92,10.64,141.7
SYRMA,EQ,896.65,4.08,17290.15,15.87,141.56
ANANTRAJ,EQ,504,3.85,18137.8,27.86,140.07
CAMS,EQ,728.8,3.33,18073.11,19.18,139.25
HAVELLS,EQ,1287.4,1.06,80753.05,10.86,139.06
GLENMARK,EQ,2265,3.28,63918.48,6.17,138.27
SRF,EQ,2497.5,2.22,74032.1,5.51,137.05
JINDALSAW,EQ,218.9,6.8,13998.84,62.92,136.19
RBLBANK,EQ,318.15,0.65,19672.66,42.06,134.53
MANAPPURAM,EQ,268.6,0.75,22735.24,49.72,134.43
BANKINDIA,EQ,147.51,1.75,67156.4,90.48,134.02
AZAD,EQ,1845,5.96,11915.33,7.39,133.84
YESBANK,EQ,19.37,2.6,60782.59,672.49,130.06
REDINGTON,EQ,223.8,2.41,17496.11,57.12,128.58
KEI,EQ,4605,3.28,44024.07,2.79,128.36
OLECTRA,EQ,1226.85,1.13,10070.08,10.46,128.3
AMBUJACEM,EQ,453,2.72,111973.6,28.25,128.2
BIOCON,EQ,350.05,1.46,56739.88,36.56,128.03
PNBHOUSING,EQ,865.25,2.2,22544.05,14.68,126.7
PATANJALI,EQ,464.1,0.87,50498.92,27.17,126.44
APARINDS,EQ,11231,1.04,45113.03,1.12,125.95
WAAREERTL,EQ,1045.15,7.57,10905.7,12.32,125.62
IREDA,EQ,126.49,2.55,35533.97,98.62,124.66
IDFCFIRSTB,EQ,66.85,3.07,57502.36,184.63,123.52
APLAPOLLO,EQ,2042,3.14,56697.85,6.08,122.74
JAYNECOIND,EQ,91.15,4.64,8850.65,133.75,122.41
SHAKTIPUMP,EQ,529.55,5.94,6534.54,22.99,121.4
MOTILALOFS,EQ,786,3.8,47306.2,15.36,120.78
SWANCORP,EQ,331.5,4.29,10391.1,35.65,120.42
CUPID,EQ,93.54,1.18,12577.96,127.22,119.91
KPITTECH,EQ,727.05,2.42,19931.63,15.76,114.96
NAZARA,EQ,256.84,3.06,9515.02,44.5,114.08
ENRIN,EQ,2918,2.41,103915.96,3.92,113.97
KSB,EQ,952,4.84,16568.53,12.18,113.84
GODREJCP,EQ,1086,2.46,111124.36,10.45,113.51
MANKIND,EQ,2119,2,87478.32,5.34,112.99
CPPLUS,EQ,2065,5.67,24325.3,5.44,111.8
APOLLO,EQ,235.51,1.31,8414.59,46.52,110.4
TIINDIA,EQ,2758,1.57,53379.69,4.02,110
IRCTC,EQ,554.1,3.01,44328,19.78,109.31
VMM,EQ,117.01,2.16,54681.44,93.25,108.99
GESHIP,EQ,1400,4.85,19987.4,7.8,108.99
DEEDEV,EQ,388,5.9,2687.42,28,108.85
ELECON,EQ,416,0.3,9335.04,26.14,108.12
TATAELXSI,EQ,4550.2,3.15,28329.11,2.36,106.95
INOXINDIA,EQ,1470,4.14,13342.23,7.25,106.53
ALKEM,EQ,5589,4.18,66824.88,1.92,106.07
TATACHEM,EQ,719,0.2,18316.98,14.6,105.69
J&KBANK,EQ,127.3,2.76,14018.05,82.83,105.4
KFINTECH,EQ,933.1,3.61,16098.22,11.05,102.09
FIVESTAR,EQ,450,6.96,13255.48,22.44,99.82
SCI,EQ,253,2.74,11784.71,39.07,98.95
PRAJIND,EQ,352.5,2.72,6479.41,28.14,98.17
HCC,EQ,18.47,6.95,4838.16,537.52,98.04
CHOLAHLDNG,EQ,1569,0.28,29462.28,6.26,97.94
RATNAVEER,EQ,158,0.54,1072.35,61.66,97.86
MRPL,EQ,176.2,3.13,30880.79,55.8,97.69
TECHNOE,EQ,1202,7.97,13979.21,8.2,96.93
TATACAP,EQ,333.75,3.76,141672.5,29.14,96.01
ASHOKA,EQ,135.9,11.09,3815.03,70.55,94
IRCON,EQ,140.89,4.23,13250.93,66.32,93.37
ITCHOTELS,EQ,161.48,4.52,33635.9,57.88,93.18
LIQUID1,EQ,1099.92,0.01,1919.82,8.45,92.98
MAHABANK,EQ,71.45,1.87,54956.06,128.96,92.13
KTKBANK,EQ,242.63,0.7,9175.82,36.58,89.71
MRF,EQ,138005,2.75,58529.89,0.07,89.41
TRITURBINE,EQ,472,2.71,15004.5,18.7,89.4
BANKBEES,EQ,579.45,1.16,8157.45,15.35,89.22
SANSERA,EQ,2355,0.38,14679.2,3.7,88.02
CROMPTON,EQ,247.1,3.97,15911.14,35.45,87.61
SILVER,EQ,244.8,3.71,3176.85,35.38,87.59
LLOYDSME,EQ,1508,0.34,82210.81,5.6,85.27
IGARASHI,EQ,349.6,7.92,1100.37,22.88,84.42
IFCI,EQ,58.17,2.63,15672.83,144.84,84.3
POONAWALLA,EQ,413.5,1.16,36398.28,20.36,84.28
HUDCO,EQ,188,0.02,37635.72,43.8,83.41
PETRONET,EQ,270.27,2.17,40540.5,30.73,83.2
NYKAA,EQ,261.25,1.67,74801.81,31.76,83.08
M&MFIN,EQ,299.8,0.99,41671.34,27.31,82.36
CARRARO,EQ,586,20,3331.5,14.52,82.24
BAJAJHFL,EQ,89.09,4.77,74232.77,92.65,81.61
SBISILVER,EQ,240.93,4.74,6164.7,33.47,81.43
BAJAJCON,EQ,441,4.86,5760.27,18.51,81.01
PWL,EQ,105.3,4.49,30112.56,75.96,80.44
LUXIND,EQ,1421.75,5.69,4275.44,5.57,80.01
BEML,EQ,1716,5.72,14292.39,4.66,78.56
GUJALKALI,EQ,651.8,1.91,4786.62,12.07,78.37
SAGILITY,EQ,42.81,2,20040.77,179.36,77.18
DCXINDIA,EQ,188.6,7.69,2100.75,41.06,76.56
VIKRAMSOLR,EQ,223.59,2.3,8101.34,34.42,76.55
DBREALTY,EQ,109.5,8.12,5939.35,69.06,76.14
LALPATHLAB,EQ,1433.5,3.89,24019.01,5.26,75.35
BELRISE,EQ,207.74,1.62,18486.35,35.62,74.34
TITAGARH,EQ,718.35,3.09,9674.29,10.29,73.93
CUB,EQ,251.4,0.78,18680.21,29.27,73.72
PARADEEP,EQ,122.69,1.81,12737.32,59.84,73.06
IGL,EQ,166.11,2.38,23255.43,43.99,72.57
CHOICEIN,EQ,719,3.3,16017.63,10,71.6
IEX,EQ,132.74,2.79,11836.33,53.78,71.12
ARE&M,EQ,755.8,2.32,13833.06,9.36,71.09
KEC,EQ,565,0.19,15040.3,12.46,70.88
SKYGOLD,EQ,423,8.59,6551.17,17.27,70.77
TIMETECHNO,EQ,192,4.12,9477.8,37.03,70.65
NBCC,EQ,90.99,2.64,24567.3,77.02,70.15
GOLDIETF,EQ,129.9,1.29,25677.58,53.69,69.85
GRANULES,EQ,652.35,3.15,16165.03,10.75,69.71
INA,EQ,132.4,0.76,2918.02,50.43,69.32
IDBI,EQ,74.3,0.65,79890.35,92.53,69.09
KNRCON,EQ,124.25,5.03,3494.34,55.36,68.62
SETFGOLD,EQ,129.32,1.35,24741.34,52.41,67.83
JBMA,EQ,626.5,0.3,14816.37,10.55,66.45
LICHSGFIN,EQ,530.05,1.86,29156.09,12.57,66.42
CONCOR,EQ,488,1.34,37166.96,13.49,66
IIFL,EQ,469.15,4.62,19952.46,14.06,65.43
PCBL,EQ,280.15,4.2,11022.85,23.38,65.31
BLS,EQ,292.73,3.54,12052.89,22.33,65.3
COLPAL,EQ,1937,1.1,52683.62,3.36,65.19
GOLDIAM,EQ,401,18.52,4528.01,17.29,65.11
WEBELSOLAR,EQ,87.58,10,3696.43,75.83,64.86
TORNTPOWER,EQ,1506,2.2,75887.87,4.3,64.67
ECLERX,EQ,1490,2.72,14013.56,4.28,63.94
ACMESOLAR,EQ,285.8,0.62,17318.67,21.98,63.24
ENGINERSIN,EQ,219.35,0.83,12328.4,28.55,63.19
THANGAMAYL,EQ,4255,1.91,13225.4,1.47,62.87
LEMONTREE,EQ,114.13,1.63,9041.91,54.55,62.35
DALBHARAT,EQ,1979,1.61,37119.3,3.09,60.99
NATCOPHARM,EQ,1092,1.37,19558.8,5.61,60.9
APTUS,EQ,232,2.62,11617.23,26.51,60.86
SUPREMEIND,EQ,3816,0.48,48473.45,1.57,60.38
JSL,EQ,779.8,1.91,64288.24,7.71,59.85
ABSLAMC,EQ,1048,3.74,30266.89,5.73,59.82
SJVN,EQ,75.15,3.67,29532.41,79.8,59.72
EXIDEIND,EQ,330,1.6,28050,17.92,59.17
JSWINFRA,EQ,270.99,3.61,56907.94,21.9,59.14
CIEINDIA,EQ,485.6,0.41,18421.84,12.11,59.12
UTIAMC,EQ,1011.8,5.45,13003.66,5.95,58.94
URBANCO,EQ,136,0.63,20973.66,43.13,58.88
AEROFLEX,EQ,294.17,1.67,3892.77,19.86,58.02
STYLAMIND,EQ,2250.2,0.96,3813.65,2.56,57.41
KECL,EQ,132.9,15.2,882.64,44.81,57.31
KPIGREEN,EQ,433.7,3.95,8558.68,13.22,57.07
GENUSPOWER,EQ,298.29,9.67,9074.51,19.34,56.31
INOXGREEN,EQ,164.25,2.62,6594.51,34,55.96
EDELWEISS,EQ,117.41,1.64,11113.23,47.41,55.63
RIIL,EQ,809.5,12.04,1222.35,7.01,55.56
GODAVARIB,EQ,314,0.4,1606.93,16.83,54.89
GRWRHITECH,EQ,4007.1,7.59,9309.45,1.38,54.75
PFOCUS,EQ,343.75,1.84,26674.68,15.88,54.7
TRANSRAILL,EQ,560.65,3.02,7527.06,9.72,54.35
UTLSOLAR,EQ,240.5,6.48,7369.18,22.89,54.32
FRACTAL,EQ,874.9,2.98,15045.23,6.23,54.24
BAJAJHLDNG,EQ,10030,1.74,111627.39,0.54,53.89
PPLPHARMA,EQ,148.51,1.39,19740.66,35.98,53.59
BHARATCOAL,EQ,33.12,1.72,15423.98,161.25,53.47
NEULANDLAB,EQ,15040,3.64,19296.15,0.36,53.22
SILVERCASE,EQ,24.98,4.56,1266.08,210.82,53.19
GOKEX,EQ,695,5.24,5090.68,7.66,53.06
V2RETAIL,EQ,195.9,0.89,7143.25,27.11,52.53
ITBEES,EQ,34.77,2.69,3658.21,151,52.31
LTTS,EQ,3441.7,2.55,36481.38,1.51,52.06
MON100,EQ,269.5,5.67,13586.43,19.67,51.99
VINDHYATEL,EQ,1369.85,12.65,1623.39,3.76,51.87
SBICARD,EQ,683.5,1.86,65041.88,7.48,51.44
SRM,EQ,515,2.97,1181.63,9.52,50.68
IKS,EQ,1517,0.2,26027.65,3.32,50.61
JTLIND,EQ,68.02,5.77,2673.74,73.49,50.57
KAJARIACER,EQ,1165,3.74,18555.22,4.36,50.55
SPARC,EQ,150.5,5.7,4883.72,33.17,50.54
JKTYRE,EQ,424.05,0.94,12224.92,11.69,50.24
BSOFT,EQ,380.6,4.26,10638.01,13.24,49.99
PCJEWELLER,EQ,9.4,2.73,7434.94,530.39,49.75
APOLLOTYRE,EQ,443,2.45,28134.97,11.21,49.46
VINCOFE,EQ,143.49,3.65,2072.55,34.85,49.35
SHADOWFAX,EQ,143,3.36,8326.48,34.2,48.98
SEDEMAC,EQ,1723,3.9,7609.03,2.9,48.89
YATHARTH,EQ,784.8,4.19,7561.89,6.31,48.76
WALCHANNAG,EQ,189.46,6.62,1285.34,25.82,48.69
CMPDI,EQ,170.69,0.35,12187.27,28.22,48.42
SHRIPISTON,EQ,3646.3,0.99,16061.89,1.31,48.2
FINCABLES,EQ,881.25,4.07,13477.78,5.52,48.17
ZYDUSLIFE,EQ,936,1.47,94183.5,5.16,48.15
LIQUIDPLUS,EQ,1081.03,0.01,619.08,4.42,47.81
INTELLECT,EQ,691,5.97,9651.69,7.06,47.76
VOLTAMP,EQ,9525,0.66,9636.56,0.5,47.68
OSWALPUMPS,EQ,391.5,5.97,4462.22,12.28,47.56
SOUTHBANK,EQ,38.74,1.04,10140.46,119.65,46.46
IXIGO,EQ,174.99,3.81,7667.77,26.53,46.39
HAPPSTMNDS,EQ,380.8,1.89,5798.62,12.19,46.33
ABFRL,EQ,63.77,2.92,7783.19,71.73,46.12
ANURAS,EQ,1275.5,0.03,14521.35,3.56,45.9
RSL,EQ,124.64,0.65,1041.59,36.12,45.83
LATENTVIEW,EQ,302.7,4.72,6263.62,15.08,45.56
AWL,EQ,182.65,1.62,23738.63,24.68,45.12
KIMS,EQ,666.9,1.43,26685.27,6.73,44.83
PHOENIXLTD,EQ,1768.8,1.08,63258.41,2.52,44.76
DEEPAKNTR,EQ,1526.8,3.62,20824.49,2.92,44.59
NH,EQ,1793.6,1.43,36654.15,2.47,44.43
ZAGGLE,EQ,261,4.37,3509.37,17.03,44.43
MANINDS,EQ,481.6,2.77,3612.46,9.05,43.8
MOSCHIP,EQ,184.7,6.49,3580.71,24.01,43.79
KIRLOSBROS,EQ,1768,0.61,14039.5,2.46,43.72
AXISILVER,EQ,243.71,4.29,1996.64,17.64,43.63
DIVGIITTS,EQ,789.9,14.61,2415.75,5.6,43.44
JUNIORBEES,EQ,738.6,2.07,7701.17,5.85,43.18
SMLMAH,EQ,4232,3,6124.4,1.01,43.15
SCHAEFFLER,EQ,3929.9,1.35,61425.78,1.08,42.73
SARDAEN,EQ,583.65,0.8,20566.73,7.29,42.63
NLCINDIA,EQ,275.5,1.36,38201.84,15.42,42.61
NCC,EQ,155.45,2.35,9759.88,27.49,42.52
SHARDACROP,EQ,1093.1,4.74,9862,3.85,41.91
GRINFRA,EQ,882,4.27,8534.28,4.76,41.78
PTCIL,EQ,15900,6.52,23838.15,0.27,41.71
FIRSTCRY,EQ,248,1.01,12946.64,16.68,41.62
BLACKBUCK,EQ,576.9,1.09,10487.85,7.17,41.46
RRKABEL,EQ,1390.4,1.5,15726.19,2.96,41.27
RAYMOND,EQ,422.4,6.33,2812.07,9.92,41.22
LINDEINDIA,EQ,7314,1.02,62376.88,0.56,41.11
PSUBNKBEES,EQ,97.95,1.22,4088.44,41.44,40.84
ABBOTINDIA,EQ,25900,0.68,55035.69,0.16,40.78
MEDANTA,EQ,1085.7,2.28,29182.57,3.71,40.63
CAPLIPOINT,EQ,1720,1.95,13074.01,2.34,40.1
EPACK,EQ,247.7,4.17,2383.58,16.33,39.92
HONAUT,EQ,30475,4.01,26944.54,0.13,39.88
AMIRCHAND,EQ,125.77,4.99,1302.37,32.49,39.83
CASHIETF,EQ,1057.86,0.01,752.17,3.76,39.75
LIQUIDADD,EQ,1122.05,0.01,1555.6,3.54,39.71
ABREL,EQ,1413,3.62,15782.6,2.81,39.7
SWSOLAR,EQ,189.2,5.98,4418.42,21.12,39.62
STAR,EQ,1005,0.38,9263.36,3.94,39.56
PARAGMILK,EQ,220.06,6.85,2753.16,18.18,39.35
ITI,EQ,291.75,0.93,28033.88,13.31,38.99
PINELABS,EQ,183.8,2.66,21105.32,21.27,38.76
GICRE,EQ,398,2.18,69825.12,9.69,38.71
ACE,EQ,912.65,2.78,10868.13,4.25,38.64
SYNGENE,EQ,417.8,3.71,16834.81,9.36,38.52
MGL,EQ,1077.1,0.57,10639.35,3.58,38.38
INDIAMART,EQ,2121.6,0.7,12748.09,1.81,38.27
ACC,EQ,1429.3,1.33,26840.43,2.67,38.23
VIDYAWIRES,EQ,67.73,2.08,1440.56,55.58,38
RAIN,EQ,126.8,2.19,4264.86,29.71,37.94
ASAHIINDIA,EQ,845.1,2.07,21543.9,4.47,37.92
JAMNAAUTO,EQ,123.5,0.47,4937.36,29.89,37.47
TIMKEN,EQ,3570,2.86,26853.09,1.05,37.36
GRAVITA,EQ,1612.7,3.65,11903.09,2.32,37.19
POWERMECH,EQ,2306.2,4.15,7291.35,1.63,37.19
GILLETTE,EQ,7850,2.21,25579.4,0.47,37.11
TATACOMM,EQ,1545.6,2.2,44049.6,2.39,37
AIAENG,EQ,3905,2.04,36441.6,0.95,36.98
BALRAMCHIN,EQ,484.9,1.98,9792.58,7.62,36.88
SBILIQETF,EQ,1034.83,0.01,151.38,3.56,36.85
DEEPINDS,EQ,491,6.32,3142.4,7.57,36.65
KRISHANA,EQ,610.05,5.14,3771.79,6.01,36.61
MODEFENCE,EQ,93.76,2.56,1342.17,38.99,36.43
HDFCSML250,EQ,161.5,2.48,2337.5,22.58,36.36
MOM30IETF,EQ,31.25,2.22,593.17,116.52,36.31
HDBFS,EQ,646.55,5.16,53684.81,5.68,36.27
NIFTYIETF,EQ,273.19,1.69,40500.9,13.24,36.11
IRB,EQ,21.75,1.73,26269.65,164.85,35.95
ZENSARTECH,EQ,567,3.15,12898.94,6.38,35.86
INDOTECH,EQ,1716.9,20,1823.35,2.18,35.37
MIDHANI,EQ,349.4,4.89,6545.66,10.24,35.33
CESC,EQ,163.3,1.54,21646.57,21.45,35.04
TATATECH,EQ,575,2.61,23343.81,6.11,35.04
NUVAMA,EQ,1341.8,3.53,24426.33,2.61,34.89
JMFINANCIL,EQ,134.75,1.62,12887.09,25.55,34.55
RTNPOWER,EQ,9.54,4.61,5123.08,363.13,34.42
RENUKA,EQ,27.92,2.31,5942.74,123.44,34.35
PACEDIGITK,EQ,168.7,6.94,3641.41,20.3,34.05
AKUMS,EQ,543,3.55,8546.49,6.24,34.03
FSL,EQ,221,2.29,15403.5,15.37,33.99
TFCILTD,EQ,69.95,0.92,3238.53,48.68,33.9
VINATIORGA,EQ,1247,3.14,12927.1,2.76,33.86
NAVA,EQ,623.55,2.47,17646.54,5.42,33.8
DIACABS,EQ,140.5,1.91,7403.94,23.84,33.67
TEXRAIL,EQ,101.71,5.75,4138.22,33.29,33.53
GABRIEL,EQ,960,3.49,13789.82,3.46,33.23
MSUMI,EQ,39.12,1.53,25943.06,85.27,33.22
ELECTCAST,EQ,84.4,3.1,5217.48,39.1,33.1
MINDACORP,EQ,514,0.93,12288.68,6.33,32.73
IDEAFORGE,EQ,456.2,3.97,1974.25,7.17,32.71
AVALON,EQ,1070,2.42,7143.98,3.06,32.57
VIKRAN,EQ,69.7,6.53,1797.64,46.91,32.56
ANTHEM,EQ,730,0.01,41005.11,4.44,32.43
GANECOS,EQ,1050,0.08,2813.58,3.07,32.35
PROTEAN,EQ,573.5,7.56,2329.37,5.74,32.03
MOIL,EQ,309.5,1.36,6297.87,10.31,32
FACT,EQ,864.25,1.4,55923.2,3.67,31.88
CAMLINFINE,EQ,106.9,3.1,2053.46,29.23,31.64
TENNIND,EQ,574.4,2.76,23183.03,5.48,31.47
WABAG,EQ,1376.2,1.54,8575.05,2.27,31.33
GUJGASLTD,EQ,325,3.4,22372.68,9.69,31.33
LLOYDSENGG,EQ,51.93,6.48,7260.24,60.51,31.16
GOLDCASE,EQ,23.84,1.36,2246.89,129.7,30.98
BHAGYANGR,EQ,192.6,4.06,616.22,15.56,30.89
CANHLIFE,EQ,146.9,1.36,13955.5,21.14,30.87
PVRINOX,EQ,941.6,0.72,9246.51,3.24,30.76
KPRMILL,EQ,909,4.4,31070.89,3.41,30.57
AADHARHFC,EQ,481,2.43,20957.35,6.39,30.56
GOLD1,EQ,126.75,1.68,12314.61,24.01,30.38
SKIPPER,EQ,401.2,5.5,4529.71,7.56,30.35
SHREEJISPG,EQ,362,3.74,5897.64,8.36,30
ASTERDM,EQ,684,2.69,35439.48,4.37,29.74
AWHCL,EQ,511.95,1.86,1453.02,5.77,29.73
KWIL,EQ,25.21,4.09,5923.32,117.97,29.52
MEIL,EQ,288.94,14.22,798.34,10.33,29.24
ARIS,EQ,116.78,2.56,954.81,24.62,29.19
IBULLSLTD,EQ,14.05,2.93,3265.76,206.9,29.05
ELGIEQUIP,EQ,533,3.36,16891.25,5.46,28.87
KALAMANDIR,EQ,99.3,4.66,1522.93,28.92,28.79
MOBIKWIK,EQ,196.5,3.67,1547.05,14.29,28.2
BECTORFOOD,EQ,200.25,5.76,6147.49,14.04,28.11
SKFINDUS,EQ,2322.9,2.98,11483.94,1.24,28.1
KSHINTL,EQ,544,4.05,3685.91,5.21,28.1
PTC,EQ,175.25,3.28,5187.55,16.13,28.06
DCBBANK,EQ,188,1.65,6051.75,14.85,27.98
IPCALAB,EQ,1472.5,1.48,37357.95,1.91,27.91
SYMPHONY,EQ,793.05,6.76,5445.99,3.56,27.82
ABDL,EQ,517.5,3.52,14475,5.42,27.81
BAJAJHIND,EQ,18.85,4.49,4474.88,148.48,27.81
SUNDARMFIN,EQ,4919,2.4,54651.99,0.57,27.62
ROUTE,EQ,499,3.56,3143.85,5.53,27.41
UBL,EQ,1465,0.23,38735.35,1.85,27.32
SILVERBETA,EQ,237.78,4.79,1437.69,11.37,27.32
IIFLCAPS,EQ,297.8,5.47,9274.53,9.13,27.08
SMSPHARMA,EQ,438.6,5.22,4107.58,6.17,26.98
DREDGECORP,EQ,908.9,0.9,2544.92,2.91,26.95
CEATLTD,EQ,3628,1.48,14675.29,0.74,26.88
RCF,EQ,128.65,1.93,7097.47,20.85,26.75
INDOTHAI,EQ,285.4,0.94,3670.76,9.45,26.73
ESCORTS,EQ,3230,3.05,36136.51,0.83,26.52
ATLANTAELE,EQ,1326.6,1.92,10201.11,1.97,26.51
SIGNATURE,EQ,802.9,0.46,11281.6,3.3,26.49
MOCAPITAL,EQ,51.54,3.97,162.35,51.49,26.47
RITES,EQ,212.5,3.56,10212.83,12.39,26.31
JSFB,EQ,402,4.62,4234.05,6.58,26.17
STARHEALTH,EQ,480,1.92,28243.37,5.42,26.17
RATEGAIN,EQ,575,3.15,6792.14,4.62,26.15
TEMBO,EQ,595,1.77,920.3,4.39,26.14
BLUEJET,EQ,410,1.84,7112.08,6.31,26.03
LXCHEM,EQ,138.2,6.55,3831.06,18.88,25.64
EMCURE,EQ,1641,0.65,31111.64,1.55,25.47
SANDUMA,EQ,207.8,2.57,10101.26,12.14,25.2
SAREGAMA,EQ,342.8,3.63,6609.51,7.32,25.14
DMCC,EQ,292.4,8.83,729.24,8.6,25.08
MANYAVAR,EQ,433.7,3.73,10537.74,5.76,24.89
SHRINGARMS,EQ,193,3.96,1861.14,12.77,24.81
TI,EQ,430,1.98,10628.35,5.66,24.5
SILVER1,EQ,23.88,4.83,1619.53,101.68,24.48
LTFOODS,EQ,410.6,1.06,14258.21,5.89,24.47
STALLION,EQ,142.45,1.16,1653.64,16.92,24.36
SBFC,EQ,95,1.58,10510.94,25.32,24.24
CPSEETF,EQ,104.98,1.48,21622.75,23.13,24.19
CASTROLIND,EQ,180,0.8,17803.17,13.37,24.05
BORORENEW,EQ,481,2.88,6743.08,4.96,23.83
SURYAROSNI,EQ,234.99,5.56,5114.23,10.1,23.68
CELLO,EQ,432,2.59,9542.23,5.45,23.53
GROWWPOWER,EQ,11.45,3.15,185.17,207.02,23.52
DEVYANI,EQ,107.5,0.99,13254.1,21.72,23.47
BALKRISIND,EQ,2320,3.84,44849.59,1.02,23.36
MARSONS,EQ,157.5,4.31,2710.57,14.79,23.25
AEGISVOPAK,EQ,196,4.19,21716.63,11.83,23.04
PHARMABEES,EQ,23.07,1.99,1262.35,100.1,22.98
INDRAMEDCO,EQ,429,1,3932.77,5.27,22.83
SILVERADD,EQ,236.9,4.51,1763.3,9.49,22.69
TBOTEK,EQ,1225,4.41,13302,1.87,22.69
AAVAS,EQ,1290.1,0.51,10228.27,1.74,22.44
APEX,EQ,425.1,0.57,1328.44,5.17,22.32
SPLPETRO,EQ,774,6.36,14554.4,2.91,22.22
WEL,EQ,93.98,7.5,1259.41,23.89,22.13
CLEAN,EQ,752,4.25,7992.05,2.95,22.07
POCL,EQ,1208.7,2.77,3687.9,1.82,22.07
TMB,EQ,680,3.46,10767.9,3.28,22.03
AXISGOLD,EQ,126.45,1.53,5341.34,17.36,21.99
WHIRLPOOL,EQ,845.6,2.86,10728.28,2.59,21.99
63MOONS,EQ,614,7.97,2829.22,3.64,21.93
AXISCADES,EQ,1714,3.73,7287.48,1.29,21.9
MANGLMCEM,EQ,911,2.94,2505,2.39,21.89
CLEANMAX,EQ,915.8,2.98,10722.11,2.35,21.81
ICIL,EQ,263.1,8.14,5210.81,8.45,21.77
MTNL,EQ,33,7.25,909.55,66.32,21.65
ENDURANCE,EQ,2412,0.84,33927.88,0.9,21.65
KPIL,EQ,1210.5,3.38,20672.02,1.79,21.63
NITCO,EQ,90.49,1.5,2073.27,23.77,21.5
BATAINDIA,EQ,744.8,1.55,9572.73,2.89,21.49
DATAMATICS,EQ,724.7,4,4283.44,2.93,21.44
INDSWFTLAB,EQ,144.84,4.09,1182.06,14.61,21.39
ASTRAMICRO,EQ,1032,1.25,9798.32,2.06,21.27
NOCIL,EQ,170.46,0.13,2847.11,12.53,21.24
CARBORUNIV,EQ,888,0.49,16915.73,2.39,21.21
EPACKPEB,EQ,188.9,9.38,1897.54,11.46,21.2
LIQUIDBETF,EQ,1077.46,0.01,624.5,1.97,21.18
SHILCTECH,EQ,4760,3.03,5445.54,0.44,21.1
EMAMILTD,EQ,424,0.01,18507.6,4.91,21
SAIPARENT,EQ,435.1,1.98,1922.24,4.74,20.95
TRIVENI,EQ,390.4,1.64,8545.78,5.38,20.94
REPCOHOME,EQ,385,1.73,2408.61,5.43,20.9
AVANTEL,EQ,153.65,1.96,4082.65,13.64,20.89
GAUDIUMIVF,EQ,98.18,2.03,714.62,21.02,20.89
BBTC,EQ,1497.8,3.25,10450.44,1.39,20.83
BANKBETA,EQ,58,1.38,3729.98,35.59,20.82
SETFNIF50,EQ,258.7,1.2,209073.67,8.04,20.81
DAMCAPITAL,EQ,156.36,7.74,1105.25,13.39,20.76
BIKAJI,EQ,642.35,0.72,16106.05,3.22,20.66
SENORES,EQ,853,1.9,3928.37,2.43,20.62
TTML,EQ,43.03,3.29,8412.05,47.67,20.57
JASH,EQ,392.2,1.69,2478.46,5.26,20.54
SPMLINFRA,EQ,196.82,6.79,1507.67,10.43,20.49
HERITGFOOD,EQ,358,6.58,3322.1,5.87,20.49
GREAVESCOT,EQ,158,4.78,3679.92,13.13,20.49
BERGEPAINT,EQ,474.9,3.08,55373.47,4.34,20.37
SBCL,EQ,515.75,6.13,2970.94,4.01,20.37
EPIGRAL,EQ,1200,6.35,5176.96,1.72,20.24
VMART,EQ,614.05,0.2,4879.14,3.26,20.17
GODREJIND,EQ,906,1.94,30514.52,2.19,20.09
ISGEC,EQ,1043.5,4.63,7672.8,1.92,20.08
MAPMYINDIA,EQ,935,1.46,5120.16,2.12,19.94
BALUFORGE,EQ,478.25,5.19,5499.49,4.12,19.52
ASHAPURMIN,EQ,544.25,3.5,5199.01,3.59,19.41
JAICORPLTD,EQ,112.5,5.41,1974.43,17.27,19.36
PNGSREVA,EQ,373,2.4,1182.35,5.1,19.23
RKFORGE,EQ,540,1.35,9775.65,3.57,19.22
GSFC,EQ,169.1,0.99,6738.26,11.35,19.22
CREDITACC,EQ,1234,1.11,19768.19,1.55,19.16
SENCO,EQ,326.8,1.1,5353.2,5.84,19.15
KIRIINDUS,EQ,421.95,5.26,2532.65,4.53,19.03
TRIDENT,EQ,25.75,2.3,13122.09,73.21,18.83
REFEX,EQ,240.51,4.05,3299.78,7.81,18.74
BBOX,EQ,534.4,2.53,9145.58,3.52,18.72
METALIETF,EQ,12.59,1.7,1045.25,148.16,18.7
CRAFTSMAN,EQ,7458,0.8,17791.49,0.25,18.65
VIYASH,EQ,210,2.31,9173.87,8.81,18.64
ARVIND,EQ,387.1,0.78,10146.46,4.71,18.58
CRISIL,EQ,4141,2.13,30283.14,0.45,18.51
PRECWIRE,EQ,343.95,0.78,6287.68,5.31,18.33
VTL,EQ,557.95,1.77,16140.48,3.27,18.15
AQYLON,EQ,47.42,4.98,1203.19,40.17,18.13
ELIQUID,EQ,1026.69,0.01,38.88,1.76,18.11
EBGNG,EQ,423.55,1.3,4828.96,4.2,18.03
RHIM,EQ,396.2,2.58,8181.59,4.54,17.89
CSBBANK,EQ,410.4,1.22,7119.86,4.33,17.88
MID150BEES,EQ,223.65,2.17,3234.32,8.01,17.87
IOB,EQ,35.1,1.77,67590.63,50.84,17.86
GPPL,EQ,153.9,2.78,7440.14,11.62,17.85
KRT,RR,116.29,1.37,51567.63,15.45,17.85
MSTCLTD,EQ,450.95,6.81,3174.69,4.02,17.8
ROSSTECH,EQ,980,4.63,3694.25,1.82,17.79
PRICOLLTD,EQ,579,1.03,7056.94,3.08,17.76
POWERICA,EQ,424.1,4.37,5367.07,4.21,17.57
UCOBANK,EQ,26.39,1.85,33091.9,66.15,17.51
ORIENTBELL,EQ,319,12.68,469.26,5.28,17.48
INDIGRID,IV,173,0.9,16479.37,10.14,17.45
KERNEX,EQ,1167.8,0.67,1962.19,1.48,17.43
CENTUM,EQ,2870,2.61,4230.66,0.61,17.32
CANTABIL,EQ,241.35,4.06,2018.6,7.17,17.25
ERIS,EQ,1440.1,3.6,19951.56,1.19,17.22
JYOTHYLAB,EQ,225.25,2.88,8271.51,7.68,17.1
JNKINDIA,EQ,302.2,4.72,1690.93,5.64,17.02
AURIONPRO,EQ,903,3.18,4990.13,1.87,16.93
KPEL,EQ,328.2,5.53,2218.5,5.14,16.86
GOLDBETA,EQ,127.3,1.23,4265.03,13.2,16.85
AGI,EQ,566.5,5.49,3665.11,3.01,16.85
MBAPL,EQ,547,3.51,4793.19,3.06,16.82
IMFA,EQ,1417,1.96,7645.3,1.19,16.81
MAHLOG,EQ,410.6,5.46,4074.08,4.16,16.76
SAMBHV,EQ,117.5,1.81,3462.39,14.09,16.69
KIRLPNU,EQ,1257,1.51,8165.24,1.31,16.57
MARINE,EQ,201.7,5.05,2789.4,8.2,16.49
KANSAINER,EQ,196.17,3.99,15863.45,8.47,16.49
FIEMIND,EQ,2249,3.88,5919.29,0.73,16.49
BSLGOLDETF,EQ,132.96,1.13,2855.76,12.37,16.48
GOLDETF,EQ,146.99,1.29,3247.78,11.16,16.44
GSPCROP,EQ,413,5.82,1921.22,4.03,16.42
KSCL,EQ,929,0.42,4778.69,1.78,16.39
RAMCOCEM,EQ,1007.9,1.27,23815.91,1.64,16.38
RPTECH,EQ,440,3.86,2899.59,3.69,16.35
JSLL,EQ,679.55,2.78,8446.86,2.39,16.27
BOMDYEING,EQ,113.97,5.61,2353.88,14.46,16.27
TANLA,EQ,480.4,4.04,6370.94,3.4,16.25
LOTUSDEV,EQ,143.35,2.88,7005.85,11.3,16.2
UDS,EQ,159,6.16,1064.56,10.2,16.13
JYOTISTRUC,EQ,12.87,6.8,1536.24,126.33,16.08
RUBICON,EQ,820,0.03,13537.55,1.93,16
JISLJALEQS,EQ,33.6,5.07,2401.09,47.67,15.97
PRECAM,EQ,154.05,6.23,1463.26,10.37,15.92
CYIENTDLM,EQ,325.1,2.49,2580.14,4.83,15.82
754GS2036,GS,107.66,0.49,160413.4,14.64,15.76
DYCL,EQ,314.99,4.45,1526.4,4.98,15.75
SMALLCAP,EQ,42.67,2.57,962.54,36.84,15.7
SHYAMMETL,EQ,862.5,3.85,24075.12,1.83,15.68
GNFC,EQ,450.1,2.37,6613.8,3.48,15.65
EIDPARRY,EQ,866.5,1.17,15412.67,1.81,15.62
PNGJL,EQ,658,2.22,8929.61,2.37,15.53
IGIL,EQ,355,5.17,15341.67,4.45,15.48
GROWWSLVR,EQ,24.1,4.51,340.76,63.4,15.45
BANSALWIRE,EQ,306.9,7,4804.7,5.03,15.35
EQUITASBNK,EQ,65.15,3.78,7433.9,23.71,15.31
EXICOM,EQ,114.85,1.1,1597.33,13.04,15.29
ATUL,EQ,6560,3.99,19313.79,0.23,15.19
VESUVIUS,EQ,490,6.66,9945.08,3.14,15.17
AVL,EQ,513,1.86,6624.78,2.96,15.05
GMRP&UI,EQ,106.85,2.37,8345.17,14.08,15.04
VENUSPIPES,EQ,1290,4.67,2672.38,1.17,15
KITEX,EQ,169.9,2.63,3389.51,8.83,15
PENIND,EQ,171.98,5.35,2320.81,8.9,14.95
IONEXCHANG,EQ,398.5,3.8,5844.66,3.73,14.93
LLOYDSENT,EQ,60.41,4.14,9026.41,24.69,14.9
RAYMONDLSL,EQ,801.4,0.85,4882.42,1.85,14.89
CCAVENUE,EQ,15.21,3.05,5305.6,96.87,14.72
SONATSOFTW,EQ,254,4.89,7122.79,5.82,14.66
GMBREW,EQ,974.75,0.19,2227,1.49,14.59
AUTOBEES,EQ,271.49,1.16,422.23,5.35,14.58
ELLEN,EQ,248.02,4.09,3495.48,5.89,14.54
GSPL,EQ,243.45,2.69,13735.73,5.92,14.43
MANORAMA,EQ,1357.9,4.91,8107.82,1.07,14.41
NFL,EQ,75.64,1.83,3710.74,18.94,14.33
BAYERCROP,EQ,4977,1.72,24938.38,0.29,14.33
RTNINDIA,EQ,34.4,5.65,4755.01,42.14,14.32
INTERARCH,EQ,1939,2.02,3252.06,0.73,14.12
JSWCEMENT,EQ,128.93,2.17,17577.86,10.96,14.11
CENTRALBK,EQ,35.69,1.54,32304.45,38.92,13.93
RICOAUTO,EQ,118,1.45,1596.36,11.61,13.82
RAMKY,EQ,513.5,6.2,3553.31,2.71,13.78
BALAMINES,EQ,1130.9,4.48,3664.23,1.23,13.77
E2E,BE,2592,5,5328.24,0.53,13.74
THOMASCOOK,EQ,107.12,3.39,5038.72,12.7,13.71
CEMPRO,EQ,640,3.5,10994.41,2.15,13.7
NORTHARC,EQ,239,1.34,3861.57,5.7,13.68
JKPAPER,EQ,372.5,1.72,6310.24,3.62,13.57
EMSLIMITED,EQ,339.1,6.07,1883.05,4.07,13.56
ARVSMART,EQ,603,2.72,2765.78,2.24,13.5
NETWORK18,EQ,35.02,4.07,5400.08,38.49,13.43
MMTC,EQ,60.38,2.36,9057,22.14,13.37
SUNTECK,EQ,328.05,4.54,4817.15,4.08,13.36
CEINSYS,EQ,1111.25,1.16,1982.6,1.18,13.32
SGMART,EQ,560.9,3.17,7067.34,2.38,13.27
SHANTIGOLD,EQ,192,4.54,1384.24,6.82,13.17
JUBLINGREA,EQ,665,3.9,10592.2,1.99,13.16
PNCINFRA,EQ,197.5,5.89,5066.65,6.68,13.12
UNIMECH,EQ,912,0.51,4638.15,1.42,13.03
SOBHA,EQ,1320,1.77,14115.13,0.97,12.86
ORIANA,SM,2022,4.45,4108.53,0.64,12.84
FLUOROCHEM,EQ,3371,0.84,37030.43,0.38,12.83
SJS,EQ,1747.1,0.01,5590.16,0.73,12.83
CAPACITE,EQ,249.5,5.65,2110.87,5.18,12.82
WELSPUNLIV,EQ,124.93,1.73,11982.69,10.25,12.79
JAIBALAJI,EQ,66.21,5.67,6040.05,19.47,12.79
THEJO,EQ,1792.5,5.5,1944.41,0.7,12.73
THYROCARE,EQ,399,0.3,6350.7,3.13,12.63
GAEL,EQ,155,0.07,7109.4,8.14,12.59
AIIL,EQ,445.5,3.91,37833,2.82,12.56
ALGOQUANT,EQ,55.5,2,1560.08,22.27,12.53
SAMHI,EQ,160.5,2.61,3565.26,7.76,12.49
ESABINDIA,EQ,5476.9,1.4,8430.6,0.23,12.45
BBL,EQ,2624,2.91,2965.94,0.48,12.44
WELENT,EQ,447.7,2.52,6196.79,2.74,12.43
ASTEC,EQ,646.65,1.73,1440.88,1.9,12.42
PREMEXPLN,EQ,477.2,4.08,2565.48,2.59,12.28
POLYMED,EQ,1470,1.16,14899.85,0.84,12.25
SIMPLEXINF,EQ,225.05,6.26,1780.04,5.41,12.21
GLAND,EQ,1748,1.37,28799.42,0.69,12.2
MIDCAPETF,EQ,22.06,2.08,1636.23,54.96,12.12
EMBASSY,RR,449,0.23,42560.43,2.69,12.05
PATELENG,EQ,27.7,4.17,2748.23,43.83,12.05
ALIVUS,EQ,1063,1.6,13046.87,1.13,12.05
CHALET,EQ,772.3,1.69,16912.92,1.55,12.04
CANFINHOME,EQ,858,1.81,11424.62,1.41,12.03
KMEW,EQ,1802,3.69,4404.83,0.67,12.02
NAVKARCORP,EQ,101.2,7.25,1523.25,11.92,12.01
VIJAYA,EQ,1006.3,1.61,10337.21,1.2,12
BHARTIHEXA,EQ,1540,1.7,77000,0.78,12
GHCL,EQ,503.2,2.84,4626.13,2.36,11.89
STYRENIX,EQ,2195,2.12,3860.04,0.54,11.87
CRAMC,EQ,264.4,2.54,5272.6,4.45,11.83
HNGSNGBEES,EQ,526.38,1.17,1241.56,2.22,11.82
SPIC,EQ,70.79,5.89,1441.57,16.87,11.79
FINPIPE,EQ,172,4.17,10672.2,6.88,11.78
CGCL,EQ,184.9,0.66,17790.23,6.33,11.77
HEXT,EQ,482.9,2.02,29505.96,2.42,11.68
DOMS,EQ,2385,0.49,14474.17,0.49,11.67
TEGA,EQ,1722.5,1.95,12940.75,0.68,11.66
WSTCSTPAPR,EQ,488,5.97,3223.19,2.41,11.62
MMFL,EQ,465,4.91,2245.09,2.48,11.6
HCG,EQ,561.9,2.04,8389.29,2.09,11.6
NACLIND,EQ,173.39,6.77,4060.42,6.82,11.57
DELTACORP,EQ,61.2,5.86,1638.76,19.02,11.57
SEPC,EQ,7.4,4.37,1398.64,155.75,11.53
GENESYS,EQ,256.8,1.19,1073.18,4.5,11.53
PGHH,EQ,9879,0.86,32067.96,0.12,11.52
MOREPENLAB,EQ,41.3,3.17,2263.05,27.96,11.52
JGCHEM,EQ,377,6.75,1477.31,3.03,11.52
VASCONEQ,EQ,38.75,9.99,897.83,30.43,11.51
SANOFI,EQ,3522.1,1.57,8111.62,0.33,11.44
AARTIPHARM,EQ,705,1.92,6391.37,1.62,11.4
FEDFINA,EQ,139.95,0.33,5237.31,8.03,11.34
SAATVIKGL,EQ,469.1,1.51,5962.5,2.41,11.3
METROPOLIS,EQ,477.95,3.37,9909.23,2.36,11.22
KRBL,EQ,330.45,1.63,7563.67,3.38,11.21
DHAMPURSUG,EQ,144.2,2.82,927.3,7.77,11.12
BLUESTONE,EQ,511.5,2.67,7786.63,2.15,10.97
ALPEXSOLAR,SM,1019,3.83,2602.83,1.07,10.97
FCL,EQ,23.05,0.44,2684.17,47.05,10.93
BAJAJHCARE,EQ,355.8,6.3,1123.73,3.1,10.91
MARKSANS,EQ,179.5,1.91,8134.29,6.1,10.91
MASTEK,EQ,1640,4.39,5083.56,0.67,10.9
GKENERGY,EQ,119.88,4.06,2431.37,9.01,10.86
EASEMYTRIP,EQ,7.97,3.91,2898.57,135.62,10.84
MAHSEAMLES,EQ,635,0.99,8508.95,1.69,10.73
PRUDENT,EQ,2573.5,2.75,10656.01,0.42,10.67
HEMIPROP,EQ,128.5,4.28,3662.25,8.27,10.53
USHAMART,EQ,443.2,1.84,13506.16,2.39,10.52
NIFTYETF,EQ,261.4,1.55,5225.93,4.02,10.52
HUBTOWN,EQ,207.4,2.06,2947.17,5.04,10.41
SUNFLAG,EQ,266.05,6.48,4794.74,3.98,10.41
ORKLAINDIA,EQ,638,4.44,8739.91,1.65,10.4
VENKEYS,EQ,1496.5,1.03,2108.17,0.69,10.33
SAFARI,EQ,1570,2.64,7692.05,0.66,10.33
ALOKINDS,EQ,14.34,4.06,7120.15,72.28,10.33
LUMAXIND,EQ,5469,1.29,5112.27,0.18,10.12
AGARIND,EQ,437,10.34,653.66,2.32,10.08
SIRCA,EQ,435,1.37,2470.49,2.28,10.05
BANCOINDIA,EQ,597,3.14,8539.33,1.68,10.02
GRINDWELL,EQ,1558.1,1.45,17251.28,0.65,10.02
CARERATING,EQ,1550.5,0.88,4658.79,0.64,10.02
INDGN,EQ,496,2.56,11948.71,2.01,9.9
WAAREEINDO,EQ,467.25,5,1943.93,2.12,9.89
SEAMECLTD,EQ,1564.4,3.27,3977.49,0.64,9.88
ICICIB22,EQ,123.9,1.97,10735.14,7.98,9.87
RISHABH,EQ,478.85,4.71,1845.78,2.08,9.86
SPORTKING,EQ,142,3.89,1804.42,7,9.86
INNOVISION,EQ,321.25,1.26,765,3.07,9.85
QUADFUTURE,EQ,312.7,3.61,1250.8,3.15,9.85
CIGNITITEC,EQ,1260,4.04,3470.92,0.78,9.8
HIMATSEIDE,EQ,91.15,2.72,1146.14,10.57,9.73
DALMIASUG,EQ,378.8,0.16,3065.98,2.57,9.72
JUBLPHARMA,EQ,910,1.98,14494.58,1.07,9.67
IOLCP,EQ,84.4,0.8,2477.37,11.45,9.66
SULA,EQ,171.99,5.79,1452.41,5.71,9.66
ATALREAL,EQ,25,0.2,309.74,38.72,9.65
SIGACHI,EQ,23.32,3.09,891.1,40.79,9.55
INDIASHLTR,EQ,801.9,3.27,8722.96,1.2,9.52
DWARKESH,EQ,47.69,4.04,883.7,20.09,9.5
COFFEEDAY,EQ,28.18,8.55,595.31,33.83,9.49
SOLARWORLD,EQ,194.8,6.81,1688.38,4.87,9.42
HARIOMPIPE,EQ,295.5,4.03,915.08,3.2,9.39
AIMTRON,SM,971.65,10,2002.49,0.99,9.36
METROBRAND,EQ,1058.65,3.72,28853.16,0.88,9.36
CAMPUS,EQ,248,4.34,7578.71,3.77,9.27
HPL,EQ,338.65,4.55,2177.54,2.74,9.23
BAJEL,EQ,175.75,4.9,2033.37,5.3,9.23
HAPPYFORGE,EQ,1307.6,0.79,12337.27,0.7,9.21
LIQGRWBEES,EQ,1035.52,0.01,123.31,0.88,9.16
EIHOTEL,EQ,314.2,1.88,19648.94,2.91,9.16
ABLBL,EQ,107.08,3.96,13069.35,8.55,9.14
NITINSPIN,EQ,409.5,1.42,2302.21,2.22,9.13
UTKARSHBNK,EQ,13.45,0.82,2393.46,67.15,9.07
CHEMPLASTS,EQ,236,1.22,3731.39,3.8,9.03
PVTBANIETF,EQ,27.16,0.97,2883.89,33.1,9
EFCIL,EQ,198.61,2.9,2726.59,4.5,9
LOKESHMACH,EQ,277.2,7.4,554.31,3.26,8.99
JKIPL,EQ,78.8,19.99,302.48,11.54,8.94
GARUDA,EQ,174.6,2.69,1624.51,5.09,8.9
PITTIENG,EQ,856,3.36,3223.15,1.05,8.9
VIPIND,EQ,321.3,1.87,4564.13,2.74,8.82
UNIVCABLES,EQ,798,3.18,2768.69,1.09,8.73
DBL,EQ,452.2,3.37,7345.76,1.92,8.65
DCMSHRIRAM,EQ,1175,5.04,18323.22,0.74,8.64
NELCO,EQ,660,5,1506.01,1.32,8.63
RBA,EQ,62.85,0.45,3663.38,13.62,8.58
SUPRAJIT,EQ,416.4,1.17,5711.81,2.06,8.55
MUFIN,EQ,111.17,1.42,1925.81,7.61,8.51
SURAJLTD,EQ,260,0.12,477.47,3.03,8.49
VENUSREM,EQ,1062,2.1,1419.57,0.79,8.48
ALLCARGO,EQ,8.9,4.09,1333.02,94.89,8.45
GULFOILLUB,EQ,931.4,4.5,4601.12,0.91,8.42
GLOBUSSPR,EQ,930,1.52,2703.32,0.9,8.41
LTGILTBEES,EQ,29.21,0.27,2490.94,28.69,8.39
MOREALTY,EQ,77.63,2.44,288.47,10.81,8.37
ANUP,EQ,2020,4.58,4046.36,0.42,8.35
AJAXENGG,EQ,496,5.96,5674.58,1.68,8.32
UNIECOM,EQ,97.77,6.67,1098.73,8.53,8.28
WHEELS,EQ,1032.55,1.03,2522.83,0.81,8.28
SILVERAG,EQ,238.27,4.23,1015.1,3.42,8.25
SUDARSCHEM,EQ,811,0.99,6375.43,1.01,8.23
EXCELSOFT,EQ,90.75,5.62,1044.39,9.12,8.21
ORIENTTECH,EQ,283.08,3.54,1296.67,2.9,8.2
MAHLIFE,EQ,342.5,1.42,7306.99,2.37,8.19
ALPHA,EQ,48.25,1.64,787.57,16.93,8.18
TAC,SM,562.9,3.5,1183.57,1.45,8.17
TVSHLTD,EQ,14470,2.5,29275.85,0.06,8.12
GREENPOWER,EQ,10.44,3.98,1224.65,78.03,8.11
STOVEKRAFT,EQ,580,0.72,1920.22,1.39,8.08
VARROC,EQ,537.9,3.77,8218.38,1.51,8.08
ANDHRSUGAR,EQ,86.1,2.67,1166.96,9.37,8.08
3MINDIA,EQ,31500,0.78,35484.97,0.03,8.06
SERVOTECH,EQ,83.85,3.06,1893.71,9.6,8.05
DENTA,EQ,285.7,3.45,762.82,2.84,8.04
INDIGOPNTS,EQ,836.75,3.61,3989.26,0.96,7.97
TARC,EQ,128.35,3.78,3787.56,6.23,7.95
UFBL,EQ,315,7.82,1231.22,2.54,7.94
PFIZER,EQ,4914,1.28,22480.44,0.16,7.94
RATNAMANI,EQ,2325,0.57,16296.39,0.34,7.9
KALPATARU,EQ,309,2.05,6362.74,2.52,7.88
LGBBROSLTD,EQ,1734.9,0.03,5533.02,0.45,7.86
EBBETF0430,EQ,1571.85,0.1,24953.53,0.5,7.86
GTLINFRA,EQ,1.24,4.2,1576.86,636.58,7.83
GVPIL,BE,496.85,5,3340.2,1.58,7.8
VSTIND,EQ,238,5.12,4042.69,3.32,7.8
RAMASTEEL,EQ,5.38,4.87,879.9,145.38,7.79
FUSION,EQ,158,4.3,2549.64,5,7.78
MOLDTKPAC,EQ,541.95,1.84,1800.84,1.44,7.78
MANINFRA,EQ,95.9,3.05,3871.16,8.02,7.76
GOODLUCK,EQ,1134.5,3.04,3770.91,0.68,7.75
SOLEX,EQ,1281,2.12,1383.8,0.6,7.75
BAJAJELEC,EQ,389.5,2.49,4494.47,2,7.73
GOKULAGRO,EQ,203,1.88,5990.26,3.79,7.71
MARKOLINES,EQ,151.5,0.61,333.92,5.01,7.7
EKC,EQ,118,4.53,1324.05,6.53,7.66
DCW,EQ,48.18,3.64,1422.06,15.93,7.64
BHARATSE,EQ,187.7,7.36,1178.76,4.11,7.64
ARTEMISMED,EQ,228.53,0.14,3617.03,3.29,7.57
RSYSTEMS,EQ,268,3.75,3175.32,2.81,7.56
VIMTALABS,EQ,472.9,2.35,2112.41,1.59,7.53
GODIGIT,EQ,320,0.28,29583.97,2.34,7.52
KIOCL,EQ,366,2.51,22243.69,2.03,7.44
GANESHBE,EQ,97,4.56,698.3,7.64,7.43
SDBL,EQ,83.2,4.3,1641.34,8.94,7.42
NIBE,EQ,1030,2.6,1493.63,0.71,7.39
INDIACEM,EQ,395.9,4.09,12268.83,1.89,7.39
STYLEBAAZA,EQ,302,2.95,2253.44,2.44,7.39
CARYSIL,EQ,883.05,4.95,2511.62,0.84,7.38
SUVEN,EQ,192,0.84,5063.44,3.82,7.35
PRAKASH,EQ,140.39,3.27,2514.13,5.22,7.31
EMIL,EQ,103,2.53,3962.91,7.1,7.3
ETHOSLTD,EQ,2450,0.99,6555.63,0.29,7.28
UGROCAP,EQ,101,7.64,1541.09,7.27,7.27
RAMCOSYS,EQ,430,1.13,1610.85,1.66,7.24
EBBETF0433,EQ,1277.36,0.19,6344.76,0.57,7.19
HINDCOMPOS,EQ,491.8,20,726.34,1.47,7.18
BASF,EQ,3675,2.62,15907.47,0.2,7.13
KINGFA,EQ,4712,6.8,6385.41,0.15,7.09
ORIENTCEM,EQ,144,3.6,2958.62,4.92,7.09
AJMERA,EQ,122.85,2.11,2417.63,5.7,7.08
VSTTILLERS,EQ,5274,2.27,4558.51,0.13,7.07
CERA,EQ,5292,1.42,6825.38,0.13,7.06
JKLAKSHMI,EQ,650.35,4.63,8073.73,1.1,7.06
DAVANGERE,EQ,3.71,0.54,530.53,189.37,7.03
ABSLBANETF,EQ,57.56,1.36,2563.24,12.17,7
GODREJAGRO,EQ,605.95,3.19,11654.18,1.15,6.96
BANKIETF,EQ,57.5,1.29,2942.8,11.95,6.88
ZUARI,EQ,229,5.27,963.13,3.01,6.83
PRINCEPIPE,EQ,248.2,3.26,2744.13,2.73,6.82
PICCADIL,EQ,569.5,1.81,5613.53,1.18,6.72
OPTIEMUS,EQ,395,6,3503.21,1.71,6.72
CAPINVIT,IV,70,0.01,3440.86,9.57,6.71
STLNETWORK,EQ,22.31,2.25,1088.8,29.86,6.71
METAL,EQ,12.6,1.61,480.01,53.04,6.69
SHRIRAMPPS,EQ,79.9,2.99,1363.53,8.29,6.63
SHAREINDIA,EQ,147,4.12,3197.13,4.52,6.61
NEXT50IETF,EQ,72.14,2.07,2385.06,9.16,6.61
ARIHANTCAP,EQ,71.4,2.03,782.64,9.21,6.58
AHCL,EQ,138.85,4.19,738.01,4.77,6.57
NEOGEN,EQ,1442.1,3.87,3804.5,0.45,6.47
SFL,EQ,537,3.22,5837.77,1.21,6.46
RGL,EQ,108,1.13,1159.12,5.95,6.46
PANACEABIO,EQ,347.5,5.27,2128.46,1.88,6.43
BIRLACORPN,EQ,966,3.06,7438.72,0.67,6.42
INDIAGLYCO,EQ,937,1.34,6280.41,0.68,6.41
SGBFEB32IV,GB,16020,5.21,20484.48,0.04,6.41
LEMERITE,EQ,439,0.3,1098.98,1.46,6.4
ORIENTELEC,EQ,171.89,2.97,3667.55,3.73,6.4
C2C,SM,470.8,1.54,798.87,1.36,6.39
PDSL,EQ,300.1,3.91,4244.68,2.14,6.38
ARVINDFASN,EQ,483,0.81,6454.34,1.31,6.32
MBEL,EQ,321,3.64,1834.46,1.98,6.3
BANKNIFTY1,EQ,58.04,0.99,4719.49,10.82,6.29
BEPL,EQ,94.98,1.98,2363.66,6.62,6.27
GOLDADD,EQ,147.5,1.61,2269.76,4.21,6.21
KELLTONTEC,EQ,14.95,2.4,789.07,40.9,6.16
ALKYLAMINE,EQ,1408,1.88,7201.08,0.44,6.15
VADILALIND,EQ,4600,3.21,3306.4,0.13,6.13
AHLUCONT,EQ,826,5.26,5533.17,0.75,6.09
GNA,EQ,447,1.57,1919.01,1.35,6.07
JKIL,EQ,490,4.32,3707.61,1.25,6.06
KRISHNADEF,EQ,972.5,4.16,1452.16,0.63,6.06
APLLTD,EQ,730,1.74,14349.11,0.83,6.05
RALLIS,EQ,262.79,1.92,5110.45,2.3,6.03
TIRUMALCHM,EQ,195,1.73,2350.78,3.09,6.01
IRMENERGY,EQ,211.19,4.48,867.14,2.86,5.99
FMCGIETF,EQ,51.75,1.51,758.83,11.5,5.95
TAJGVK,EQ,332,0.2,2081.69,1.78,5.93
GOCLCORP,EQ,299,8.22,1482.22,2.04,5.92
INNOVACAP,EQ,733,5.57,4194.59,0.81,5.92
HDFCNIFTY,EQ,271.45,1.89,4932.64,2.17,5.89
POLYPLEX,EQ,880,2.43,2762.54,0.67,5.88
LOWVOLIETF,EQ,21.63,1.55,3559.94,27.11,5.84
VAIBHAVGBL,EQ,217.8,2.78,3638.73,2.68,5.83
SALZERELEC,EQ,626,5.47,1106.94,0.94,5.82
TIPSMUSIC,EQ,554,3.01,7081.87,1.06,5.78
QUESS,EQ,195.8,2.71,2923.91,2.97,5.77
NIITLTD,EQ,68.11,3.76,928.91,8.5,5.76
SALSTEEL,EQ,54.38,9.99,566.73,10.79,5.74
VGUARD,EQ,320.5,2.12,13999.56,1.79,5.73
GATEWAY,EQ,57.45,2.08,2870.45,9.84,5.71
GROWWDEFNC,EQ,84.35,1.08,297.13,6.71,5.7
AONELIQUID,EQ,1055.24,0.01,119.08,0.54,5.68
SCODATUBES,EQ,158,5.52,946.56,3.65,5.68
VMARCIND,SM,851,11.49,2078.2,0.69,5.67
WINDLAS,EQ,865.55,6.31,1826.85,0.65,5.65
WEWORK,EQ,505,4.31,6836.59,1.12,5.64
PROSTARM,EQ,154,6.13,906.67,3.7,5.61
MAKEINDIA,EQ,155.39,1.8,251.66,3.61,5.6
IFBIND,EQ,1085,2.54,4396.29,0.51,5.58
MHRIL,EQ,271.81,6.95,5491.74,2.08,5.58
ORICONENT,EQ,68.29,0.43,1072.48,7.93,5.58
ZOTA,EQ,1324,1.15,4509.63,0.42,5.57
CAPILLARY,EQ,567,3.49,4502.39,1,5.57
ADVENZYMES,EQ,301.45,0.72,3374.03,1.83,5.54
PGIL,EQ,1547,1.11,7138.08,0.36,5.52
EMUDHRA,EQ,500.85,3.12,4147.62,1.1,5.51
TBZ,EQ,148.52,5.38,991.08,3.74,5.48
TCI,EQ,1003,2.08,7697.4,0.55,5.47
BHARATWIRE,EQ,179.7,6.88,1232.47,3.06,5.45
RACLGEAR,EQ,1400,1.94,1650.33,0.38,5.44
SUMICHEM,EQ,430,1.85,21463.27,1.27,5.43
HITECH,EQ,88.04,3.98,1788.16,6.2,5.43
ADOR,EQ,960,10.07,1670.67,0.58,5.41
NIVABUPA,EQ,76,2.27,14040.67,7.11,5.4
NIMBSPROJ,EQ,197.75,2.87,382.03,2.73,5.4
MAITHANALL,EQ,981.05,3.88,2855.99,0.55,5.38
DDEVPLSTIK,EQ,240.75,5.5,2491.2,2.27,5.38
SDL26BEES,EQ,137.46,0.04,4316.11,3.91,5.38
DLINKINDIA,EQ,428,1.52,1519.61,1.25,5.37
SMARTWORKS,EQ,412,1.02,4707.6,1.31,5.35
CRIZAC,EQ,228,5.48,3989.6,2.37,5.33
TATVA,EQ,1254,2.98,2933.36,0.43,5.32
STANLEY,EQ,140.88,4.37,804.79,3.79,5.31
TRAVELFOOD,EQ,1320,1.44,17381.69,0.4,5.3
SILVERBND,EQ,244.03,3.64,12.86,2.14,5.27
NIF100BEES,EQ,263.85,1.62,347.93,1.99,5.27
STARCEMENT,EQ,220,2.47,9073.44,2.39,5.26
SWELECTES,EQ,638,8.33,967.13,0.84,5.24
STYL,EQ,237.37,3.19,3840.78,2.21,5.23
SHK,EQ,142.8,3.15,1976.65,3.65,5.21
UNITECH,EQ,5.08,5.61,1328.23,102.01,5.15
POKARNA,EQ,906,2,2808.96,0.57,5.14
HIKAL,EQ,187.89,2.82,2316.7,2.73,5.12
BAJAJINDEF,EQ,291.8,6.45,933.76,1.73,5.11
SNOWMAN,EQ,43.4,9.13,725.16,11.79,5.06
SKFINDIA,EQ,1665,3.77,8231.42,0.31,5.03
DIGITIDE,EQ,91.82,3.01,1368.23,5.4,5.03
BLUEDART,EQ,5178,2.43,12286.32,0.1,5.03
ENERGY,EQ,38.17,2.22,266.85,13.08,4.97
TTKPRESTIG,EQ,477.2,1.13,6535.3,1.04,4.96
GEOJITFSL,EQ,65,4,1814.29,7.6,4.93
DHANUKA,EQ,1015.1,0.76,4575.9,0.48,4.92
FINOPB,EQ,134.65,1.39,1120.54,3.62,4.91
ORCHPHARMA,EQ,567.6,3.84,2878.82,0.86,4.89
ASKAUTOLTD,EQ,440,1.03,8674.27,1.1,4.84
GIPCL,EQ,146.71,2.58,2277.17,3.29,4.83
SETFNN50,EQ,732.5,2.12,2947.77,0.66,4.82
GROWWGOLD,EQ,14.85,1.43,454.06,32.43,4.81
SSWL,EQ,216.3,1.71,3399.81,2.22,4.8
TOP10ADD,EQ,90.28,1.42,771.87,5.32,4.8
AARTIDRUGS,EQ,364.75,3.36,3329.07,1.33,4.8
SAKSOFT,EQ,141.27,4.78,1872.55,3.39,4.78
JARO,EQ,433.55,2.36,961.46,1.1,4.76
SAPPHIRE,EQ,175,0.81,5624.2,2.7,4.76
ROLEXRINGS,EQ,134,2.7,3649.26,3.54,4.76
ADVENTHTL,EQ,170.25,7.16,918.38,2.81,4.72
WONDERLA,EQ,555,2.88,3519.96,0.85,4.7
INGERRAND,EQ,4072,3.2,12854.49,0.12,4.7
SUBROS,EQ,775,3.6,5055.77,0.61,4.69
MAYURUNIQ,EQ,576,1.41,2502.87,0.81,4.65
RELAXO,EQ,304.8,3.37,7587.65,1.53,4.65
SANDHAR,EQ,501.9,3.61,3020.97,0.93,4.65
GANESHHOU,EQ,617.55,5.13,5149.57,0.75,4.58
ROSSARI,EQ,454.25,2.2,2515.79,1.01,4.58
WENDT,EQ,7044,2.81,1408.8,0.07,4.57
MOMENTUM50,EQ,51.02,1.35,341.04,8.88,4.55
IVALUE,EQ,248.3,1.4,1356.47,1.8,4.54
PRSMJOHNSN,EQ,125.7,1.54,6327.19,3.61,4.53
SURYODAY,EQ,139,3.72,1477.43,3.26,4.5
DCAL,EQ,166.5,4.57,2610.44,2.71,4.49
MANOMAY,EQ,217.95,1.25,393.37,2.04,4.49
RAJOOENG,EQ,64,2.07,1143.52,6.86,4.47
MOTISONS,EQ,13.98,3.25,1376.28,31.91,4.45
DREAMFOLKS,EQ,84.99,11.74,452.74,5.25,4.45
AEROENTER,EQ,91,5.19,1029.07,4.93,4.45
RUSTOMJEE,EQ,403.25,0.51,5090.51,1.1,4.43
JSWDULUX,EQ,2994,0.24,13634.77,0.15,4.42
KHAICHEM,EQ,61.01,7.49,591.73,7.28,4.42
HDFCNIFBAN,EQ,57.75,1.33,5473.7,7.67,4.42
KROSS,EQ,191,2.46,1232.13,2.31,4.42
OILIETF,EQ,11.45,2.32,271.04,38.71,4.41
GKSL,EQ,108.5,2.06,855.45,4.09,4.41
KRMAYURVED,SM,215.9,6.88,459.02,2.09,4.4
MOSMALL250,EQ,16.14,2.8,214.66,27.14,4.36
MASFIN,EQ,314.6,2.63,5708.52,1.41,4.36
LANDMARK,EQ,437,2.96,1812.02,0.99,4.35
NRBBEARING,EQ,265,3.88,2568.45,1.63,4.34
AARTECH,EQ,52.75,20,167.59,8.54,4.32
BLSE,EQ,166.5,2.82,1512.76,2.61,4.29
ASALCBR,EQ,885,3.22,1679.66,0.48,4.26
VAKRANGEE,EQ,6.96,8.07,753.9,61.95,4.26
MICEL,EQ,40.71,6.02,981.16,10.46,4.23
GOCOLORS,EQ,288.83,1.36,1519.13,1.45,4.23
HMAAGRO,EQ,23.27,2.69,1165.29,18.23,4.23
SASKEN,EQ,1290,4.94,1959.05,0.34,4.22
HUHTAMAKI,EQ,186,6.47,1404.71,2.29,4.2
CEWATER,EQ,325,4.7,672.63,1.28,4.19
TEAMLEASE,EQ,1211.9,2.89,2032.22,0.35,4.18
RIIT,IV,112,0.43,6720,3.71,4.16
AVADHSUGAR,EQ,480,1.4,960.88,0.85,4.1
TECHERA,SM,202,3.38,333.72,2.02,4.1
HNDFDS,EQ,518,3,6189.16,0.79,4.07
PSB,EQ,24.85,2.43,17632.53,16.29,4.05
REGAAL,EQ,80.2,2.48,823.84,4.99,4.03
MAMATA,EQ,397.5,1.92,978.16,1.01,4.01
SENSEXIETF,EQ,893,1.55,28937.73,0.45,3.97
LMW,EQ,13665,1.18,14598.32,0.03,3.97
ARHAM,SM,148.8,5.42,324.56,2.71,3.97
690GS2065,GS,91.9,0.56,171853,4.3,3.95
DOLLAR,EQ,274,2.66,1554.02,1.44,3.95
HLEGLAS,EQ,319.5,6.11,2219.08,1.25,3.95
IRBINVIT,IV,60.63,0.31,7770.34,6.44,3.91
MSPL,EQ,34.75,1.4,1969.62,11.1,3.89
NESCO,EQ,1146.2,0.57,8076.12,0.34,3.88
HATHWAY,EQ,11.55,2.48,2044.47,33.43,3.88
MCLOUD,EQ,26.62,2.86,1568.1,14.5,3.86
ARKADE,EQ,118,2.32,2190.83,3.24,3.83
NIFTY1,EQ,266.81,1.68,3364.86,1.44,3.83
MIDCAPIETF,EQ,22.39,2.42,680.95,17.09,3.81
JINDWORLD,EQ,25.75,6.89,2581.7,14.98,3.8
LAXMIDENTL,EQ,196.51,3.19,1080.06,1.9,3.78
COSMOFIRST,EQ,672.9,1.47,1766.34,0.56,3.78
PSPPROJECT,EQ,714,2.65,2830.42,0.53,3.77
NUCLEUS,EQ,798.5,0.7,2102.08,0.47,3.76
PFS,EQ,30.5,5.35,1958.96,12.43,3.75
GMMPFAUDLR,EQ,931,1.68,4185.52,0.4,3.75
VISHNU,EQ,538,1.14,3621.56,0.7,3.75
PATELRMART,EQ,192.09,4.74,641.59,1.96,3.74
ITIETF,EQ,34.79,2.84,480.49,10.77,3.74
NSIL,EQ,5837,4.26,2997.98,0.06,3.72
INDOCO,EQ,217.95,3,2011.76,1.68,3.72
ROTO,EQ,58.46,3.27,1101.65,6.37,3.71
FISCHER,EQ,41.08,2.37,2664.1,8.98,3.69
VINYLINDIA,EQ,266.28,20,488.28,1.42,3.67
TVSSCS,BE,113.52,3.79,5008.28,3.24,3.66
ITETF,EQ,33.15,2.79,101.79,11.02,3.64
GREENPLY,EQ,215.05,0.63,2685.71,1.67,3.64
ICEMAKE,EQ,816,3.56,1287.63,0.44,3.64
INSECTICID,EQ,687,1.61,1999.02,0.53,3.63
MACPOWER,EQ,1078,4.64,1078.45,0.34,3.61
WESTLIFE,EQ,469.7,2.49,7310.59,0.77,3.6
SWANDEF,BE,1896,5,9988.54,0.19,3.6
UNIPARTS,EQ,512.6,3.24,2314.04,0.7,3.59
VENTIVE,EQ,622.9,3.76,14547.31,0.58,3.57
SGBSEP31II,GB,15248,2.21,17800.45,0.02,3.56
KHADIM,EQ,107.38,7.14,197.35,3.33,3.56
PILANIINVS,EQ,4900,7.97,5425.4,0.07,3.54
GILT5YBEES,EQ,64.56,0.14,256.01,5.46,3.53
SPANDANA,EQ,225.26,4.97,1606.22,1.58,3.52
SUNDROP,EQ,641.1,2.28,2416.75,0.55,3.52
NPST,EQ,1251,2.11,2608.42,0.27,3.51
MONARCH,EQ,300,1.72,2378.05,1.16,3.48
XPROINDIA,EQ,1070,1.48,2511.33,0.33,3.48
GANDHAR,EQ,141.75,4.34,1387.44,2.46,3.47
MOL,EQ,50.75,5.01,1290.64,6.93,3.46
MARATHON,EQ,476.5,2.58,3212.59,0.73,3.46
RAJRATAN,EQ,419.05,3.55,2127.56,0.83,3.45
QUICKHEAL,EQ,169.3,3.69,918.38,2.04,3.45
KSL,EQ,693,3.33,3025.16,0.5,3.44
MAXVOLT,SM,395.7,9.99,431.47,0.87,3.44
BOSCH-HCIL,EQ,1360,3.84,3697.96,0.25,3.43
MAGADSUGAR,EQ,510,3.81,718.67,0.67,3.39
AGARWALEYE,EQ,447,3.19,14168.01,0.75,3.36
MAANALU,EQ,142.7,4.62,855.98,2.35,3.34
PNBGILTS,EQ,75.75,3.71,1363.58,4.43,3.33
SALASAR,EQ,7.39,3.5,1291.74,45.26,3.33
LINCOLN,EQ,591,2.72,1183.76,0.56,3.31
AMANTA,EQ,121,6.77,469.84,2.7,3.28
DPABHUSHAN,EQ,1115.4,1.21,2546.23,0.29,3.28
OMAXAUTO,EQ,116.4,9.89,248.76,2.82,3.27
IMAGICAA,EQ,47.57,1.21,2691.8,6.73,3.22
QNIFTY,EQ,264.8,1.52,77.63,1.22,3.22
SUDEEPPHRM,EQ,630,1.41,7115.76,0.51,3.21
ONEPOINT,EQ,53.74,2.56,1412.94,6.02,3.21
NXST,RR,156.75,0.4,23747.63,2.04,3.21
UTSSAV,SM,230,4.76,555.4,1.4,3.19
SIGMAADV,EQ,181.4,4.92,3196.99,1.78,3.18
SHARDAMOTR,EQ,845.35,3.85,4852.96,0.38,3.17
FOSECOIND,EQ,4524,0.54,3409.86,0.07,3.17
RUDRA,EQ,21.91,19.99,219.85,14.51,3.16
URJA,EQ,10.55,3.23,554.35,29.8,3.14
GROWWRAIL,EQ,31.99,4,137.77,9.9,3.13
PARACABLES,EQ,38.31,3.4,1169.26,8.19,3.12
UFLEX,EQ,393.2,3.68,2839.36,0.79,3.12
ORISSAMINE,EQ,3810,2.94,2286,0.08,3.12
AMAGI,EQ,355,1.56,7680.03,0.89,3.12
GICHSGFIN,EQ,150.9,1.09,812.61,2.05,3.11
FDC,EQ,356.9,0.95,5810.69,0.87,3.1
ALEMBICLTD,EQ,88.28,4.3,2266.87,3.52,3.1
DODLA,EQ,1058,1.07,6382.68,0.29,3.1
CENTRUM,EQ,26,0.27,1194.91,11.81,3.09
DISHTV,EQ,3.38,9.74,622.34,94.58,3.08
SADHNANIQ,EQ,2,9.89,592.94,159.48,3.08
PRABHA,EQ,164.35,2.71,2250.04,1.85,3.06
KIRLOSIND,EQ,3133.9,7.48,3293.53,0.1,3.05
MIDSMALL,EQ,48.62,2.14,438.39,6.27,3.04
HILTON,EQ,26.51,10,136.44,11.56,3.04
KDDL,EQ,2384.4,0.62,2932.64,0.13,3.03
TIIL,EQ,2503,4.06,5675,0.12,3.03
SUNDRMFAST,EQ,803,1.49,16873.31,0.37,3.02
NGLFINE,EQ,2320,3.43,1433.3,0.13,3.02
HINDWAREAP,EQ,214.5,3.34,1794.21,1.42,3.02
UTTAMSUGAR,EQ,247,0.68,942.01,1.22,3
GGBL,SM,317.7,11.95,787.93,0.97,3
ARIES,EQ,394.65,4.58,513.22,0.76,2.99
EXPLEOSOL,EQ,775.5,3.81,1203.56,0.38,2.99
SETFNIFBK,EQ,576.88,1.44,3812.59,0.51,2.97
SATKARTAR,SM,197.55,1.31,311.04,1.44,2.96
AVANA,SM,116.95,9.61,264.84,2.62,2.95
BCG,BE,9.9,2.59,1997.74,29.7,2.94
GUJTHEM,EQ,297,4.96,3236.27,1,2.93
SYNCOMF,EQ,13.85,3.59,1301.9,21.27,2.92
JUBLCPL,EQ,1755,5.04,2659.26,0.17,2.92
RAMRAT,EQ,349,3.82,3256.21,0.84,2.91
SOLARA,EQ,493.95,1.86,1786.76,0.59,2.9
ACCELYA,EQ,1162,3.04,1734.43,0.25,2.89
TOLINS,EQ,106.44,0.61,420.53,2.7,2.89
QUESTLAB,ST,115.7,4.99,189.6,2.48,2.87
MOM100,EQ,63.15,2.15,820.34,4.52,2.86
BODALCHEM,EQ,67.25,0.75,846.97,4.18,2.84
TPLPLASTEH,EQ,70.77,4.7,552.03,3.99,2.83
KESORAMIND,EQ,10.17,2.94,315.94,27.65,2.79
DHARMAJ,EQ,278,1.04,939.56,1.01,2.78
ECOSMOBLTY,EQ,137.96,4.53,827.76,2.02,2.78
SGBDE31III,GB,15382,2.38,18622.69,0.02,2.76
NIFTYBETA,EQ,266.66,1.39,69739.66,1.03,2.74
DECCANCE,EQ,670,3.22,938.5,0.41,2.74
HDFCMID150,EQ,21.9,2.29,174.84,12.57,2.74
REDTAPE,EQ,122.95,2.06,6796.77,2.23,2.74
TALBROAUTO,EQ,266.97,0.44,1647.96,1.02,2.74
ESILVER,EQ,244,3.86,1625.94,1.09,2.7
TIL,EQ,225,0.58,1854.99,1.18,2.66
AFIL,BE,9.29,4.26,396.45,28.63,2.66
MUFTI,EQ,79,0.96,516.42,3.35,2.66
BLAL,EQ,195,8.64,812.07,1.37,2.65
MPSLTD,EQ,1840,2.68,3147.47,0.14,2.64
ELIN,EQ,120.56,4.57,599.29,2.2,2.64
5PAISA,EQ,314.9,4.67,984.21,0.84,2.63
TVSSRICHAK,EQ,3999.4,0.68,3062.36,0.06,2.62
IZMO,BE,713.1,1.03,1066.98,0.36,2.6
MAXESTATES,EQ,383.95,2.41,6275.68,0.68,2.6
SARTELE,SM,167.8,3.87,831.41,1.56,2.58
MIRCELECTR,EQ,31.78,1.73,1173.93,7.96,2.56
ADVANCE,EQ,109.5,3.15,703.93,2.32,2.55
SATIA,EQ,65.7,2.78,657,3.84,2.53
PSUBNKIETF,EQ,89.77,2.07,127.71,2.83,2.53
PARKHOTELS,EQ,120,3.15,2560.49,2.12,2.53
LAOPALA,EQ,178.25,3.05,1978.58,1.42,2.53
DIFFNKG,EQ,294.01,4.39,1100.37,0.87,2.53
E2ERAIL,SM,197,8.84,339.97,1.33,2.52
SILVER360,EQ,241,4.33,50.52,1.04,2.52
TINNARUBR,EQ,673,4.2,1212.46,0.37,2.51
ASHIANA,EQ,328.1,2.4,3298.22,0.76,2.48
SIYSIL,EQ,548,4.57,2486.28,0.46,2.48
GARFIBRES,EQ,633,3.38,6283.53,0.39,2.47
RUSHIL,EQ,15.06,1.55,441.89,16.34,2.45
PSUBANK,EQ,876.02,0.66,2424.16,0.28,2.45
ARROWGREEN,EQ,576.05,1.28,869.14,0.42,2.45
SUNCLAY,EQ,1348,5.26,2971.82,0.18,2.44
JTEKTINDIA,EQ,133.5,0.98,3702.12,1.81,2.43
SCILAL,EQ,43.37,4.08,2020.17,5.64,2.43
ANDHRAPAP,EQ,67.58,5.94,1343.83,3.62,2.42
MUTHOOTMF,EQ,179.7,2.92,3063.74,1.35,2.41
UNIHEALTH,ST,460.95,5,723.69,0.53,2.41
BCLIND,EQ,32.82,2.18,968.73,7.32,2.39
VIVIANA,SM,758.45,4.85,767.92,0.32,2.39
SUBEXLTD,EQ,9.46,7.13,531.65,25.54,2.38
TEXINFRA,EQ,100.9,1.98,1285.73,2.35,2.38
DANISH,SM,715,4.88,1407.95,0.34,2.38
BOROLTD,EQ,255.02,3.73,3049.58,0.92,2.36
BALMLAWRIE,EQ,172.28,2.47,2946.05,1.37,2.35
JPOLYINVST,EQ,1135.1,2.79,1193.21,0.2,2.34
SMALL250,EQ,16.08,2.29,63.58,14.57,2.34
MID150CASE,EQ,10.8,1.98,241.45,21.51,2.33
INDOFARM,EQ,148.5,3.64,713.57,1.57,2.32
FABTECH,EQ,156.51,2.89,695.7,1.48,2.31
IGPL,EQ,420,1.65,1293.38,0.55,2.31
ZUARIIND,EQ,266.9,4.65,794.86,0.87,2.3
RUPA,EQ,141.9,4.27,1128.45,1.63,2.3
SIGIND,EQ,52.51,8.92,154.57,4.13,2.3
KCP,EQ,163.92,0.73,2113.28,1.41,2.29
MEDIASSIST,EQ,363.05,3.65,2712.05,0.63,2.28
BORANA,BE,337.05,5,898.08,0.68,2.27
PIGL,EQ,122.3,7.72,218.1,1.85,2.26
IPL,EQ,153.99,4.69,1773.4,1.49,2.25
BLKASHYAP,EQ,50.35,2.36,1135.09,4.46,2.25
MONIFTY500,EQ,22.98,1.46,267.26,9.77,2.25
ROHLTD,EQ,363.8,2.03,997.73,0.62,2.25
FINIETF,EQ,31.7,2.96,280.11,7.11,2.24
FLAIR,EQ,315.9,1.36,3329.44,0.71,2.23
RAJESHEXPO,BZ,121,5,3572.65,1.84,2.23
FINEORG,EQ,4650,1.95,14256.89,0.05,2.22
NEXT50,EQ,705.97,2.34,1204.84,0.31,2.22
PRIMECAB,SM,95.3,3.81,174.63,2.3,2.21
RESPONIND,EQ,153,3.81,4079.11,1.44,2.2
SILVERTUC,EQ,127.49,2.39,1616.7,1.72,2.2
BIRLAMONEY,EQ,138,3.46,779.83,1.59,2.19
INDIANHUME,EQ,324.35,2.9,1708.73,0.67,2.19
PLATIND,EQ,218,2.51,1197.36,1.01,2.19
FMGOETZE,EQ,451,1.47,2509.01,0.48,2.19
INFRABEES,EQ,952.8,2.2,186.72,0.23,2.18
SUPREMEPWR,SM,208.1,2.08,520.07,1.05,2.17
TVSELECT,EQ,412.5,3,769.33,0.53,2.17
RPGLIFE,EQ,1909.3,1.64,3157.79,0.11,2.17
RPEL,EQ,708.8,2.37,3254.24,0.3,2.15
BLUSPRING,EQ,69.5,3.42,1036.47,3.1,2.15
SANOFICONR,EQ,4696,1.63,10815.18,0.05,2.14
KOKUYOCMLN,EQ,91,8.66,912.76,2.39,2.14
SRTL,EQ,47.6,3.52,190.28,4.49,2.13
MOVALUE,EQ,117.2,2.64,163.81,1.82,2.12
VOLERCAR,SM,269.95,3.83,300.82,0.79,2.12
20MICRONS,EQ,167.5,4.43,591.05,1.27,2.11
GULPOLY,EQ,171.5,0.78,1069.66,1.23,2.11
GANESHCP,EQ,197,2.9,796.14,1.07,2.09
GROWWMETAL,EQ,11.92,2.05,36.36,17.46,2.08
RAMCOIND,EQ,275.01,3.45,2388.23,0.75,2.05
EMKAY,EQ,238.8,11.25,625.39,0.87,2.02
BGRENERGY,BE,346.46,5,2500.11,0.58,2.02
JAYBARMARU,EQ,93.5,3.9,1012.14,2.18,2.02
RANEHOLDIN,EQ,1065.6,3.15,1521.44,0.19,2.01
SURAJEST,EQ,224.2,3.53,1071.08,0.9,2.01
DENTALKART,SM,384,2.74,665.99,0.53,2.01
WINDMACHIN,EQ,290,4.54,2525.45,0.7,1.98
STUDDS,EQ,470,3.48,1849.61,0.42,1.98
SGBMR29XII,GB,15090,2.74,4875.44,0.01,1.96
ADSL,EQ,117.99,4.52,667.45,1.67,1.96
MENONBE,EQ,128.5,9.03,720.11,1.56,1.95
3IINFOLTD,EQ,16.98,5.73,352.17,11.61,1.94
CONNPLEX,SM,274,5.53,523.34,0.72,1.94
EVERESTIND,EQ,406,13.25,643.74,0.5,1.94
NELCAST,EQ,127.6,0.93,1110.14,1.5,1.94
HILINFRA,EQ,54.76,7.1,392.74,3.6,1.94
WAKEFIT,EQ,152.15,0.38,5020.44,1.26,1.93
SML100CASE,EQ,9.73,2.64,69.89,19.91,1.93
SAWALIYA,SM,303,0.25,300.52,0.64,1.93
MUNJALAU,EQ,79,1.13,790,2.42,1.93
PDMJEPAPER,EQ,88,4.22,835.56,2.19,1.92
KAMDHENU,EQ,22.83,4.44,643.54,8.47,1.91
SHOPERSTOP,EQ,298.65,0.88,3288.65,0.64,1.9
IRISDOREME,EQ,33.19,0.21,631.71,5.7,1.9
SKMEGGPROD,EQ,178,2.81,937.35,1.07,1.9
MUKANDLTD,EQ,135.55,1.51,1958.64,1.39,1.89
AUTOIETF,EQ,27.29,1.49,183.57,6.92,1.89
PANAMAPET,EQ,269,2.6,1627.28,0.7,1.88
SGBSEP28VI,GB,15031,2.52,4795.09,0.01,1.88
SUNLITE,SM,408,8.32,563.28,0.47,1.88
SETL,EQ,134.49,1.9,2682.96,1.39,1.87
PENINLAND,EQ,20.35,12.99,675.07,9.56,1.86
KSOLVES,EQ,321,4.62,761.42,0.59,1.86
SANSTAR,EQ,86,2.34,1567.3,2.16,1.86
ICRA,EQ,5467,1.86,5276.33,0.03,1.86
THOMASCOTT,EQ,277,7.32,406.37,0.68,1.85
SHALBY,EQ,159.95,4.03,1727.62,1.16,1.85
CONTROLPR,EQ,661,1.76,1057.22,0.28,1.83
RBZJEWEL,EQ,145.25,5.51,581,1.27,1.83
PAKKA,EQ,100,1.31,449.48,1.83,1.83
NIFTYCASE,EQ,9.61,1.37,58.61,18.91,1.82
SMCGLOBAL,EQ,63.98,3.56,1339.74,2.84,1.82
RAJPUTANA,SM,234.75,4.03,165.11,0.81,1.81
HEIDELBERG,EQ,157.2,3.84,3562.36,1.15,1.8
DPEL,SM,446.05,4.99,1113.57,0.41,1.79
GOPAL,EQ,271.5,2.96,3384.2,0.66,1.77
CLSEL,EQ,271,1.39,1347.56,0.65,1.76
SIS,EQ,314.3,3.17,4440.18,0.56,1.76
GPTINFRA,EQ,114.36,2.62,1445.11,1.53,1.76
SOMANYCERA,EQ,438.6,3.77,1798.82,0.4,1.75
STERTOOLS,EQ,241,5.82,875.9,0.73,1.75
APRAMEYA,SM,237.5,2.28,452.2,0.73,1.75
PRAMARA,SM,342.5,0.25,477.59,0.51,1.75
NDTV,EQ,79.28,3.14,894.47,2.21,1.74
SARLAPOLY,EQ,89.3,6.31,745.68,1.99,1.74
JAYKAY,EQ,158,2.65,2058.54,1.09,1.73
TEXMOPIPES,EQ,47.85,11.12,139.7,3.55,1.72
VERANDA,EQ,154.5,4.57,1485.82,1.13,1.72
TNPETRO,EQ,91.5,2.62,823.24,1.87,1.7
RADHIKAJWE,EQ,67.48,3.04,796.26,2.53,1.7
BRANDMAN,SM,170.85,4.98,315.34,0.99,1.69
HGS,EQ,411,2.9,1911.98,0.41,1.69
ALLTIME,EQ,220.7,3.62,1445.76,0.77,1.69
ADFFOODS,EQ,193.5,2.25,2125.86,0.87,1.69
APTECHT,EQ,88.49,5.01,513.27,1.92,1.69
FILATEX,EQ,44.4,1.46,1971.62,3.78,1.68
IVZINGOLD,EQ,13230,1.98,751.68,0.01,1.67
SETCO,BE,25,3.52,334.42,6.58,1.66
HONDAPOWER,EQ,2244,3.54,2276.11,0.07,1.63
KRSNAA,EQ,603.1,1.4,1956.38,0.27,1.63
GUFICBIO,EQ,307.9,0.24,3087.7,0.53,1.62
MONTECARLO,EQ,568.8,6.46,1179.24,0.29,1.62
NIITMTS,EQ,321.2,1.61,4417.22,0.5,1.62
VSSL,EQ,253.95,0.72,2455.33,0.63,1.62
MOGOLD,EQ,149.2,0.67,1736.59,1.08,1.62
VEEDOL,EQ,1417,3.21,2468.98,0.11,1.62
NDRAUTO,EQ,754,3.56,1793.41,0.22,1.62
SILGO,EQ,75,0.07,239.89,2.13,1.61
DOLATALGO,EQ,81.75,3.08,1438.8,1.96,1.6
XCHANGING,EQ,64.4,3.64,717.44,2.52,1.6
BIRLANU,EQ,1490,4.72,1123.59,0.11,1.58
HDFCLIQUID,EQ,1056.35,0.01,50.24,0.15,1.58
ONWARDTEC,EQ,268,6.64,609.8,0.6,1.58
MOENERGY,EQ,38.6,3.46,64.54,4.15,1.58
ASMS,EQ,8.74,4.67,266.2,17.92,1.57
INDOWIND,EQ,9.86,10.17,158.75,16.69,1.57
SBIBPB,EQ,50.77,1.01,1435.29,3.07,1.57
ELECTHERM,EQ,715.2,1.84,911.37,0.22,1.56
SARVESHWAR,EQ,3.97,2.58,488.96,39.04,1.55
JLHL,EQ,1263.8,1.62,8286.23,0.12,1.54
ESAFSFB,EQ,24,1.39,1237.59,6.43,1.54
INFRAIETF,EQ,94.58,1.79,399.18,1.63,1.54
668GS2040,GS,97.49,1.54,172557.3,1.59,1.53
SGBAUG28V,GB,15014.99,2.3,9534.19,0.01,1.53
LIQUIDSHRI,EQ,1100.21,0.01,35.38,0.14,1.53
PATILAUTOM,SM,171,15.54,373.14,0.92,1.52
GROWWLIQID,EQ,108.64,0.01,89.31,1.4,1.52
JAGRAN,EQ,67.9,0.09,1477.87,2.22,1.51
NAVNETEDUL,EQ,135.8,1.36,3004.07,1.11,1.51
NEXT50BETA,EQ,73.03,0.97,2260.03,2.04,1.51
PPL,EQ,215,4.42,514.24,0.7,1.5
HERANBA,EQ,205,2.36,820.28,0.72,1.48
CUBEINVIT,IV,147.1,0.24,19771.27,1,1.47
CENTURYPLY,EQ,738,1.47,16396.37,0.2,1.47
VGL,EQ,62.2,0.13,320.51,2.33,1.47
GLOBAL,EQ,102.99,1.49,524.23,1.42,1.46
MOSILVER,EQ,240.75,3.54,1067.99,0.6,1.45
HEALTHIETF,EQ,147.99,1.86,163.84,0.99,1.45
EFACTOR,SM,232,4.5,304.65,0.64,1.44
PIXTRANS,EQ,1460,1.04,1989.28,0.1,1.43
IITL,EQ,156.6,2.92,353.09,0.91,1.42
DEFENCE,EQ,70.32,2.36,62.23,2.01,1.41
RELIABLE,EQ,125.56,3.35,129.58,1.13,1.4
IKIO,EQ,148.7,4.82,1149.16,0.96,1.4
FOCUS,EQ,74.4,10.45,501.79,1.92,1.39
OBSCP,SM,319.5,3.25,781.25,0.44,1.39
SUBAHOTELS,SM,138.5,6.25,335.76,1.02,1.39
RSWM,EQ,152.3,1.16,717.36,0.89,1.38
MONEYBOXX,EQ,75.4,4.77,526.36,1.82,1.38
MANAKCOAT,EQ,106.55,1.47,1127.66,1.27,1.36
AFFORDABLE,EQ,188,6.61,211.43,0.72,1.36
BANKETF,EQ,571.3,1.41,304.4,0.24,1.35
GCSL,EQ,348.65,4.4,789.32,0.38,1.35
NAMOEWASTE,SM,180.2,7.94,412.07,0.75,1.34
GHCLTEXTIL,EQ,84.21,0.06,804.93,1.57,1.34
AAREYDRUGS,EQ,75.03,5,212.74,1.8,1.34
HECPROJECT,EQ,150.6,8.38,163.22,0.9,1.34
CONSUMBEES,EQ,125.25,1.8,201.09,1.07,1.34
MIDCAP,EQ,17.3,3.84,191.36,7.85,1.34
VINYAS,SM,1060,3.86,1333.98,0.13,1.32
OSELDEVICE,SM,645,7.29,1141.3,0.21,1.32
IT,EQ,34.64,2.61,415.9,3.82,1.32
MASTERTR,EQ,77.4,5.97,952.14,1.72,1.32
SJLOGISTIC,SM,316.95,5.74,484.72,0.42,1.31
KAMATHOTEL,EQ,169,1.28,498.21,0.77,1.31
NIFTY100EW,EQ,33.55,2.16,15.92,3.9,1.3
DYNPRO,EQ,250,8.04,310.71,0.52,1.3
UNICHEMLAB,EQ,347,3.04,2443.08,0.38,1.3
LOWVOL1,EQ,20.65,1.47,177.19,6.29,1.3
KILITCH,EQ,129.6,3.94,453.1,0.98,1.29
KKCL,EQ,484.4,0.83,2985.12,0.27,1.29
GROWWHOSPI,EQ,48,3.38,31.19,2.73,1.29
ALPHAETF,EQ,25.03,1.46,407.23,5.12,1.29
PAVNAIND,EQ,22.7,12.15,316.73,5.75,1.29
HARSHA,EQ,382,3.19,3477.88,0.34,1.28
KOLTEPATIL,EQ,343.45,2.49,3045.72,0.38,1.28
TECHD,SM,580,5.07,433.82,0.22,1.28
NKIND,EQ,68.01,8.8,40.87,1.74,1.28
OMINFRAL,EQ,95,2.89,914.89,1.35,1.27
RANASUG,EQ,13.77,6.17,211.46,9.36,1.26
VILAS,SM,408.15,0.53,999.15,0.3,1.26
VAL30IETF,EQ,15.79,1.94,48.44,7.98,1.26
CUBEXTUB,EQ,93.72,4.9,134.2,1.33,1.25
TARSONS,EQ,210.75,4.81,1121.32,0.6,1.25
MADRASFERT,EQ,67.49,1.83,1087.27,1.84,1.25
SGBJUN31I,GB,15260,2.47,11855.94,0.01,1.24
GREENPANEL,EQ,211.01,1.8,2587.56,0.59,1.24
MUKKA,EQ,23.43,4.55,702.9,5.24,1.21
DHANBANK,EQ,26.55,0.34,1047.93,4.49,1.2
ZODIAC,EQ,286.01,0.09,432.55,0.41,1.2
SHREEPUSHK,EQ,339.7,1.49,1098.51,0.35,1.2
ACCENTMIC,SM,437.25,0.66,1048.92,0.27,1.19
APS,SM,367,4.08,739.87,0.33,1.19
NV20BEES,EQ,147.3,1.02,157.24,0.81,1.19
INDNIPPON,EQ,789.5,1.93,1785.96,0.15,1.19
IFBAGRO,EQ,870,2.83,814.94,0.14,1.19
RML,EQ,761,2.42,2103.19,0.15,1.18
VERTOZ,EQ,49.18,10,419.16,2.45,1.18
MONOLITH,SM,466,5.01,1012.9,0.26,1.18
EBBETF0431,EQ,1399.26,0.02,13190.52,0.08,1.18
KRYSTAL,EQ,549.05,2.7,767.13,0.22,1.18
GTPL,EQ,71.9,3.41,808.61,1.65,1.18
TIRUPATIFL,BE,44.52,2.58,558.86,2.64,1.18
FLYSBS,SM,452,8.96,782.13,0.27,1.18
GALAPREC,EQ,780,4.02,998.21,0.15,1.15
SHREDIGCEM,EQ,73,3.28,1079.45,1.58,1.15
SAHASRA,SM,249,4.8,622.32,0.46,1.14
BMWVENTLTD,EQ,59.4,2.24,515.09,1.91,1.13
MOMIDMTM,EQ,63.5,4.2,37.72,1.82,1.13
YASHO,EQ,1494,0.88,1801.33,0.08,1.13
SSEGL,SM,408.95,4.32,1062.39,0.28,1.13
FELIX,SM,189.5,2.24,326.06,0.59,1.13
GROWWNIFTY,EQ,9.73,1.67,29.01,11.52,1.12
HDFCSENSEX,EQ,88.28,2.19,959.01,1.27,1.12
STEELXIND,EQ,8.88,2.3,1107.53,12.58,1.12
SHIVALIK,EQ,275,0.06,433.14,0.4,1.12
HDFCNIFIT,EQ,33.41,2.45,120.1,3.34,1.12
AONEGOLD,EQ,14.15,1.29,84.62,7.87,1.12
GANESHIN,SM,83.35,9.96,356.08,1.36,1.11
RAMAPHO,EQ,138.6,4.16,490.46,0.8,1.11
CHEMCON,EQ,158.2,4.52,579.5,0.71,1.11
BOROSCI,EQ,116.3,2.36,1034.45,0.95,1.11
CSLFINANCE,EQ,240,1.19,546.78,0.46,1.1
HATSUN,EQ,935,2.65,20826.96,0.12,1.1
AMBIKCO,EQ,1415,1.95,810.09,0.08,1.1
BETA,EQ,1402.3,0.11,1421.5,0.08,1.09
AURUM,EQ,178,4.98,1357.16,0.62,1.09
INDOAMIN,EQ,110,3.27,798.46,0.99,1.09
NV20IETF,EQ,14.32,0.92,188.46,7.5,1.07
AUTOAXLES,EQ,1732,2.45,2617.39,0.06,1.07
SUMMITSEC,EQ,1695,3.66,1847.85,0.06,1.06
SHAH,EQ,5.1,3.45,451.46,20.74,1.05
TRANSWORLD,EQ,158.9,10.55,348.91,0.68,1.05
WCIL,EQ,98.6,2.04,1005.28,1.06,1.05
ZIMLAB,EQ,76,4.5,406.6,1.39,1.05
FILATFASH,EQ,0.23,4.55,191.68,475.47,1.05
TAURIAN,SM,251.2,5.99,223.15,0.42,1.04
SHRIAHIMSA,SM,252,4.41,590.46,0.42,1.04
REPRO,EQ,361,0.88,517.87,0.28,1.04
LICMFGOLD,EQ,135.9,1.19,1417.68,0.76,1.03
ORIENTHOT,EQ,99.2,2.92,1771.7,1.04,1.03
BBTCL,EQ,210.97,10.03,432.73,0.48,1.02
LAKSHYA,SM,115,19.98,115.97,0.94,1.02
WANBURY,BE,264.43,5,923.9,0.39,1.02
REMSONSIND,EQ,95.8,1.77,334.14,1.06,1.01
GREENLAM,EQ,222.1,2.56,5666.83,0.46,1.01
TOP100CASE,EQ,10.45,1.75,151.05,9.7,1.01
ESSARSHPNG,EQ,27.08,2.46,560.49,3.72,1.01
MODIS,EQ,300.25,2.13,588.23,0.34,1.01
HDFCNEXT50,EQ,69.84,2,166.73,1.45,1.01
GSMFOILS,SM,207,4.94,291.72,0.49,1.01
SGBMAY29I,GB,15131,2.01,8048.14,0.01,1
MOMENTUM30,EQ,30.69,1.99,26.28,3.25,1
BFUTILITIE,BZ,493,3.54,1857.01,0.2,0.98
AONESILVER,EQ,9.42,5.13,24.2,10.36,0.98
738GS2027,GS,103.85,0.18,147467,0.94,0.98
MVGJL,EQ,172.51,1.43,842.67,0.56,0.98
TCPLPACK,EQ,2600,3.17,2366,0.04,0.98
QGOLDHALF,EQ,125.45,1.29,717.07,0.78,0.97
ZEELEARN,EQ,4.9,0.62,160.26,19.77,0.97
BSLNIFTY,EQ,28.26,1.55,3123.69,3.44,0.97
HPIL,EQ,130.42,5.18,148.99,0.69,0.97
APSISAERO,SM,200,7.27,241.04,0.49,0.97
DIVINEHIRA,ST,307,1.66,400.55,0.32,0.97
MAFANG,EQ,163.53,0.78,4044.16,0.59,0.96
PRIMESECU,EQ,282.5,0.12,957.68,0.34,0.96
RKSWAMY,EQ,87.4,1.3,441.17,1.09,0.96
RHETAN,EQ,25.5,0.99,2032.03,3.73,0.95
MAXIND,EQ,153,0.88,803.6,0.61,0.95
IRIS,EQ,240.01,1.66,493.66,0.39,0.95
TVTODAY,EQ,113.55,2.13,677.54,0.84,0.95
OSWALGREEN,EQ,29.04,6.41,745.77,3.27,0.95
RBS,SM,98.95,9.88,226.21,0.97,0.94
SOTL,EQ,355.1,2.87,2434.58,0.26,0.93
CAPITALSFB,EQ,262.95,2.26,1194.29,0.36,0.93
BRIGHOTEL,EQ,65.1,4.03,2472.78,1.43,0.93
AVTNPL,EQ,66.6,6.1,1014.21,1.42,0.93
ONMOBILE,EQ,47.08,2.5,500.56,1.96,0.93
AXISNIFTY,EQ,266.34,1.37,1271.03,0.35,0.93
TRF,EQ,266.5,3.98,293.27,0.35,0.92
NILASPACES,EQ,13.95,2.8,549.48,6.61,0.92
MOMOMENTUM,EQ,61.82,1.74,156.71,1.48,0.92
BANSWRAS,EQ,112,2.37,383.4,0.82,0.91
GEMAROMA,BE,171,2.11,893.26,0.53,0.91
CELLECOR,SM,31,2.14,684.1,2.88,0.91
BFSI,EQ,27.34,1.64,442.88,3.31,0.91
GOACARBON,EQ,349.9,5.25,320.2,0.26,0.9
SAFEENTP,SM,239,1.08,1113.85,0.37,0.9
SGBSEP29VI,GB,15150,2.49,5333.32,0.01,0.9
LTGILTCASE,EQ,29.85,0.54,117.61,3,0.9
LIKHITHA,BE,230,0.92,907.35,0.38,0.88
DEVX,EQ,41.4,7.25,373.38,2.16,0.88
RPPINFRA,EQ,76.99,4.28,381.76,1.13,0.87
ESTER,EQ,91.5,2.03,892.91,0.95,0.87
MMP,EQ,249,5.73,632.53,0.36,0.87
UMIYA-MRO,EQ,89,8.47,166.29,0.97,0.87
HPAL,EQ,39.97,12.24,367.22,2.23,0.87
BHAGCHEM,EQ,219,2.03,2839.75,0.39,0.86
ORIENTPPR,EQ,18.99,5.5,402.94,4.58,0.86
PUNJABCHEM,EQ,1066.2,0.86,1307.39,0.08,0.86
737GS2028,GS,105.98,1.98,79485,0.82,0.85
RUBYMILLS,EQ,237.8,4.39,795.2,0.36,0.85
EXCELINDUS,EQ,947.3,1.35,1190.82,0.09,0.85
STCINDIA,EQ,114.51,2.13,687.06,0.74,0.85
GROWWEV,EQ,29.65,2.45,265.19,2.86,0.84
PHANTOMFX,SM,209.95,6.28,334.3,0.41,0.84
MULTICAP,EQ,15.84,2.19,80.92,5.31,0.84
AVG,EQ,168.35,5.91,253.5,0.51,0.84
TRACXN,EQ,34.97,6.94,373.26,2.42,0.83
UNIVASTU,EQ,69.02,2.68,248.38,1.2,0.83
ZEEMEDIA,BE,8.11,4.24,507.22,10.35,0.83
BHARATGEAR,EQ,111.2,5.64,170.75,0.75,0.82
ASAL,EQ,462.9,0.28,734.36,0.17,0.82
ZTECH,SM,560,0.75,809.66,0.15,0.81
CHANDAN,SM,265,4.33,647.98,0.31,0.81
KRITINUT,EQ,75,10.33,375.78,1.09,0.81
GLOBECIVIL,EQ,48.31,6.98,288.5,1.7,0.81
PRIZOR,ST,468.75,4.99,501.15,0.17,0.81
FOODSIN,EQ,61.65,3.75,453.32,1.31,0.8
BESTAGRO,BE,18.64,4.95,661.11,4.34,0.8
NEOCHEM,SM,74.6,7.96,127.72,1.13,0.8
INDORAMA,EQ,39.4,6.2,1028.79,2.06,0.8
INFLUX,SM,235,3.73,544.03,0.34,0.79
AMRUTANJAN,EQ,531,1.09,1535.15,0.15,0.79
SHANTIGEAR,EQ,477.1,2.27,3660.11,0.17,0.79
VALIANTLAB,EQ,63.25,8.32,343.53,1.29,0.79
GROWWCAPM,EQ,10.83,3.93,26.83,7.32,0.79
EIHAHOTELS,EQ,321,2.51,1956.06,0.25,0.79
RMC,BE,418,4.79,442.11,0.19,0.79
HDFCMOMENT,EQ,30.92,2.32,128.36,2.53,0.78
MODISONLTD,EQ,145.02,2.57,470.59,0.53,0.77
ALLDIGI,EQ,828,0.92,1261.73,0.09,0.77
MAWANASUG,EQ,98.21,0.99,384.17,0.78,0.77
RBMINFRA,SM,415.8,0.65,420.08,0.18,0.77
EVINDIA,EQ,29.52,1.97,155.41,2.58,0.76
KUANTUM,EQ,84.25,1.79,735.2,0.89,0.76
SURAKSHA,EQ,280.41,1.63,1460.4,0.27,0.76
OCCLLTD,EQ,98,6.82,489.51,0.78,0.75
ORIENTCER,EQ,42.53,5.56,508.83,1.76,0.74
VIESL,SM,289.15,3.38,712.53,0.26,0.74
BSE500IETF,EQ,38.15,1.9,346.12,1.95,0.74
INTENTECH,EQ,111,6.53,262.23,0.67,0.74
MINDTECK,EQ,189.75,4.41,606.33,0.39,0.74
SGBDE30III,GB,15052,1.69,4231.13,0,0.74
DCI,BE,333,0.82,532.8,0.22,0.73
EGOLD,EQ,151.55,1.44,1435.9,0.48,0.73
VALIANTORG,EQ,267.9,1.49,750.65,0.27,0.73
HEALTHY,EQ,14.85,2.13,76.41,4.93,0.72
UGARSUGAR,EQ,39.5,1.18,444.38,1.83,0.72
SRHHYPOLTD,EQ,477,3.39,818.76,0.15,0.72
SGBJUN28,GB,15001,1.87,3582.73,0,0.72
SIGNPOST,EQ,244.85,0.9,1308.72,0.3,0.72
LIBERTSHOE,EQ,265,2.25,451.56,0.27,0.72
ALPL30IETF,EQ,26.57,1.41,1509.95,2.71,0.72
NAHARSPING,EQ,242.5,2.28,874.58,0.3,0.72
TCIEXP,EQ,537.1,2.91,2063.48,0.13,0.72
AUTOIND,EQ,67.99,3.88,308.51,1.06,0.71
RELTD,EQ,137.16,1.77,2450.01,0.52,0.71
AVPINFRA,SM,104.7,4.96,261.53,0.69,0.71
RVHL,EQ,39.9,2.26,244.69,1.69,0.71
AURIGROW,EQ,0.31,3.33,45.76,235.41,0.71
INTLCONV,EQ,78.91,2.88,503.3,0.9,0.71
NATHBIOGEN,EQ,175,1.19,332.57,0.4,0.7
RKEC,EQ,41.49,9.99,107.13,1.73,0.7
BHAGERIA,EQ,162.5,3.06,709.22,0.43,0.69
BPL,EQ,53.2,6.96,260.55,1.32,0.69
AVROIND,EQ,126.15,5.49,167.92,0.55,0.69
MEDICAMEQ,EQ,245,1.69,332.29,0.27,0.69
SAURASHCEM,EQ,63.8,3.15,710.01,1.07,0.68
SPENCERS,EQ,34.13,4.53,307.62,1.98,0.68
RITCO,EQ,204.85,3.94,586.34,0.33,0.67
EVIETF,EQ,30.5,5.35,51.97,2.28,0.67
TECHLABS,SM,235.6,4.99,407.14,0.29,0.67
ALICON,EQ,683.05,2.56,1115.89,0.1,0.67
TARACHAND,EQ,64.9,5.34,511.57,1.04,0.66
VICTORYEV,SM,17,11.84,40.95,3.75,0.66
MASPTOP50,EQ,71.02,0.17,1197.57,0.93,0.66
VGINFOTECH,SM,154,2.6,382.98,0.43,0.66
MONQ50,EQ,116.82,0.6,171.43,0.56,0.65
VIKASLIFE,EQ,1.63,3.82,302.8,40.33,0.65
SUMIT,EQ,52,10.95,235.4,1.3,0.65
CENTENKA,EQ,430.8,3.1,941.32,0.15,0.64
VETO,EQ,103.5,1.92,197.84,0.61,0.64
MVKAGRO,SM,550,2.16,2777.71,0.12,0.64
CORDSCABLE,EQ,163.6,4.04,211.5,0.39,0.64
SAHAJSOLAR,SM,143.7,4.47,315.74,0.44,0.64
AXISVALUE,EQ,33.6,2.44,33.97,1.9,0.63
LLOYDS,ST,80.3,4.97,193.8,0.81,0.63
MOBILISE,SM,78.1,10,74.29,0.82,0.63
NAHARPOLY,EQ,260,0.94,639.29,0.24,0.63
DVL,EQ,247.9,7.04,868.26,0.26,0.63
NECLIFE,EQ,12.34,3.7,239.72,5.1,0.63
MEGATHERM,SM,244,6.83,459.71,0.26,0.63
UNITEDPOLY,EQ,27.5,0.22,631.17,2.24,0.63
SUTLEJTEX,EQ,36.15,6.2,592.24,1.74,0.63
MIDSELIETF,EQ,17.6,2.5,98.29,3.57,0.63
COMMOIETF,EQ,100.5,1.38,119.75,0.62,0.62
EEPL,SM,120,4.48,155.51,0.52,0.62
HESTERBIO,EQ,1455,0.29,1237.75,0.04,0.62
KCEIL,SM,130.05,8.38,158.97,0.48,0.62
MUTHOOTCAP,EQ,197,1.43,324.02,0.31,0.62
NDL,EQ,2.61,3.57,376.22,23.5,0.61
AERONEU,EQ,82.24,2.26,212.15,0.75,0.61
WSI,EQ,75.6,1.34,573.52,0.8,0.61
NOVAAGRI,EQ,30.1,5.73,278.48,1.99,0.6
CIFL,EQ,26.69,3.53,1043.73,2.24,0.59
CUDML,SM,125.5,4.67,221.45,0.47,0.59
SANATHAN,EQ,431,3.39,3637.81,0.14,0.59
PLAZACABLE,EQ,40.42,7.21,176.85,1.47,0.58
NIF100IETF,EQ,27.85,1.79,158.9,2.08,0.58
SHANKARA,BE,129,4.96,312.82,0.45,0.58
MOTOUR,EQ,73.88,3.18,18.1,0.78,0.58
GPECO,SM,378.2,0.92,447.44,0.15,0.57
SMARTEN,SM,59.9,3.54,113.81,0.96,0.57
GAYAPROJ,BE,18.04,4.94,337.71,3.18,0.57
RADIANTCMS,EQ,42.6,1.87,454.58,1.35,0.57
KOTHARIPET,EQ,124.76,1.81,734.17,0.45,0.57
DENORA,EQ,754.95,2.33,400.78,0.08,0.57
TNIDETF,EQ,82.6,2.66,168.45,0.69,0.57
DBEIL,EQ,72.23,4.99,336.45,0.78,0.56
MEGASTAR,EQ,289.8,4.49,327.29,0.2,0.56
IFGLEXPOR,EQ,178.99,3.93,1290.14,0.31,0.56
PRATHAM,SM,138,5.34,251.33,0.4,0.55
HDFCNIF100,EQ,25.42,0.55,75.97,2.15,0.55
ELGIRUBCO,EQ,48.97,20,245.09,1.16,0.55
DELPHIFX,EQ,12,9.99,294.32,4.68,0.55
BSHSL,EQ,103.14,1.94,1082.32,0.53,0.55
GRPLTD,EQ,2112,3.98,1126.4,0.03,0.55
KABRAEXTRU,EQ,237.92,2.9,832.07,0.24,0.55
HDFCPSUBK,EQ,89.5,1.49,33.14,0.61,0.55
VERTIS,IV,108.5,1.4,16383.33,0.5,0.54
SGBJUL29IV,GB,14978,2.03,4379.21,0,0.54
KAPSTON,BE,287,1.22,873.4,0.19,0.54
DCMSRIND,EQ,40.55,1.25,352.75,1.35,0.54
AONETOTAL,EQ,11.45,2.14,41.84,4.72,0.54
SYSTANGO,SM,282.75,4.34,414.76,0.19,0.54
TUNWAL,SM,34.4,2.08,198.46,1.56,0.53
PSRAJ,SM,280,3.13,211.07,0.19,0.53
GINNIFILA,EQ,42.7,0.64,365.73,1.24,0.53
MEDICO,EQ,39.95,3.2,331.52,1.36,0.53
FAIRCHEMOR,EQ,549.9,4.82,692.65,0.1,0.53
CCCL,EQ,16.39,2.18,732.24,3.22,0.53
PUSHPA,SM,125,0.81,302.79,0.42,0.53
EMULTIMQ,EQ,41.41,2.27,34.55,1.27,0.52
NRAIL,EQ,474.95,1.28,808.32,0.11,0.52
HDFCGROWTH,EQ,115.92,1.49,19.52,0.45,0.52
INDIQUBE,EQ,155.25,3.03,3291.26,0.33,0.52
THEMISMED,EQ,85,3.52,782.85,0.61,0.52
SUDARCOLOR,EQ,342.85,2.85,791.36,0.15,0.52
SGBN28VIII,GB,15100,1.6,2375.92,0,0.52
RCOM,BE,1.02,0.99,282.08,50.83,0.51
ANONDITA,SM,867,4.21,1568.11,0.06,0.51
KAVDEFENCE,BE,65.2,4.99,224.12,0.8,0.51
SBIETFIT,EQ,346.4,2.48,70.94,0.15,0.51
SHREMINVIT,IV,101,1,6169.53,0.5,0.51
SGBAPR28I,GB,15166,1.76,2688.74,0,0.5
MWL,EQ,272,1.47,807.86,0.19,0.5
TRIGYN,EQ,57.8,6.37,177.94,0.88,0.5
PASHUPATI,EQ,1005,0.62,1586.29,0.05,0.5
VLSFINANCE,EQ,244.8,3.94,768.15,0.2,0.49
KICL,EQ,4699,2.25,2051.26,0.01,0.49
CYBERTECH,EQ,126.75,2.42,394.58,0.38,0.48
SHARIABEES,EQ,472,2.64,54.4,0.1,0.48
RUCHIRA,EQ,114.7,3.27,342.32,0.42,0.48
SAKHTISUG,EQ,18.65,0.38,221.65,2.6,0.48
PAUSHAKLTD,EQ,500.05,0.66,1232.97,0.09,0.48
MANBA,EQ,110,1.57,552.63,0.43,0.48
FRESHARA,ST,194.55,4.99,457.18,0.25,0.48
VMSTMT,EQ,45.9,3.66,227.81,1.04,0.47
YUKEN,EQ,740,1.05,1005.22,0.06,0.47
AFSL,EQ,209.25,0.69,1060.04,0.22,0.47
SGBMAR31IV,GB,15230,2.77,5378.61,0,0.47
ABINFRA,EQ,16.26,1.18,1038.67,2.85,0.47
PCCL,SM,262,5.33,647.14,0.18,0.47
DIAMINESQ,EQ,273.83,3.68,267.91,0.17,0.46
CONSUMER,EQ,10.95,2.43,51.21,4.25,0.46
STARTECK,EQ,250,1.82,247.76,0.18,0.46
RAJTV,EQ,24.45,3.47,126.93,1.86,0.46
GULFPETRO,EQ,34.4,6.3,175.39,1.36,0.46
CHEMICAL,EQ,27.64,2.03,56.53,1.66,0.46
AKIKO,ST,200,0.2,215.39,0.22,0.46
CONSUMIETF,EQ,116.3,1.81,55.1,0.39,0.45
NAHARCAP,EQ,252.95,6.47,423.59,0.18,0.45
PREMIERPOL,BE,55.95,0.92,586.03,0.8,0.45
BAGDIGITAL,SM,111.5,0.81,236.59,0.42,0.45
VARDHACRLC,EQ,36.94,1.46,296.86,1.2,0.45
SGBFEB29XI,GB,15100,2.03,1854.15,0,0.45
EQUAL50ADD,EQ,334.54,1.61,1220.79,0.13,0.44
SHERA,SM,131,5.52,320.16,0.34,0.44
UMAEXPORTS,EQ,27,1.85,91.29,1.63,0.44
GOLD360,EQ,147.85,1.83,135.71,0.3,0.44
DIVYADHAN,SM,29.55,4.97,42.28,1.48,0.44
PSUBANKADD,EQ,88.55,1.14,215.64,0.49,0.44
PASUPTAC,EQ,48.15,2.73,429.18,0.91,0.44
BLUEWATER,SM,169,4.64,185.9,0.26,0.43
BIGBLOC,EQ,50.65,1.69,717.08,0.86,0.43
ONDOOR,ST,179,1.76,101.11,0.24,0.43
KMSUGAR,EQ,28.02,1.48,257.78,1.53,0.43
VIRINCHI,EQ,18.92,3.16,194.21,2.28,0.42
JINDALPHOT,EQ,1149,2.24,1178.68,0.04,0.42
KRITI,EQ,83,1.06,437.38,0.51,0.42
MIRZAINT,EQ,33.04,4.13,456.62,1.29,0.42
BFINVEST,EQ,403,2.78,1518.01,0.11,0.42
VLEGOV,EQ,15.24,4.96,165.28,2.79,0.42
SGBJUL28IV,GB,15016,2.48,6202.84,0,0.42
ENIL,EQ,114.53,5.1,545.97,0.37,0.42
RNFI,SM,299,0.95,749.31,0.14,0.42
ALLETEC,SM,178.2,3.79,359.86,0.24,0.42
SURANASOL,EQ,23.65,1.9,116.37,1.77,0.42
MIDQ50ADD,EQ,236.38,2.21,95.3,0.18,0.42
SGIL,EQ,510,1.94,792.69,0.08,0.41
VISHWARAJ,EQ,6.12,6.25,133.31,6.87,0.41
WOL3D,SM,163,3.49,105.17,0.25,0.41
MAZDA,EQ,204.97,3.33,410.45,0.2,0.41
SHALPAINTS,EQ,51.07,1.27,427.51,0.79,0.41
SAKUMA,EQ,2.03,2.01,318.24,20.07,0.41
NRL,EQ,55.5,3.1,383.33,0.74,0.41
FAZE3Q,BE,461.55,4.99,1122.44,0.09,0.4
CHEMFAB,EQ,396.8,1.08,570.35,0.1,0.4
MOHEALTH,EQ,43.84,1.55,43.69,0.92,0.4
JAYBEE,ST,113.25,0.18,255.58,0.34,0.39
NINSYS,EQ,443,9.95,822.92,0.09,0.39
KAYA,EQ,286.87,2.59,435.69,0.14,0.39
ANYA,SM,17,0.29,204,2.3,0.39
MAGSON,SM,191.1,0.58,235.53,0.2,0.39
RAJSREESUG,EQ,31.71,6.55,105.07,1.25,0.39
SGBD29VIII,GB,15070,2.2,3738.1,0,0.39
DEVIT,EQ,30.25,0.03,170.5,1.28,0.39
ARIHANTSUP,EQ,258,1.66,1115.85,0.15,0.39
VDEAL,SM,186,2.2,90.96,0.21,0.38
SELECTIPO,EQ,42.37,2.37,17.72,0.91,0.38
TCC,EQ,379,3.17,1801.31,0.1,0.38
KRISHIVAL,EQ,324.55,1.11,831.77,0.12,0.38
HMVL,EQ,69.7,3.03,513.49,0.55,0.38
BTML,EQ,6.74,2.74,121.66,5.62,0.38
SIGMA,EQ,46.9,3.92,482.01,0.83,0.38
SGBDEC26,GB,14999,2.38,311.81,0,0.38
SENSEXETF,EQ,80.12,1.68,43.63,0.47,0.38
ATLANTAA,EQ,41.44,3.06,337.74,0.89,0.38
MNC,EQ,31.35,1.72,43.28,1.21,0.38
SGBJUN30,GB,15095,2.19,3861.1,0,0.38
COASTCORP,EQ,50.8,1.99,340.24,0.74,0.38
SUMEETINDS,EQ,30.35,1.3,1597.4,1.25,0.37
GUJAPOLLO,EQ,447.3,1.3,580.15,0.08,0.37
SCHAND,EQ,162.98,3.8,574.87,0.23,0.37
AONENIFTY,EQ,9.93,1.85,21.95,3.7,0.37
ESSENTIA,EQ,1.38,7.81,147.34,26.71,0.37
ASAHISONG,EQ,226.3,0.55,266.75,0.16,0.37
SINGERIND,EQ,77.77,1.37,483.88,0.48,0.36
MAHKTECH,EQ,23.13,0.87,448.06,1.58,0.36
MASON,SM,164,8.61,392.62,0.23,0.36
VASWANI,EQ,57.4,4.25,179.93,0.63,0.36
HLVLTD,EQ,8.58,5.28,565.64,4.26,0.36
SKP,SM,152,1.67,252.32,0.24,0.36
STEL,EQ,481.9,2.72,889.37,0.07,0.36
EXCELLENT,ST,119,4.66,53.19,0.3,0.36
SGBAUG30,GB,15100.04,1.87,5074.23,0,0.36
VIKASECO,EQ,1.45,3.57,256.46,25.22,0.36
BASML,EQ,22.22,0.18,177.59,1.61,0.36
INVENTURE,EQ,0.98,4.26,102.9,36.98,0.35
OSWALAGRO,EQ,52.17,5.31,700.3,0.68,0.35
KRONOX,EQ,132.29,1.95,490.85,0.27,0.35
TIGERLOGS,EQ,32.1,11.57,339.38,1.15,0.35
DIVOPPBEES,EQ,80.65,1.79,70.67,0.44,0.35
LICNETFN50,EQ,269.25,1.4,862.83,0.13,0.35
DSFCL,EQ,23.36,4.99,203.21,1.54,0.35
MKPL,EQ,5.29,1.15,198.57,6.66,0.35
KAMOPAINTS,EQ,5.63,5.04,176.98,6.3,0.35
AARVI,EQ,126.3,0.37,187.06,0.27,0.35
SGBMAY28,GB,15098.99,2.07,3841.63,0,0.35
PARTH,ST,324,1.25,442.84,0.11,0.35
SGBNV29VII,GB,15110,2.44,4908.09,0,0.35
SRIVASAVI,SM,57.25,4.19,81.15,0.58,0.35
GTL,EQ,7.6,3.12,119.55,4.6,0.35
SHREEKARNI,SM,422.3,3,305.27,0.08,0.34
EUROBOND,EQ,174,2.36,426.3,0.19,0.34
GROWWSC250,EQ,9.24,2.21,15.93,3.73,0.34
GLOBALVECT,EQ,188,5.15,263.2,0.18,0.34
DHARARAIL,SM,119,3.48,179.5,0.28,0.34
POSITRON,SM,163.1,1.46,123.96,0.2,0.34
XTGLOBAL,EQ,30.25,3.24,405.72,1.11,0.33
GREENLEAF,SM,79.6,9.94,47.2,0.42,0.33
TRANSTEEL,SM,144,0.59,318.12,0.23,0.33
FCSSOFT,EQ,1.74,2.35,297.46,19.07,0.33
SUPREME,EQ,56.18,0.16,217.12,0.58,0.33
INFOLLION,SM,325,1.07,315.47,0.1,0.33
NDLVENTURE,EQ,124,2.78,417.53,0.27,0.33
PONNIERODE,EQ,283,1.71,243.34,0.12,0.33
AXITA,EQ,8.99,2.39,343.91,3.62,0.32
AARON,EQ,140.9,0.23,295.14,0.23,0.32
MOLDTECH,EQ,125.3,3.48,360.93,0.26,0.32
SBINMID150,EQ,21.63,1.98,8.64,1.49,0.32
WEALTH,EQ,944.9,1.65,1006.79,0.03,0.32
BIL,EQ,769.95,5.46,1032.53,0.04,0.32
DELTIC,SM,50,13.38,76.45,0.67,0.32
HCL-INSYS,EQ,12.55,3.8,413.16,2.58,0.32
GROWWMOM50,EQ,10.31,0.98,25.55,3.08,0.32
MID150,EQ,22.09,3.42,11.77,1.45,0.32
MUNJALSHOW,EQ,124.58,3.33,498.08,0.26,0.32
HALEOSLABS,EQ,1290.4,0.94,390.12,0.02,0.32
SUKHJITS,EQ,179,1.07,559.27,0.18,0.32
MCLEODRUSS,EQ,47.92,5,500.55,0.66,0.32
JAINIK,SM,132,1.93,189.39,0.24,0.32
KCPSUGIND,EQ,26.39,3.53,299.22,1.21,0.32
IWARE,ST,241.9,2.61,259.22,0.13,0.32
GROWWRLTY,EQ,8.68,2.24,14.51,3.61,0.31
710GS2029,GS,105.23,0.23,158897.3,0.3,0.31
SGBOC28VII,GB,15025,1.77,2793.93,0,0.31
UNITEDTEA,EQ,562,2.22,280.81,0.05,0.31
GSLSU,EQ,63.64,5,269.72,0.49,0.31
NURECA,EQ,261,2.61,249.04,0.12,0.31
CHEVIOT,EQ,1088.85,1.86,636.09,0.03,0.31
YAAP,SM,161,2.22,337.02,0.19,0.31
ATL,EQ,25.35,4.36,739.86,1.21,0.31
NIRAJ,EQ,29.22,5.87,174.43,1.05,0.31
LOWVOL,EQ,201.15,1.68,46.53,0.15,0.3
COOLCAPS,SM,32.45,1.88,375.12,0.93,0.3
ABSLPSE,EQ,10.75,2.67,23.01,2.83,0.3
MOMENTUM,EQ,30.72,1.42,44.42,0.98,0.3
TANKUP,SM,599.95,3.44,317.67,0.05,0.3
GATECH,EQ,0.5,6.38,55.14,60.19,0.29
BANKPSU,EQ,88.25,1,58.3,0.33,0.29
VAISHALI,EQ,6.6,1.69,86.11,4.38,0.29
GOLDBND,EQ,150.85,0.94,10.72,0.19,0.29
96IIFL28,N5,999.3,0.16,382.56,0.03,0.29
MALLCOM,EQ,1105.15,1.39,689.61,0.03,0.29
ECAPINSURE,EQ,24.2,3.29,14.66,1.18,0.29
APCOTEXIND,EQ,384.45,1.71,1993.18,0.07,0.29
717GS2030,GS,105.5,1.1,108665,0.27,0.29
BELLACASA,EQ,301.49,6.97,403.62,0.1,0.28
ALANKIT,EQ,9.13,3.63,247.57,3.1,0.28
BCONCEPTS,EQ,257.9,1.98,321.91,0.11,0.28
ADVANIHOTR,EQ,54.45,4.03,503.33,0.52,0.28
AARTISURF,EQ,412.6,4.28,349.27,0.07,0.28
SPCL,SM,79.25,1.02,191.12,0.35,0.28
DONEAR,EQ,91.1,2.11,473.72,0.3,0.28
VISAKAIND,EQ,64.01,1.7,553.08,0.43,0.28
EQUAL200,EQ,13.16,2.17,18.84,2.1,0.28
SGBJAN29IX,GB,15031,2.39,4313.73,0,0.28
EMAMIPAP,EQ,75.1,3.69,454.35,0.37,0.28
NILAINFRA,EQ,8.35,0.72,328.9,3.25,0.27
AVONMORE,EQ,13,8.7,366.84,2.13,0.27
INDOUS,EQ,106.91,0.58,214.38,0.25,0.27
MATRIMONY,EQ,430.95,1.59,890.79,0.06,0.27
TTKHLTCARE,EQ,898,3.36,1268.9,0.03,0.27
SATTVAENGG,SM,66.95,3,116.95,0.4,0.27
ANUHPHR,EQ,80.75,2.94,809.31,0.34,0.27
DHUNINV,EQ,848.3,5.85,517.22,0.03,0.27
SBINEQWETF,EQ,32.71,2.25,37.75,0.83,0.27
MBLINFRA,EQ,26.92,0.3,410.61,0.99,0.27
SHYAMDHANI,SM,71.8,0.77,148.31,0.36,0.27
NIFTYADD,EQ,253.49,1.81,273.06,0.1,0.27
NDGL,EQ,2590,3.97,259,0.01,0.27
CPCAP,EQ,99,13.27,180.11,0.28,0.27
FINKURVE,EQ,65.7,4.02,920.13,0.41,0.27
URBAN,SM,138.5,3.09,119.94,0.19,0.26
APEXECO,SM,110.95,1.79,146.29,0.24,0.26
PRIMO,EQ,23.44,2.54,568.05,1.14,0.26
UEL,EQ,166.8,3.24,2225.08,0.16,0.26
LORDSCHLO,EQ,161,0.97,404.98,0.16,0.26
BYKE,EQ,42.2,5.9,220.62,0.63,0.26
GSEC5IETF,EQ,64.58,0.45,20.21,0.41,0.26
NEXT50ETF,EQ,68.95,2.07,14.56,0.38,0.26
A2ZINFRA,BE,17.1,0.35,301.16,1.52,0.26
GROWWNET,EQ,8.87,2.78,30.52,2.95,0.26
GENSOL,BZ,24.42,4.99,92.8,1.07,0.26
WOMANCART,SM,190,0.03,156.04,0.13,0.26
PYRAMID,EQ,154.7,1.3,569.06,0.17,0.26
NATCAPSUQ,EQ,167.87,11.1,174.35,0.16,0.26
SBIMIDMOM,EQ,61.16,1.85,7.97,0.42,0.25
NECCLTD,EQ,16.3,4.29,163,1.55,0.25
BCPL,EQ,67.4,3.34,112.72,0.38,0.25
SILINV,EQ,439.9,1.96,466.11,0.06,0.25
PRITI,EQ,51,3.66,68.1,0.5,0.25
SHREYANIND,EQ,163.9,4.41,226.59,0.16,0.25
SCML,SM,140,1.45,161.14,0.18,0.25
VSTL,EQ,118.52,1.38,224.74,0.21,0.25
DIGISPICE,EQ,17.4,0.81,407.98,1.43,0.25
PRAKASHSTL,EQ,4.91,9.84,85.93,5.3,0.25
SENSEXBETA,EQ,861,1.6,54284.77,0.03,0.25
KDL,ST,148.25,4.99,178.26,0.17,0.25
HDFCPVTBAN,EQ,27.44,0.92,745.21,0.9,0.25
PTL,EQ,38.7,1.44,512.3,0.64,0.25
BALAXI,EQ,25.15,3.97,138.85,1,0.25
CREST,EQ,356.2,2.34,1013.38,0.07,0.25
ROSSELLIND,EQ,51.1,1.65,192.63,0.48,0.24
BASILIC,SM,234.25,4.81,591.83,0.1,0.24
76NHAI31,NA,1091,0.15,2918.71,0.02,0.24
INTERNET,EQ,11.97,3.01,25.49,2.01,0.24
SANGAMIND,EQ,451,0.83,2266.12,0.05,0.24
NIFTYQLITY,EQ,20.81,1.41,28.11,1.15,0.24
MODIRUBBER,EQ,126.89,7.67,317.74,0.19,0.24
LINC,EQ,100.5,1.91,597.87,0.24,0.24
BRNL,EQ,21.28,6.35,178.65,1.1,0.23
IEML,SM,85.9,5.14,157.48,0.28,0.23
DURLAX,SM,50.55,3.59,146.25,0.46,0.23
RAMANEWS,EQ,34.2,0.47,504.53,0.66,0.23
PANACHE,BE,301,2.64,482.02,0.08,0.23
OILCOUNTUB,EQ,48.05,3.76,249.81,0.48,0.23
LANDSMILL,EQ,1.09,2.83,153.77,21.27,0.23
ZENITHSTL,EQ,6.78,4.95,96.47,3.41,0.23
LOTUSEYE,EQ,108.1,0.69,224.81,0.21,0.23
KOTARISUG,EQ,27.4,3.59,227.11,0.84,0.23
ELM250,EQ,16.07,2.23,136.33,1.43,0.23
VISASTEEL,EQ,32.55,2.62,420.84,0.69,0.23
LICNETFGSC,EQ,28.77,0.28,2290.59,0.79,0.23
BEWLTD,SM,84.55,1.68,110.53,0.26,0.23
WINSOL,SM,126,5.09,145.34,0.18,0.23
PPAP,EQ,211,2.09,297.83,0.11,0.22
SHIVAMAUTO,EQ,20,8.93,262.99,1.13,0.22
TECH,EQ,34.01,2.41,117.91,0.66,0.22
REMUS,SM,637,0.02,750.64,0.04,0.22
NAHARINDUS,EQ,107.7,1.61,465.32,0.21,0.22
ACL,EQ,57.65,1.6,531.37,0.38,0.22
MEDIORG,SM,28.1,3.12,32.88,0.76,0.22
725GS2063,GS,98.83,1.01,237192,0.22,0.22
PIONEEREMB,EQ,24.99,2.29,76.99,0.87,0.22
MANORG,EQ,428,0.34,366.56,0.05,0.22
CENTEXT,EQ,20.5,0.74,164,1.03,0.21
SGBJUN29II,GB,15020,1.54,2851.51,0,0.21
ISFT,EQ,80,4.37,130.49,0.27,0.21
SGBJU29III,GB,15050,2.17,2226.24,0,0.21
IVC,EQ,7.5,3.45,235.52,2.85,0.21
LATTEYS,EQ,22.48,4.95,129.25,0.95,0.21
GFLLIMITED,EQ,47.75,4.21,524.53,0.45,0.21
PATINTLOG,EQ,11.25,4.17,78.28,1.88,0.21
WTICAB,SM,104,2.01,247.64,0.2,0.21
SGBJAN29X,GB,14960,1.9,1816.22,0,0.21
DRONE,SM,52.9,6.01,129.08,0.4,0.21
SGBJAN30IX,GB,15198.87,2.76,3546.18,0,0.21
AYMSYNTEX,EQ,193.3,1.37,1133.01,0.11,0.21
PRITIKAUTO,EQ,13.55,3.75,225.62,1.52,0.21
BALAJEE,EQ,34.09,0.92,278.08,0.6,0.21
MANAKSIA,EQ,57.65,4.23,377.8,0.36,0.21
ASHIMASYN,EQ,15.05,5.76,288.45,1.37,0.2
CSSL,SM,106.75,1.09,256.7,0.19,0.2
YASHOPTICS,SM,121,2.59,299.66,0.17,0.2
BLBLIMITED,BE,17.03,0.83,90.03,1.18,0.2
NIFTYBETF,EQ,247.03,1.23,173.18,0.08,0.2
SPECIALITY,EQ,103.27,1.46,498.13,0.19,0.2
REPL,EQ,84.9,0.7,153.86,0.23,0.2
HOACFOODS,SM,437.6,3.33,189.94,0.04,0.2
PRAENG,EQ,22.51,3.3,157.43,0.89,0.2
NEPHROCARE,SM,83.5,7.12,137.66,0.24,0.2
MUNISH,SM,71,0.71,170.9,0.28,0.2
709GS2074,GS,96.15,0.09,151917,0.2,0.19
NILKAMAL,EQ,1297,1.72,1935.45,0.02,0.19
GENUSPAPER,EQ,13.51,7.91,347.38,1.48,0.19
ADDICTIVE,SM,88.85,4.96,141.36,0.23,0.19
764NABAR31,N2,1090.94,0.09,1918.68,0.02,0.19
ROXHITECH,SM,39.2,8.89,89.92,0.5,0.19
ATMASTCO,SM,151,0.67,373.49,0.13,0.19
ODIGMA,EQ,30.14,8.26,94.21,0.64,0.19
SCPL,BE,324,1.58,340.2,0.06,0.19
CHEMBONDCH,EQ,155,5.59,416.9,0.12,0.19
BEARDSELL,EQ,26.9,8.34,106.09,0.72,0.19
AGARWALTUF,SM,106.95,2.25,189.03,0.18,0.19
BANKBETF,EQ,57.15,1.6,399.19,0.33,0.19
GOYALALUM,EQ,7.22,2.56,103.05,2.6,0.19
BBNPPGOLD,EQ,146.5,1.21,342.51,0.13,0.19
SPCENET,EQ,4.34,4.83,246.4,4.31,0.19
SIKKO,EQ,4.95,3.56,216.22,3.74,0.19
TREL,EQ,26.6,2.27,653.55,0.7,0.19
GROBTEA,EQ,895,3.86,104.03,0.02,0.19
FORGEAUTO,SM,90.5,0.06,98.83,0.2,0.18
1025SCL34,Z8,1020,0.99,14.71,0.02,0.18
CLEDUCATE,BE,52.5,3.43,284.68,0.35,0.18
AKSHOPTFBR,EQ,5.63,2.55,91.6,3.26,0.18
CHOICEGOLD,EQ,150,1.54,54.75,0.12,0.18
MANAKALUCO,BE,28.9,4.98,189.39,0.63,0.18
AAATECH,EQ,99.39,1.28,127.49,0.18,0.18
AKSHAR,EQ,0.51,8.51,40.16,36.29,0.18
PLASTIBLEN,EQ,151,4.1,392.44,0.12,0.18
RPPL,EQ,15.99,1.46,118.72,1.13,0.18
PROPEQUITY,SM,200,2.56,209.64,0.09,0.18
PILITA,EQ,7.31,4.43,171.78,2.45,0.18
OPTIVALUE,SM,79.95,3.83,187.17,0.22,0.18
UYFINCORP,EQ,14.3,0.63,272.04,1.25,0.18
BARFLEX,SM,59.9,3.28,148.25,0.3,0.18
AMNPLST,EQ,159.55,3.08,877.84,0.11,0.18
FINBUD,SM,108.85,3.57,207.35,0.16,0.17
HRHNEXT,SM,28.4,4.03,37.5,0.63,0.17
JEYYAM,SM,35.85,3.91,170.28,0.5,0.17
UNIVPHOTO,BE,391.4,4.36,428.45,0.05,0.17
JAYSREETEA,EQ,84.75,2.71,244.74,0.2,0.17
OAL,EQ,284.5,3.32,957.44,0.06,0.17
KOTHARIPRO,EQ,68.15,2.43,406.77,0.25,0.17
SGBAUG29V,GB,15005,1.51,3440.26,0,0.17
VINEETLAB,EQ,32.5,1.47,62.42,0.52,0.17
ALMONDZ,EQ,14.99,5.41,260.3,1.13,0.17
KANORICHEM,EQ,74.49,2.93,325.47,0.22,0.17
KNAGRI,EQ,221.9,0.5,554.73,0.07,0.17
ENVIRO,SM,107.2,2.68,201.43,0.15,0.16
891IIFCL34,N4,1254.94,2.11,747.82,0.01,0.16
AARNAV,EQ,24.48,4.88,103.4,0.67,0.16
SHRADHA,EQ,41,1.59,332.09,0.39,0.16
MOM50,EQ,250,0.82,56.24,0.06,0.16
GENCON,EQ,43.3,0.16,246.75,0.37,0.16
WILLAMAGOR,EQ,28,6.1,30.68,0.56,0.16
SGBAUG27,GB,15088,3.01,1546.27,0,0.16
IMPAL,EQ,1007,0.46,1256.74,0.02,0.16
QUAL30IETF,EQ,20.54,2.19,144.65,0.77,0.16
CURRENT,SM,120.55,0.46,230.83,0.13,0.16
ESCONET,ST,131.45,0.42,173.46,0.12,0.16
NBIFIN,EQ,1865,1.45,551.08,0.01,0.16
AERON,SM,98.5,4.79,167.65,0.16,0.16
NETF,EQ,262.06,1.43,715.9,0.06,0.16
MANUFGBEES,EQ,153.14,1.51,10.77,0.1,0.16
JAYAGROGN,EQ,199.9,2.06,599.7,0.08,0.16
BANKA,EQ,76.18,4.99,83.21,0.2,0.16
STUDIOLSD,ST,14.7,0.68,76.28,1.06,0.16
KRITIKA,EQ,6.2,2.48,165.09,2.48,0.15
ROCKINGDCE,SM,174.5,3.56,98.75,0.1,0.15
VHL,EQ,3347.7,1.15,1068.43,0,0.15
RUBFILA,EQ,69.99,4.35,379.82,0.22,0.15
K2INFRA,SM,53.1,3.11,67,0.29,0.15
SUNDRMBRAK,EQ,622,1.27,244.73,0.02,0.15
HITECHCORP,EQ,147,3.73,252.48,0.1,0.15
OMFREIGHT,EQ,78.7,0.31,265.03,0.19,0.15
ALBERTDAVD,EQ,723,0.52,412.63,0.02,0.15
SGBMAR28X,GB,14995,1.01,1135.63,0,0.15
AJOONI,EQ,4.3,2.14,74.06,3.46,0.15
KARNIKA,SM,135.9,3.15,842.55,0.11,0.15
718GS2037,GS,103.6,0.01,178192,0.14,0.15
KATARIA,SM,117.1,0.09,252.13,0.13,0.15
769HUDCO31,N9,1116,0.08,680.81,0.01,0.15
PROV,SM,1325,3.92,457.58,0.01,0.15
ATCENERGY,SM,32,2.07,65.24,0.46,0.15
ANLON,SM,404,0.62,252.72,0.04,0.15
EFFWA,SM,222.5,3.87,515.02,0.06,0.14
CALSOFT,EQ,11.9,0.59,83.28,1.18,0.14
MIDCAPBETA,EQ,217.72,1.12,13.1,0.07,0.14
JOCIL,EQ,120,3.24,106.57,0.12,0.14
901HUDCO34,NE,1264.8,1.51,848.88,0.01,0.14
JHS,EQ,9.24,4.05,79.1,1.49,0.14
BANKADD,EQ,57.42,1.29,657.35,0.24,0.14
HINDCON,EQ,23.28,0.17,119.17,0.6,0.14
AAKASH,BE,8.24,0.98,83.43,1.69,0.14
CHAVDA,SM,99.25,3.71,324.11,0.14,0.14
SSDL,EQ,63.8,1.85,252.65,0.22,0.14
AXSENSEX,EQ,80.04,0.84,128.23,0.17,0.14
MURUDCERA,EQ,31.01,0.26,187.75,0.44,0.14
MYMUDRA,SM,84.9,13.2,96.72,0.17,0.14
STARPAPER,EQ,148,4.53,231,0.09,0.13
GOLDTECH,EQ,41.9,2.15,218.98,0.32,0.13
IVP,EQ,145,6.06,149.73,0.09,0.13
UNIENTER,EQ,105.98,2.95,737.05,0.13,0.13
INDBANK,EQ,33.6,0.93,149.11,0.39,0.13
SLONE,SM,222,3.26,116.97,0.06,0.13
DPSCLTD,EQ,9.34,3.2,909.52,1.42,0.13
VIVIMEDLAB,EQ,7.6,3.97,63.01,1.74,0.13
READYMIX,SM,95.8,6.44,104.98,0.14,0.13
TAINWALCHM,EQ,204,9,191.02,0.07,0.13
NGIL,EQ,31.93,3.5,56,0.41,0.13
MAHAPEXLTD,EQ,51.68,3.44,73.13,0.25,0.13
BBETF0432,EQ,1316.5,0.35,10540.61,0.01,0.13
PRAXIS,EQ,7.92,6.88,147.16,1.62,0.13
NAGAFERT,BZ,4.15,0.73,248.2,3.11,0.13
TRU,EQ,6.02,1.35,71.55,2.13,0.13
CONS,EQ,11.51,0.79,33.84,1.1,0.13
901NHB34,N6,6259,0.71,833.34,0,0.13
RUCHINFRA,EQ,6.17,2.15,145.63,2.03,0.13
INDIANCARD,EQ,203.4,1.19,120.84,0.06,0.12
TOP20,EQ,8.85,1.72,11.31,1.4,0.12
CCHHL,EQ,14.02,5.02,229.18,0.88,0.12
MHLXMIRU,EQ,165.52,0.83,175.79,0.07,0.12
VIJIFIN,BE,3.32,1.22,47.31,3.67,0.12
SMLT,EQ,70.6,2.33,96.65,0.17,0.12
SMALLADD,EQ,16.1,2.42,5.01,0.75,0.12
BEACON,SM,85.3,2.59,154.09,0.14,0.12
TWCGOLDETF,EQ,150.75,0.25,23.9,0.08,0.12
EMAMIREAL,EQ,72.8,3.75,319.11,0.16,0.12
830NHAI27,N2,1064,0.19,3493.14,0.01,0.12
SBIETFPB,EQ,275.1,1.33,411.74,0.04,0.12
91D040626,TB,99.1,0.18,15360.5,0.12,0.12
AONETMMQ50,EQ,9.88,1.44,7.48,1.18,0.12
SASTASUNDR,EQ,273,1.45,868.43,0.04,0.12
HOLMARC,SM,87.9,4.96,88.34,0.14,0.12
TOP15IETF,EQ,10,1.73,9.87,1.17,0.12
VARDMNPOLY,BE,7.89,0.13,362.07,1.46,0.12
SICALLOG,BE,64.89,0.62,517.72,0.18,0.11
DICIND,EQ,529.7,0.53,486.21,0.02,0.11
SIGNORIA,SM,63,0.48,29.98,0.18,0.11
NEXT30ADD,EQ,40.81,1.69,44.25,0.28,0.11
SGBSEP27,GB,15000,2.38,941.84,0,0.11
SEJALLTD,EQ,681.1,4.99,776.45,0.02,0.11
SHEMAROO,EQ,101.93,1.52,278.48,0.11,0.11
SETF10GILT,EQ,258.6,0.29,3232.73,0.04,0.11
PROFX,SM,70,0.72,122.53,0.16,0.11
ITADD,EQ,33.26,2.78,137.01,0.34,0.11
EMMIL,SM,164.5,15.28,186.32,0.07,0.11
EQUAL50,EQ,324.55,1.84,147.59,0.03,0.11
GROWWPSUBK,EQ,88.09,1.81,5.79,0.12,0.11
DENEERS,ST,173,1.17,148.89,0.07,0.11
GVPTECH,EQ,7.2,1.27,132.5,1.56,0.11
DUCON,BE,3.61,4.94,117.3,3.09,0.11
SNXT50BETA,EQ,89.3,1.7,31.84,0.12,0.11
AXISTECETF,EQ,345.64,2.81,164.38,0.03,0.11
ORIENTALTL,EQ,7.27,4.15,53.44,1.51,0.11
734GS2064,GS,101,0.48,241390,0.11,0.11
723GS2039,GS,101.9,0.34,119223,0.11,0.11
MARCO,SM,40.5,6.3,75.73,0.27,0.11
AGNI,SM,21.5,2.38,42,0.5,0.11
BAIDFIN,EQ,11.23,4.66,168.55,0.97,0.11
SADHAV,SM,111,0.95,159.31,0.1,0.11
PURVFLEXI,SM,63.7,4.94,133.66,0.17,0.11
FOCE,SM,557,1,654.09,0.02,0.11
GANGAFORGE,EQ,2.77,1.09,37.34,3.8,0.11
HITECHGEAR,BE,625,0.96,1175.85,0.02,0.11
AKSHARCHEM,EQ,189.5,3.83,152.23,0.06,0.11
DCM,EQ,70,0.88,130.74,0.15,0.11
SUNTECH,SM,42.2,1.08,81.71,0.26,0.11
SOMICONVEY,EQ,112.52,4.26,132.54,0.09,0.11
XELPMOC,EQ,109.25,3.5,161.25,0.1,0.1
CHEMBOND,EQ,150,2.1,201.72,0.07,0.1
BHANDARI,EQ,3.24,3.85,107.88,3.2,0.1
CONSOFINVT,BE,222,1.15,717.65,0.05,0.1
NEELAM,SM,13.15,4.37,26.59,0.78,0.1
9SCL26BA,NA,1044,0.29,422.3,0.01,0.1
DUCOL,SM,127,2.88,206.43,0.08,0.1
MANILAM,SM,56.9,1.88,124.32,0.18,0.1
SRD,EQ,44.7,0.29,285.93,0.23,0.1
HTMEDIA,EQ,23.15,2.34,422.85,0.44,0.1
HDFCQUAL,EQ,57,2.15,19.73,0.18,0.1
SAHYADRI,EQ,246.55,3.59,269.88,0.04,0.1
IDFNIFTYET,EQ,266.48,1.62,3.81,0.04,0.1
SAMPANN,EQ,31.85,4.49,155.46,0.32,0.1
MANAKSTEEL,EQ,58.7,6.46,384.68,0.18,0.1
VIGOR,SM,64,0.79,66.25,0.16,0.1
KOHINOOR,EQ,25.39,3.89,94.12,0.4,0.1
ENERGYDEV,EQ,17.1,5.04,81.23,0.58,0.1
AAKAAR,ST,61,1.84,86.45,0.16,0.1
CMNL,SM,112,6.21,270.31,0.09,0.1
INDTERRAIN,EQ,33.1,3.21,167.71,0.3,0.1
364D230726,TB,98.29,0.55,6133.48,0.1,0.1
GANGABATH,SM,23.45,2.4,52.08,0.42,0.1
APOLSINHOT,EQ,1090.1,5.42,283.47,0.01,0.1
TIPSFILMS,EQ,374.8,8.2,162.02,0.03,0.1
SUPERHOUSE,EQ,150.82,1.03,166.28,0.06,0.1
ORCHASP,EQ,2.14,7,74.14,4.62,0.1
695GS2061,GS,94.1,1.29,138327,0.1,0.1
GROWWCHEM,EQ,27.52,2.12,8.27,0.35,0.1
BVCL,EQ,43.05,2.72,95.4,0.22,0.1
LOVABLE,EQ,71,0.62,105.08,0.13,0.09
TNTELE,EQ,10.65,1.24,48.64,0.86,0.09
INNOMET,SM,90.05,0.61,116.53,0.1,0.09
FMNL,EQ,8.95,5.54,54.28,1.05,0.09
SGBNOV26,GB,15102,2.04,618.32,0,0.09
ACCURACY,EQ,5.33,4.31,80.25,1.74,0.09
MOKSH,EQ,11.11,1.28,98.04,0.83,0.09
SALONA,EQ,282.9,1.93,148.87,0.03,0.09
BEDMUTHA,BE,116.65,5,376.36,0.08,0.09
SANDESH,EQ,975,3.72,738.02,0.01,0.09
EMMBI,EQ,89.1,3.79,171.43,0.11,0.09
676GS2061,GS,93.45,1.8,132792.04,0.1,0.09
FLEXIADD,EQ,9.75,2.42,13.13,0.95,0.09
DCG,SM,65.5,8.09,118.88,0.14,0.09
ASCOM,ST,262,2.95,306.91,0.04,0.09
SGBMAR30X,GB,15055,2.11,2318.01,0,0.09
MAGNUM,EQ,21.98,1.67,150.37,0.41,0.09
AIROLAM,EQ,87.4,5.02,131.12,0.11,0.09
DJML,BE,87.35,1.88,300.29,0.1,0.09
ALPA,EQ,68.8,3.02,144.76,0.13,0.09
KSHITIJPOL,BE,2.85,4.78,43.96,3.17,0.09
KANPRPLA,EQ,190,1.65,456.24,0.05,0.09
KEYFINSERV,EQ,277,3.98,154.2,0.03,0.09
SPLIL,EQ,31.15,8.16,90.34,0.29,0.09
CURIS,SM,112.1,2.23,90.63,0.08,0.09
NV20,EQ,14.61,0.48,83,0.6,0.09
TPHQ,EQ,0.6,7.14,65.77,15.28,0.09
NOIDATOLL,EQ,3.7,0.54,68.89,2.38,0.09
PAR,EQ,93.52,2.63,115.07,0.09,0.09
BSLSENETFG,EQ,78.03,1.44,271.06,0.11,0.09
MONEXT50,EQ,68.37,2.32,3.59,0.13,0.09
CTE,EQ,30.91,4.82,60.68,0.28,0.09
MOINFRA,EQ,61.94,2.92,2.85,0.14,0.09
BAGFILMS,EQ,5.45,2.83,107.77,1.58,0.09
MONIFTY100,EQ,25.11,1.7,12.45,0.34,0.09
ESPRIT,SM,66.05,4.18,144.95,0.13,0.09
SECURKLOUD,EQ,27,2.47,90.21,0.33,0.08
ORBTEXP,EQ,165,3.22,437.43,0.05,0.08
PODDARMENT,EQ,250.4,0.26,265.67,0.03,0.08
SHUBHSHREE,SM,311,0.32,163.03,0.03,0.08
SWASTIK,SM,21.1,19.89,49.02,0.42,0.08
ATAM,EQ,70.35,3.55,80.64,0.12,0.08
LAGNAM,EQ,69.49,4.99,122.78,0.12,0.08
LIBAS,EQ,11.64,3.65,30.67,0.72,0.08
ANMOL,EQ,11.95,5.47,68.01,0.71,0.08
NEWJAISA,SM,26.15,4.81,93.55,0.32,0.08
EFORCE,SM,29,7.41,67.86,0.29,0.08
SOMATEX,BE,97.9,2.7,323.39,0.08,0.08
BSL,EQ,125.2,3.92,128.86,0.06,0.08
BABAFP,SM,28.45,19.79,46.45,0.29,0.08
COUNCODOS,EQ,5.26,6.26,40.82,1.52,0.08
GROWWNXT50,EQ,68.68,1.99,8.35,0.12,0.08
DCMNVL,EQ,116.69,1.1,217.95,0.07,0.08
1075WCA28,N0,9842.2,3.59,19.68,0,0.08
ZENITHEXPO,EQ,239.15,10,129.05,0.03,0.08
CPEDU,EQ,193.99,3.55,352.92,0.04,0.08
82HUDCO27,N2,1030,0.31,2593.77,0.01,0.08
JETFREIGHT,EQ,18.13,0.17,84.13,0.43,0.08
GROWWN200,EQ,11.05,1.1,15.66,0.71,0.08
GSEC10YEAR,EQ,30.06,1.73,95.18,0.26,0.08
INCREDIBLE,EQ,35.99,3.51,168.3,0.22,0.08
HDFCBSE500,EQ,36.1,1.4,22.56,0.21,0.08
VITAL,EQ,66.15,5,158.44,0.12,0.08
GVKPIL,BE,2.73,1.87,430.96,2.82,0.08
MOGSEC,EQ,64.39,1.07,163.74,0.12,0.08
FIBERWEB,BE,37.6,2.26,108.26,0.2,0.08
TOTAL,EQ,56.93,6.65,91.81,0.13,0.08
SGBFEB27,GB,15050,3.5,312.12,0,0.08
AIRAN,EQ,17.08,1.91,213.53,0.43,0.07
AARADHYA,SM,88.1,1.09,124.56,0.08,0.07
610GS2031,GS,99.75,0.76,147630,0.07,0.07
CANARYS,SM,22.7,2.71,133.35,0.32,0.07
HEXATRADEX,EQ,163,1.56,900.49,0.04,0.07
IVZINNIFTY,EQ,2762.81,1.81,93.02,0,0.07
MOTOGENFIN,EQ,24.2,6.47,93.72,0.3,0.07
NEXT50ADD,EQ,68.74,2.22,8.74,0.11,0.07
TOUCHWOOD,EQ,73.49,2.06,81.44,0.1,0.07
DRCSYSTEMS,EQ,16.35,4.21,235.57,0.45,0.07
COMPUSOFT,EQ,14,0.29,110.78,0.52,0.07
WORTHPERI,EQ,140.24,0.39,220.89,0.05,0.07
THEINVEST,EQ,105,1.72,548.54,0.07,0.07
SONAMAC,SM,45.1,10,61.9,0.16,0.07
LAMBODHARA,EQ,105.51,0.36,109.49,0.07,0.07
EMKAYTOOLS,SM,119.7,13.68,127.74,0.06,0.07
9MMFSML,N2,1073.98,0.25,0,0.01,0.07
NAMAN,SM,58.4,4.38,76.31,0.13,0.07
ZEAL,SM,85,5.07,113.13,0.08,0.07
SAHLIBHFI,EQ,83.21,2.15,257.02,0.08,0.07
SHYAMCENT,EQ,5.03,9.83,106.72,1.39,0.07
INSPIRISYS,BE,86.95,3.51,344.47,0.08,0.07
SNEHAA,SM,46.9,7.69,47.74,0.15,0.07
SPUNWEB,SM,115.95,2.25,279.48,0.06,0.07
AKI,EQ,5.18,0.58,53.46,1.32,0.07
MMEL,SM,36.05,6.66,67.8,0.18,0.07
ARCIIL,SM,52.65,1.35,54.22,0.13,0.07
AESTHETIK,SM,84.1,4.86,144.82,0.08,0.07
RAPPID,SM,284,2.9,147.45,0.02,0.07
SHIVATEX,EQ,151.2,2.45,196,0.04,0.07
SADBHIN,EQ,3.02,4.86,106.37,2.24,0.07
GSEC10IETF,EQ,259.16,0.01,560.98,0.03,0.07
MIDCAPADD,EQ,21.6,1.74,6.05,0.31,0.07
UCAL,EQ,99.1,1.12,219.15,0.07,0.07
SAVY,SM,138.1,1.28,287.37,0.05,0.07
GROWWPSE,EQ,103.2,0.67,17.8,0.06,0.07
SHIGAN,ST,55.75,4.99,113.33,0.12,0.07
SNXT30BEES,EQ,40.85,1.72,6.1,0.16,0.07
MARALOVER,EQ,45.5,4.26,188.86,0.14,0.07
IPHL,SM,54.3,1.4,135.69,0.12,0.06
SBIETFCON,EQ,116.1,1.1,23.37,0.06,0.06
DIGIDRIVE,EQ,22.1,5.44,85.22,0.29,0.06
NIBL,EQ,29.11,1.11,70.54,0.22,0.06
FORCAS,SM,100,1.21,175.8,0.06,0.06
AUSOMENT,BE,107.75,1.32,146.79,0.06,0.06
SGBJAN27,GB,15050,1.18,366.63,0,0.06
AXISHCETF,EQ,147.5,2.31,22.19,0.04,0.06
AMIABLE,SM,82.9,18.43,14.49,0.08,0.06
HEALTHCARE,EQ,18.42,1.49,8.23,0.34,0.06
ANANTAM,IV,106.9,1.04,2325.07,0.06,0.06
ISHANCH,EQ,61.3,3.86,160.24,0.1,0.06
BONLON,EQ,46.5,4.99,65.95,0.13,0.06
UNIONGOLD,EQ,148.75,1.29,320.69,0.04,0.06
718GS2033,GS,102.8,0.73,206628,0.06,0.06
HISARMETAL,EQ,153,5.04,82.62,0.04,0.06
GREENCHEF,SM,50.95,2.93,118.57,0.12,0.06
JMA,EQ,87.44,4.42,199.72,0.07,0.06
SAAKSHI,SM,198.8,1.95,351,0.03,0.06
ABSLNN50ET,EQ,71.92,1.97,103.36,0.08,0.06
MANAV,ST,37.35,4.92,49.15,0.16,0.06
KHFM,SM,57.1,5.74,131.96,0.11,0.06
KALYANIFRG,EQ,608.95,1.1,221.54,0.01,0.06
ALKALI,EQ,65.91,0.32,67.11,0.09,0.06
MSCIINDIA,EQ,29.3,2.02,1569.73,0.2,0.06
GOYALSALT,SM,124.5,4.8,222.86,0.05,0.06
SGBOCT27,GB,14960.6,2.83,681.87,0,0.06
MALUPAPER,EQ,33.2,2.03,56.64,0.17,0.06
MARC,ST,69.2,4.93,119.81,0.08,0.06
915SCL26,NE,1031,0.38,201.4,0.01,0.06
USK,BE,24.7,4.35,136.73,0.24,0.06
774IREDA31,N7,1101.1,0.05,532.4,0.01,0.06
865IRFC29,NA,1100,0.27,757.2,0.01,0.06
RADIOCITY,EQ,6.37,2.74,220.2,0.89,0.06
TCIFINANCE,EQ,14.33,3.09,18.45,0.4,0.06
LICNMID100,EQ,59.24,2.46,627.29,0.1,0.06
FIDEL,SM,144.9,0.28,199.25,0.04,0.06
SVLL,EQ,590.4,0.28,678.59,0.01,0.06
USHAFIN,SM,34.9,8.22,151.73,0.16,0.06
PREMIUM,SM,37,3.79,70.66,0.15,0.06
SUNDARAM,EQ,1.44,3.6,68.24,3.85,0.06
CORALFINAC,EQ,33.9,3.48,136.62,0.16,0.05
865IFL28,NZ,985,0.46,87.58,0.01,0.05
1050NFL26,N7,1006,0.6,67.9,0.01,0.05
KEN,SM,37.75,0.94,92.73,0.14,0.05
ATLPP,E1,8.8,12.53,35.02,0.63,0.05
DHRUV,EQ,35,4.57,66.38,0.15,0.05
CINELINE,EQ,87.5,0.85,299.83,0.06,0.05
ASLIND,SM,88.65,4.97,92.35,0.06,0.05
12AFIL28,N0,9850,0.92,49.25,0,0.05
ASHOKAMET,EQ,16.67,2.21,41.67,0.32,0.05
JAIPURKURT,EQ,28.78,0.81,54.94,0.18,0.05
ELDEHSG,EQ,800,0.47,786.64,0.01,0.05
BALKRISHNA,EQ,16.92,0.3,54.52,0.3,0.05
MEDISTEP,ST,19.45,4.85,27.64,0.27,0.05
TARAPUR,EQ,25.5,3.32,49.73,0.2,0.05
BANK10ADD,EQ,16.86,1.57,90.21,0.31,0.05
AXISBNKETF,EQ,577.44,1.11,353.29,0.01,0.05
LFIC,EQ,131,1.23,39.3,0.04,0.05
BALPHARMA,EQ,76.5,1.76,121.79,0.07,0.05
TIMESCAN,SM,42.9,3.75,29.98,0.12,0.05
KAYTEX,SM,71.65,8.56,105.32,0.07,0.05
MAYASHEEL,SM,57,2.8,125.69,0.09,0.05
CHAMUNDA,SM,42.2,2.55,46.44,0.12,0.05
ESG,EQ,41.31,1.7,103.33,0.12,0.05
DIVIDEND,EQ,36.5,2.04,9.51,0.14,0.05
LGHL,EQ,243.55,1.78,1220,0.02,0.05
APCL,EQ,118.4,2.47,347.8,0.04,0.05
RKDL,EQ,21.4,0.94,51.36,0.23,0.05
AATMAJ,SM,20.7,2.73,46.78,0.24,0.05
DNAMEDIA,EQ,3.32,5.4,39.08,1.48,0.05
SENSEXADD,EQ,79.75,1,3.45,0.06,0.05
MDL,SM,53,4.74,94.02,0.09,0.05
SGBMAY26,GB,15100,1.59,982.01,0,0.05
PRUDMOULI,EQ,16.8,1.2,54.18,0.28,0.05
HAVISHA,EQ,1.69,9.03,25.95,2.93,0.05
TFL,EQ,12.55,2.45,69.17,0.36,0.05
OWAIS,SM,149.8,4.98,272.37,0.03,0.05
MITTAL,EQ,0.98,4.26,43.5,4.92,0.05
MAHESHWARI,EQ,48.42,5.24,143.31,0.1,0.05
SELLOWRAP,SM,75,4.17,103.08,0.06,0.05
SGBJUN27,GB,15005,2.07,689.91,0,0.05
SUPERSPIN,EQ,5.08,2.83,27.94,0.95,0.05
ASTRON,EQ,4.62,0.22,21.48,1.02,0.05
NORBTEAEXP,EQ,84,1.12,130.57,0.06,0.05
751HUDCO28,N5,1038,0.14,1322.66,0,0.05
VCL,EQ,1.8,4.65,33.08,2.56,0.05
TOKYOPLAST,EQ,74.5,2.6,70.79,0.06,0.05
KAKATCEM,EQ,108,1.94,83.96,0.04,0.05
MEGAFLEX,ST,152.15,0.43,184.57,0.03,0.05
364D300726,TB,98.25,0.78,5062.76,0.05,0.05
TGL,ST,33.65,4.99,40.38,0.13,0.05
RULKA,SM,100.4,10.21,42.75,0.04,0.04
GAYAHWS,EQ,2.36,3.06,56.56,1.92,0.04
AGRITECH,EQ,121.25,1.29,72.02,0.04,0.04
ALUWIND,SM,59.9,5.09,148.84,0.07,0.04
SHAHALLOYS,EQ,70,2.19,138.58,0.06,0.04
SBIETFQLTY,EQ,215.67,1.55,76.87,0.02,0.04
DIGJAMLMTD,EQ,48.98,8.8,97.96,0.09,0.04
ETL,SM,956,0.1,1020.18,0,0.04
MON50EQUAL,EQ,32.55,2.1,128.9,0.13,0.04
ARCHIES,EQ,15,4.82,50.67,0.29,0.04
AXISCETF,EQ,117.92,3.44,13.02,0.04,0.04
PRLIND,SM,62.5,2.88,142.89,0.07,0.04
SHANTI,EQ,7.45,5.08,8.27,0.58,0.04
VEEKAYEM,SM,124.8,4.96,73.33,0.04,0.04
MOQUALITY,EQ,195,1.52,22.69,0.02,0.04
SHREEOSFM,SM,85.85,4.57,132.24,0.05,0.04
SSFLPP,E1,104.95,6.28,181.92,0.04,0.04
865TCAPS27,N8,1058,0.67,635.22,0,0.04
915APSBC35,N0,104358.2,0.12,572.93,0,0.04
WINSOME,BZ,1.73,0.58,12.23,2.42,0.04
EBANKNIFTY,EQ,56.45,1.4,11.64,0.07,0.04
ARMOUR,SM,21,0.48,35.43,0.2,0.04
BIRDYS,SM,116.55,5,73.52,0.04,0.04
PEARLPOLY,EQ,17.2,4.75,28.96,0.24,0.04
GOKUL,EQ,39.68,2.16,392.81,0.1,0.04
MOPSE,EQ,105.7,2.54,1.59,0.04,0.04
AMDIND,EQ,43.11,1.22,82.63,0.09,0.04
CINEVISTA,EQ,15.38,5.78,88.34,0.27,0.04
1003ISFL28,N4,1006.5,0.45,80.91,0,0.04
COMMITTED,SM,258.7,4.4,299.43,0.02,0.04
SFML,SM,22.75,1.11,56.49,0.18,0.04
FALCONTECH,SM,11.95,2.14,6.4,0.34,0.04
AHLADA,EQ,46.2,3.7,59.7,0.09,0.04
10ISFL26,N3,1032.8,0.3,75.86,0,0.04
HGM,EQ,54.5,0.91,68.64,0.07,0.04
CRAYONS,SM,37,8.19,90.39,0.11,0.04
ASIANHOTNR,EQ,300,0.17,1279,0.01,0.04
NAVKARURB,EQ,0.85,4.94,95.38,4.7,0.04
RVTH,EQ,621.1,1.18,190.49,0.01,0.04
DELAPLEX,SM,108.95,4.76,99.25,0.04,0.04
OSWALSEEDS,EQ,12.6,2.02,115.25,0.3,0.04
RILINFRA,SM,35.45,3.05,65.95,0.11,0.04
0MOFSL27,N3,1166,0.09,31.87,0,0.04
679GS2034,GS,99.1,0.1,182344,0.04,0.04
KANANIIND,EQ,1.77,5.99,35.02,2.22,0.04
KREBSBIO,EQ,61.99,0.21,133.65,0.06,0.04
CELEBRITY,EQ,7.65,1.73,45.65,0.48,0.04
LAXMICOT,BE,15.59,1.3,26.73,0.24,0.04
ARVINDPORT,SM,35.5,7.74,63.18,0.1,0.04
10IIFL29,N6,1021.3,0.15,31.68,0,0.04
NAGREEKEXP,EQ,24.5,4.57,76.56,0.15,0.04
TVVISION,EQ,5.47,4.59,21.19,0.67,0.04
PFCL36B,N9,51300,0.19,136.7,0,0.04
RELCHEMQ,EQ,119.85,1.27,90.41,0.03,0.04
10CAGL27,N5,1015,0.09,56.33,0,0.04
ANIKINDS,EQ,46.85,6.38,130.03,0.08,0.04
GURUNANAK,SM,31.25,4.87,37.5,0.11,0.04
RNPL,SM,145,5.88,165.28,0.02,0.03
SILLYMONKS,EQ,17.49,6.65,21.79,0.2,0.03
TTL,BE,8.62,1.77,222.66,0.4,0.03
SVPGLOB,EQ,2.94,7.69,37.19,1.17,0.03
VINNY,EQ,1.2,0.84,55.83,2.83,0.03
21STCENMGM,EQ,31.16,2,32.72,0.11,0.03
KRIDHANINF,EQ,2.59,4.02,24.55,1.33,0.03
IDENTICAL,ST,21,3.45,29.45,0.16,0.03
KORE,SM,120.85,5,146.53,0.03,0.03
MOBANK10,EQ,16.86,1.51,5.82,0.19,0.03
JISLDVREQS,EQ,23.99,3.45,46.29,0.14,0.03
CHETANA,SM,41.05,2.24,83.74,0.08,0.03
PRECISION,SM,7.3,0.69,16.76,0.44,0.03
DCCL,SM,41.95,4.88,59.89,0.08,0.03
HEADSUP,EQ,7,0.86,15.46,0.46,0.03
QMSMEDI,SM,80.5,2.55,155.67,0.04,0.03
GLOBALE,EQ,12.9,7.59,13.7,0.26,0.03
INFRA,EQ,11.56,2.3,8.78,0.27,0.03
MOIPO,EQ,45.5,9.64,5.46,0.07,0.03
SIL,EQ,15.25,3.11,98.1,0.21,0.03
KSR,BE,37.7,2.36,69.29,0.08,0.03
HDIL,BZ,2.34,4.46,110.92,1.35,0.03
CELLPOINT,SM,17.5,2.64,32.7,0.18,0.03
WEIZMANIND,EQ,82.51,3.01,127.84,0.04,0.03
ZENITHDRUG,SM,43,1.18,73.74,0.07,0.03
MANDEEP,SM,22.55,4.88,23.31,0.14,0.03
WIPL,EQ,157.19,2.75,133.41,0.02,0.03
SMARTLINK,EQ,125.98,0.5,125.67,0.02,0.03
LAL,EQ,7.88,2.34,136.12,0.4,0.03
SHEKHAWATI,EQ,12.98,2.53,44.74,0.24,0.03
746GS2073,GS,101.1,0.1,118287,0.03,0.03
ARCHIDPLY,EQ,81.2,1.7,161.3,0.04,0.03
SYLVANPLY,SM,54,19.87,104.62,0.06,0.03
HBSL,EQ,57.9,3.17,41.33,0.05,0.03
KEL,SM,84,2.44,86.28,0.04,0.03
ARSHIYA,BZ,1.35,4.65,35.57,2.26,0.03
SGBJUL27,GB,15000,3.01,803.92,0,0.03
MIEL,SM,13.7,4.98,24.11,0.22,0.03
12VCCL27B,N0,98087,0.07,19.62,0,0.03
ITALIANE,ST,36.85,4.99,54.45,0.08,0.03
DECCANTRAN,SM,22.45,6.15,51.01,0.13,0.03
BBNPNBETF,EQ,56.56,1.64,4.45,0.05,0.03
ARABIAN,SM,72.05,1.48,78.48,0.04,0.03
935LTF29,N5,1090,0.03,120.9,0,0.03
DTIL,EQ,136,0.27,142.9,0.02,0.03
TEAMGTY,EQ,270,3.79,242.82,0.01,0.03
ORIENTLTD,EQ,61.65,4.09,61.65,0.05,0.03
PRESSTONIC,ST,36,4.96,54.87,0.08,0.03
ZODIACLOTH,EQ,75,5.43,205.94,0.04,0.03
DANGEE,EQ,3.27,3.15,50.35,0.87,0.03
RSSOFTWARE,EQ,33.96,4.98,87.72,0.08,0.03
PELATRO,SM,310,2.65,328.52,0.01,0.03
TECILCHEM,EQ,13.02,1.09,24.69,0.21,0.03
ACCPL,SM,77.85,4.99,86.54,0.04,0.03
MITCON,EQ,71.48,5.49,124.51,0.04,0.03
BRACEPORT,SM,58.85,5.85,66.51,0.05,0.03
WEWIN,EQ,53.78,3.34,54.65,0.05,0.03
GILLANDERS,EQ,89.8,1.48,191.65,0.03,0.03
SATIPOLY,SM,32.2,4.89,15.93,0.09,0.03
MADHAV,EQ,36.2,4.93,32.39,0.07,0.03
CLASSICEIL,SM,54.85,7.55,98.54,0.05,0.03
97MOFSL34,N7,1150,1.23,261.01,0,0.03
MANUGRAPH,EQ,13.25,2.87,40.3,0.19,0.03
SIDDHICOTS,ST,30.9,2.83,75.42,0.08,0.03
SOTAC,SM,107,4.9,118.23,0.02,0.03
ARTNIRMAN,EQ,47.99,2.56,119.76,0.05,0.03
PALREDTEC,EQ,35.8,4.99,43.79,0.07,0.02
MOALPHA50,EQ,50.2,1.7,6.55,0.05,0.02
TRUST,SM,42.2,3.43,100.54,0.06,0.02
MAHAPE-RE,BE,36,1.52,50.73,0.07,0.02
875NHAI29,N6,1108.98,0.38,1319.47,0,0.02
74GS2062,GS,100,0.01,156000,0.02,0.02
NAGREEKCAP,EQ,24.86,3.97,31.36,0.1,0.02
AKASH,EQ,27.64,4.07,46.61,0.09,0.02
LASA,EQ,7.89,3.54,39.53,0.31,0.02
SGBDC27VII,GB,15000.01,1.73,972.46,0,0.02
EMAPARTNER,SM,81,6.58,188.3,0.03,0.02
MHHL,SM,40.45,1,73.76,0.06,0.02
738REC27TF,N2,1058.89,1.23,902.21,0,0.02
TSC,SM,38.8,7.18,56.33,0.06,0.02
TARMAT,BE,55.22,2.43,138.4,0.04,0.02
SEMAC,EQ,269,2.65,83.86,0.01,0.02
NITIRAJ,EQ,208.5,1.32,213.73,0.01,0.02
732GS2030,GS,104.35,0.5,73045,0.02,0.02
SELMC,EQ,33.23,2.09,110.11,0.07,0.02
AMJLAND,EQ,43.49,3.01,178.31,0.05,0.02
RAJRILTD,BE,21.25,1.34,1181.68,0.11,0.02
810IRFC27,N2,1063,0.27,3290.45,0,0.02
AGROPHOS,EQ,32.79,3.05,66.48,0.07,0.02
AUROIMPEX,SM,34.9,4.33,42.58,0.06,0.02
PERFECT,SZ,1.4,3.7,2.45,1.62,0.02
GROWWMC150,EQ,217,1.66,5.72,0.01,0.02
MUKTAARTS,EQ,49.35,2.49,111.46,0.05,0.02
MOMNC,EQ,30.5,1.87,2.29,0.07,0.02
QUALITY30,EQ,20.13,2.08,2.54,0.11,0.02
82IGT31,NJ,1090,0.09,653.11,0,0.02
ROLLT,BE,1.31,3.97,32.77,1.71,0.02
SHRIKANHA,SM,22.5,4.9,35.06,0.1,0.02
ROML,EQ,44.76,3.13,67.09,0.05,0.02
RADAAN,EQ,3.29,2.49,17.82,0.64,0.02
SHIVAMILLS,EQ,53.7,3.39,46.41,0.04,0.02
SERVICE,ST,52.5,4.9,69.97,0.04,0.02
CEREBRAINT,BZ,5,0.4,60.59,0.4,0.02
DELTAMAGNT,EQ,60.43,3.72,65.57,0.03,0.02
865IIFL28,NS,990,0.3,156.69,0,0.02
ADROITINFO,EQ,9.96,4.4,53.96,0.2,0.02
HDFCLOWVOL,EQ,20.14,1.46,33.98,0.1,0.02
OBCL,EQ,57,1.8,120.17,0.03,0.02
HEALTHADD,EQ,145.76,1.96,12.81,0.01,0.02
MAL,SM,40.55,3.97,100.1,0.05,0.02
1040UCL27B,N1,1010,0.75,34.74,0,0.02
GAJANAND,SM,8.5,2.41,16.01,0.21,0.02
CLSL,SM,46.5,3.33,79.7,0.04,0.02
LAMOSAIC,SM,25.5,2,26.36,0.07,0.02
GROWWLOVOL,EQ,10.27,1.48,4.17,0.18,0.02
ABHAPOWER,SM,28,2.94,52.05,0.06,0.02
709GS2054,GS,98,2.07,145040,0.02,0.02
726GS2032,GS,102.75,0.24,152070,0.02,0.02
BANG,EQ,37.39,4.76,50.7,0.05,0.02
TROM,SM,72.95,4.59,67.08,0.02,0.02
9IIFL31,Y9,1010,1.66,113.37,0,0.02
VERITAAS,SM,48,0.42,13.55,0.04,0.02
SGL,EQ,11.95,4.73,32.25,0.14,0.02
JFLLIFE,SM,9.6,3.78,31.68,0.18,0.02
KLL,SM,42.5,4.04,78.75,0.04,0.02
AHLWEST,EQ,192.74,5,224.57,0.01,0.02
PALASHSECU,EQ,98.39,2.74,98.42,0.02,0.02
SAGARDEEP,EQ,23.93,3.91,40.82,0.07,0.02
REGENCERAM,EQ,46.5,4.97,122.95,0.04,0.02
VIVIDHA,EQ,0.61,3.39,17.85,2.66,0.02
LYPSAGEMS,EQ,5.3,1.53,15.63,0.31,0.02
ASPINWALL,EQ,228.4,1.48,178.57,0.01,0.02
ITBETA,EQ,327.54,2.29,6.79,0,0.02
NMSTEEL,SM,24.9,3.75,43.05,0.06,0.02
HDFCVALUE,EQ,132.25,1.16,34.86,0.01,0.02
VELS,SM,65.75,4.37,84.87,0.02,0.02
MADHUCON,EQ,4.91,1.45,36.23,0.32,0.02
REXPRO,SM,52.25,4.92,58.55,0.03,0.02
RADIOWALLA,SM,32.1,4.9,22.62,0.05,0.02
DAMODARIND,EQ,27.61,3.02,64.33,0.06,0.01
ARUNAYA,SM,19.05,3.81,33.41,0.08,0.01
762GA32,SG,97.15,0.15,97.15,0.01,0.01
AROGRANITE,EQ,25.5,2.33,39.02,0.06,0.01
AKG,EQ,11.51,0.61,36.57,0.12,0.01
79NHIT47,N3,412.59,0.16,618.88,0,0.01
NPBET,EQ,278.33,0.59,10.89,0.01,0.01
ABGSEC,EQ,112.15,1.28,11.54,0.01,0.01
931SFL26,Z5,1000,3.04,21.04,0,0.01
SHRENIK,BZ,0.4,2.56,24.48,3.58,0.01
885IIFL29,Y8,1020,0.89,202.63,0,0.01
TRIDHYA,SM,9.2,4.55,21.42,0.15,0.01
EASTSILK,BE,63,4.6,31.5,0.02,0.01
970CAGL28,ND,1028,0.41,260.32,0,0.01
KAUSHALYA,EQ,832,0.85,28.81,0,0.01
JIWANRAM,SM,5.4,2.86,13.36,0.24,0.01
805NMC35,N7,125.5,0.4,25.1,0.01,0.01
OSIAHYPER,EQ,4.46,4.94,78.92,0.28,0.01
724GS2055,GS,99.25,1.28,77415,0.01,0.01
LICNETFSEN,EQ,873.42,1.16,720.41,0,0.01
3PLAND,EQ,36.3,1.99,65.34,0.03,0.01
GILT5BETA,EQ,65.25,0.25,25.73,0.02,0.01
888REC29,NF,1125,0.72,329.11,0,0.01
WHITEFORCE,SM,37.95,10.96,44.02,0.03,0.01
SGBFEB28IX,GB,14986,2.31,608.37,0,0.01
INVICTA,SM,73.2,1.6,92.03,0.02,0.01
1018GS2026,GS,103.62,0.55,15543,0.01,0.01
965AEL27,N4,1065,0.47,505.16,0,0.01
ABSL10BANK,EQ,168.48,0.9,46.46,0.01,0.01
AHLEAST,EQ,159.5,0.87,275.8,0.01,0.01
699GS2051,GS,95,0.77,139198.75,0.01,0.01
9PCHFL31A,NA,1065.05,0.48,164.03,0,0.01
BALAJIPHOS,SM,109,4.81,259.17,0.01,0.01
ARENTERP,EQ,41.61,2.16,12.93,0.03,0.01
935MOFSL29,N5,1075.1,0.29,88.13,0,0.01
CMRSL,SM,66.15,5,19.37,0.02,0.01
SGBOCT27VI,GB,15090.02,1.62,1046.06,0,0.01
KHAITANLTD,EQ,110.79,3.33,52.63,0.01,0.01
AGARWALFT,SM,35,3.4,25.35,0.03,0.01
0MOFSL26,N1,1161.15,0.53,29.05,0,0.01
888ECL28,N1,985,1.03,40.31,0,0.01
IL&FSTRANS,BZ,2.44,4.72,80.27,0.42,0.01
1065NFL27,NC,1014.4,0.44,95.65,0,0.01
GOLDENTOBC,BZ,26.5,3.92,46.66,0.04,0.01
92SFIL28,ND,1005,1.01,14.03,0,0.01
IMC1,N2,260,4,63.44,0,0.01
12VCCL29A,N0,100000,5.26,25,0,0.01
ALCODIS,SM,80,1.27,82,0.01,0.01
1225DCCL27,N0,99856.58,0.29,9.99,0,0.01
1180VCCL26,N0,99683.23,1.72,14.95,0,0.01
CONTI,SM,14.95,4.91,20.84,0.07,0.01
915AEL28,NC,1070,1.32,444.59,0,0.01
115VCCL28,N0,99000,0.51,69.3,0,0.01
950ISF27A,N0,98839,0.2,49.42,0,0.01
CADSYS,SM,50.3,4.9,50.31,0.02,0.01
VALUE,EQ,16.42,2.24,10.97,0.06,0.01
NEXTMEDIA,EQ,4.39,3.29,29.37,0.22,0.01
125VCCL31,N0,96500,0.52,48.25,0,0.01
PARAMPARA,ST,12,4.8,12.6,0.08,0.01
YCCL,SM,10.1,1,19.5,0.09,0.01
REFRACTORY,SM,46,2.22,100.28,0.02,0.01
LICNFNHGP,EQ,271.81,1.13,728.32,0,0.01
915APSBC26,N0,90580.16,20,497.29,0,0.01
SGBJ28VIII,GB,15180,4.62,792.58,0,0.01
ANTGRAPHIC,EQ,0.87,2.35,13.49,1.02,0.01
BALCO,SM,17.75,4.72,7.75,0.05,0.01
SONUINFRA,SM,56.8,4.99,66.82,0.01,0.01
SDREAMS,SM,85,0.71,159.14,0.01,0.01
PANSARI,EQ,278.9,2.16,486.59,0,0.01
CEDAAR,SM,28.05,4.86,38.93,0.03,0.01
SIMBHALS,BZ,8.75,1.86,36.12,0.1,0.01
KONSTELEC,SM,40.6,4.91,61.31,0.02,0.01
BLUECOAST,EQ,24.79,0.69,42.62,0.03,0.01
VSCL,SM,26.75,4.9,34.19,0.03,0.01
MOMGF,EQ,153.19,1.75,1.53,0.01,0.01
ACCORD,SM,38.25,4.94,13.28,0.02,0.01
QUICKTOUCH,SM,30.75,4.95,39.41,0.03,0.01
KHANDSE,EQ,15.74,1.22,24.01,0.05,0.01
UMA,SM,18.25,1.39,37,0.04,0.01
MOSERVICE,EQ,31.09,1.04,5.36,0.02,0.01
EQUIPPP,BE,15.68,4.95,161.65,0.05,0.01
SETUINFRA,BZ,0.51,4.08,6.41,1.45,0.01
BANARBEADS,EQ,109.49,2.36,72.66,0.01,0.01
MOLOWVOL,EQ,36.9,3.48,68.13,0.02,0.01
M&MFIN,N3,2321.6,0.08,62.59,0,0.01
DYNAMIC,SM,138.9,1.61,190.93,0.01,0.01
IL&FSENGG,BZ,27.97,1.16,366.75,0.02,0.01
ESENSEX,EQ,78.11,1.39,14.68,0.01,0.01
SUPREMEENG,BZ,1.17,4.46,29.24,0.57,0.01
CREATIVEYE,EQ,6.43,2.23,12.9,0.1,0.01
MRIL,SM,40.7,1.12,89.96,0.02,0.01
VR,SM,162.75,5,144.52,0,0.01
94SFL28,YL,1096.55,0.69,465.91,0,0.01
GANGESSECU,EQ,127,4.61,127.05,0,0.01
805NMC36,N8,125.5,0.41,25.1,0.01,0.01
KEEPLEARN,EQ,2,0.5,31.14,0.31,0.01
880IREDA34,N6,1222,0.16,176.17,0,0.01
SYNOPTICS,SM,50.7,4.97,42.99,0.01,0.01
CIFCZC26,NF,1204.8,2.08,13.58,0,0.01
NIRAJISPAT,BE,210,3.09,12.6,0,0.01
INSPIRE,SM,9.6,4.92,13.06,0.06,0.01
GVPTECHPP,E1,2.87,1.06,6.08,0.2,0.01
KRISHPP,E1,108.8,0.09,36.26,0.01,0.01
SITINET,BZ,0.36,2.86,31.39,1.47,0.01
FLFL,BZ,1.37,2.24,27.64,0.39,0.01
ASPIRE,SM,13.4,4.28,20.34,0.04,0.01
MOHITIND,EQ,23.75,3.44,33.62,0.02,0.01
743GS2076,GS,100,0.75,38000,0.01,0.01
1003SCL32,N1,1012,1.2,1.19,0,0.01
96SFIL24A,NB,994,0.4,12.32,0,0
SHYAMTEL,EQ,9.99,6.62,11.26,0.05,0
TREEHOUSE,BE,8.28,3.76,35.03,0.06,0
THESL,SM,15.55,4.71,19.42,0.03,0
FEL,BZ,0.45,2.27,20.47,1.02,0
830CIFC26,N2,1077.5,0.23,201.71,0,0
ENIFTY,EQ,24.29,1.89,15.96,0.02,0
UNIINFO,EQ,12.9,1.34,13.79,0.03,0
957ICCL25,YW,1080,0.47,28.49,0,0
957NIDO26,N5,1029.59,4.31,25.58,0,0
DEEM,SM,41.05,2.63,34.22,0.01,0
ORTINGLOBE,BE,15.14,4.99,12.31,0.03,0
925ECL28,N2,980.79,0.41,47.43,0,0
865SCL27,N4,980,0.31,24.95,0,0
7PFCL31,N3,1000,0.3,20.52,0,0
MAKS,SM,26.5,0.19,18.38,0.01,0
9AEL30,NE,1021,0.29,76.45,0,0
MSCIADD,EQ,29.1,1.68,3.29,0.01,0
MTEDUCARE,BE,1.46,2.82,10.55,0.23,0
ANSALAPI,BZ,3.32,1.84,52.26,0.1,0
NIDAN,SM,15.75,10.14,21.89,0.02,0
73GS2053,GS,100,0.59,195000,0,0
957ISFL26,N2,998,1.27,33.98,0,0
IMPEXFERRO,BZ,1.64,3.8,14.42,0.18,0
ORTEL,BZ,1.84,3.37,6.07,0.16,0
MONOPHARMA,SM,13.3,4.72,23.5,0.02,0
ICDSLTD,BE,46.01,0.48,59.94,0.01,0
667GS2050,GS,94.4,2.61,143066.14,0,0
990SCL26B,Y7,1013,0.32,17.93,0,0
YUDIZ,ST,29.65,1.02,30.6,0.01,0
955SCL35,NO,1015,1,18.79,0,0
820IIFL27,N9,989.98,0.64,52.12,0,0
12AFIL27A,N0,9887.01,2.03,29.66,0,0
905SC24B,Z9,980,2.33,13.49,0,0
DRSCARGO,SM,21.8,4.81,16.42,0.01,0
EUROTEXIND,EQ,13.99,5.43,12.24,0.01,0
SCL25924D,N1,1139.91,0.05,6.61,0,0
IHFL261224,N1,1087.2,0.64,7.81,0,0
IMC1,N1,250,1.21,61,0,0
IMC1,N3,250.5,0.2,61.12,0,0
782AS32A,SG,101,1,808,0,0
ABSLMSCIN,EQ,28.93,1.3,10.05,0,0
91D140526,TB,99.5,0.3,14925,0,0
12AFIL27,N0,9900,4.2,49.5,0,0
364D280826,TB,97.6,0.99,6993.27,0,0
FELDVR,BZ,2.77,2.59,10.91,0.02,0
GTECJAINX,EQ,20.18,2.8,20.56,0,0
JALAN,SM,1.8,2.86,2.62,0.03,0
965SCL28,AK,396.5,0.08,9.91,0,0
903SFL28,YI,1049.5,1.89,52.4,0,0
MEP,BZ,0.89,1.14,16.33,0.05,0
890SFIL23A,NZ,495,0.41,5.85,0,0
MODTHREAD,EQ,49.93,1.94,173.63,0,0
99AEL29,N7,1099.8,1.26,141.71,0,0
GLFL,EQ,4.96,4.86,13.45,0,0
805NMC32,N4,125.1,0.08,25.02,0,0
SEYAIND,BE,11.44,1.96,30.4,0,0
805NMC30,N2,125,2.86,25,0,0
965SCL26A,ZB,1089.5,2.73,8.25,0,0
667GS2035,GS,104,4.89,127852.4,0,0
GSEC10ABSL,EQ,111.25,1.93,32.01,0,0
719GS2060,GS,98.5,4.66,63040,0,0
662GS2051,GS,93.94,1.15,51667,0,0
883GS2041,GS,120,4.35,108000,0,0