Symbol ,Series ,LTP ,%chng ,Mkt Cap (₹ Crores),Volume (Lakhs),Value (₹ Crores)
OLAELEC,EQ,40.4,11.23,17819.75,10342.93,4048.22
HDFCBANK,EQ,810.1,1.55,1247016.77,381.56,3087.36
RELIANCE,EQ,1350,1.5,1826883.81,193.64,2608.32
ICICIBANK,EQ,1322.8,3.24,947298.37,181.75,2394.03
BSE,EQ,3279.8,0.69,133777.82,68.68,2253.31
ITDC,EQ,635.2,20,5448.07,343.75,2053.64
SBIN,EQ,1066,2.41,983983.83,178.61,1893.37
COHANCE,EQ,373.3,17.82,14281.23,476.32,1738.53
GROWW,EQ,193.65,3.74,121488.2,726.29,1415.47
AVANTIFEED,EQ,1449,12.67,19741.99,87.27,1254.46
NIACL,EQ,155.92,19.99,25695.62,760.77,1150.74
VEDL,EQ,745.5,1.15,291519.43,153.34,1132.95
LT,EQ,3961,1.66,544887.91,28.22,1114.43
BHARTIARTL,EQ,1867,0.41,1137582.48,58.58,1093.96
WIPRO,EQ,204.6,0.85,214592.92,512.2,1045.39
ETERNAL,EQ,240.48,1.09,232071.63,401.81,964.46
ADANIPOWER,EQ,175.2,1.67,337867.85,519.6,912.41
AXISBANK,EQ,1351.1,2.47,419965.4,67.56,911.9
M&M,EQ,3266,3.13,406136.52,28.01,909.1
ADANIENSOL,EQ,1154,6.98,138628.02,79.33,901.21
KOTAKBANK,EQ,375,0.83,372992.44,237.52,892.97
BAJFINANCE,EQ,922,2.08,573681.48,94.92,873.83
DIXON,EQ,10657,0.3,64796.58,7.94,852.41
POWERINDIA,EQ,28370,3.86,126451.79,3.01,845.21
MCX,EQ,2665,0.28,67955.33,31.65,841.38
SHRIRAMFIN,EQ,1026.55,3.04,193152.09,80.49,823.84
ADANIGREEN,EQ,1085.2,3.89,178124.06,73.33,784.6
WAAREEENER,EQ,3281.5,1.52,94389.36,22.65,738.35
ATHERENERG,EQ,857.8,4.58,32825.7,84.56,721.56
BAJAJ-AUTO,EQ,9830.5,3.29,274760.35,7.39,719.01
ASIANPAINT,EQ,2356,3.81,225987,30.18,709.97
TMCV,EQ,443.5,4.21,163311.4,159.54,700.46
TITAN,EQ,4496.5,1.28,399193.05,15.65,700.27
ASHOKLEY,EQ,177.99,4.47,104548.74,392.94,693.26
LODHA,EQ,825.85,4.6,82495.4,82.71,684.37
CUMMINSIND,EQ,5139,4.72,142453.08,13.09,660.48
MARUTI,EQ,13689,0.74,430385.68,4.72,647.18
SILVERBEES,EQ,226.61,1.24,31069.38,275.69,627.87
GRSE,EQ,2540.3,0.66,29099.64,23.21,598.06
HINDALCO,EQ,990,0.44,222475.43,60.13,593.51
ADANIPORTS,EQ,1474.1,1.84,339626.61,40.27,589.51
INDIGO,EQ,4569.3,2.7,176674.73,12.96,586.39
TATASTEEL,EQ,206.85,0.8,258221.76,283.86,585.68
NTPC,EQ,380.15,0.4,368618.76,149.54,566.13
HFCL,EQ,84,5.51,12857.06,657.13,546.41
ABB,EQ,6849,3.55,145136.05,7.99,542.72
ITC,EQ,304.15,0.38,381161.3,177.44,539.54
APOLLO,EQ,236.01,1.5,8432.46,221.57,528.01
HAL,EQ,4107.1,1.84,274672.58,12.81,526.01
EICHERMOT,EQ,7415.5,3.75,203417.7,7.05,519.02
TVSMOTOR,EQ,3825.5,2.64,181744.58,13.32,507.69
MAZDOCK,EQ,2469,1.38,99594.52,20.04,498.28
NATIONALUM,EQ,418,1.37,76771.21,119.71,493.35
ULTRACEMCO,EQ,11608,1.4,342063.58,4.2,486.68
BEL,EQ,442.3,0.58,323311.52,108.33,480.16
GVT&D,EQ,4080,4.31,104466.99,11.64,473.03
TRENT,EQ,3927,1.98,139599.93,11.86,464.95
HEROMOTOCO,EQ,5456.5,3.26,109178.99,8.56,463.3
HINDUNILVR,EQ,2166.1,1.54,508944.96,21.44,461.68
PFC,EQ,435,1.62,143554.43,104.6,452.34
KAYNES,EQ,3894.7,1.12,26107.99,11.57,449.47
COCHINSHIP,EQ,1460,2.54,38409.79,30.29,446.41
ATGL,EQ,582,5.84,64008.95,76.76,441.93
IDEA,EQ,9.26,1.54,100325.65,4686.84,434
BHEL,EQ,283.79,2.38,98817.48,150.13,425.18
BPCL,EQ,300,0.89,130152.99,138.53,415.24
FORCEMOT,EQ,22570,1.81,29415.29,1.85,412.31
POWERGRID,EQ,301.6,1.17,280506.21,132.45,399.64
OLECTRA,EQ,1183,4.57,9710.15,33.4,398.64
GOLDBEES,EQ,123.6,0.32,55417.74,322.44,398.44
MAXHEALTH,EQ,957,0.21,93134.52,40.11,381.33
GODREJPROP,EQ,1721.3,1.52,51846.89,22.03,380.57
POLYCAB,EQ,7700,1.22,115925.54,4.9,379.38
CHOLAFIN,EQ,1581.5,3.16,134749.68,23.41,369.08
MTARTECH,EQ,4180.8,0.54,12859.97,8.64,368.98
TMPV,EQ,343,2.93,126314.06,106.66,362.18
DLF,EQ,569.05,1.08,140857.8,62.81,358.24
TDPOWERSYS,EQ,933.8,6.42,14587.34,38.5,356.76
ADANIENT,EQ,2087.2,2.29,269590.92,17,353.07
CDSL,EQ,1305,2.01,27274.5,25.34,329.4
APOLLOHOSP,EQ,7519.5,0.51,108118.87,4.37,329.04
AMBER,EQ,7250,5.25,25513.96,4.56,327.48
NETWEB,EQ,3343,0.09,19035.27,9.64,326.48
PRESTIGE,EQ,1325.9,0.49,57110.52,23.99,319.84
BOSCHLTD,EQ,37300,1.44,110011.28,0.84,312.3
MOTHERSON,EQ,122.1,4.45,128864.51,253.79,305.99
SUZLON,EQ,45.59,3.07,62525.01,673.33,303.27
STLTECH,EQ,231,4.73,11275.86,132.31,302.37
MUTHOOTFIN,EQ,3568.1,2.67,143247.97,8.5,301.56
NIFTYBEES,EQ,272.15,0.99,62404.44,110.43,299.66
ICICIAMC,EQ,3400,4.58,168047.9,9.02,299.29
LUPIN,EQ,2333.8,1.69,106696.46,12.69,294.99
CANBK,EQ,140.16,1.63,127134.25,209.16,292.72
JIOFIN,EQ,243.48,1.94,154686.29,120.4,292.19
BANKBARODA,EQ,276.43,0.8,142951.96,105.43,290.94
PAYTM,EQ,1120,2.01,71692.28,25.09,279.88
GODFRYPHLP,EQ,2098.6,3.14,32734.33,13.32,278.34
LIQUIDCASE,EQ,113.59,0.05,9160.57,239.44,271.93
SAMMAANCAP,EQ,155,0.94,12844.33,172.23,267.69
HDFCLIFE,EQ,604.5,2.25,130440.19,43.86,263.36
BHARATFORG,EQ,1795.1,3.2,85809.13,14.63,261.47
SONACOMS,EQ,554.5,6.01,34481.41,47.36,260.18
CIPLA,EQ,1230.8,0.52,99421.89,20.86,257.04
HINDCOPPER,EQ,530,1.47,51252.27,47.31,251.51
FEDERALBNK,EQ,292.6,3.28,72075.83,86.4,250.02
LENSKART,EQ,547.15,6.37,95008,45.98,248.78
SAIL,EQ,166.01,1.63,68570.85,150.81,248.41
VBL,EQ,432.45,2.26,146258.67,57.31,246.98
UNIONBANK,EQ,189.1,2.39,144351.48,129.59,244.34
POLICYBZR,EQ,1512,1.25,69959.19,16.1,243.17
TATAPOWER,EQ,399.5,1.22,127653.81,60.97,242.7
ANANDRATHI,EQ,3589,0.99,29796.11,6.83,241.59
HDFCAMC,EQ,2616.8,4.05,112103.76,9.19,239.1
AEGISLOG,EQ,633.1,4.54,22221.81,37.25,237.96
DRREDDY,EQ,1229.7,1.47,102635.18,19.31,237.14
HINDPETRO,EQ,361,0.84,76814.39,63.48,229.04
PGEL,EQ,487,1.5,13896.19,46.08,225.98
RECLTD,EQ,349.45,0.76,92018.01,64.38,224.96
ASTEC,EQ,652.2,16.46,1453.25,34.51,222.97
HINDZINC,EQ,565.2,1.2,238815.03,39.22,220.54
SWIGGY,EQ,276,1.51,76184.65,79.22,219.03
PIDILITIND,EQ,1362,1.08,138619.77,16.1,217.49
GAIL,EQ,154.1,1.24,101322.29,140.99,215.81
TEJASNET,EQ,442.15,0.66,7855.39,46.8,210.42
RVNL,EQ,275.52,0.99,57446.47,75.67,209.87
SIEMENS,EQ,3390,5.2,120724.85,6.25,209.63
IRFC,EQ,100.39,1.93,131194.73,207.59,208.96
JSWSTEEL,EQ,1212,0.19,296389.02,17.2,208.72
INFOBEAN,EQ,188.97,20,1844.46,114,206.56
URBANCO,EQ,135.72,6.75,20930.48,153.27,204.25
DIVISLAB,EQ,6120,2.81,162466.77,3.35,202.94
LICI,EQ,799.65,0.79,505778.44,25.09,201.55
UNITDSPR,EQ,1266,1.3,92082.62,15.92,200.26
NMDC,EQ,85.06,0.73,74783.2,233.43,198.13
JINDALSTEL,EQ,1220.6,1.75,124511.95,16.32,197.18
IOC,EQ,143,0.94,201933.71,136.81,195.64
PNB,EQ,111.72,1.94,128399.16,174.78,194.86
INDIANB,EQ,970,2.99,130655.51,20.25,194.26
LAURUSLABS,EQ,1098,1.32,59276.25,17.7,193.73
APEX,EQ,431,5.74,1346.88,43.92,192.83
NAM-INDIA,EQ,960,5.65,61259.14,20.21,190.59
APARINDS,EQ,11329.5,5.22,45508.69,1.68,188.71
KALYANKJIL,EQ,448.65,0.57,46333.89,41.96,187.94
SRF,EQ,2470.2,2.93,73222.86,7.67,187.93
BRITANNIA,EQ,5565.5,1.65,134055.25,3.4,187.15
ZEEL,EQ,81.9,3.41,7866.65,227.4,186.45
VOLTAS,EQ,1311.4,2.14,43392.22,14.2,185.11
SHREECEM,EQ,24225,0.98,87405.61,0.76,184.83
AUBANK,EQ,980,1.77,73330.18,18.7,183.31
ASTRAL,EQ,1625,3.92,43655.65,11.28,182.23
GMRAIRPORT,EQ,95.35,0.87,100679.84,190.63,181.8
TATSILV,EQ,23.07,1.5,5490.32,782.95,181.33
MRF,EQ,136800,2.07,58018.84,0.13,180.46
SHRIPISTON,EQ,3609,11.95,15897.58,5.08,179.22
BAJAJFINSV,EQ,1809.5,2.36,289619.52,9.83,177.29
MARICO,EQ,763,2.09,99048.76,23.37,177.23
PHOENIXLTD,EQ,1752.5,2.49,62675.47,9.92,173.95
MFSL,EQ,1650.6,2.69,56964.64,10.46,172.56
TATACONSUM,EQ,1093.8,1.47,108195.74,15.8,172.34
NESTLEIND,EQ,1250,1.73,241039.29,13.58,168.52
BAJAJCON,EQ,428.85,9.16,5601.57,39.74,168.08
GRASIM,EQ,2756.7,0.59,187600.14,6.11,167.8
PAGEIND,EQ,36115,0.46,40282.22,0.46,167.65
AMIRCHAND,EQ,125,0.27,1294.39,132.26,167.4
BDL,EQ,1345,1.47,49302.66,12.17,164.19
RBLBANK,EQ,321,1.04,19848.88,50.59,163.79
ABCAPITAL,EQ,341.85,2.18,89551.23,48.07,163.77
LTF,EQ,278.49,2.32,69753.36,58.72,162.44
JPPOWER,EQ,17.21,2.38,11794.8,939.81,161.65
AMBUJACEM,EQ,446,2.75,110243.33,35.76,158.05
YESBANK,EQ,19.11,0.95,59966.72,823.19,157.15
BELRISE,EQ,206,1.86,18331.51,75.78,156.08
JUBLFOOD,EQ,445,4.01,29363.11,35.24,155.31
EMMVEE,EQ,231,2.8,15993.17,65.75,154.25
CGPOWER,EQ,728.6,1.11,114748.76,20.97,152.59
HIRECT,EQ,847.4,19.99,2912.31,18.39,150.37
RPOWER,EQ,25.29,2.72,10459.36,591.28,149.53
ABREL,EQ,1360.1,5.48,15191.73,10.97,149.11
SBILIFE,EQ,1920.1,0.85,192603.72,7.64,147.59
TORNTPHARM,EQ,4146,1.26,140315.5,3.55,146.53
SOLARINDS,EQ,14050,0.88,127138.53,1.03,144.83
BANKINDIA,EQ,147.95,2.54,67356.72,97.28,143.32
VIKRAMSOLR,EQ,214.39,7.27,7768,67.65,142.97
IGL,EQ,161.6,4.19,22624.03,89.9,142.84
UPL,EQ,644.8,0.44,54432.03,21.62,139.66
KEI,EQ,4464.9,1.09,42684.71,3.12,139.41
NHPC,EQ,77.14,0.04,77487.4,179.51,138.74
ACE,EQ,909,4.98,10824.66,15.21,136.26
PREMIERENE,EQ,972.45,1.67,44051.44,13.88,134.62
EXIDEIND,EQ,326,4.74,27710,41.77,134.21
JBMA,EQ,610.95,0.99,14448.62,21.69,133.68
CUPID,EQ,93.85,1.44,12619.64,142.03,133.16
GODREJCP,EQ,1072.5,0.86,109742.98,12.36,132.92
IDFCFIRSTB,EQ,66.3,1.56,57029.27,200.97,132.72
AEQUS,EQ,144,15.22,9657.59,91.76,131.66
AEROFLEX,EQ,289,5.3,3824.36,45.19,130.31
GALLANTT,EQ,666,0.08,16069.31,19.65,129.93
TATAGOLD,EQ,14.52,0.41,5850.88,886.59,128.56
COROMANDEL,EQ,2152,0.27,63487.15,5.87,126.65
NAVINFLUOR,EQ,6171,0.59,31615.25,2.06,126.57
INDUSINDBK,EQ,830,1.9,64665.81,15.09,125.09
LUMAXTECH,EQ,1817.8,5.34,12389.71,6.86,124.66
IDBI,EQ,74.17,2.87,79750.57,166.81,123.19
AUROPHARMA,EQ,1352,0.87,78524.38,9.07,122.22
MAHABANK,EQ,70.5,0.67,54225.36,172.94,121.63
INDHOTEL,EQ,643.95,2.36,91661.92,18.99,121.56
RADICO,EQ,2785,2.5,37290.57,4.25,118.31
IREDA,EQ,123.9,0.63,34806.38,94.97,118.25
DEVYANI,EQ,108.6,3.79,13389.73,107.36,117.59
GICRE,EQ,397,2.04,69649.68,29.31,117.15
REDINGTON,EQ,221.5,1.51,17316.3,52.38,116.78
HBLENGINE,EQ,731.6,1.25,20279.58,15.82,116.37
KFINTECH,EQ,911.35,2.14,15722.98,12.67,115.48
360ONE,EQ,1013,1.49,41141.82,11.39,115.19
UNOMINDA,EQ,1078,2.22,62245.94,10.69,114.71
HCC,EQ,17.62,6.66,4615.5,646.6,113.29
KIMS,EQ,665,0.45,26609.24,16.92,112.78
ONESOURCE,EQ,1435,4.31,16448.14,7.97,112.43
TARIL,EQ,283.1,2.15,8497.69,39.37,111.34
OIL,EQ,470.9,0.03,76596.96,23.52,110.87
OFSS,EQ,7242,0.34,63030.84,1.52,109.22
HSCL,EQ,470.65,1.26,23746.25,23.31,109.11
SCI,EQ,243.91,2.11,11361.3,44.32,108.35
KPITTECH,EQ,716.6,0.08,19645.15,15.13,108.1
ABDL,EQ,513.2,10,14354.72,21.39,108.02
TATACHEM,EQ,704,8.38,17934.84,15.84,107.69
BLUESTARCO,EQ,1690,2.08,34748.9,6.42,107.45
BLS,EQ,289.5,0.9,11919.9,36.65,106.77
HINDOILEXP,EQ,153.79,8.59,2033.77,68.96,106.69
OBEROIRLTY,EQ,1665.3,0.71,60550.68,6.32,106.4
DEEDEV,EQ,343.5,9.99,2379.2,31.44,106.26
IRB,EQ,21.59,3.35,26076.4,484.48,104.65
SYNGENE,EQ,404.8,2.98,16310.99,25.68,103.97
ROSSTECH,EQ,930,16.5,3505.77,11.21,102.11
BANDHANBNK,EQ,168,1.24,27064.33,60.43,101.59
INOXINDIA,EQ,1306,6.71,11853.71,7.8,100.66
HYUNDAI,EQ,1795,1.51,145851.13,5.58,100.35
VMM,EQ,114.59,2.25,53550.52,86.88,99.07
KARURVYSYA,EQ,282.7,1.82,27322.78,34.93,98.73
SAATVIKGL,EQ,462.45,9.99,5877.97,21.71,98.65
TATAINVEST,EQ,671.1,5.38,33954.36,14.45,94.96
SANSERA,EQ,2340,3.92,14585.7,4.06,94.77
MANAPPURAM,EQ,267.1,1.58,22608.27,35.36,94.17
FIRSTCRY,EQ,244.3,0.6,12753.49,37.95,93.75
DABUR,EQ,437,1.77,77510.26,21.67,93.63
ANANTRAJ,EQ,490,2.78,17633.97,19.12,93.31
SUPREMEIND,EQ,3801,0.77,48282.91,2.42,91.89
POWERMECH,EQ,2269.3,9.21,7174.69,4.04,89.81
HAVELLS,EQ,1281,1.91,80351.6,6.99,89.12
PFOCUS,EQ,336.8,5.55,26135.36,27.27,88.84
TRANSRAILL,EQ,555,6.27,7451.21,15.9,88.19
TTML,EQ,41.87,3.61,8185.28,204.12,87.59
NTPCGREEN,EQ,97.26,1.15,81954.48,89.13,86.55
SYRMA,EQ,870,2.67,16776.25,9.95,86.41
SAPPHIRE,EQ,171,5.59,5495.65,49.31,84.78
SETFGOLD,EQ,127.49,0.35,24298.86,66.55,84.74
THERMAX,EQ,3658,3.48,43587.37,2.34,84.6
CONCORDBIO,EQ,1060.7,0.57,11096.64,7.91,84.51
COLPAL,EQ,1938.8,1.68,52732.57,4.34,83.85
NBCC,EQ,89.15,1.5,24070.5,93.62,83.59
NYKAA,EQ,259.45,1.77,74286.43,32.13,83.12
M&MFIN,EQ,302.2,2.06,42004.93,27.63,83.02
ENRIN,EQ,2821.4,1.94,100475.84,2.95,83.01
CONCOR,EQ,484,0.36,36862.31,17.14,83
IFCI,EQ,57.18,2.05,15406.09,144.9,82.9
MOTILALOFS,EQ,782,2.74,47065.46,10.68,82.76
HDFCSILVER,EQ,227.01,1.4,7505.21,36.23,82.58
APLAPOLLO,EQ,2065.1,1.22,57334.62,3.99,81.7
SILVERIETF,EQ,236.72,1.26,14762.79,33.92,80.58
LUXIND,EQ,1345,9.15,4044.64,6,79.27
ITCHOTELS,EQ,155.28,2.58,32344.46,51.32,79.18
ENGINERSIN,EQ,213.75,2.47,12013.66,37.09,79.16
SHADOWFAX,EQ,132.77,6.99,7718.27,59.65,78.6
ABFRL,EQ,60.38,3.34,7369.44,129.85,78.13
AWL,EQ,182.05,2.8,23660.65,42.85,78
LGEINDIA,EQ,1468,2.64,99643.79,5.3,77.81
ICICIGI,EQ,1786.2,1,89041.18,4.3,76.86
PINELABS,EQ,176.57,3.79,20275.12,44.27,76.74
HONASA,EQ,346.8,4.35,11283.82,22.37,75.95
NEULANDLAB,EQ,14950,1.54,19180.68,0.51,75.56
KIRLOSENG,EQ,1475,1.17,21440.48,5.15,75.55
WEL,EQ,82.4,2.87,1104.23,87.92,74.55
BANKBEES,EQ,576,1.71,8063.38,12.89,74.03
VOLTAMP,EQ,9345,2.94,9454.45,0.79,73.38
RATNAVEER,EQ,146.52,2.15,994.44,49.56,72.7
CROMPTON,EQ,241.9,1.68,15576.3,29.95,72.11
BIOCON,EQ,348.4,0.78,56472.43,20.64,71.97
SUNDARMFIN,EQ,4938,0.87,54863.09,1.46,71.73
HDFCGOLD,EQ,127.68,0.3,21789.64,56.02,71.45
ACUTAAS,EQ,2361.8,1.71,19336.32,2.96,70.02
LIQUID1,EQ,1099.49,0.04,1943.62,6.2,68.2
MANINDS,EQ,464,5.61,3480.44,14.81,68.19
APTUS,EQ,223.71,2.7,11202.12,30.42,67.64
RPSGVENT,EQ,969,0.24,3206.07,7.04,67.43
IRCTC,EQ,543.05,2.16,43444,12.42,67.34
JBCHEPHARM,EQ,2000.9,1.56,32126.19,3.37,66.91
JUNIORBEES,EQ,730,2.25,7616.61,9.23,66.91
INOXWIND,EQ,87,1.89,15035.67,76.33,66.35
ABSLAMC,EQ,1003,3.64,28967.26,6.64,65.85
LTTS,EQ,3435,3.05,36410.36,1.9,65.33
TIMETECHNO,EQ,186.63,4.57,9212.72,34.99,64.81
PAISALO,EQ,39.25,3.24,3569.87,165.81,64.3
BAJAJHFL,EQ,85.99,2.5,71649.75,74.55,64.04
MANKIND,EQ,2084,1.45,86033.42,3.08,63.74
LLOYDSME,EQ,1510,1.55,82319.85,4.19,62.96
UJJIVANSFB,EQ,60.28,2.41,11717.8,103.89,62.17
CUB,EQ,257.69,2.07,19147.58,24.18,62
CHOICEIN,EQ,701,2.16,15616.63,8.75,61.53
IRCON,EQ,136.88,2.59,12873.78,44.62,61.24
JSL,EQ,782,3.29,64469.61,7.87,60.91
TATACOMM,EQ,1510,2.65,43035,4.05,60.67
SBFC,EQ,92.6,5.25,10245.4,65.04,60.5
SCHAEFFLER,EQ,3900,1.4,60958.43,1.54,60.19
LEMONTREE,EQ,114.5,0.93,9071.22,52.2,60.03
RAILTEL,EQ,287.9,1.94,9239.82,20.55,59.57
GOLDIETF,EQ,128.09,0.37,25264.84,45.89,58.73
ARSSBL,EQ,568,1.65,3562.79,10.27,58.52
HEG,EQ,559.9,0.11,10804.81,10.38,58.22
KPRMILL,EQ,878,2.12,30011.27,6.43,57.02
IIFL,EQ,455.9,2.87,19388.95,12.41,56.04
ZYDUSLIFE,EQ,915.9,1.51,92160.97,6.14,56
CAMS,EQ,717.2,2.6,17785.45,7.79,55.57
JSWINFRA,EQ,265.81,3.55,55820.14,21.03,55.41
ECLERX,EQ,1497,0.07,14079.39,3.66,54.76
GPIL,EQ,290.25,1.79,19486.37,18.79,54.25
BALKRISIND,EQ,2262,1.85,43728.35,2.38,54.05
PATANJALI,EQ,466.15,1.4,50721.98,11.36,52.83
CARTRADE,EQ,1831.1,0.82,8766.95,2.87,52.8
KRN,EQ,969,0.5,6022.97,5.37,52.38
CONFIPET,EQ,55.7,1.57,1850.58,91.71,52.11
GAUDIUMIVF,EQ,95.79,7.42,697.23,54.27,52.05
ASIANTILES,EQ,69.49,10.23,2060.21,78.05,51.88
NCC,EQ,153,3.41,9606.05,33.96,51.71
LIQUIDADD,EQ,1121.64,0.04,1575.71,4.6,51.65
JKTYRE,EQ,432.7,2.75,12474.29,11.88,51.23
THANGAMAYL,EQ,4132,1.11,12843.09,1.24,50.93
PARADEEP,EQ,121.39,1.71,12602.35,41.4,50.45
INA,EQ,119.5,11.72,2633.72,41.65,49.09
HDFCSML250,EQ,158.75,1.7,2286.03,30.87,48.9
YATHARTH,EQ,757,7.44,7294.02,6.62,48.8
IEX,EQ,130.12,0.33,11602.71,37.17,48.37
ARE&M,EQ,742.5,0.32,13589.63,6.47,48.2
ICICIPRULI,EQ,546.15,0.77,79156.85,8.71,47.61
LALPATHLAB,EQ,1399.8,0.33,23454.35,3.38,47.52
AETHER,EQ,1187.8,4.76,15759.71,3.99,47.06
MGL,EQ,1073,3.15,10598.86,4.37,46.81
HUDCO,EQ,184.29,1.3,36893.02,25.17,46.47
TORNTPOWER,EQ,1477.7,2.19,74461.83,3.15,46.24
SBC,EQ,33.45,3.98,1592.86,137.54,45.66
WELCORP,EQ,955.45,0.61,25203.88,4.68,44.96
PIIND,EQ,2946,2.27,44696.16,1.52,44.85
AVALON,EQ,1056,0.9,7050.51,4.15,44.35
SUVEN,EQ,197,10.69,4569.45,22.8,44.33
BRIGADE,EQ,724,3.27,17708.57,6.07,43.67
JYOTICNC,EQ,817.5,1.18,18591.84,5.27,43.66
ALKEM,EQ,5431,1.13,64935.75,0.8,43.64
JKCEMENT,EQ,5732,3.48,44290.16,0.77,43.59
DEEPAKNTR,EQ,1463.2,2.83,19957.03,2.95,43.49
MON100,EQ,255.9,0.62,12900.81,16.91,43.44
TITAGARH,EQ,712.95,0.61,9601.57,6.05,43.18
BAJAJHLDNG,EQ,10024.5,1.13,111566.18,0.43,43.04
JMFINANCIL,EQ,134.04,2.85,12819.19,32.09,42.99
FIVESTAR,EQ,425.85,0.6,12544.1,9.94,42.77
SBICARD,EQ,677.95,1.35,64513.74,6.26,42.58
JINDALSAW,EQ,204.3,0.98,13065.15,20.65,42.32
PSUBNKBEES,EQ,97.4,1.57,4090.07,43.43,42.21
WABAG,EQ,1355,2.64,8442.95,3.11,42.19
DALBHARAT,EQ,1960,2.59,36762.93,2.15,41.93
MOSCHIP,EQ,176.25,2.48,3416.9,23.62,41.91
PIRAMALFIN,EQ,1745,1.51,39555.26,2.37,41.69
PARAS,EQ,679,0.59,5471.88,6.07,41.69
SKYGOLD,EQ,389.8,2.66,6036.98,10.6,41.47
IKS,EQ,1529,3.5,26233.54,2.74,41.39
DEEPAKFERT,EQ,1089.2,2.92,13749.82,3.82,41.38
VIDYAWIRES,EQ,62.8,1.82,1335.71,65.35,41.36
SOUTHBANK,EQ,38.78,1.62,10150.93,106.65,41.28
JAINREC,EQ,426.8,1.02,14728.26,9.57,40.78
SILVER,EQ,236.4,1.26,3077.19,17.12,40.66
NSLNISP,EQ,41.85,2.55,12264.59,97.09,40.61
TATATECH,EQ,566.25,1.32,22988.58,7.2,40.61
GOKEX,EQ,676,3.51,4951.51,5.97,40.25
GRAPHITE,EQ,640,0.26,12504.04,6.09,39.07
GUJGASLTD,EQ,323.8,1.28,22290.07,12.01,38.98
OMNI,EQ,344.41,1.22,4259.18,11.12,38.79
J&KBANK,EQ,123.11,1.27,13556.66,31.27,38.54
GRAVITA,EQ,1561,3.51,11521.5,2.49,38.52
EDELWEISS,EQ,116.52,1.52,11028.99,32.72,38.46
AURIONPRO,EQ,876,6.75,4840.92,4.4,38.07
STALLION,EQ,138.49,5.53,1607.67,26.89,37.3
MARSONS,EQ,139,1.28,2392.19,26.66,36.92
CYIENT,EQ,903.2,1.46,10036.92,4.07,36.79
ATLANTAELE,EQ,1306,2.22,10042.7,2.78,36.76
VTL,EQ,559.5,1.76,16185.32,6.45,36.09
IBULLSLTD,EQ,12.09,10.92,2810.18,290.06,35.88
CEATLTD,EQ,3643,2.79,14735.97,0.99,35.87
BLISSGVS,EQ,259,1.94,2739.93,13.8,35.57
JAMNAAUTO,EQ,124.5,2.09,4976.4,28.54,35.52
AAVAS,EQ,1243,1.84,9854.84,2.86,35.28
PNBHOUSING,EQ,866.4,0.4,22574.02,4.04,35.16
JINDRILL,EQ,539.4,1.29,1563.24,6.45,35.09
PWL,EQ,101.5,0.21,29025.88,34.39,35.05
GABRIEL,EQ,930.9,2.61,13371.81,3.76,35.01
ESCORTS,EQ,3195,2.17,35744.94,1.09,34.86
PRECWIRE,EQ,339,3.07,6197.19,10.42,34.86
MANYAVAR,EQ,396,2.26,9621.73,8.74,34.62
CHOLAHLDNG,EQ,1593,0.75,29912.95,2.16,34.57
AFFLE,EQ,1400,0.29,19706.03,2.46,34.54
PPLPHARMA,EQ,146.1,2.2,19420.32,23.67,34.52
DCBBANK,EQ,188,3.02,6051.75,18.24,34.12
LIQUIDBETF,EQ,1077.05,0.04,612.96,3.12,33.65
BEML,EQ,1625.8,1.44,13541.13,2.03,33.08
LINDEINDIA,EQ,7189,0.08,61310.83,0.46,33
RAIN,EQ,122.25,1.44,4111.83,26.77,32.98
BLACKBUCK,EQ,576.5,1.72,10480.57,5.73,32.96
EPL,EQ,234.05,1.92,7496.74,14.23,32.77
ELLEN,EQ,236,3.97,3326.08,14.08,32.71
SBISILVER,EQ,232.44,1.44,5925.15,14.03,32.68
GENUSPOWER,EQ,274.98,6.96,8365.38,11.91,32.59
WAAREERTL,EQ,920,3.24,9599.81,3.55,32.43
WEBELSOLAR,EQ,78.71,0.64,3322.06,40.69,32.38
EBGNG,EQ,409,9.99,4663.07,8.1,32.31
PACEDIGITK,EQ,156.75,4.31,3383.47,20.59,32.24
BBOX,EQ,520,6.56,8899.14,6.21,31.87
AVANTEL,EQ,152.01,2.89,4039.07,20.85,31.79
BORORENEW,EQ,467.4,3.82,6552.43,6.75,31.56
ELGIEQUIP,EQ,513.35,2.75,16268.52,6.15,31.55
KSCL,EQ,925,1.79,4758.11,3.41,31.48
PNGJL,EQ,636.9,2.93,8643.26,4.95,31.36
DEEPINDS,EQ,457,3.58,2924.8,6.98,31.11
ANTHEM,EQ,746,3.58,41903.85,4.2,30.96
AARTIIND,EQ,424,0.58,15374,7.24,30.81
OSWALPUMPS,EQ,371,1.34,4228.56,8.22,30.69
LLOYDSENGG,EQ,49.98,2.27,6987.62,60.97,30.66
FRACTAL,EQ,830,1,14273.1,3.7,30.65
BLUEJET,EQ,406.85,9.99,7057.44,7.7,30.45
TATACAP,EQ,328,0.57,139231.7,9.26,30.25
SHARDACROP,EQ,1057.9,2.34,9544.43,2.85,30.22
SWSOLAR,EQ,181.5,3.54,4238.6,16.7,30.2
SPARC,EQ,148,1.25,4802.6,20.14,30.02
ASTERDM,EQ,682,2.08,35335.85,4.43,29.93
KNRCON,EQ,119,1.02,3346.69,25.06,29.88
SJVN,EQ,72,1.87,28294.53,40.74,29.41
CARBORUNIV,EQ,892,4.3,16991.93,3.28,29.22
GANECOS,EQ,1053,0.08,2821.62,2.78,29.21
AZAD,EQ,1705.5,1.95,11014.42,1.72,29.18
HOMEFIRST,EQ,1084.65,2.34,11315.94,2.65,28.98
SMLMAH,EQ,4153,0.56,6010.07,0.69,28.96
RAMCOCEM,EQ,993,1.3,23463.83,2.9,28.89
SJS,EQ,1775,2.32,5679.43,1.6,28.54
DBREALTY,EQ,101,2.59,5478.31,28.14,28.5
KWIL,EQ,24.8,3.59,5826.99,114.7,28.46
ANURAS,EQ,1283.5,0.6,14612.43,2.21,28.41
BERGEPAINT,EQ,455,4.6,53053.13,6.27,28.3
SAILIFE,EQ,1003,2.55,21241.46,2.81,28.11
TEGA,EQ,1730,1.02,12997.09,1.62,28.09
KAJARIACER,EQ,1115.05,1.89,17759.66,2.51,27.86
KPIGREEN,EQ,411.85,1.91,8127.49,6.74,27.81
NAVA,EQ,603,1.44,17064.98,4.61,27.8
AIAENG,EQ,3772.9,3.89,35208.84,0.73,27.54
MODEFENCE,EQ,91,1.22,1320.41,30.18,27.51
SAREGAMA,EQ,334,5.31,6439.84,8.38,27.47
NH,EQ,1754.4,1.52,35853.06,1.56,27.39
ARKADE,EQ,115.3,0.91,2140.7,23.78,27.34
CRISIL,EQ,4109,4.76,30049.12,0.67,27.23
PRAJIND,EQ,338.5,0.56,6222.07,8.01,27.19
NUVAMA,EQ,1305.3,0.81,23761.88,2.06,27.06
MSUMI,EQ,39.41,2.15,26135.38,68.27,26.91
PGHH,EQ,9782,1.12,31753.09,0.28,26.88
PCBL,EQ,273.8,1,10773.01,9.79,26.87
UTIAMC,EQ,970.1,3,12467.73,2.79,26.85
TRITURBINE,EQ,460,1.12,14623.03,5.8,26.85
AADHARHFC,EQ,477.95,1.26,20824.46,5.61,26.83
GPPL,EQ,153.35,2.23,7413.55,17.49,26.68
GOLDIAM,EQ,345,3.48,3895.67,7.67,26.45
ACC,EQ,1423.3,2.26,26727.76,1.86,26.41
HONAUT,EQ,28565,2.9,25255.81,0.09,26.24
RCF,EQ,127.99,0.1,7061.06,20.35,26.16
GILLETTE,EQ,7680,0.93,25025.45,0.34,26.13
NIFTYIETF,EQ,271.06,1.12,40023.84,9.56,25.84
IXIGO,EQ,170.2,0.03,7457.88,15.19,25.84
RTNINDIA,EQ,33.23,3.29,4593.28,76.71,25.78
CEMPRO,EQ,628.5,4,10796.85,4.11,25.66
SCHNEIDER,BE,1010,4.47,24149.51,2.55,25.43
EMAMILTD,EQ,424.95,1.43,18549.07,6.02,25.42
ABBOTINDIA,EQ,25825,0.17,54876.32,0.1,25.2
SGMART,EQ,540,1.66,6804,4.46,24.76
VPRPL,EQ,42.9,12.87,534.72,58.6,24.71
SAIPARENT,EQ,424,0.31,1873.2,5.74,24.67
SDBL,EQ,82.5,8.84,1627.53,30,24.57
PGHL,EQ,4950,3.08,8216.69,0.5,24.54
ANDHRSUGAR,EQ,80.5,7.89,1091.06,30.08,24.46
RAYMOND,EQ,385.55,5.13,2566.75,6.39,24.43
FINCABLES,EQ,850,0.78,12999.84,2.87,24.4
CRAFTSMAN,EQ,7440,0.43,17748.55,0.32,24.29
SIRCA,EQ,437,3.18,2481.85,5.55,24.27
WALCHANNAG,EQ,175.01,1.45,1187.3,13.51,24
KSHINTL,EQ,533,6.78,3611.38,4.51,23.83
ZFCVINDIA,EQ,14301,0.37,27125.54,0.16,23.54
CASTROLIND,EQ,179.95,0.3,17798.22,13.08,23.49
KERNEX,EQ,1166,5.18,1959.16,2.02,23.39
ARFIN,EQ,89.6,3.91,1511.75,25.72,23.09
DIACABS,EQ,137.21,3.31,7230.57,16.79,23.02
SILVERCASE,EQ,24.07,1.22,1224.13,94.55,22.84
VINCOFE,EQ,137.4,0.19,1984.58,16.31,22.62
BHARATCOAL,EQ,32.75,0.21,15251.67,68.63,22.58
GRMOVER,EQ,170,1.22,3128.95,13.42,22.49
CCL,EQ,1080.5,0.43,14427.69,2.08,22.41
STARHEALTH,EQ,469,0.96,27596.12,4.75,22.4
KPIL,EQ,1183.2,3.52,20205.81,1.89,22.2
VIKRAN,EQ,66.5,1.19,1715.11,33.12,22.2
SANDUMA,EQ,202.49,2.83,9843.14,11.01,22.16
PARKHOSPS,EQ,209.5,2.27,9048.95,10.34,21.95
STYLEBAAZA,EQ,293,2.09,2186.29,7.56,21.92
SHILCTECH,EQ,4577,3.82,5236.18,0.48,21.91
SWANCORP,EQ,323.8,0.02,10149.73,6.65,21.7
GKENERGY,EQ,116,7.58,2352.68,18.54,21.53
EIHOTEL,EQ,310.05,0.67,19389.42,6.89,21.48
CLEAN,EQ,724.15,1.02,7696.07,2.95,21.46
BANCOINDIA,EQ,588,3.84,8410.59,3.63,21.41
GOLDCASE,EQ,23.54,0.47,2215.65,91.06,21.4
SARDAEN,EQ,556,1.71,19592.4,3.87,21.36
TECHNOE,EQ,1117.5,4.05,12996.48,1.92,21.35
MOIL,EQ,306.35,2,6233.77,7,21.3
STAR,EQ,1000,0.38,9217.27,2.11,21.13
MIDHANI,EQ,330.55,3.15,6192.52,6.36,20.98
POCL,EQ,1192,2.8,3636.94,1.77,20.97
GSPL,EQ,242,0.68,13653.92,8.65,20.9
GARUDA,EQ,170.98,4.85,1590.83,12.18,20.86
LTFOODS,EQ,410,1.2,14237.37,5.07,20.85
HMAAGRO,EQ,23.65,7.7,1184.32,90.61,20.83
PARAGMILK,EQ,205.25,1.72,2567.87,10.09,20.7
TFCILTD,EQ,67.7,0.77,3134.36,30.51,20.67
LOTUSDEV,EQ,140.15,4.19,6849.46,14.95,20.66
KMEW,EQ,1756.5,3.25,4293.61,1.17,20.66
V2RETAIL,EQ,196,0.89,7146.9,10.46,20.64
RTNPOWER,EQ,8.97,2.28,4816.98,228.08,20.55
MUFIN,EQ,106.9,3.94,1851.84,19.47,20.49
IMFA,EQ,1392,1.82,7510.41,1.46,20.45
MMTC,EQ,59.24,0.82,8886,34.21,20.45
PROTEAN,EQ,534.75,4.03,2171.98,3.83,20.43
THELEELA,EQ,428,0.72,14293.4,4.77,20.42
BAJAJHIND,EQ,17.8,1.89,2273.7,114.35,20.38
PURVA,EQ,195.3,4.65,4631.53,10.16,20.25
INTERARCH,EQ,1967,4.12,3299.02,1.03,20.17
MANORAMA,EQ,1286.2,0.69,7679.71,1.55,20.02
LIQUIDPLUS,EQ,1080.65,0.04,633.74,1.85,20
MID150BEES,EQ,219.94,1.61,3179.9,9.13,20
SETFNIF50,EQ,256.8,0.82,207201.74,7.78,19.98
THOMASCOOK,EQ,106.75,4.53,5021.31,18.8,19.96
AEGISVOPAK,EQ,189.84,1.35,21034.11,10.14,19.47
VENUSPIPES,EQ,1223,2.26,2533.58,1.57,19.43
CMPDI,EQ,166.58,2.01,11893.81,11.76,19.42
HDBFS,EQ,627.5,1.36,52103.03,3.09,19.39
INOXGREEN,EQ,156.8,3.3,6295.4,12.33,19.17
PVRINOX,EQ,944,0.22,9270.08,2.01,19.04
BLUESTONE,EQ,493.8,0.79,7517.18,3.82,18.99
HGINFRA,EQ,546.6,4.95,3562.25,3.5,18.95
ZYDUSWELL,EQ,492.9,0.69,15682.14,3.85,18.91
DYNAMATECH,EQ,10380,3.62,7049.52,0.18,18.91
TI,EQ,428.2,1.41,10583.85,4.39,18.87
AVL,EQ,488.25,2.6,6305.17,3.95,18.87
SOLEX,EQ,1270.1,6.88,1372.02,1.48,18.67
HEXT,EQ,476.35,0.2,29105.75,3.9,18.65
IIFLCAPS,EQ,284.5,3.52,8860.32,6.49,18.59
RICOAUTO,EQ,116.79,1.98,1579.99,15.84,18.58
RRKABEL,EQ,1390,0.27,15721.67,1.32,18.54
ZENSARTECH,EQ,557,0.52,12671.44,3.3,18.45
SRM,EQ,472.7,8.42,1084.57,4.01,18.4
MSCIINDIA,EQ,29.17,1.5,1544.83,62.99,18.36
SHYAMMETL,EQ,836.2,0.66,23341.01,2.19,18.35
KSB,EQ,894.55,3.97,15568.68,2.07,18.25
SHRINGARMS,EQ,191.65,0.05,1848.12,9.44,18.24
SUNTV,EQ,600,1.57,23645.08,3.01,18.22
AHCL,EQ,129.55,6.53,688.58,13.83,18.21
SENORES,EQ,820.1,1.83,3776.85,2.22,18.17
ZOTA,EQ,1320,6.93,4496,1.38,18.16
CENTRALBK,EQ,35.64,1.77,32259.19,50.9,18.09
KRBL,EQ,332.5,2.01,7610.59,5.45,18.09
ENDURANCE,EQ,2448,2.87,34434.27,0.74,17.98
TENNIND,EQ,561.2,0.94,22650.27,3.18,17.91
DCXINDIA,EQ,175,0.67,1949.26,10.16,17.9
IDEAFORGE,EQ,434.8,1.15,1881.64,4.08,17.84
CESC,EQ,157.4,0.5,20864.48,11.31,17.8
RITES,EQ,206.75,0.63,9936.48,8.55,17.7
SMSPHARMA,EQ,417.5,0.6,3909.97,4.15,17.59
GSFC,EQ,164.8,1.97,6566.91,10.68,17.53
GNA,EQ,446,8.87,1914.71,3.99,17.52
AXISGOLD,EQ,124.54,0.45,5245.71,14.01,17.43
METALIETF,EQ,12.42,1.06,1036.46,140.68,17.39
ASALCBR,EQ,878,7.83,1666.37,1.98,17.37
RAMASTEEL,EQ,5.44,4.82,889.71,321.71,17.37
CRAMC,EQ,263.89,3.58,5262.43,6.58,17.3
HERITGFOOD,EQ,338,4.39,3136.5,5.12,17.22
SILVERADD,EQ,228,1.17,1689.14,7.47,17.14
AFCONS,EQ,324.6,4.49,11938.29,5.26,16.96
JAIBALAJI,EQ,63.74,2.66,5814.73,26.1,16.82
ASTRAZEN,EQ,8302,3.12,20755,0.2,16.75
CGCL,EQ,182.48,2.57,17557.39,9.19,16.74
NFL,EQ,75.26,0.52,3692.09,22.14,16.71
JSWCEMENT,EQ,127.5,1.1,17382.9,12.95,16.51
TRIDENT,EQ,25.38,1.81,12933.54,64.83,16.45
ISGEC,EQ,1002,5.15,7367.66,1.66,16.45
EPIGRAL,EQ,1098,7.31,4736.92,1.53,16.4
UCOBANK,EQ,26.25,2.18,32916.34,62.61,16.4
NAZARA,EQ,252,0.47,9335.72,6.45,16.34
SMALLCAP,EQ,41.73,1.04,942.17,39.03,16.28
VIYASH,EQ,208.79,1.87,9121.01,7.82,16.28
CAPLIPOINT,EQ,1708,2.77,12982.8,0.96,16.23
ASHAPURMIN,EQ,529.7,2.51,5060.02,3.06,16.22
ASHOKA,EQ,124.61,2.7,3498.09,13.04,16.21
KITEX,EQ,169.5,2.38,3381.53,9.5,16.12
UNIMECH,EQ,856.65,10,4356.65,1.93,16.05
RELIGARE,EQ,225.6,1.32,7510.01,7.11,16.05
EIEL,EQ,173.52,1.47,3045.8,9.25,16.04
CHAMBLFERT,EQ,456.75,0.35,18299.71,3.46,15.86
AUTOBEES,EQ,274,2.94,426.14,5.81,15.81
ORIENTELEC,EQ,169.86,6.36,3624.23,9.29,15.77
KRISHNADEF,EQ,955,4.34,1426.02,1.65,15.68
AJANTPHARM,EQ,2803.9,1.92,35030.7,0.56,15.63
AMAGI,EQ,356,4.88,7701.67,4.44,15.55
NETWORK18,EQ,33.29,3.87,5133.32,46.67,15.47
SERVOTECH,EQ,79.98,5.25,1806.31,19.29,15.44
NOCIL,EQ,168,1.79,2806.02,9.14,15.37
KANSAINER,EQ,191.64,3.42,15497.13,8,15.23
LUMAXIND,EQ,5540,4.45,5178.64,0.27,15.14
SANOFI,EQ,3485.1,0.62,8026.4,0.43,15.09
EMBASSY,RR,447.4,1.7,42408.77,3.38,15.06
TVSHLTD,EQ,14300,2.47,28931.91,0.11,15.05
SHILPAMED,EQ,422,0.72,8253.55,3.6,15.03
VIMTALABS,EQ,463.5,5.83,2070.42,3.28,15.01
BBTC,EQ,1486,2.81,10368.1,1.01,14.99
ATUL,EQ,6470,0.21,19048.82,0.23,14.95
JUBLPHARMA,EQ,889,1.14,14160.09,1.68,14.93
PGINVIT,IV,92.45,0.28,8412.94,16.07,14.86
CCAVENUE,EQ,15.17,0.53,5291.64,97.47,14.85
GODREJIND,EQ,890,1.99,29975.63,1.64,14.85
FSL,EQ,220.45,0.64,15365.16,6.69,14.77
TEXRAIL,EQ,98.6,1.67,4011.68,14.93,14.71
CASHIETF,EQ,1057.46,0.04,799.89,1.39,14.71
SBCL,EQ,482.5,3.22,2779.4,3.03,14.69
EASEMYTRIP,EQ,7.98,0.25,2902.21,182.91,14.65
AIIL,EQ,441.95,2.72,37531.52,3.31,14.62
DALMIASUG,EQ,370.8,1.33,3001.23,3.95,14.62
CELLO,EQ,420.1,1.28,9279.38,3.47,14.58
JUBLINGREA,EQ,646,1.12,10289.56,2.23,14.56
GREAVESCOT,EQ,151.2,3.1,3521.54,9.64,14.51
PRUDENT,EQ,2520,7.38,10434.48,0.58,14.51
POLYMED,EQ,1458,1.33,14778.21,0.99,14.5
EQUITASBNK,EQ,61.3,3.25,6994.59,23.12,14.28
SWARAJENG,EQ,3936.5,3.47,4782.79,0.36,14.26
NDRINVIT,IV,136,1,5385.77,10.5,14.22
POWERICA,EQ,410,3.47,5188.63,3.45,14.14
MEDANTA,EQ,1065.25,1.41,28632.9,1.31,14.05
IOB,EQ,34.67,1.79,66762.6,40.49,14.03
INTELLECT,EQ,684.7,1.94,9563.69,2.05,13.97
JSLL,EQ,665,2.17,8266,2.08,13.89
SKFINDIA,EQ,1630,2.8,8058.39,0.84,13.68
MMFL,EQ,444.8,0.92,2147.57,3.08,13.61
DSSL,EQ,1051.55,6.63,1339.37,1.3,13.54
GLAXO,EQ,2393.3,1.42,40543.95,0.56,13.5
AGI,EQ,543.1,4.62,3513.71,2.48,13.5
MOBIKWIK,EQ,186.3,2.01,1466.74,7.25,13.49
MAHSEAMLES,EQ,620.2,1.91,8310.63,2.18,13.48
MOM30IETF,EQ,31.05,2.14,559.19,43.59,13.47
TIMKEN,EQ,3500,1.34,26326.56,0.38,13.4
AKUMS,EQ,515,4.73,8105.79,2.61,13.38
MAPMYINDIA,EQ,940,1.69,5147.54,1.41,13.33
EIDPARRY,EQ,855,2.93,15208.12,1.55,13.21
RKFORGE,EQ,540,1.65,9775.65,2.44,13.17
TARC,EQ,126,0.89,3718.21,10.39,13.17
MEDPLUS,EQ,867,1.31,10408.74,1.51,13.12
ARVINDFASN,EQ,479.6,4.54,6408.9,2.73,13.09
ROUTE,EQ,486.4,0.55,3064.47,2.65,12.97
MHRIL,EQ,256,3.59,5172.31,5.17,12.96
DHAMPURSUG,EQ,141.24,3.41,908.27,9.09,12.9
CAMLINFINE,EQ,104.26,0.18,2002.75,12.14,12.84
DODLA,EQ,1085,4.96,6545.57,1.2,12.82
CEINSYS,EQ,1096.9,4.03,1957,1.17,12.75
ARIHANTSUP,EQ,267,17.22,1154.77,4.94,12.65
PATELENG,EQ,27.13,3.43,2691.68,46.73,12.62
TMB,EQ,655.3,2.13,10376.77,1.93,12.61
RIIT,IV,111,1.04,6660,11.36,12.58
AONELIQUID,EQ,1054.85,0.04,96.56,1.19,12.54
USHAMART,EQ,439.1,1.69,13381.21,2.87,12.54
STANLEY,EQ,135.5,5.83,774.05,9.28,12.45
PRECAM,EQ,143,0.58,1358.3,8.68,12.45
FIEMIND,EQ,2217.5,2.75,5836.38,0.56,12.39
RUSTOMJEE,EQ,406,2.28,5125.23,3.07,12.38
ALPHA,EQ,47.65,2.19,784.45,26,12.35
SEDEMAC,EQ,1650,0.75,7286.65,0.75,12.35
CENTUM,EQ,2812.9,2.48,4146.49,0.44,12.34
HNGSNGBEES,EQ,527.6,1.13,1244.43,2.33,12.33
INDIGOPNTS,EQ,811.15,2.72,3867.21,1.49,12.21
WHEELS,EQ,1045,4.36,2553.25,1.16,12.11
RELAXO,EQ,292,3.86,7269.01,4.12,12.05
JUSTDIAL,EQ,583,2.9,4958.1,2.06,11.98
PRICOLLTD,EQ,583.3,2.06,7109.35,2.05,11.97
JYOTISTRUC,EQ,12.04,4.24,1437.17,99.83,11.94
KIRLOSBROS,EQ,1591.1,3.98,12634.75,0.75,11.93
GOLD1,EQ,124.85,0.54,12118.52,9.51,11.85
GOODLUCK,EQ,1121,4.67,3726.04,1.07,11.78
UTKARSHBNK,EQ,13.58,4.06,2416.59,87.09,11.73
IPCALAB,EQ,1455.5,0.39,36926.65,0.8,11.65
EXICOM,EQ,104.24,6.14,1449.77,11.26,11.63
QUADFUTURE,EQ,302.5,2.35,1210,3.83,11.62
VARROC,EQ,523,4.66,7990.73,2.23,11.6
WHIRLPOOL,EQ,830.05,0.75,10531,1.39,11.55
GULFOILLUB,EQ,903,0.92,4460.83,1.27,11.51
CAPACITE,EQ,232.89,3.38,1970.34,4.88,11.33
PNCINFRA,EQ,185,2.85,4745.97,6.11,11.3
3MINDIA,EQ,31580,1.71,35575.09,0.04,11.27
AYE,EQ,108,3.99,2665.27,10.18,11.19
EFCIL,EQ,199,0.32,2731.94,5.58,11.16
SAMHI,EQ,157.9,2.29,3507.51,7.07,11.15
DAMCAPITAL,EQ,145.3,2.84,1027.07,7.65,11.13
FINPIPE,EQ,164.5,1.54,10206.85,6.7,11.07
MOREPENLAB,EQ,40.2,1.49,2202.77,27.37,11.04
CERA,EQ,5150,2.31,6642.23,0.21,11.02
BIRLACORPN,EQ,946,1.59,7284.71,1.17,11.01
MTNL,EQ,29.5,5.28,813.08,36.93,10.96
ARVSMART,EQ,594,1.11,2724.5,1.85,10.96
ESILVER,EQ,237,1.38,1556.55,4.61,10.92
ANUP,EQ,1920,3.04,3846.04,0.57,10.92
EPACKPEB,EQ,177.67,0.43,1784.73,6.13,10.87
CSBBANK,EQ,402.9,1.86,6989.74,2.68,10.77
SONATSOFTW,EQ,247.6,1.3,6943.32,4.38,10.76
SPMLINFRA,EQ,189,1.42,1447.77,5.6,10.57
GOLDETF,EQ,145.16,0.39,3205.75,7.27,10.54
VENUSREM,EQ,992.9,1.63,1327.21,1.04,10.49
BOMDYEING,EQ,108.9,2.12,2249.17,9.6,10.44
CMSINFO,EQ,299,2.4,4922.66,3.47,10.43
CARRARO,EQ,505,5.08,2871,2.07,10.43
ALOKINDS,EQ,13.92,4.35,6911.61,74.86,10.41
GRINFRA,EQ,842.7,0.99,8154.01,1.24,10.4
RATEGAIN,EQ,560.85,1.49,6624.99,1.86,10.37
JUBLCPL,EQ,1783.5,2.73,2702.45,0.56,10.36
SOLARWORLD,EQ,176.79,1.72,1532.29,5.78,10.35
CLEANMAX,EQ,862,0.37,10092.22,1.19,10.32
GMRP&UI,EQ,105.1,2.88,8208.49,9.8,10.26
JAICORPLTD,EQ,106.7,2.58,1872.64,9.58,10.24
ICIL,EQ,249.4,2.44,4939.48,4.1,10.22
TEMBO,EQ,568.9,3.39,879.93,1.81,10.21
IGIL,EQ,341,1.19,14736.65,2.99,10.18
BECTORFOOD,EQ,193.9,2.79,5952.55,5.28,10.17
HAPPYFORGE,EQ,1291.3,1.63,12183.48,0.77,10.02
REFEX,EQ,225.9,2,3099.33,4.41,10
EMSLIMITED,EQ,310.65,2.22,1725.06,3.19,9.99
ARTEMISMED,EQ,230,1,3640.29,4.33,9.96
BATAINDIA,EQ,718,2.4,9228.28,1.39,9.93
HEMIPROP,EQ,126.2,2.58,3596.7,7.84,9.87
RBA,EQ,62.77,1.16,3658.71,15.68,9.82
INDIAGLYCO,EQ,925,2.58,6199.98,1.06,9.81
ICICIB22,EQ,122.01,0.73,10549.14,8.04,9.79
GRWRHITECH,EQ,3729,2.31,8663.36,0.26,9.79
WELENT,EQ,446.55,3.13,6180.87,2.19,9.78
SUDARSCHEM,EQ,814.55,1.7,6403.34,1.19,9.75
BAJAJELEC,EQ,367,2,4234.84,2.64,9.73
OPTIEMUS,EQ,382,5.23,3387.91,2.59,9.68
NITCO,EQ,85.8,4.19,1965.82,11.29,9.67
RATNAMANI,EQ,2337.3,0.72,16382.6,0.41,9.66
CIEINDIA,EQ,485.7,1.27,18425.63,1.98,9.62
PREMEXPLN,EQ,463,1.83,2489.14,2.09,9.62
RAYMONDLSL,EQ,806,2.85,4910.44,1.2,9.6
STLNETWORK,EQ,21.3,7.47,1039.51,45.46,9.52
ORIANA,SM,1942,0.37,3945.98,0.48,9.46
TRUALT,EQ,417.1,0.49,3576.74,2.26,9.43
GSPCROP,EQ,392.05,1.29,1823.77,2.38,9.37
IFBIND,EQ,1080.1,3.84,4376.44,0.86,9.36
SILVERBETA,EQ,229.2,1.44,1384.44,4.05,9.31
JKLAKSHMI,EQ,627.05,2.04,7784.48,1.48,9.3
GLAND,EQ,1749.8,0.04,28829.08,0.53,9.3
WINDMACHIN,EQ,260.93,5.41,2272.3,3.58,9.29
CYIENTDLM,EQ,314,1.21,2492.04,2.94,9.29
JKIL,EQ,471.3,0.61,3566.12,1.97,9.28
HARIOMPIPE,EQ,280.6,2.26,868.94,3.31,9.27
FEDFINA,EQ,142.9,2.43,5347.71,6.47,9.24
ASHIANA,EQ,323.5,2.42,3251.98,2.84,9.24
DWARKESH,EQ,45.39,1.68,841.08,19.97,9.19
QGOLDHALF,EQ,123.7,0.35,702.62,7.4,9.15
JSWHL,EQ,13595,5,15089.94,0.07,9.13
GNFC,EQ,432.65,0.97,6357.39,2.1,9.11
XPROINDIA,EQ,1100,6.61,2581.74,0.83,9.09
ADVAIT,EQ,1872.9,3.53,2048.35,0.49,9.08
INDRAMEDCO,EQ,435.1,1.5,3988.69,2.07,9.06
GODREJAGRO,EQ,593.9,1.19,11422.42,1.51,9.05
DREDGECORP,EQ,892,1.45,2497.6,1,9
TAKE,BE,45.48,2,672.8,19.78,9
SKIPPER,EQ,383,1.28,4324.22,2.34,8.99
MARKSANS,EQ,178.63,2.09,8094.86,4.99,8.93
AXISILVER,EQ,236.23,1.61,1922.6,3.78,8.93
IONEXCHANG,EQ,376.25,1.52,5518.33,2.34,8.89
INDIGRID,IV,171.35,0.8,16322.2,5.21,8.86
YATRA,EQ,102.8,0.37,1613.1,8.55,8.85
TALBROAUTO,EQ,265,2.54,1635.8,3.27,8.85
HPL,EQ,326,1.62,2096.2,2.69,8.82
KIRIINDUS,EQ,405.8,2.1,2435.72,2.16,8.81
INDIASHLTR,EQ,772.05,1.05,8396.7,1.13,8.72
DCW,EQ,44.9,4.74,1325.25,19.58,8.69
NEOGEN,EQ,1364.1,4.82,3598.72,0.63,8.65
MOMENTUM50,EQ,51.55,3.35,340.41,16.99,8.62
BAJEL,EQ,169,4.98,1955.28,5.1,8.62
RGL,EQ,108.75,4.79,1167.16,8,8.57
63MOONS,EQ,551.5,0.1,2541.23,1.54,8.56
ARVIND,EQ,390.8,2.1,10243.44,2.2,8.54
ALLCARGO,EQ,8.68,4.08,1300.07,98.37,8.54
FMCGIETF,EQ,51.76,1.49,754.01,16.51,8.5
GODAVARIB,EQ,315.5,2.34,1614.6,2.68,8.43
SAKAR,EQ,589.9,3.07,1312.52,1.43,8.38
ASIANENE,EQ,300,2.5,1348.11,2.74,8.36
LXCHEM,EQ,127.94,3.04,3545.83,6.6,8.36
EUREKAFORB,EQ,494.95,4.27,9572.52,1.68,8.3
RPTECH,EQ,405,4.87,2668.94,2.06,8.27
RIIL,EQ,725.5,2.05,1095.51,1.13,8.22
BLUEDART,EQ,5178,2.63,12286.32,0.16,8.17
TIRUMALCHM,EQ,187.89,2.49,2265.07,4.32,8.11
IGPL,EQ,425.5,6.18,1310.32,1.92,8.08
JKPAPER,EQ,352.2,2.22,5966.35,2.29,8.06
SGFIN,EQ,459.9,0.15,2570.61,1.73,8.04
GTLINFRA,EQ,1.21,0.83,1538.71,658.48,8.03
SYMPHONY,EQ,761,2.72,5225.89,1.06,8.02
SIGACHI,EQ,21.97,5.47,839.51,36.84,7.99
JNKINDIA,EQ,274,3.41,1533.14,2.9,7.97
KALAMANDIR,EQ,95.9,1.74,1470.78,8.29,7.96
BAYERCROP,EQ,4814,0.11,24121.63,0.16,7.92
NITINSPIN,EQ,396,3.22,2226.31,1.98,7.83
MOSMALL250,EQ,15.84,1.8,210.99,49.5,7.82
PROSTARM,EQ,147.1,4.44,866.05,5.33,7.81
ARROWGREEN,EQ,564.05,5.21,851.04,1.36,7.8
ACI,EQ,614.05,0.9,7580.96,1.25,7.74
RAYMONDREL,EQ,433.1,1.5,2883.31,1.78,7.73
PENIND,EQ,163.05,2.13,2200.3,4.71,7.73
NUVOCO,EQ,310.2,1.49,11078.98,2.48,7.73
BBL,EQ,2465,2.58,2786.22,0.31,7.72
KSL,EQ,655,0.96,2859.28,1.17,7.7
MSTCLTD,EQ,424,1.23,2984.96,1.8,7.68
IOLCP,EQ,82.2,1.68,2412.8,9.34,7.67
KIOCL,EQ,357.1,1.55,21702.79,2.13,7.66
HUBTOWN,EQ,201.86,1.19,2868.44,3.81,7.66
TBOTEK,EQ,1178.1,1.5,12792.73,0.65,7.65
BALAMINES,EQ,1080,1.31,3499.31,0.7,7.62
COSMOFIRST,EQ,656.5,2,1723.29,1.15,7.61
SILVER1,EQ,22.95,1.24,1542.69,32.84,7.58
LAXMIINDIA,EQ,105.05,5.88,549.07,7.23,7.57
JISLJALEQS,EQ,32.75,2.83,2340.35,23.19,7.55
ORKLAINDIA,EQ,635.95,1.92,8711.83,1.19,7.55
TIL,EQ,209.8,3.45,1475.99,3.62,7.55
AARTIPHARM,EQ,690.35,1.38,6258.56,1.08,7.5
MIDCAPETF,EQ,21.75,1.68,1608.89,34.33,7.44
JYOTHYLAB,EQ,226,2.05,8299.05,3.29,7.42
SUYOG,EQ,832.65,3.63,975.63,0.9,7.39
NIFTY1,EQ,264.8,0.96,3340.18,2.79,7.37
MEGASTAR,EQ,284,3.92,320.74,2.62,7.36
KRT,RR,115,0.66,50995.59,6.43,7.35
SNOWMAN,EQ,40.52,10.47,677.04,17.89,7.31
HATHWAY,EQ,11.49,7.38,2033.85,64.95,7.29
TRIVENI,EQ,383.8,0.27,8401.3,1.89,7.28
MCLEODRUSS,EQ,43.84,11.61,457.93,16.57,7.28
DBL,EQ,435.9,1.21,7080.97,1.65,7.2
GENESYS,EQ,243,3.69,1015.51,2.96,7.18
MOREALTY,EQ,75.9,2.29,286.37,9.44,7.16
SUNTECK,EQ,316,0.54,4640.21,2.23,7.13
METROPOLIS,EQ,465.15,1.81,9643.85,1.53,7.12
NIMBSPROJ,EQ,201.95,7,390.14,3.6,7.12
AWFIS,EQ,321.41,3.41,2299.38,2.23,7.09
VIPIND,EQ,323.5,1.52,4595.38,2.18,7.09
KPEL,EQ,303,2.58,2048.15,2.32,7.02
WELSPUNLIV,EQ,123.35,1.26,11831.15,5.66,6.99
SUNFLAG,EQ,248.26,3.94,4474.13,2.81,6.93
SHANTIGOLD,EQ,184.1,2.28,1327.29,3.77,6.92
MOM100,EQ,62.24,1.27,807.74,11.14,6.91
SHARDAMOTR,EQ,832.35,1.17,4778.33,0.81,6.87
EMIL,EQ,101.39,0.85,3900.97,6.7,6.86
SANGHVIMOV,EQ,297.99,0.6,2579.88,2.3,6.86
ASKAUTOLTD,EQ,438.7,0.02,8648.65,1.55,6.83
UFBL,EQ,280.94,5.69,1098.09,2.43,6.78
ERIS,EQ,1370,0.43,18980.38,0.49,6.78
ROLEXRINGS,EQ,131.7,0.17,3586.63,5.11,6.78
HIKAL,EQ,179.55,2.75,2213.86,3.78,6.77
HIMATSEIDE,EQ,89.6,2.89,1126.65,7.46,6.75
SPLPETRO,EQ,743,0.44,13971.47,0.9,6.73
NEXT50IETF,EQ,70.95,1.78,2320.18,9.5,6.73
ONEPOINT,EQ,52.1,1.94,1369.82,12.8,6.68
THYROCARE,EQ,398,1.3,6334.78,1.68,6.66
LOWVOLIETF,EQ,21.54,1.22,3536.08,30.89,6.62
NIFTYBETA,EQ,265,1.03,69200.84,2.5,6.61
SWANDEF,BE,1860.8,5,9803.09,0.36,6.6
EIMCOELECO,EQ,1759.2,1.3,1014.77,0.37,6.58
RALLIS,EQ,258.75,1.28,5031.88,2.55,6.56
MARINE,EQ,192,0.58,2655.25,3.37,6.53
CLSEL,EQ,270.5,3.3,1345.08,2.38,6.51
LGBBROSLTD,EQ,1770.7,0.08,5647.19,0.36,6.48
SEJALLTD,EQ,617.85,10,704.35,1.09,6.47
HITECH,EQ,86.6,1.04,1758.91,7.4,6.47
VADILALIND,EQ,4500,0.31,3234.52,0.14,6.4
SEAMECLTD,EQ,1521.9,0.71,3869.43,0.42,6.38
VENKEYS,EQ,1462,0.2,2059.57,0.44,6.38
FINOPB,EQ,135.75,1.65,1129.69,4.72,6.38
PICCADIL,EQ,571.75,2.68,5635.71,1.11,6.36
SCODATUBES,EQ,147.39,4.87,883,4.32,6.36
GANESHBE,EQ,93.01,12.49,669.57,7.09,6.36
ALKYLAMINE,EQ,1395,2.28,7134.6,0.45,6.35
ENERGY,EQ,37.28,0.95,255.03,16.86,6.3
TRAVELFOOD,EQ,1314.9,2.9,17314.54,0.48,6.26
DYCL,EQ,301.5,2.61,1461.03,2.06,6.21
LIQGRWBEES,EQ,1035.15,0.04,136.34,0.6,6.21
CEIGALL,EQ,300.1,3.39,5227.89,2.08,6.19
METAL,EQ,12.45,1.22,479.15,49.8,6.16
ATALREAL,EQ,25.24,1.2,312.71,24.63,6.15
MAHLOG,EQ,388.7,1.86,3856.78,1.57,6.12
SULA,EQ,162.8,2.72,1374.8,3.75,6.11
SHAREINDIA,EQ,143.2,1.11,3114.49,4.24,6.1
FINIETF,EQ,31.18,1.56,278.01,19.61,6.09
VAIBHAVGBL,EQ,217,3.03,3625.37,2.83,6.09
MANALIPETC,EQ,54.5,2.33,937.4,10.97,6.08
MANINFRA,EQ,92.81,0.68,3746.43,6.49,6.06
DATAMATICS,EQ,711,1.57,4202.46,0.85,6.04
SURYAROSNI,EQ,223.5,1.44,4864.16,2.68,5.98
GARFIBRES,EQ,622.95,3.41,6183.77,0.96,5.95
FLUOROCHEM,EQ,3348,1.16,36777.78,0.18,5.94
EUROPRATIK,EQ,240,3.29,2452.8,2.51,5.92
MIDSMALL,EQ,47.93,1.76,427.38,12.39,5.91
GROWWSLVR,EQ,23.19,1.22,329.98,25.16,5.87
RACLGEAR,EQ,1309,1.07,1543.06,0.44,5.86
ORIENTTECH,EQ,275.75,2.57,1263.1,2.13,5.85
DOMS,EQ,2412,0.65,14638.03,0.24,5.81
GLOTTIS,EQ,57.67,20,532.89,10.61,5.76
ADVANCE,EQ,107.05,6.57,688.18,5.37,5.72
RAJRATAN,EQ,402,3.54,2040.99,1.41,5.69
BASF,EQ,3624,2.27,15686.72,0.16,5.66
ALIVUS,EQ,1047,0.43,12850.5,0.54,5.65
MOCAPITAL,EQ,49.75,1.9,158.58,11.37,5.63
WENDT,EQ,6923,3.5,1384.6,0.08,5.61
NIBE,EQ,971.5,3.51,1408.8,0.58,5.6
DBOL,EQ,120,1.25,796.65,4.55,5.54
EBBETF0430,EQ,1568.5,0.56,24900.35,0.35,5.5
SHRIRAMPPS,EQ,78.2,2.21,1334.52,7,5.5
NELCO,EQ,628.7,0.78,1434.59,0.87,5.48
INDIACEM,EQ,385.25,1.94,11938.79,1.41,5.45
CREST,EQ,346,2.25,984.36,1.57,5.43
754GS2036,GS,107.4,0.07,160026,5.05,5.43
WESTLIFE,EQ,463.1,1.4,7207.87,1.15,5.38
ADVENZYMES,EQ,298,2.11,3335.42,1.8,5.37
WAAREEINDO,EQ,424,2.99,1764,1.26,5.36
ARMANFIN,EQ,1622,1.25,1705.2,0.33,5.29
SUPREME,EQ,56.85,3.03,219.71,9.29,5.27
GILT5YBEES,EQ,64.71,0.48,251.43,8.13,5.26
INDOTHAI,EQ,291,0.31,3742.79,1.8,5.26
KROSS,EQ,186.22,0.8,1201.29,2.8,5.26
PITTIENG,EQ,836,0.91,3147.84,0.63,5.23
SUBROS,EQ,749.65,3.86,4890.4,0.7,5.23
VESUVIUS,EQ,459,0.62,9315.9,1.14,5.23
MICEL,EQ,39.6,2.7,954.41,13.04,5.22
NIVABUPA,EQ,73.77,0.44,13628.69,7,5.2
VRLLOG,EQ,263.4,1.83,4607.84,1.98,5.2
ALGOQUANT,EQ,56.87,8.78,1598.59,9.6,5.17
IRMENERGY,EQ,202.89,3.88,833.06,2.55,5.14
PSPPROJECT,EQ,696.75,3.84,2762.04,0.74,5.12
SHK,EQ,139.5,2,1930.97,3.64,5.1
CAMPUS,EQ,238.25,0.28,7280.76,2.12,5.08
E2E,BE,2453,1.21,5042.51,0.21,5.06
MARATHON,EQ,448.95,1.23,3026.85,1.13,5.05
BHARATRAS,EQ,1580,7.62,2626.13,0.33,5.04
DIGITIDE,EQ,91.7,3.46,1366.44,5.45,5.03
PFIZER,EQ,4861.1,2.36,22238.43,0.1,5.01
VIVIDEL,ST,639,4.67,567.93,0.78,5.01
SATIN,EQ,159.1,1.89,1757.59,3.1,4.97
MINDSPACE,RR,480.1,0.36,31126.95,1.03,4.93
POKARNA,EQ,896,0.82,2777.96,0.54,4.89
BAJAJHCARE,EQ,335.1,3.41,1058.35,1.46,4.89
KDDL,EQ,2390,4.61,2939.53,0.21,4.87
BSLGOLDETF,EQ,131.67,0.5,2815.41,3.7,4.87
FINEORG,EQ,4654,1.48,14269.15,0.1,4.85
PRAKASH,EQ,134.39,1.21,2406.68,3.6,4.85
PRINCEPIPE,EQ,239.5,0.97,2647.94,2,4.84
GODIGIT,EQ,319.1,0.11,29500.76,1.51,4.83
AGARIND,EQ,404.8,1.11,605.49,1.18,4.82
CHALET,EQ,770.15,2.09,16865.83,0.62,4.8
UNIPARTS,EQ,508,3.32,2293.27,0.95,4.8
WSTCSTPAPR,EQ,459.7,2.41,3036.27,1.05,4.79
GREENPOWER,EQ,10.04,2.34,1177.72,47.46,4.78
LMW,EQ,13625,1.89,14555.59,0.04,4.78
HCG,EQ,556.1,1.9,8302.7,0.85,4.75
DENTA,EQ,265.7,2.89,709.42,1.79,4.74
TIIL,EQ,2376,0.48,5387.06,0.2,4.73
GRINDWELL,EQ,1539.5,3.16,17045.34,0.31,4.73
HNDFDS,EQ,503.25,0.35,6012.92,0.94,4.72
PGIL,EQ,1540,1.8,7105.79,0.31,4.71
CARYSIL,EQ,844.5,1.75,2401.98,0.56,4.69
DELTACORP,EQ,58.21,0.02,1558.7,7.94,4.67
SUMICHEM,EQ,419.15,0.96,20921.69,1.11,4.65
QUICKHEAL,EQ,164.65,4.26,893.15,2.8,4.65
KOPRAN,EQ,157.7,1.08,761.5,2.96,4.64
TBZ,EQ,141.9,3.71,946.91,3.26,4.61
NORTHARC,EQ,238.75,1.77,3857.53,1.93,4.61
NIFTYETF,EQ,259.8,1.01,5193.94,1.78,4.6
MAHLIFE,EQ,345,1.05,7360.32,1.33,4.57
TAC,SM,564,1.27,1185.88,0.82,4.56
DCAL,EQ,159,0.35,2492.85,2.83,4.55
SUNDRMFAST,EQ,803.85,2.95,16891.17,0.57,4.54
KELLTONTEC,EQ,14.9,1.29,786.43,30.23,4.53
RMDRIP,EQ,26.94,2.39,672.96,16.47,4.5
MCLOUD,EQ,26.2,0.27,1543.36,17.08,4.49
ESSARSHPNG,EQ,27.56,10.77,570.43,16.32,4.49
ATULAUTO,EQ,436.55,1.22,1211.48,1.03,4.48
KIRLPNU,EQ,1205,2.58,7827.46,0.37,4.46
DOLLAR,EQ,255.8,3.96,1450.8,1.75,4.45
DLINKINDIA,EQ,425.5,2.25,1510.73,1.04,4.44
PSUBANK,EQ,873.52,1.59,2415.06,0.51,4.41
EXCELSOFT,EQ,85.6,1.43,985.12,5.06,4.38
ASAHIINDIA,EQ,869,1.19,22153.17,0.5,4.37
REGAAL,EQ,78.9,0.23,810.49,5.46,4.37
UFLEX,EQ,379.5,1.95,2740.43,1.15,4.35
INDOTECH,EQ,1333,0.83,1415.65,0.33,4.35
SFL,EQ,527,2.01,5729.06,0.82,4.33
FCL,EQ,23.44,2.4,2717.87,18.42,4.33
VASCONEQ,EQ,36.29,4.19,840.83,12.03,4.33
KECL,EQ,104.08,5.69,691.24,4.22,4.32
SYNCOMF,EQ,13.57,4.46,1275.58,31.51,4.29
MAHSCOOTER,EQ,13413,2.2,15329.14,0.03,4.2
MIDWESTLTD,EQ,1330,2.21,4809.39,0.32,4.2
GROWWGOLD,EQ,14.62,0.41,445.56,28.75,4.19
TATVA,EQ,1206,2.2,2821.08,0.35,4.19
HILTON,EQ,22.09,8.76,113.69,19.33,4.19
QUESS,EQ,193.9,2.66,2895.54,2.16,4.18
SWELECTES,EQ,586,7.1,888.3,0.73,4.18
DDEVPLSTIK,EQ,227.9,3.31,2358.23,1.85,4.17
AEROENTER,EQ,84.5,3.95,955.57,4.97,4.17
ECOSMOBLTY,EQ,133.29,4.91,799.74,3.14,4.15
SETFNN50,EQ,724.91,2.24,2916.86,0.58,4.15
ABLBL,EQ,101.1,1.49,12339.47,4.08,4.14
SPECTRUM,EQ,1223,0.07,1921.8,0.34,4.12
RAJESHEXPO,BZ,109.76,4.99,3240.77,3.76,4.11
NIITLTD,EQ,65.3,1.87,890.59,6.23,4.08
PROZONER,EQ,57.86,6.44,882.96,7.07,4.07
NDTV,EQ,77,1.44,868.75,5.21,4.07
BANKNIFTY1,EQ,65,14.54,5280.56,7.01,4.05
ENTERO,EQ,1194,1.11,5195.21,0.34,4.04
RAMKY,EQ,487.5,2.66,3373.39,0.83,4.03
NESCO,EQ,1148,2.13,8088.8,0.35,4.03
NIF100BEES,EQ,262.25,1.13,343.2,1.54,4.03
CRIZAC,EQ,218,3.3,3814.62,1.84,4.02
SAFARI,EQ,1565,0.2,7667.55,0.26,4.01
LINCOLN,EQ,574,4.77,1149.71,0.7,4
GOCOLORS,EQ,286,2.58,1504.25,1.38,3.95
SIYSIL,EQ,530,0.89,2404.61,0.74,3.94
VISHNU,EQ,517,0.99,3480.2,0.76,3.93
VSTIND,EQ,228.35,2.78,3878.78,1.72,3.92
VSTTILLERS,EQ,5245,1.61,4533.44,0.07,3.92
SIMPLEXINF,EQ,187,3.49,1479.08,2.06,3.91
NARMADA,EQ,35.35,3.3,134.11,10.73,3.87
SPIC,EQ,67.3,1.19,1370.5,5.72,3.86
GROWWLIQID,EQ,108.62,0.05,84.52,3.54,3.84
SSWL,EQ,210.49,3.57,3308.49,1.83,3.84
UNICHEMLAB,EQ,343.1,3.23,2415.62,1.13,3.83
KKCL,EQ,485,5.7,2988.82,0.79,3.82
TTKPRESTIG,EQ,479,1.74,6559.95,0.79,3.8
VENTIVE,EQ,603.9,1.03,14103.58,0.62,3.79
TVSSCS,BE,111.02,3.69,4897.98,3.43,3.78
ZUARI,EQ,220.9,2.24,929.06,1.72,3.77
GROWWDEFNC,EQ,83.32,1.62,298.44,4.54,3.77
KCP,EQ,162.97,3.17,2101.03,2.32,3.76
NEXT50,EQ,695,1.8,1182.64,0.54,3.73
ASHWINI,SM,143,1.06,214.5,2.62,3.73
TECHERA,SM,200,0.68,330.42,1.8,3.72
ADOR,EQ,896.35,2.5,1559.9,0.41,3.72
CHEMPLASTS,EQ,244.4,0.97,3864.2,1.52,3.71
PAKKA,EQ,97.99,6.73,440.45,3.81,3.7
BLKASHYAP,EQ,50.43,5.46,1136.89,7.43,3.68
SUPRIYA,EQ,638.5,1.58,5138.83,0.57,3.67
DHARMAJ,EQ,270,0.66,912.53,1.35,3.66
TSFINV,EQ,392,6.16,8706.47,0.95,3.65
DEN,EQ,29.2,7.04,1393.49,12.67,3.65
PSB,EQ,24.65,2.03,17490.62,14.74,3.62
NEPHROPLUS,EQ,563,1.94,5649.18,0.65,3.61
INSECTICID,EQ,647,0.95,1882.63,0.56,3.61
RAJOOENG,EQ,63.46,3.47,1133.87,5.69,3.6
UTSSAV,SM,217,0.93,524.01,1.63,3.59
AUTOAXLES,EQ,1725,2.14,2606.82,0.21,3.58
SANDHAR,EQ,493.8,1.88,2972.22,0.72,3.58
FDC,EQ,352,3.35,5730.91,1.02,3.57
CORONA,EQ,1565,0.2,9571.55,0.23,3.56
GVPIL,BE,461.6,4.99,3103.22,0.77,3.52
GICL,EQ,41.9,2.92,469.09,8.64,3.52
JASH,EQ,408.4,2.45,2580.83,0.88,3.51
STYRENIX,EQ,2000,2.4,3517.13,0.18,3.5
GHCL,EQ,474.2,1.59,4359.52,0.73,3.49
GREENPANEL,EQ,209,4.07,2562.91,1.68,3.48
IRBINVIT,IV,60.56,0.92,7761.37,5.78,3.48
BCG,BE,9.91,3.01,1999.76,35.34,3.48
VIJAYA,EQ,977.2,0.22,10038.28,0.35,3.48
IGARASHI,EQ,320.15,2.53,1007.67,1.07,3.48
ORCHPHARMA,EQ,562,3.72,2850.41,0.61,3.45
COFFEEDAY,EQ,26.16,3.07,552.63,13.16,3.45
SILVERAG,EQ,230.8,1.28,981.2,1.48,3.42
KHADIM,EQ,95,7.3,174.59,3.63,3.4
AVANA,SM,100,13.25,226.45,3.48,3.4
HDFCNIFTY,EQ,269.15,0.97,4887.62,1.26,3.39
RSWM,EQ,156,10.66,734.79,2.22,3.39
GIPCL,EQ,139.7,2.61,2168.37,2.45,3.39
UNIVCABLES,EQ,765.8,2.52,2656.97,0.44,3.38
GROWWPOWER,EQ,10.99,1.85,161.84,30.75,3.36
SETFNIFBK,EQ,571.05,1.69,3766.92,0.59,3.34
CAPILLARY,EQ,548,0.58,4351.52,0.6,3.33
SPANDANA,EQ,215.78,1.76,1538.62,1.53,3.31
GLOBUSSPR,EQ,936,0.18,2720.76,0.35,3.31
YUKEN,EQ,725,8.45,984.84,0.46,3.29
SURAJEST,EQ,219.1,4.75,1046.71,1.51,3.29
SALASAR,EQ,7.22,1.98,1262.02,45.03,3.26
STEELCAS,EQ,280.11,2.61,2834.71,1.15,3.24
RANEHOLDIN,EQ,1026,0.21,1464.9,0.31,3.22
ALPEXSOLAR,SM,918,0.17,2344.85,0.35,3.19
RHIM,EQ,388,2.04,8012.26,0.82,3.18
GOCLCORP,EQ,280.35,2.24,1389.76,1.14,3.18
ESABINDIA,EQ,5546.9,2.41,8538.35,0.06,3.17
INDOSTAR,EQ,229,6.31,3699.98,1.4,3.17
ROHLTD,EQ,371,4.1,1017.48,0.86,3.17
ETHOSLTD,EQ,2480,1.99,6635.91,0.13,3.15
SOLARA,EQ,486.55,1.08,1759.99,0.64,3.13
MACPOWER,EQ,1006.65,1.93,1007.07,0.31,3.12
SMARTWORKS,EQ,405,1.91,4627.61,0.77,3.12
PVTBANKADD,EQ,27.11,0.86,540.81,11.48,3.11
OILIETF,EQ,11.35,1.07,268.68,27.43,3.11
GROWWRAIL,EQ,30.95,0.88,134.31,9.97,3.11
IMAGICAA,EQ,46.25,0.15,2617.11,6.66,3.1
DHANUKA,EQ,1027.1,1.72,4629.99,0.3,3.1
BALMLAWRIE,EQ,169,1.05,2889.96,1.83,3.09
FABTECH,EQ,152.13,0.25,676.23,2,3.09
SGBDE31III,GB,14982,0.44,18138.42,0.02,3.09
MBEL,EQ,303.5,0.03,1734.45,1.01,3.09
GOLDBETA,EQ,125.65,0.32,4214.29,2.45,3.08
DOLATALGO,EQ,79.25,0.2,1394.8,3.83,3.06
INGERRAND,EQ,3884,2.28,12261.01,0.08,3.05
INDGN,EQ,490.65,0.08,11819.82,0.62,3.04
UNITECH,EQ,4.99,2.46,1304.7,60.46,3
BEPL,EQ,91.49,1.12,2276.81,3.26,2.99
NAHARPOLY,EQ,270,11.17,663.88,1.11,2.98
METROBRAND,EQ,1020,2.35,27799.77,0.29,2.98
EMUDHRA,EQ,480,0.81,3974.96,0.62,2.97
FILATFASH,EQ,0.21,5,175.02,1485.76,2.97
ORIENTCEM,EQ,140,1.94,2876.44,2.12,2.96
TAJGVK,EQ,336,1.4,2106.77,0.88,2.95
GROWWMETAL,EQ,11.74,1.38,36.34,25.25,2.94
HDFCNIFBAN,EQ,57.48,2.35,5450.62,5.1,2.92
PANACEABIO,EQ,326.05,1.29,1997.08,0.88,2.91
ZUARIIND,EQ,259,4.64,771.33,1.13,2.9
BANKIETF,EQ,57.38,2.32,2937.52,5.08,2.9
MOTISONS,EQ,13.8,2.3,1358.55,21.02,2.9
FUSION,EQ,157.4,1.12,2539.96,1.83,2.9
AHLUCONT,EQ,782.5,2.56,5241.78,0.37,2.89
TECHD,SM,580,8.41,433.82,0.5,2.89
TOP10ADD,EQ,89.75,0.71,765.64,3.22,2.89
BALAJITELE,EQ,94,2.15,1145.03,3.07,2.85
TASTYBITE,EQ,7186,3.26,1843.93,0.04,2.83
ALPL30IETF,EQ,26.38,1.23,1496.78,10.75,2.83
MAHKTECH,EQ,23.4,4.84,453.29,12.07,2.82
KAMDHENU,EQ,22.43,3.84,632.26,12.83,2.82
MAWANASUG,EQ,98.15,3.35,383.93,2.84,2.8
TEAMLEASE,EQ,1191,0.16,1997.18,0.23,2.8
GEOJITFSL,EQ,64.5,3.51,1800.34,4.32,2.78
DHANBANK,EQ,26.1,2.96,1030.16,10.66,2.77
BHARATSE,EQ,177,0.15,1111.56,1.55,2.76
LTGILTBEES,EQ,29.13,0.07,2494.31,9.41,2.74
HLEGLAS,EQ,299,1.7,2076.7,0.9,2.72
HUHTAMAKI,EQ,177.9,1.52,1343.54,1.52,2.7
AUTOIETF,EQ,27.45,3.08,184.01,9.92,2.7
SACHEEROME,SM,389.15,4.99,870.64,0.7,2.7
OSELDEVICE,SM,611,1.65,1081.14,0.44,2.7
LANDMARK,EQ,426.05,1.95,1766.61,0.62,2.68
AMANTA,EQ,111.41,5.07,432.6,2.4,2.68
VMARCIND,SM,799.5,5.06,1952.43,0.34,2.68
FLAIR,EQ,316.5,3.79,3335.76,0.85,2.66
MAXESTATES,EQ,378.5,2.49,6186.41,0.71,2.65
SETL,EQ,133.7,0.91,2667.2,1.97,2.62
VERANDA,EQ,151.03,0.13,1452.45,1.7,2.62
LOKESHMACH,EQ,233.6,5.55,467.12,1.12,2.6
APLLTD,EQ,722.3,0.3,14197.75,0.36,2.59
VIPULLTD,BE,10.46,1.95,147.44,25.65,2.59
MIDCAPIETF,EQ,22.05,1.71,669.84,11.58,2.54
SUPRAJIT,EQ,436.8,1.17,5991.64,0.58,2.54
IVALUE,EQ,240.6,3.39,1314.41,1.05,2.53
GATEWAY,EQ,57.19,0.97,2857.46,4.39,2.52
ARIHANTCAP,EQ,72.1,3.73,790.31,3.49,2.51
IITL,EQ,146.4,3,330.1,1.73,2.51
SCILAL,EQ,42.62,0.57,1985.24,5.83,2.5
RELIABLE,EQ,119.74,1.9,123.57,2.1,2.49
SIGMAADV,BE,179.43,5,3162.27,1.39,2.49
GANDHAR,EQ,137.98,2.36,1350.54,1.81,2.48
MAYURUNIQ,EQ,560,1.37,2433.35,0.44,2.47
MAMATA,EQ,371.2,2.56,913.44,0.66,2.47
DCMSHRIRAM,EQ,1115,0.56,17387.57,0.22,2.45
JINDWORLD,EQ,25.25,4.17,2531.57,9.97,2.44
BOSCH-HCIL,EQ,1344.4,0.24,3655.54,0.18,2.43
DANISH,SM,684.55,4.41,1347.99,0.36,2.43
KUANTUM,EQ,84.5,7.77,737.38,2.96,2.41
RPEL,EQ,703.95,3.59,3231.97,0.34,2.41
VERTIS,IV,107,0.94,16156.83,2.25,2.41
ADFFOODS,EQ,193.77,5.16,2128.83,1.26,2.4
RAMCOSYS,EQ,429.85,0.88,1610.29,0.55,2.38
ESAFSFB,EQ,23.4,0.73,1206.65,10.09,2.35
ORISSAMINE,EQ,3742,1.35,2245.2,0.06,2.35
RESPONIND,EQ,140.6,1.3,3748.52,1.65,2.34
MOL,EQ,49.8,2.72,1266.48,4.69,2.34
MOVALUE,EQ,115.29,0.8,160.91,2.03,2.34
ECAPINSURE,EQ,23.64,2.87,16.56,9.97,2.32
JUNIPER,EQ,217.9,2.5,4848.33,1.06,2.32
ADVENTHTL,EQ,155.5,2.17,838.81,1.5,2.32
EGOLD,EQ,149.65,0.44,1416.4,1.55,2.31
AGARWALEYE,EQ,436,0.22,13812.81,0.53,2.31
DCMSRIND,EQ,40.5,8.29,352.32,5.65,2.3
RADHIKAJWE,EQ,66.25,5.95,781.75,3.52,2.3
SALZERELEC,EQ,584.95,2.6,1034.35,0.39,2.29
INDOFARM,EQ,145,2.06,696.75,1.58,2.29
MONARCH,EQ,295.43,2.2,2341.82,0.77,2.28
SAKSOFT,EQ,134.9,0.75,1788.12,1.69,2.28
TIPSMUSIC,EQ,542,0.72,6928.47,0.42,2.26
BGRENERGY,BE,314.26,5,2267.75,0.72,2.24
KRSNAA,EQ,600,1.24,1946.32,0.37,2.23
ROTO,EQ,57.1,1.66,1076.02,3.88,2.22
ICRA,EQ,5354,1.22,5167.27,0.04,2.21
LAOPALA,EQ,174,0.59,1931.4,1.25,2.18
PFS,EQ,29.1,3.08,1869.04,7.49,2.18
GICHSGFIN,EQ,152.12,4.31,819.18,1.44,2.17
GANESHHOU,EQ,597,2.15,4978.21,0.36,2.16
KIRLOSIND,EQ,2960,2.09,3110.77,0.07,2.15
ORIENTHOT,EQ,97.87,1.59,1747.95,2.16,2.14
MANAKCOAT,EQ,106.2,1.12,1123.96,2.01,2.14
STUDDS,EQ,452.75,0.89,1781.73,0.47,2.12
TVSELECT,EQ,404,2.11,753.47,0.53,2.12
ELIQUID,EQ,1026.26,0.04,36.7,0.21,2.11
GUJTHEM,EQ,286.5,2.62,3121.85,0.74,2.1
PARACABLES,EQ,36.68,1.13,1119.51,5.68,2.1
GMMPFAUDLR,EQ,911.1,2.36,4096.05,0.23,2.1
FMGOETZE,EQ,454,3.56,2525.7,0.47,2.1
PVTBANIETF,EQ,26.95,1.81,2832.49,7.75,2.08
HINDWAREAP,EQ,210.69,4.64,1762.35,0.99,2.07
DENTALKART,SM,380,3.85,659.05,0.54,2.05
GREENPLY,EQ,215.1,1.45,2686.34,0.94,2.05
SINDHUTRAD,EQ,23.1,3.08,3561.86,8.86,2.04
HEALTHIETF,EQ,145.8,0.2,161.42,1.41,2.04
AURIGROW,EQ,0.32,3.23,47.24,654.38,2.03
KHAICHEM,EQ,53.7,1.82,520.83,3.76,2.03
HSBCGOLD,EQ,130,0.65,379.26,1.55,2.01
JPOLYINVST,EQ,1119,1.85,1176.28,0.18,2
VINDHYATEL,EQ,1167,0.74,1383,0.17,1.98
INDUSINVIT,IV,125.5,0.46,5558.88,1.58,1.98
INNOVACAP,EQ,686.55,0.84,3928.78,0.28,1.97
SMCGLOBAL,EQ,62.95,1.22,1318.17,3.1,1.96
BAHETI,SM,584.25,4.71,605.78,0.34,1.96
RHETAN,EQ,25.47,1.8,2029.64,7.7,1.95
PSUBNKIETF,EQ,89,2.19,125.55,2.2,1.95
WONDERLA,EQ,541.3,0.68,3433.07,0.36,1.95
MONQ50,EQ,115.03,3.21,168.81,1.7,1.95
RAMRAT,EQ,329.6,1,3075.2,0.59,1.94
WANBURY,BE,245.12,5,856.43,0.81,1.92
KINGFA,EQ,4350,1.28,5894.85,0.04,1.92
DPWIRES,EQ,183.43,20,284.32,1.09,1.92
TRANSTEEL,SM,147,1.48,324.75,1.28,1.92
SHALBY,EQ,153.1,1.49,1653.63,1.24,1.91
TCI,EQ,1012,0.43,7766.47,0.19,1.91
MONIFTY500,EQ,22.81,1.24,260.72,8.39,1.9
URJA,EQ,10.1,2.54,530.71,18.73,1.89
REPCOHOME,EQ,382.8,1.44,2394.85,0.49,1.88
IKIO,EQ,140.83,1.43,1088.34,1.33,1.88
GOLDADD,EQ,144.8,0.06,2231.11,1.3,1.88
STARCEMENT,EQ,216.58,2.15,8932.39,0.87,1.88
PRIZOR,ST,425.2,4.99,454.59,0.45,1.87
WINDLAS,EQ,803,0.48,1694.83,0.23,1.87
RUPA,EQ,134.89,2.62,1072.71,1.37,1.86
NSIL,EQ,5601,2.12,2876.76,0.03,1.86
VEEDOL,EQ,1385,1.23,2413.22,0.13,1.84
SANSTAR,EQ,83.51,3.06,1521.92,2.22,1.84
SSEGL,SM,398,4.57,1033.95,0.46,1.84
HONDAPOWER,EQ,2170,1.93,2201.05,0.08,1.84
EBBETF0431,EQ,1399,0.51,13188.07,0.13,1.84
EKC,EQ,111.6,1.65,1252.24,1.64,1.83
PNBGILTS,EQ,70.2,1.75,1263.67,2.6,1.83
PRSMJOHNSN,EQ,126.1,1.75,6347.33,1.45,1.82
BANSALWIRE,EQ,273,2.84,4273.98,0.67,1.82
HARSHA,EQ,360,3.17,3277.59,0.5,1.82
AFIL,BE,9.06,4.86,386.64,20.28,1.81
MAITHANALL,EQ,944,0.89,2748.13,0.19,1.79
ARIES,EQ,380,3.91,494.16,0.48,1.79
GPTHEALTH,EQ,139.01,1.5,1140.64,1.28,1.79
ELECTHERM,EQ,719,6.68,916.21,0.25,1.78
PANAMAPET,EQ,267,0.33,1615.18,0.66,1.77
DIFFNKG,EQ,281.8,0.98,1054.67,0.62,1.77
NRBBEARING,EQ,257.2,1.97,2492.85,0.68,1.76
SGBFEB32IV,GB,15201,0.7,19437.24,0.01,1.76
SKFINDUS,EQ,2285,1.41,11296.57,0.08,1.76
MUTHOOTMF,EQ,169.89,1.29,2896.49,1.04,1.76
IZMO,BE,712,0.39,1065.34,0.25,1.76
SGBMAY29I,GB,14750,0.74,7845.49,0.01,1.75
SENSEXIETF,EQ,884.2,0.94,28519.05,0.2,1.74
WAKEFIT,EQ,152.9,1.03,5045.19,1.12,1.73
SAURASHCEM,EQ,62.64,8.64,697.1,2.79,1.72
ROSSARI,EQ,455.2,1.95,2521.05,0.38,1.72
IPL,EQ,148.5,1.88,1710.18,1.16,1.72
TECHLABS,SM,220,3.46,380.18,0.76,1.7
SANOFICONR,EQ,4635,1.45,10674.69,0.04,1.7
MID150CASE,EQ,10.7,2,239.21,15.95,1.7
KOLTEPATIL,EQ,331.7,2.76,2941.52,0.5,1.66
SILVERTUC,EQ,129.3,1.24,1639.65,1.3,1.66
JGCHEM,EQ,358.9,1.7,1406.39,0.46,1.64
ICEMAKE,EQ,781.5,1.86,1233.19,0.21,1.64
SML100CASE,EQ,9.6,2.45,66.94,17.2,1.64
BANKBETA,EQ,60,6.35,3877.2,2.84,1.63
MEDIASSIST,EQ,357,0.93,2666.86,0.46,1.63
PRITI,EQ,51,8.19,68.1,3.11,1.63
CANTABIL,EQ,231.08,0.77,1932.71,0.7,1.63
PAUSHAKLTD,EQ,477,5.62,1176.13,0.34,1.63
MAXVOLT,SM,343.9,0.91,374.99,0.48,1.62
VAKRANGEE,EQ,6.52,1.56,706.24,24.83,1.62
HGS,EQ,409.7,2.84,1905.94,0.4,1.61
AJAXENGG,EQ,469.25,0.83,5368.54,0.34,1.61
SAFEENTP,SM,240.05,3.58,1118.74,0.68,1.61
SADHNANIQ,EQ,1.83,5.78,542.54,88.81,1.61
PARSVNATH,EQ,8.08,19.88,351.63,20.49,1.6
TVSSRICHAK,EQ,3765,4.16,2882.88,0.04,1.59
20MICRONS,EQ,162.1,1.71,571.99,0.98,1.58
MOMOMENTUM,EQ,61.7,2.34,156.84,2.57,1.58
HATSUN,EQ,925,1.73,20604.21,0.17,1.57
FILATEX,EQ,44.7,1.52,1984.94,3.46,1.55
TNPETRO,EQ,88.35,0.78,794.9,1.72,1.54
GPTINFRA,EQ,111.98,1.81,1415.03,1.36,1.53
SMALL250,EQ,15.79,1.74,59.28,9.51,1.51
INFLUX,SM,232.3,0.24,537.78,0.67,1.51
ADSL,EQ,114.9,1.7,649.35,1.3,1.49
ALPHAETF,EQ,24.8,2.02,402.99,6.04,1.49
BSHSL,EQ,98.21,1.23,1030.59,1.53,1.48
BBETF0432,EQ,1312.76,0.6,10510.66,0.11,1.48
TINNARUBR,EQ,658,1.61,1185.44,0.22,1.48
MUNJALAU,EQ,79.51,4.14,795.1,1.86,1.47
SAHASRA,SM,247,10.05,617.32,0.61,1.47
PARKHOTELS,EQ,115.45,1.11,2463.41,1.26,1.47
VSSL,EQ,245.99,4.98,2378.37,0.61,1.46
MONTECARLO,EQ,548,4.15,1136.12,0.27,1.46
NDRAUTO,EQ,725.3,1.39,1725.15,0.2,1.46
GEMAROMA,BE,168.58,2.61,880.61,0.85,1.46
ACCELYA,EQ,1140,0.31,1701.59,0.13,1.45
725GS2063,GS,97.07,0.07,232968,1.49,1.45
CENTRUM,EQ,28.46,0.25,1307.96,5.09,1.45
HDFCMID150,EQ,21.5,1.37,173.16,6.74,1.44
KRMAYURVED,SM,204.95,2.22,435.74,0.71,1.44
ASMS,EQ,8.49,0.95,258.59,16.71,1.43
GHCLTEXTIL,EQ,85.25,2.98,814.87,1.7,1.43
VOLERCAR,SM,255.45,0.33,284.66,0.56,1.43
BSLNIFTY,EQ,28,1.01,3091.59,5.1,1.42
INFRABEES,EQ,942,1.45,184.13,0.15,1.42
APTECHT,EQ,84.9,2.31,492.44,1.66,1.4
ELIN,EQ,117.8,1.4,585.57,1.18,1.39
STEELXIND,EQ,8.89,1.02,1108.78,15.68,1.39
GANESHIN,SM,78.65,7.67,336,1.82,1.39
RML,EQ,744.8,4.02,2058.41,0.19,1.38
TPLPLASTEH,EQ,69.49,6.73,542.04,2.04,1.38
BANKETF,EQ,567.51,1.9,301.24,0.24,1.37
CONNPLEX,SM,260,2.22,496.6,0.54,1.37
ALEMBICLTD,EQ,86.2,1.81,2213.46,1.59,1.37
SUBEXLTD,EQ,8.68,0.12,487.82,15.37,1.36
ZODIAC,EQ,278.2,3.34,420.74,0.48,1.36
SDL26BEES,EQ,138,0.44,4345.48,0.99,1.36
BCLIND,EQ,32.5,1.59,959.28,4.19,1.36
KSOLVES,EQ,310.9,1.62,737.47,0.44,1.35
MEIL,EQ,255.6,2.08,706.23,0.53,1.35
WCIL,EQ,94,2.26,958.38,1.43,1.35
SURAKSHA,EQ,276,4.77,1437.43,0.49,1.34
SUMMITSEC,EQ,1654,2.04,1803.15,0.08,1.33
EVEREADY,EQ,291.6,1.18,2119.56,0.46,1.33
INDNIPPON,EQ,770.25,1.94,1742.42,0.17,1.33
364D160426,TB,99.87,0.12,5440.42,1.32,1.32
TCIEXP,EQ,546,1.62,2097.68,0.24,1.31
NAVNETEDUL,EQ,135.4,2.75,2995.23,0.97,1.3
PDMJEPAPER,EQ,85.35,1.68,810.4,1.52,1.3
BOROLTD,EQ,248,2.19,2965.64,0.52,1.3
HDFCMOMENT,EQ,30.4,1.03,126.5,4.23,1.29
GALAXYSURF,EQ,1828.8,1.02,6483.97,0.07,1.29
DIVYADHAN,SM,26.85,4.88,38.41,4.8,1.28
SOMANYCERA,EQ,429,3.06,1759.45,0.3,1.28
GROWWEV,EQ,29.49,3.08,261.82,4.38,1.28
TNPL,EQ,135.9,1.1,940.57,0.94,1.28
DISHTV,EQ,3.05,2.01,561.58,41.89,1.28
BFSI,EQ,27.1,2.19,437.37,4.72,1.28
SGBMAY28,GB,14790,1.48,3763.01,0.01,1.28
BHAGCHEM,EQ,224.99,1.91,2917.42,0.57,1.27
AMBIKCO,EQ,1411.1,0.49,807.85,0.09,1.27
COMMOIETF,EQ,99.4,1.38,117.45,1.26,1.25
MIDSELIETF,EQ,17.3,1.11,97.04,7.25,1.25
SGBSEP31II,GB,14860,0.2,17347.5,0.01,1.25
BUTTERFLY,EQ,620.75,0.14,1109.87,0.2,1.25
SGBAUG28V,GB,14679,0.86,9320.84,0.01,1.24
LOWVOL1,EQ,20.36,0.89,174.71,6.05,1.23
ALLTIME,EQ,219.22,0.58,1436.06,0.57,1.23
INFRAIETF,EQ,93.77,1.32,394.22,1.32,1.23
HEIDELBERG,EQ,153.64,0.98,3481.68,0.8,1.23
699GS2026,GS,103.12,0.12,57747.2,1.19,1.23
SGBJU29III,GB,14750,0.5,2181.87,0.01,1.23
ONWARDTEC,EQ,254,3.41,577.95,0.49,1.22
RBS,SM,88,16.56,201.18,1.38,1.22
RITCO,EQ,198.65,4.15,568.59,0.62,1.21
JAYKAY,EQ,154.35,0.87,2010.98,0.78,1.21
FOODSIN,EQ,61.1,1.97,449.28,1.95,1.21
THEJO,EQ,1645,3.62,1784.41,0.07,1.21
SKMEGGPROD,EQ,175.3,1.03,923.13,0.68,1.19
VINYAS,SM,970,4.42,1220.72,0.12,1.19
MENONBE,EQ,120,5.22,672.48,0.99,1.18
RUSHIL,EQ,14.93,0.13,438.07,7.88,1.18
GALAPREC,EQ,739,1.95,945.74,0.16,1.18
GGBL,SM,273.75,4.74,678.93,0.44,1.18
ONMOBILE,EQ,45.55,1.22,484.29,2.55,1.17
JAYBARMARU,EQ,89.4,1.11,967.75,1.3,1.17
PPL,EQ,210,1.31,502.29,0.56,1.17
NIFTYCASE,EQ,9.58,1.16,58.81,12.1,1.16
CAPINVIT,IV,70,0.01,3440.86,1.65,1.16
MANBA,EQ,109.5,1.75,550.12,1.06,1.15
BSE500IETF,EQ,37.83,1.56,343.21,3.05,1.15
ABSLBANETF,EQ,57.23,2.11,2546.71,2.02,1.15
MBLINFRA,EQ,28,9.38,427.08,4.23,1.15
CEWATER,EQ,315.1,0.91,652.14,0.36,1.15
DEVIT,EQ,31.5,7.4,177.46,3.59,1.15
AFFORDABLE,EQ,171.99,2.34,193.42,0.66,1.14
PLATIND,EQ,213.23,1.98,1171.16,0.53,1.14
VGL,EQ,60.59,0.4,312.21,1.88,1.14
UNIHEALTH,ST,456.05,5,716,0.25,1.14
MOENERGY,EQ,37.8,2.49,61.99,3.05,1.14
RAMCOIND,EQ,266,2.5,2309.99,0.43,1.14
GPECO,SM,386.1,7.85,456.79,0.3,1.13
MIDCAP,EQ,16.83,1.63,185.41,6.72,1.13
MOLDTKPAC,EQ,563.45,3.18,1872.28,0.2,1.12
JAYESH,SM,166,3.75,144.28,0.68,1.12
UNITEDPOLY,EQ,26.52,0.65,608.68,4.02,1.12
SAWALIYA,SM,303,1.25,300.52,0.37,1.11
ESTER,EQ,90.02,1.56,878.47,1.22,1.11
TOP100CASE,EQ,10.37,1.47,147.52,10.73,1.11
5PAISA,EQ,306.99,2.16,959.49,0.36,1.11
SARVESHWAR,EQ,3.95,1.28,486.49,28.04,1.1
CONSUMBEES,EQ,124.59,1.37,199.28,0.88,1.1
RUBYMILLS,EQ,234.98,8.34,785.77,0.48,1.09
RAMAPHO,EQ,137,3.98,484.79,0.81,1.09
OLIL,SM,320.5,1.68,215.11,0.34,1.09
BHARATWIRE,EQ,171.5,1.19,1176.23,0.63,1.08
AMRUTANJAN,EQ,535.45,0.85,1548.02,0.2,1.08
UGARSUGAR,EQ,39.29,1.37,442.01,2.74,1.08
UNIVASTU,EQ,68,2.81,244.71,1.56,1.07
BAJAJINDEF,EQ,267.4,5.02,855.68,0.4,1.07
JLHL,EQ,1257.9,1.55,8247.55,0.08,1.06
RELTD,EQ,136.49,2.27,2438.05,0.78,1.06
KNAGRI,EQ,227,2.96,567.48,0.48,1.06
CNL,EQ,607,1.31,911.51,0.17,1.05
ESCONET,SM,140,5.86,184.75,0.74,1.05
ENCOMPAS,SM,294.8,1.36,418.13,0.36,1.05
YAAP,SM,160,3.23,334.93,0.65,1.03
INDOWIND,EQ,8.73,0.46,140.55,11.35,1.02
HDFCLIQUID,EQ,1055.98,0.04,50.98,0.1,1.01
AXISNIFTY,EQ,265.1,1.23,1262.46,0.38,1.01
ANDHRAPAP,EQ,63.85,2.62,1269.66,1.59,1
SGBJUN29II,GB,14798,0.87,2809.36,0.01,1
LANDSMILL,EQ,1.1,7.84,155.18,89.09,1
SENSEXBETA,EQ,845.15,0.04,53178.12,0.12,0.99
BLUSPRING,EQ,65.5,0.34,976.82,1.52,0.99
INDOBORAX,EQ,254.75,0.18,817.49,0.39,0.99
PENINLAND,EQ,17.67,4.43,586.16,5.55,0.98
MVGJL,EQ,169.1,1.76,826.01,0.57,0.97
INTLCONV,EQ,75,2.82,478.36,1.27,0.96
SILVERBND,EQ,236.78,0.91,12.48,0.4,0.96
JAGRAN,EQ,67.44,1.49,1467.86,1.42,0.95
ORICONENT,EQ,67.6,0.99,1061.64,1.41,0.95
MEDICAMEQ,EQ,238.28,0.56,323.17,0.39,0.94
VILAS,SM,419.8,2.43,1027.67,0.22,0.94
DENORA,EQ,760,5.03,403.46,0.12,0.93
NELCAST,EQ,123.1,0.35,1070.98,0.74,0.92
HILINFRA,EQ,50.5,0.6,362.19,1.79,0.91
SGBSEP28VI,GB,14670,0.7,4679.93,0.01,0.91
SGBJUN31I,GB,14900,1,11576.24,0.01,0.91
COASTCORP,EQ,49.53,0.06,331.74,1.79,0.9
DPABHUSHAN,EQ,1144.95,1.63,2613.68,0.08,0.9
IRISDOREME,EQ,32.54,1.4,619.34,2.79,0.9
LTGILTCASE,EQ,29.69,0.07,110.3,3.01,0.89
APSISAERO,SM,179.95,1.67,216.87,0.5,0.89
BALAJEE,EQ,34.55,13.5,281.83,2.65,0.89
DBEIL,EQ,70,6.17,326.07,1.3,0.89
MAGSON,SM,189.8,6.72,233.93,0.48,0.89
BFUTILITIE,BZ,455.1,4.09,1714.25,0.19,0.88
BIRLAMONEY,EQ,132.2,4.36,747.05,0.67,0.88
GTPL,EQ,69.75,6.54,784.43,1.29,0.88
SANATHAN,EQ,426,1.01,3595.61,0.21,0.87
830PFCL27,N5,1062,0.02,1307.45,0.08,0.87
SHANKARA,BE,127.19,4.25,308.43,0.68,0.87
MUFTI,EQ,79,2.33,516.42,1.1,0.87
ABSMARINE,SM,200.9,4.64,493.21,0.43,0.87
IFGLEXPOR,EQ,177.77,5.28,1281.34,0.5,0.87
ZEEMEDIA,BE,7.99,3.9,499.72,10.8,0.86
718GS2037,GS,103.3,0.19,177676,0.84,0.86
DEFENCE,EQ,68.41,1.35,58.31,1.25,0.86
SHREERAMA,EQ,52.5,3.73,700.71,1.64,0.86
CENTENKA,EQ,429.8,2.05,939.14,0.2,0.86
YASHO,EQ,1472,0.97,1774.8,0.06,0.85
JTEKTINDIA,EQ,134.14,2.44,3719.86,0.63,0.85
NAHARINDUS,EQ,105.6,8.53,456.25,0.81,0.84
VERTOZ,EQ,43.25,5.98,368.62,1.96,0.84
ALLDIGI,EQ,830,0.16,1264.78,0.1,0.84
ASAL,EQ,455,3.06,721.83,0.19,0.84
NIF100IETF,EQ,27.58,1.1,155.98,3.05,0.84
ALICON,EQ,653.4,3.05,1067.45,0.13,0.84
RAJTV,EQ,22.38,7.03,116.18,3.79,0.83
SALSTEEL,EQ,45.5,7.9,474.19,1.89,0.83
MADRASFERT,EQ,66.8,0.26,1076.16,1.24,0.83
TNIDETF,EQ,82.2,0.34,167.14,1.02,0.83
HERANBA,EQ,192.85,2.18,771.66,0.43,0.83
TOLINS,EQ,106.46,1.39,420.61,0.77,0.83
HDFCSENSEX,EQ,87.37,0.36,947.82,0.94,0.82
SIS,EQ,306,1.54,4322.93,0.27,0.82
MASTERTR,EQ,72.7,1.06,894.33,1.12,0.82
SBIBPB,EQ,50.6,1.89,1432.51,1.61,0.81
GUFICBIO,EQ,300.95,0.32,3018,0.27,0.81
MINDTECK,EQ,183.5,1.54,586.36,0.44,0.81
SILVER360,EQ,233.88,1.19,49.02,0.34,0.8
PUNJABCHEM,EQ,1043,4.56,1278.95,0.08,0.8
VAL30IETF,EQ,15.6,1.04,47.31,5.14,0.8
PRABHA,EQ,159.99,1.78,2190.35,0.5,0.8
UFO,EQ,70.7,2.97,274.42,1.13,0.8
RCOM,BE,1.02,4.08,282.08,78.7,0.79
NCLIND,EQ,182,0.29,823.24,0.43,0.79
ZEELEARN,EQ,4.93,2.28,161.24,15.99,0.79
GOACARBON,EQ,335,2.73,306.56,0.23,0.78
CIFL,EQ,26.77,5.02,1046.86,3,0.78
MAZDA,EQ,203.7,6.34,407.91,0.38,0.78
BMWVENTLTD,EQ,58.37,1.57,506.16,1.34,0.78
ANNAPURNA,SM,186.2,0.65,406.29,0.41,0.77
KAYA,EQ,271.05,4.95,411.66,0.28,0.77
PONNIERODE,EQ,281.1,0.41,241.7,0.27,0.77
BPL,EQ,50.45,6.08,247.08,1.53,0.77
INTERNET,EQ,11.84,1.46,24.26,6.51,0.77
KOKUYOCMLN,EQ,85.58,5.92,858.4,0.91,0.76
BIRLANU,EQ,1423,0.11,1073.07,0.05,0.76
MAHAPEXLTD,EQ,50.52,6.16,71.49,1.47,0.76
OMINFRAL,EQ,91.5,2.06,881.18,0.83,0.75
CHEMICAL,EQ,27.08,1.46,55.52,2.79,0.75
INDOCO,EQ,203.75,1.16,1880.69,0.37,0.75
SRTL,EQ,45.91,0.59,183.53,1.63,0.75
EVINDIA,EQ,29.31,2.23,153.43,2.56,0.75
NAHARSPING,EQ,241,4.71,869.17,0.31,0.75
INDOAMIN,EQ,106.05,2.56,769.79,0.69,0.74
SOTL,EQ,347,3.44,2379.05,0.22,0.74
HLVLTD,EQ,8.2,5.67,540.59,9.01,0.74
ABSLPSE,EQ,10.54,0.38,22.35,6.96,0.74
VRAJ,EQ,128.75,4.25,424.65,0.58,0.74
NECLIFE,EQ,11.75,9.92,228.26,6.33,0.74
BESTAGRO,BE,17.27,4.98,612.52,4.3,0.73
SAGCEM,EQ,181.95,2.87,2378.22,0.41,0.73
MAKEINDIA,EQ,154.02,1.57,249.44,0.48,0.73
GANDHITUBE,EQ,870,3.99,1057.22,0.08,0.73
MOMIDMTM,EQ,62.3,2.98,36.56,1.19,0.73
NILASPACES,EQ,13.76,0.22,541.99,5.29,0.73
VIESL,SM,286.9,2.83,706.99,0.26,0.72
ESFL,SM,148,3.93,367.62,0.49,0.72
SUPREMEPWR,SM,182.9,1.72,457.09,0.4,0.72
MOMENTUM,EQ,30.94,2.55,45.24,2.33,0.71
GAYAPROJ,BE,16.38,5,306.63,4.34,0.71
AVROIND,EQ,120,5.48,159.73,0.59,0.71
SCHAND,EQ,165.99,7.82,585.48,0.44,0.7
CHEMFAB,EQ,387.55,5.41,557.05,0.18,0.7
ORIENTPPR,EQ,18.14,0.61,384.9,3.86,0.7
PILANIINVS,EQ,4585,2.08,5076.63,0.02,0.7
BIRLACABLE,EQ,130.51,2.39,391.53,0.54,0.7
MAFANG,EQ,160.27,2.05,3963.53,0.43,0.7
TARACHAND,EQ,63.68,3.44,501.96,1.1,0.69
APCOTEXIND,EQ,383,0.96,1985.66,0.18,0.69
AONESILVER,EQ,9.04,0.89,23.22,7.61,0.69
KAMATHOTEL,EQ,170.25,0.37,501.9,0.41,0.69
DREAMFOLKS,EQ,77.49,3.46,412.79,0.89,0.68
VISHNUINFR,SM,173.95,9.33,428.09,0.41,0.68
PRIMO,EQ,23,3.28,557.39,2.96,0.68
733GS2026,GS,103.55,0.48,47633,0.65,0.68
LGHL,EQ,247,3.34,1237.29,0.28,0.68
MAGADSUGAR,EQ,488.5,1.78,688.38,0.14,0.68
HDFCPVTBAN,EQ,27.46,2.88,745.34,2.47,0.67
AONEGOLD,EQ,13.96,0.58,83.48,4.78,0.67
KALPATARU,EQ,306,2.44,6300.97,0.22,0.67
EIHAHOTELS,EQ,318,3.18,1937.77,0.21,0.66
MUKANDLTD,EQ,130.6,0.76,1887.11,0.51,0.66
FLYSBS,SM,424.9,3.07,735.24,0.16,0.66
AAREYDRUGS,EQ,68.52,5,194.28,0.97,0.66
RAMANEWS,EQ,33.5,9.05,494.2,2.04,0.66
VIKASLIFE,EQ,1.64,2.5,304.66,39.84,0.65
AARTISURF,EQ,413.9,3.17,350.37,0.16,0.65
VISAKAIND,EQ,64.9,1.45,560.77,1,0.65
STCINDIA,EQ,113.06,0.97,678.36,0.57,0.65
NEXT50BETA,EQ,72.2,1.3,2234.35,0.89,0.64
PSUBANKADD,EQ,87.1,0.48,212.54,0.73,0.64
ABCOTS,EQ,405.95,1.32,891.61,0.16,0.64
URAVIDEF,EQ,157,10.07,178.98,0.41,0.64
MONOLITH,SM,452,1.46,982.47,0.14,0.64
KAVDEFENCE,BE,64.3,5,221.03,1.01,0.64
LIBERTSHOE,EQ,261.99,1.97,446.43,0.24,0.63
PODDARMENT,EQ,255,11.39,270.56,0.25,0.63
VHLTD,BE,140.45,3.38,949.15,0.45,0.63
RADIANTCMS,EQ,42.9,5.67,457.78,1.49,0.63
HDFCPSUBK,EQ,88.98,3.37,32.77,0.71,0.63
KMSUGAR,EQ,27.6,1.77,253.92,2.27,0.63
TVTODAY,EQ,110.49,3.26,659.28,0.57,0.63
GRPLTD,EQ,1965.4,0.92,1048.21,0.03,0.62
GROWWNIFTY,EQ,9.67,1.26,28.83,6.47,0.62
KOTHARIPET,EQ,123.38,3.55,726.05,0.51,0.62
CHEMCON,EQ,152.76,2.84,559.57,0.4,0.61
APS,SM,358.55,0.73,722.84,0.17,0.61
ANUHPHR,EQ,79.95,2.45,801.29,0.76,0.6
NEOCHEM,SM,70,1.38,119.85,0.85,0.6
SINGERIND,EQ,74.8,4.81,465.4,0.81,0.59
UEL,EQ,163.5,4.81,2181.05,0.36,0.59
TRACXN,EQ,32.99,3.81,352.12,1.82,0.59
NV20IETF,EQ,14.28,0.92,187.22,4.11,0.58
SHIVASHRIT,SM,124.95,4.34,228.27,0.48,0.58
3IINFOLTD,EQ,15.86,3.19,328.94,3.73,0.58
TCPLPACK,EQ,2500,0.71,2275,0.02,0.58
BROOKS,EQ,72,0.6,212.09,0.8,0.58
UNITEDTEA,EQ,548.2,7.46,273.91,0.1,0.58
DCMSIL,BE,71.5,3.97,621.99,0.81,0.58
SATIA,EQ,64.6,2.2,646,0.9,0.58
SHREDIGCEM,EQ,70.5,0.03,1042.48,0.81,0.58
KAMOPAINTS,EQ,5.6,2.56,176.04,10.23,0.57
MOSILVER,EQ,233.09,0.78,1022.45,0.24,0.56
HDFCNEXT50,EQ,68.54,1.48,164.31,0.82,0.56
SGBMR29XII,GB,14615,0.3,4721.97,0,0.56
TOP20,EQ,8.8,0.8,10.46,6.35,0.56
GSS,EQ,15.81,9.94,41.35,3.57,0.56
SNXT30BEES,EQ,40.43,1.61,5.43,1.37,0.55
SOMICONVEY,EQ,110,2.22,129.58,0.49,0.55
INTENTECH,EQ,103.8,2.86,245.22,0.53,0.55
BFINVEST,EQ,393.5,3.17,1482.22,0.14,0.55
TARSONS,EQ,197.29,3.63,1049.71,0.28,0.54
NAHARCAP,EQ,238.05,2.65,398.64,0.23,0.54
NOVAAGRI,EQ,28.98,1.61,268.12,1.83,0.54
DIVOPPBEES,EQ,80.2,0.99,69.67,0.68,0.54
SHYAMDHANI,SM,72,0.35,148.72,0.74,0.54
KRONOX,EQ,132.63,0.56,492.11,0.4,0.54
AUTOIND,EQ,65.92,2.68,299.11,0.81,0.54
WOL3D,SM,156.8,4.85,101.17,0.34,0.54
BIGBLOC,EQ,50.01,4.67,708.02,1.07,0.53
GROWWCAPM,EQ,10.5,2.44,25.7,5.05,0.53
TERASOFT,EQ,355.6,4.99,444.92,0.15,0.53
DIVINEHIRA,ST,300,3.97,391.41,0.18,0.52
CORDSCABLE,EQ,161.5,2.06,208.78,0.32,0.52
BTML,EQ,6.79,2.88,122.56,7.87,0.52
EVIETF,EQ,29.7,3.63,49.83,1.78,0.52
930APMD29,N0,103502.61,0.1,1035.02,0,0.52
MNC,EQ,31.46,2.54,42.96,1.66,0.52
PHANTOMFX,SM,199.2,3.56,317.18,0.26,0.52
SAKUMA,EQ,2.11,3.43,330.79,24.56,0.52
935TSI29,N0,102802.91,0.1,1284.43,0,0.51
LORDSCHLO,EQ,154,8.67,387.37,0.34,0.51
AKSHOPTFBR,EQ,5.55,6.12,90.3,8.94,0.51
GROWWRLTY,EQ,8.47,1.68,14.32,5.98,0.51
734GS2064,GS,100.15,0.59,239358.5,0.5,0.5
RBMINFRA,SM,423,6.23,427.36,0.12,0.5
SUBAHOTELS,SM,127.95,3.73,310.18,0.4,0.5
VLEGOV,EQ,13.84,4.93,150.1,3.62,0.49
BOROSCI,EQ,115.6,1.3,1028.23,0.42,0.49
ESG,EQ,40.95,1.46,102.43,1.2,0.49
SPENCERS,EQ,33.3,4.78,300.14,1.46,0.49
SYSTMTXC,EQ,74.98,4.6,1023.76,0.67,0.49
BRANDMAN,SM,170,2.41,313.77,0.29,0.49
KAPSTON,BE,284,0.12,864.27,0.17,0.49
FCSSOFT,EQ,1.81,2.26,309.43,26.61,0.48
SPCENET,EQ,3.95,4.77,224.26,12.21,0.48
PREMIERPOL,BE,57.88,1.76,606.25,0.85,0.48
ATLASCYCLE,EQ,103.06,19.99,67.03,0.47,0.48
APRAMEYA,SM,236.75,0.77,450.77,0.2,0.47
VHL,EQ,3365,0.43,1073.95,0.01,0.47
GEECEE,EQ,318.65,6.4,666.35,0.15,0.47
MIRZAINT,EQ,31.95,2.87,441.56,1.45,0.46
915APSBC28,N0,102171.68,0.1,560.92,0,0.46
MODISONLTD,EQ,139,2.77,451.06,0.33,0.46
AVG,EQ,159.5,3.75,240.17,0.29,0.46
SUNLITE,SM,397,0.56,548.09,0.11,0.46
SENSEXETF,EQ,79.44,1,43.26,0.57,0.45
REFRACTORY,SM,42.2,9.9,92,1.09,0.45
NIPPOBATRY,EQ,339.9,1.31,254.93,0.13,0.45
SHALPAINTS,EQ,50.8,3.15,425.25,0.9,0.45
LLOYDS,SM,69.55,9.96,167.86,0.65,0.45
MOLOWVOL,EQ,35.95,0.95,67.19,1.25,0.45
INDIQUBE,EQ,154.25,1.7,3270.06,0.29,0.45
RMC,BE,410.5,2.34,434.18,0.11,0.45
PPAP,EQ,208,2.57,293.59,0.21,0.45
EXCELINDUS,EQ,939.9,2.68,1181.52,0.05,0.44
DMCC,EQ,224.5,4.81,559.9,0.2,0.44
SHIVALIK,EQ,263,1.54,414.23,0.17,0.44
VLSFINANCE,EQ,236.2,1.71,741.16,0.19,0.44
AURUM,EQ,172,1.02,1311.41,0.26,0.44
KABRAEXTRU,EQ,228.29,0.54,798.39,0.19,0.44
GROWWHOSPI,EQ,46.6,0.89,29.07,0.94,0.44
SBILIQETF,EQ,1034.41,0.04,149.45,0.04,0.43
SRHHYPOLTD,EQ,454,2.43,779.28,0.1,0.43
THOMASCOTT,EQ,263.9,3.56,387.15,0.17,0.43
BANKPSU,EQ,88.24,2.26,58.29,0.49,0.43
MID150,EQ,21.6,1.79,11.51,1.98,0.43
BHAGERIA,EQ,160.12,3.49,698.83,0.27,0.43
TUNWAL,SM,33.7,1.97,194.42,1.26,0.42
RAJSREESUG,EQ,29.31,3.42,97.12,1.44,0.42
TAURIAN,SM,241.95,1.26,214.93,0.18,0.42
TRIGYN,EQ,53.9,8.47,165.94,0.79,0.42
NIFTYQLITY,EQ,20.65,1.03,27.48,2.04,0.42
PASUPTAC,EQ,46.8,0.86,417.14,0.89,0.42
KICL,EQ,4690,2.43,2047.33,0.01,0.42
REMSONSIND,EQ,95.4,0.88,332.74,0.43,0.42
OMFURN,SM,63.1,13.08,74.3,0.67,0.42
RANASUG,EQ,13.05,1.24,200.41,3.2,0.42
PIGL,EQ,110.99,1.97,197.93,0.37,0.42
GSEC5IETF,EQ,64.6,0.02,20.6,0.64,0.41
AXISVALUE,EQ,33,0.7,33.36,1.26,0.41
MALLCOM,EQ,1119,3.07,698.26,0.04,0.41
NDLVENTURE,EQ,121.75,0.56,409.95,0.34,0.41
MODINATUR,EQ,378.15,8.91,503.18,0.11,0.41
MANAKALUCO,BE,27.7,3.75,181.53,1.49,0.41
NEXT50ETF,EQ,69.8,4.4,14.74,0.6,0.41
HINDCOMPOS,EQ,416,6.16,614.39,0.1,0.4
VINYLINDIA,EQ,225.8,0.32,414.05,0.18,0.4
PVSL,EQ,98.4,1.36,700.59,0.41,0.4
NIFTYADD,EQ,251.1,0.83,269.98,0.16,0.4
DIAMINESQ,EQ,261,7.93,255.36,0.16,0.4
CKKRETAIL,ST,136.9,3.95,265.15,0.3,0.4
GTL,EQ,7.7,3.77,121.12,5.12,0.39
73GS2053,GS,99.85,0.07,194707.5,0.4,0.39
GLOBECIVIL,EQ,44.9,5.65,268.14,0.89,0.39
MAXIND,EQ,154.65,3.7,812.27,0.26,0.39
ATL,EQ,24.8,1.18,723.81,1.54,0.39
XCHANGING,EQ,62.68,1.18,698.28,0.61,0.39
GATECH,EQ,0.5,2.04,55.14,78.44,0.38
THEMISMED,EQ,83.7,1.5,770.88,0.46,0.38
DSFCL,EQ,22.99,3,200,1.67,0.38
A2ZINFRA,BE,17.25,0.12,303.81,2.21,0.38
MUKKA,EQ,22.68,1.66,680.4,1.69,0.38
OILCOUNTUB,EQ,44.81,2.38,232.97,0.85,0.38
DURLAX,SM,49.9,3.96,144.37,0.78,0.38
SARLAPOLY,EQ,84.5,0.52,705.6,0.44,0.37
ARTNIRMAN,EQ,49.33,20,123.11,0.76,0.37
SETCO,BE,23.01,0.79,307.8,1.64,0.37
MOMENTUM30,EQ,30.77,3.05,25.73,1.22,0.37
OMAXE,EQ,77.1,1.41,1410.16,0.48,0.37
JAYSREETEA,EQ,83.26,1.71,240.43,0.44,0.37
KOTYARK,EQ,379.9,3.66,390.5,0.1,0.37
SATKARTAR,SM,181,1.32,284.98,0.2,0.36
HESTERBIO,EQ,1460,2.21,1242,0.03,0.36
EBBETF0433,EQ,1272.5,0.7,6320.62,0.03,0.36
DEVX,EQ,37.9,4.52,341.81,0.96,0.36
ALBERTDAVD,EQ,727.1,0.18,414.97,0.05,0.36
PASHUPATI,EQ,1000,0.25,1578.4,0.04,0.36
KATARIA,SM,113.5,9.19,244.38,0.32,0.36
INDORAMA,EQ,35.25,0.8,920.42,0.99,0.36
MMP,EQ,242.5,2.98,616.01,0.15,0.35
PSRAJ,SM,273,2.46,205.8,0.13,0.35
DENEERS,ST,167.8,4.97,144.42,0.21,0.35
AERONEU,EQ,81.18,2.5,209.41,0.43,0.35
ZIMLAB,EQ,72.26,1.08,352.16,0.48,0.35
SANGINITA,BE,21.52,1.99,55.74,1.62,0.35
VIPCLOTHNG,EQ,23.78,2.06,214.33,1.47,0.35
HEALTHY,EQ,14.65,0.41,74.9,2.39,0.35
GOLD360,EQ,146.25,0.93,134.24,0.24,0.35
TREJHARA,EQ,158.14,5,381.38,0.22,0.35
VISHWARAJ,EQ,5.61,2.94,122.2,6.12,0.34
MAHEPC,EQ,112.6,2.06,314.63,0.31,0.34
TTKHLTCARE,EQ,885,2.57,1250.53,0.04,0.34
BRIGHOTEL,EQ,63.02,0.78,2393.77,0.54,0.34
RPPINFRA,EQ,75.2,3.23,372.89,0.45,0.34
AONENIFTY,EQ,9.9,1.43,20.99,3.43,0.34
TCL,SM,86,1.18,209.34,0.39,0.34
HDFCLOWVOL,EQ,19.99,1.32,33.73,1.7,0.34
SAKHTISUG,EQ,16.55,0.73,196.7,2.05,0.34
BAFNAPH,EQ,139,2.11,328.82,0.24,0.34
OSWALGREEN,EQ,27.6,1.43,708.79,1.21,0.33
BLAL,EQ,173.99,2.11,724.57,0.19,0.33
SUDARCOLOR,EQ,334.5,0.01,772.09,0.1,0.33
GROWWCHEM,EQ,27.3,2.09,7.8,1.23,0.33
TANKUP,SM,583,8.97,308.7,0.06,0.33
VMSTMT,EQ,43.96,2.45,218.18,0.75,0.33
DHARARAIL,SM,117.2,7.42,176.78,0.28,0.33
SGBN28VIII,GB,14750.01,0.94,2320.85,0,0.33
KCPSUGIND,EQ,24.89,2.34,282.22,1.33,0.33
VSTL,EQ,115.9,1.5,219.77,0.28,0.33
KARNIKA,SM,138,8.66,855.57,0.24,0.33
VETO,EQ,99.52,0.64,190.23,0.32,0.32
OSWALSEEDS,EQ,12.51,1.38,114.43,2.52,0.32
JINDALPHOT,EQ,1145,0.97,1174.58,0.03,0.32
NIFTY100EW,EQ,33.97,4.62,15.78,0.97,0.32
690GS2065,GS,94.64,0.79,176976.8,0.34,0.32
VIRINCHI,EQ,18.97,6.51,194.72,1.69,0.32
MUTHOOTCAP,EQ,202.9,4.65,333.72,0.16,0.32
ATMASTCO,SM,149.7,3.78,370.28,0.21,0.32
MASPTOP50,EQ,70.26,1.71,1184.75,0.45,0.32
ARVEE,EQ,177,4.57,195.05,0.17,0.31
DECCANCE,EQ,656.3,0.98,919.31,0.05,0.31
CONSUMIETF,EQ,116.75,2.12,55.31,0.27,0.31
ACL,EQ,57.36,5,528.7,0.55,0.31
NURECA,EQ,265,3.96,252.86,0.12,0.31
TEXMOPIPES,EQ,45.75,8.1,133.57,0.7,0.31
VALUE,EQ,16.14,0.62,10.14,1.92,0.31
PLAZACABLE,EQ,37.92,3.07,165.91,0.82,0.31
VINSYS,SM,335,4.69,491.71,0.09,0.31
BLUEWATER,SM,162,2.53,178.2,0.19,0.31
NDL,EQ,2.59,1.57,373.34,11.67,0.31
PRITIKAUTO,EQ,13.74,7.01,228.79,2.29,0.31
NILAINFRA,EQ,8.65,2.85,340.71,3.5,0.3
RUCHIRA,EQ,110.6,1,330.09,0.27,0.3
GULFPETRO,EQ,33.1,1.97,168.76,0.91,0.3
DELPHIFX,EQ,11.2,5.16,274.7,2.74,0.3
MKPL,EQ,5.34,5.33,200.45,5.62,0.3
MUNJALSHOW,EQ,124.99,1.05,499.72,0.24,0.3
ATLANTAA,EQ,41.99,3.02,342.22,0.71,0.3
SGBMAR31IV,GB,14785,0.45,5221.45,0,0.3
GFLLIMITED,EQ,45.73,2.65,502.34,0.66,0.3
MULTICAP,EQ,15.6,1.3,79.7,1.91,0.3
MADHUSUDAN,SM,155.3,0.23,224.72,0.19,0.3
WSI,EQ,75.3,0.56,571.24,0.39,0.29
SBGLP,EQ,31.88,10.27,552.85,0.94,0.29
JAYAGROGN,EQ,200,5.46,600,0.15,0.29
ORIENTBELL,EQ,277.9,3.21,408.8,0.11,0.29
TGL,ST,30.55,4.98,36.66,0.96,0.29
NAVKARURB,EQ,0.83,3.75,93.13,35.18,0.29
SYSTANGO,SM,276.95,3.01,406.25,0.1,0.29
RNFI,SM,303,2.94,759.34,0.1,0.29
SECMARK,EQ,132.46,19.98,138.38,0.23,0.29
AARVI,EQ,131,1.66,194.02,0.22,0.29
MOLDTECH,EQ,126.75,1.79,365.1,0.23,0.29
865IRFC29,NA,1100,1.2,757.2,0.03,0.29
COOLCAPS,SM,31,2.48,358.36,0.93,0.28
UHTL,SM,55.4,6.54,105.28,0.52,0.28
PAVNAIND,EQ,18.4,3.55,256.74,1.57,0.28
JITFINFRA,BE,330.8,1.99,850.28,0.09,0.28
KREBSBIO,EQ,61.25,6.84,132.06,0.46,0.28
IVZINGOLD,EQ,12999,0.86,738.56,0,0.28
GROWWMOM50,EQ,10.38,2.67,25.57,2.72,0.28
AONETOTAL,EQ,11.33,1.61,41.4,2.48,0.28
MAHICKRA,ST,228.9,2.19,185.92,0.13,0.28
NV20BEES,EQ,146.25,0.07,155.24,0.19,0.28
TRF,EQ,257.35,3.25,283.2,0.11,0.28
ECOLINE,SM,120,1.69,246.18,0.23,0.27
SGBOCT27VI,GB,14900,1.02,1032.88,0,0.27
PTL,EQ,38.7,0.86,512.3,0.69,0.27
TREL,EQ,26.9,2.71,660.92,1,0.27
SURANASOL,EQ,23.47,3.53,115.49,1.15,0.27
OAL,EQ,274,4.15,922.11,0.1,0.27
SGBJUL29IV,GB,14697,0.66,4297.05,0,0.26
VIJAYPD,ST,72,2.27,140.61,0.36,0.26
BANSWRAS,EQ,113.49,6.55,388.5,0.24,0.26
MIDCAPBETA,EQ,215.64,2.28,13.73,0.12,0.26
OCCLLTD,EQ,94.25,1.56,470.78,0.28,0.26
KANDARP,SM,138,9.96,123.83,0.2,0.26
SGBAUG29V,GB,14650,0.47,3358.87,0,0.26
VIKASECO,EQ,1.47,0.68,260,17.73,0.26
BYKE,EQ,39.2,2.94,204.93,0.66,0.26
HPAL,EQ,36.8,5.53,338.1,0.72,0.26
DRONE,SM,52,4.63,126.88,0.51,0.26
VGINFOTECH,SM,144.05,2.13,358.23,0.18,0.26
BASML,EQ,22.67,1.89,181.18,1.14,0.26
NRAIL,EQ,450,6.51,765.86,0.06,0.26
CPCAP,EQ,87,3.57,158.28,0.3,0.26
HCL-INSYS,EQ,12.31,0.33,405.26,2.05,0.26
KOTARISUG,EQ,24.95,2,206.81,1.02,0.25
PRIMECAB,SM,87,0.52,159.42,0.29,0.25
NGIL,EQ,31.49,18.61,55.23,0.9,0.25
FAIRCHEMOR,EQ,518,1.48,652.47,0.05,0.25
717GS2030,GS,104.5,0.33,107635,0.24,0.25
GINNIFILA,EQ,41.2,0.98,352.88,0.61,0.25
AIRAN,EQ,17.7,6.76,221.29,1.42,0.25
HITECHCORP,EQ,144,0.37,247.33,0.17,0.25
PCCL,SM,249.9,0.02,617.25,0.1,0.25
BELLACASA,EQ,288,2.17,385.56,0.09,0.25
UMIYA-MRO,EQ,86.5,3.38,161.62,0.29,0.25
TIGERLOGS,EQ,30,4.02,317.18,0.82,0.25
LIQUIDSHRI,EQ,1099.8,0.03,35.03,0.02,0.25
BEACON,SM,83.95,7.08,151.65,0.3,0.25
KANPRPLA,EQ,189.5,1.28,455.04,0.13,0.24
SGBNV29VII,GB,14750,1.03,4791.15,0,0.24
MOHEALTH,EQ,43.47,0.91,42.56,0.57,0.24
HIGREEN,SM,145.3,0.52,363.1,0.17,0.24
GROWWPSUBK,EQ,88.07,2.71,5.79,0.28,0.24
SHRADHA,EQ,39.5,11.61,319.94,0.62,0.24
ATAM,EQ,69,10,79.09,0.36,0.24
XELPMOC,EQ,106.79,3.29,157.62,0.23,0.24
GEEKAYWIRE,EQ,25.3,3.05,264.44,0.94,0.24
KCEIL,SM,125.85,3.92,153.84,0.19,0.24
DONEAR,EQ,90.27,0.49,469.4,0.26,0.24
TCC,EQ,372,2.92,1768.04,0.06,0.23
SINCLAIR,EQ,81.82,4.56,419.41,0.29,0.23
SHERA,SM,125,6.79,305.49,0.19,0.23
BALAXI,EQ,23.85,3.88,131.67,0.97,0.23
INDBANK,EQ,32.9,2.24,146,0.69,0.23
ACCURACY,EQ,5.44,1.3,81.9,4.15,0.23
915APSBC35,N0,104232.88,1.99,572.24,0,0.23
AVTNPL,EQ,63.1,1.2,960.91,0.37,0.23
ORIENTCER,EQ,41.65,3.61,498.3,0.55,0.23
INDOUS,EQ,107,0.04,214.56,0.21,0.23
DELTIC,SM,42.2,12.99,64.52,0.56,0.23
VARDMNPOLY,BE,7.89,4.64,362.07,2.88,0.23
SBINEQWETF,EQ,32.27,1.13,37.25,0.7,0.23
574GS2026,GS,101.9,0.34,82539,0.22,0.22
VIDHIING,EQ,323.85,0.51,1617.47,0.07,0.22
CPEDU,EQ,198.5,8.9,361.13,0.12,0.22
IMPAL,EQ,1025,2.23,1279.2,0.02,0.22
RAJINDLTD,SM,78.1,4.48,173.5,0.28,0.22
GSMFOILS,SM,193.9,2.51,273.26,0.12,0.22
SUKHJITS,EQ,178.75,1.62,558.49,0.12,0.22
BASILIC,SM,232.65,0.15,587.79,0.09,0.22
GROWWSC250,EQ,9.1,2.13,15.69,2.4,0.22
RUBFILA,EQ,68,2.75,369.02,0.32,0.21
BIOPOL,SM,105,2.94,113.46,0.2,0.21
BIL,EQ,745,2.28,999.08,0.03,0.21
SPECIALITY,EQ,102.31,2.13,493.5,0.21,0.21
AGRITECH,EQ,123.12,6.06,73.13,0.17,0.21
WOMANCART,SM,192.75,0.92,158.3,0.11,0.21
BHARATGEAR,EQ,102.03,2.59,156.67,0.21,0.21
HITECHGEAR,BE,618,4.84,1162.68,0.03,0.21
LICNETFGSC,EQ,28.64,0.07,2280.24,0.74,0.21
EEPL,SM,124.25,3.54,161.02,0.17,0.21
ESSENTIA,EQ,1.36,3.03,145.21,15.54,0.21
SASTASUNDR,EQ,270,0.33,858.88,0.08,0.21
URBAN,SM,144.35,3.14,125.01,0.14,0.21
716GS2050,GS,102.95,0.52,90596,0.2,0.21
EMULTIMQ,EQ,40.3,0.35,33.72,0.51,0.21
DVL,EQ,229.9,1.91,805.22,0.09,0.21
FINBUD,SM,108.5,9.87,206.69,0.19,0.2
709GS2074,GS,95.2,0.05,150416,0.21,0.2
VALIANTLAB,EQ,59.99,3.95,325.82,0.34,0.2
INDTERRAIN,EQ,32.85,2.95,166.44,0.61,0.2
CUDML,SM,112,3.08,197.63,0.18,0.2
CHEMBONDCH,EQ,154.57,0.33,415.74,0.13,0.2
ANYA,SM,17.5,1.74,210,1.15,0.2
OPTIVALUE,SM,77.5,1.31,181.44,0.26,0.2
JAINIK,SM,129.7,1.45,186.09,0.16,0.2
ADVANIHOTR,EQ,53.26,2.09,492.33,0.37,0.2
UNIDT,EQ,206.9,1.98,420.07,0.09,0.19
92GS2030,GS,110.49,0.05,68376.24,0.18,0.19
SANGAMIND,EQ,453.6,1.26,2279.18,0.04,0.19
FRESHARA,ST,190.95,2.11,448.72,0.1,0.19
LANCORHOL,BE,26,4.5,191.23,0.74,0.19
SONAMLTD,EQ,54.9,1.48,219.78,0.35,0.19
POSITRON,SM,162.05,1.79,123.16,0.12,0.19
SESHAPAPER,EQ,267,1.57,1683.92,0.07,0.19
MOM50,EQ,251,1.42,55.84,0.07,0.19
CGRAPHICS,SM,167.05,2.86,405.7,0.11,0.19
QUAL30IETF,EQ,20.49,1.89,145.06,0.92,0.19
ASHOKAMET,EQ,16.06,4.02,40.14,1.12,0.19
HARRMALAYA,EQ,189.5,0.66,349.73,0.1,0.19
SAAKSHI,SM,193,1.05,340.76,0.1,0.19
CHAVDA,SM,97.5,2.63,318.4,0.19,0.18
GVPTECH,EQ,6.99,0.87,128.64,2.6,0.18
JHS,EQ,9.15,5.05,78.33,1.99,0.18
SUMEETINDS,EQ,29.81,0.17,1568.98,0.61,0.18
TIPSFILMS,EQ,344,6.24,148.71,0.05,0.18
HDFCBSE500,EQ,36.21,2.4,22.63,0.51,0.18
MIDQ50ADD,EQ,231,0.81,93.13,0.08,0.18
ELDEHSG,EQ,825.25,1.05,811.47,0.02,0.18
ENIL,EQ,108.25,1.54,516.03,0.17,0.18
ALMONDZ,EQ,14.08,3.53,244.49,1.27,0.18
NECCLTD,EQ,16,5.06,160,1.13,0.18
AVONMORE,EQ,12.3,3.45,347.09,1.46,0.18
NATHBIOGEN,EQ,150.66,0.67,286.31,0.12,0.18
KKJEWELS,SM,104.8,6.94,109.88,0.17,0.18
VIGOR,SM,61,7.96,63.15,0.29,0.18
AAKASH,BE,8.17,0.86,82.72,2.14,0.18
M&MFIN,N3,2319,0.03,62.52,0.01,0.17
SMARTEN,SM,63.4,1.44,120.47,0.28,0.17
PROV,SM,1275,6.25,440.31,0.01,0.17
NRL,EQ,51.65,1.73,356.74,0.34,0.17
SKP,SM,150.75,1.86,250.25,0.12,0.17
10IIFL28,N4,1047.8,0.29,243.85,0.02,0.17
753IRFC30,NJ,1130,1.79,1213.87,0.02,0.17
CANARYS,SM,23.75,5.56,139.52,0.72,0.17
GSLSU,EQ,57.75,5,244.75,0.3,0.17
AXISHCETF,EQ,144.75,0.37,21.78,0.12,0.17
CHETANA,SM,40,0.38,81.6,0.42,0.17
SGBJAN29X,GB,14621.01,0.33,1775.06,0,0.17
OMAXAUTO,EQ,107.6,2.83,229.95,0.16,0.17
SSFL,SM,114,0.93,97.7,0.14,0.17
ALPHAGEO,EQ,226.45,0.05,144.13,0.07,0.17
DCM,EQ,68.3,5.06,127.57,0.25,0.17
NAMOEWASTE,SM,159,0.66,363.59,0.1,0.17
GCHOTELS,SM,98,0.77,244.21,0.17,0.17
SGBJAN30IX,GB,14700,0.21,3429.79,0,0.16
96IIFL28A,NF,1000.5,0.12,328.19,0.02,0.16
FLEXIADD,EQ,9.67,0.62,13.02,1.7,0.16
96IIFL28,N5,1000.98,0.28,383.2,0.02,0.16
NIRAJ,EQ,29.04,4.91,173.35,0.56,0.16
GIRIRAJ,ST,175,4.79,418.61,0.1,0.16
GKWLIMITED,EQ,1560,0.13,930.77,0.01,0.16
AYMSYNTEX,EQ,192.5,3.7,1128.32,0.08,0.16
AGARWALTUF,SM,101.95,0.05,180.19,0.16,0.16
TRANSWORLD,EQ,143.99,2.39,316.17,0.11,0.16
SCPL,BE,324.8,1.23,341.04,0.05,0.16
SECURKLOUD,EQ,26.44,2.44,88.34,0.6,0.16
EMAMIPAP,EQ,70.66,1.96,427.49,0.22,0.16
DHARIWAL,ST,40,0.63,376.06,0.39,0.16
VARDHACRLC,EQ,36.97,1.48,297.1,0.44,0.16
MEGATHERM,SM,233.95,2.39,440.78,0.07,0.16
SGBAUG30,GB,14800,0.65,4973.4,0,0.16
VITAL,EQ,60.38,4.99,144.62,0.27,0.16
ALANKIT,EQ,9,0.22,244.04,1.73,0.16
MOTOUR,EQ,72.84,2.5,17.66,0.22,0.16
SGBJUL28IV,GB,14635.5,0.3,6045.66,0,0.16
CHEMBOND,EQ,150,1.85,201.72,0.1,0.15
SGBDC27VII,GB,14740,1.31,955.6,0,0.15
EXXARO,EQ,7.39,3.65,330.64,2.13,0.15
UMAEXPORTS,EQ,28.29,0.71,95.65,0.53,0.15
SHEMAROO,EQ,101.6,2.81,277.57,0.15,0.15
RKSWAMY,EQ,89,4.46,449.25,0.18,0.15
76NHAI31,NA,1090,0.18,2916.04,0.01,0.15
SGBSEP29VI,GB,14775,0.87,5201.3,0,0.15
EMAMIREAL,EQ,71.5,5.35,313.41,0.21,0.15
KDL,ST,136.05,3.66,163.59,0.11,0.15
UCAL,EQ,98.8,4.82,218.48,0.15,0.15
NIKITA,SM,114,1.24,281.21,0.13,0.15
NIFTYBETF,EQ,245.39,0.72,172.03,0.06,0.15
MEDICO,EQ,38.4,0.81,318.66,0.38,0.15
REPL,EQ,85.95,4.74,155.76,0.17,0.15
STEELCITY,EQ,84.99,3.43,128.4,0.17,0.14
RAJMET,EQ,4.03,1.77,111.42,3.56,0.14
TNTELE,EQ,10.59,3.12,48.37,1.33,0.14
AXITA,EQ,8.93,0.11,341.62,1.61,0.14
764NABAR31,N2,1095,0.23,1925.82,0.01,0.14
SATTVAENGG,SM,61,6.83,106.56,0.24,0.14
ODIGMA,EQ,29.1,4.3,90.96,0.49,0.14
ROSSELLIND,EQ,50.61,1.61,190.78,0.28,0.14
EMMBI,EQ,85,1.94,163.54,0.17,0.14
PRAXIS,EQ,8.09,4.93,150.32,1.7,0.14
SPCL,SM,80,2.56,192.93,0.17,0.14
SGBAUG27,GB,14636.04,0.09,1499.96,0,0.14
HDFCVALUE,EQ,131.5,0.66,34.67,0.11,0.14
IVC,EQ,7.31,0.55,229.56,1.93,0.14
1102NFL26,N8,1078,0.28,54.75,0.01,0.14
HDFCNIF100,EQ,25.5,0.79,76.98,0.54,0.14
DIGISPICE,EQ,17.4,1.52,407.98,0.8,0.14
BANKADD,EQ,56.92,1.75,650.77,0.24,0.14
SGIL,EQ,506.8,1.22,787.72,0.03,0.14
CENTEXT,EQ,20.48,0.44,163.84,0.66,0.14
ELM250,EQ,15.87,1.47,134.64,0.87,0.14
SSDL,EQ,62.39,2.77,247.06,0.22,0.14
SILINV,EQ,434,4.13,459.86,0.03,0.14
ADDICTIVE,SM,82.2,4.98,130.78,0.17,0.14
SUTLEJTEX,EQ,32,7.13,524.25,0.43,0.14
SBIMIDMOM,EQ,61.1,2.57,7.5,0.22,0.13
BAGFILMS,EQ,5.48,6.2,108.37,2.5,0.13
PLASTIBLEN,EQ,144.4,4.25,375.28,0.1,0.13
LAKSHYA,SM,98,2.62,98.82,0.14,0.13
KRITINUT,EQ,68.5,2.96,343.21,0.2,0.13
AXISBNKETF,EQ,573.66,1.63,350.98,0.02,0.13
NBIFIN,EQ,1819.9,1.4,537.75,0.01,0.13
PILITA,EQ,7.09,1,166.62,1.87,0.13
INNOMET,SM,89.9,9.63,116.33,0.14,0.13
ENVIRO,SM,100,3.68,187.9,0.13,0.13
SBIETFCON,EQ,115.5,1.71,23.25,0.11,0.13
CURIS,SM,107,0.94,86.5,0.12,0.13
PATINTLOG,EQ,11.05,2.79,76.89,1.17,0.13
SUPREMEINF,BZ,76.71,5,742.06,0.17,0.13
DHUNINV,EQ,820,5.58,499.97,0.02,0.13
ASTRON,EQ,4.84,8.28,22.51,2.67,0.13
WORTHPERI,EQ,135.8,3.38,213.9,0.09,0.13
SBIETFPB,EQ,274,2.16,408.56,0.05,0.13
CINELINE,EQ,88.44,3.19,303.05,0.15,0.13
SGBJUN30,GB,14750,0.53,3772.85,0,0.13
GOKUL,EQ,40.05,2.53,396.47,0.32,0.13
MOTOGENFIN,EQ,23.54,4.72,91.16,0.54,0.13
MURUDCERA,EQ,32.1,2.82,194.35,0.39,0.13
ATCENERGY,SM,31.3,1.13,63.82,0.4,0.12
SHEETAL,ST,255,2,292.13,0.05,0.12
MGEL,EQ,12.06,1.17,397.44,1.02,0.12
SGBMAR30X,GB,14700,0.36,2263.35,0,0.12
FIDEL,SM,144.5,9.47,198.7,0.09,0.12
CONSUMER,EQ,10.85,2.07,50.09,1.14,0.12
SHIVAMAUTO,EQ,19.05,4.5,250.5,0.64,0.12
EXIMROUTES,ST,156.95,4.63,294.31,0.08,0.12
XTGLOBAL,EQ,29.86,0.23,400.49,0.41,0.12
SRGHFL,EQ,275,3.82,431.8,0.04,0.12
GOLDKART,SM,243.5,0.45,408.72,0.05,0.12
SGBFEB29XI,GB,14675,0.17,1801.97,0,0.12
SUVIDHAA,EQ,3.41,8.25,71.54,3.6,0.12
JOCIL,EQ,114.5,1.34,101.69,0.1,0.12
735NHAI31,N9,1077,0.09,6443.23,0.01,0.12
RKEC,EQ,38.84,1.81,100.29,0.31,0.12
COMMITTED,SM,254.9,2.31,295.04,0.05,0.12
BANK10ADD,EQ,16.69,2.08,89.3,0.7,0.12
DYNAMIC,SM,136.7,3.68,187.91,0.09,0.12
IVP,EQ,140.68,5.02,145.27,0.08,0.12
82IGT31,NJ,1090.25,0.48,653.26,0.01,0.12
875NHAI29,N6,1096.39,0.59,1304.49,0.01,0.11
KANORICHEM,EQ,71.9,3.39,314.16,0.16,0.11
679GS2034,GS,98.5,0.03,181240,0.12,0.11
DCMNVL,EQ,115,1.52,214.79,0.1,0.11
PRAKASHSTL,EQ,4.59,3.61,80.33,2.49,0.11
BLUEPEBBLE,ST,149,1.22,60.79,0.08,0.11
THEINVEST,EQ,104.57,3.96,546.3,0.11,0.11
SAMPANN,EQ,30.95,3.3,151.07,0.36,0.11
SMALLADD,EQ,15.8,0.89,4.8,0.71,0.11
SENSEXADD,EQ,80.5,2.25,3.48,0.14,0.11
BHANDARI,EQ,3.17,3.26,105.55,3.48,0.11
VIJIFIN,BE,3.23,0.62,46.03,3.4,0.11
IEML,SM,82.1,1.86,150.52,0.14,0.11
GOLDTECH,EQ,41.31,4.03,215.89,0.27,0.11
AXISBPSETF,EQ,13.33,0.15,1015.61,0.82,0.11
ASIANHOTNR,EQ,300,1.35,1279,0.04,0.11
SGBD29VIII,GB,14760,0.76,3661.21,0,0.11
RSSOFTWARE,EQ,30.81,4.97,79.59,0.35,0.11
FMNL,EQ,8.46,3.93,51.31,1.27,0.11
GENUSPAPER,EQ,12.14,2.53,312.15,0.87,0.11
SGBMAY26,GB,14850,0.53,965.75,0,0.11
764IRFC31,NO,1117.01,0.01,1334.06,0.01,0.1
MOS,SM,13.45,4.67,346.26,0.76,0.1
BANKBETF,EQ,56.78,2.27,396.6,0.18,0.1
LATTEYS,EQ,21.95,0.83,126.2,0.46,0.1
GOYALALUM,BE,6.97,4.03,99.48,1.44,0.1
TPHQ,EQ,0.61,1.67,66.87,16.21,0.1
OSIAHYPER,EQ,4.05,4.92,71.67,2.44,0.1
76IGT26,ND,1068.8,0.09,103.11,0.01,0.1
WELINV,EQ,1292.5,0.55,472.34,0.01,0.1
AMDIND,EQ,44.06,4.78,84.45,0.22,0.1
VCL,EQ,1.65,4.43,30.32,5.99,0.1
SELECTIPO,EQ,41.73,1.73,17.46,0.23,0.1
ENERGYDEV,EQ,16.49,3.19,78.33,0.58,0.1
SREEL,EQ,187,0.78,433,0.05,0.09
GANGAFORGE,EQ,2.73,1.49,36.8,3.4,0.09
HBSL,EQ,56.17,2.95,40.09,0.17,0.09
BIOFILCHEM,EQ,33.77,1.78,54.96,0.28,0.09
GENSOL,BZ,22.16,4.97,84.21,0.42,0.09
RUDRA,EQ,18.38,1.32,184.43,0.51,0.09
BAIDFIN,EQ,11.07,0.91,166.14,0.84,0.09
SGBJAN29IX,GB,14670,0.74,4210.12,0,0.09
CONS,EQ,11.6,2.38,34.11,0.8,0.09
GANGABATH,SM,23.5,3.07,52.19,0.39,0.09
724GS2055,GS,99,0.41,77220,0.09,0.09
EIFFL,EQ,239.99,0.52,595.18,0.04,0.09
WINSOL,SM,126.4,3.1,145.8,0.07,0.09
AUSOMENT,BE,104.4,1.82,142.23,0.09,0.09
SOMATEX,BE,97.8,3.51,323.06,0.09,0.09
MUNISH,SM,74.75,1.15,179.93,0.12,0.09
871REC28,N9,1108,0.66,1298,0.01,0.09
READYMIX,SM,94,6.82,103.01,0.1,0.09
AERON,SM,99,2.06,168.5,0.09,0.09
NEWJAISA,SM,23.8,4.85,85.14,0.38,0.09
SUPERSPIN,EQ,4.88,4.5,26.84,1.86,0.09
AONETMMQ50,EQ,9.85,2.6,7.46,0.9,0.09
SGBAPR28I,GB,14949,1.01,2650.27,0,0.09
DCCL,SM,40.5,6.58,57.82,0.22,0.09
MAGNUM,EQ,21.9,1.34,149.82,0.39,0.09
KOHINOOR,EQ,24.6,1.65,91.2,0.35,0.09
RVHL,EQ,39.16,0.36,240.15,0.22,0.09
SHREEOSFM,SM,86.95,1.16,133.93,0.1,0.09
EPWINDIA,SM,119,0.42,136.61,0.07,0.08
ZENITHSTL,EQ,5.89,9.89,83.8,1.47,0.08
INDIANCARD,EQ,202.9,4.38,120.55,0.04,0.08
CLEDUCATE,BE,50.54,1.9,274.05,0.17,0.08
QNIFTY,EQ,263.2,1.43,78.74,0.03,0.08
WEALTH,EQ,942,2.7,1003.7,0.01,0.08
IL&FSENGG,BZ,27.48,2.92,360.32,0.31,0.08
HDFCQUAL,EQ,57.09,1.62,19.76,0.15,0.08
VISASTEEL,EQ,32.17,0.47,415.92,0.25,0.08
709GS2054,GS,97.49,1.03,144285.2,0.09,0.08
PURVFLEXI,SM,57.85,9.98,121.39,0.14,0.08
EUROBOND,EQ,169.15,4.46,414.42,0.05,0.08
DELTAMAGNT,EQ,60.49,7.27,65.64,0.14,0.08
STARPAPER,EQ,140.95,3.04,220,0.06,0.08
746GS2073,GS,101.55,0.2,118813.5,0.08,0.08
NOIDATOLL,EQ,3.84,3.5,71.5,2.14,0.08
DHANLAXMI,SM,29.2,8.55,47.68,0.28,0.08
SHRIKANHA,SM,20.45,4.87,31.87,0.4,0.08
901HUDCO34,NE,1251.1,0.09,839.68,0.01,0.08
FORCAS,SM,100,3.04,175.8,0.08,0.08
JMA,EQ,83.5,1.99,190.72,0.1,0.08
NRVANDANA,SM,54.8,5.38,127.66,0.15,0.08
901NHB34,N6,6215,0.06,827.49,0,0.08
115VCCL28,N0,98500,0.51,68.95,0,0.08
ABSLNN50ET,EQ,71.1,2.14,102.18,0.11,0.08
NEPTUNE,ST,195,0.03,441.74,0.04,0.08
SAMBHAAV,EQ,7.51,9.96,143.52,1.07,0.08
DANGEE,EQ,3.4,8.28,52.35,2.32,0.08
MAHAPE-RE,BE,35.15,2.63,49.53,0.22,0.08
SHREYANIND,EQ,158.1,2.66,218.57,0.05,0.08
MOKSH,EQ,11,5.87,97.07,0.71,0.08
LRRPL,SM,74.9,2.18,64.72,0.1,0.08
JETFREIGHT,EQ,17.87,0.73,82.92,0.43,0.08
BRNL,EQ,20.6,1.18,172.94,0.38,0.08
OWAIS,SM,135.95,4.98,247.19,0.06,0.08
STRIDERS,SM,68,1.49,126.59,0.11,0.08
KOTHARIPRO,EQ,68.27,2.49,407.49,0.11,0.08
AMCL,SM,470,0.86,556.23,0.02,0.08
ELGIRUBCO,EQ,42.25,2.35,211.46,0.18,0.07
ASHALOG,SM,68.95,2.15,93.47,0.11,0.07
DRCSYSTEMS,EQ,16.52,2.67,238.02,0.46,0.07
MIDCAPADD,EQ,21.27,1.62,5.96,0.35,0.07
MITTAL,EQ,1,2.04,44.39,7.47,0.07
DPSCLTD,EQ,9.18,2.57,893.94,0.81,0.07
ARENTERP,EQ,40.51,2.61,12.59,0.19,0.07
AKSHAR,EQ,0.47,6.82,37.01,15.91,0.07
AHLADA,EQ,45,2.53,58.14,0.16,0.07
ONYX,SM,35.1,8,63.64,0.2,0.07
EFFWA,SM,224.65,0.25,520,0.03,0.07
UNIENTER,EQ,102.5,4.07,712.84,0.07,0.07
99SCL27,ZH,1049,1.65,20.18,0.01,0.07
AEPL,EQ,19.32,4.94,485,0.36,0.07
NETF,EQ,259.3,0.81,708.36,0.03,0.07
TCIFINANCE,EQ,14.88,2.34,19.15,0.47,0.07
MANUFGBEES,EQ,152.42,2.03,10.71,0.05,0.07
RUCHINFRA,EQ,6.49,3.67,153.18,1.05,0.07
MANAKSIA,EQ,55.61,0.27,364.43,0.12,0.07
KHAITANLTD,EQ,108.5,4.86,51.54,0.06,0.07
STUDIOLSD,SM,13.4,9.84,69.53,0.5,0.07
MHLXMIRU,EQ,164.79,0.16,175.01,0.04,0.07
BAWEJA,SM,31.2,20,57.49,0.22,0.07
BANKA,EQ,69.11,5,75.48,0.1,0.07
SBINMID150,EQ,21.37,1.91,7.68,0.31,0.07
SRD,EQ,44.51,0.18,284.72,0.15,0.07
SOFTTECH,EQ,315.99,4.3,437.4,0.02,0.07
TOP15IETF,EQ,10,1.52,9.87,0.66,0.07
SIDDHIKA,SM,219.9,1.34,135.88,0.03,0.07
DJML,BE,82.98,0.63,285.27,0.08,0.07
SIGIND,EQ,49.97,3.54,147.1,0.13,0.07
INNOVANA,EQ,378,0.56,780.95,0.02,0.06
GLOBE,EQ,2.49,0.81,112.15,2.6,0.06
HPTL,SM,269.9,2.62,321.58,0.02,0.06
ASLIND,SM,80.45,4.96,83.81,0.08,0.06
AQYLON,EQ,47.46,5,1204.21,0.14,0.06
ALKALI,EQ,66,2.48,67.2,0.1,0.06
741GS2036,GS,104,0.22,156000,0.06,0.06
SVPGLOB,EQ,2.79,9.84,35.29,2.31,0.06
SHYAMCENT,EQ,4.7,2.17,99.72,1.33,0.06
AMJLAND,EQ,42.95,3.54,176.09,0.15,0.06
TTL,BE,8.68,1.76,224.21,0.74,0.06
NV20,EQ,14.57,0.9,82.78,0.43,0.06
VINNY,EQ,1.24,6.9,57.69,5.17,0.06
HOACFOODS,ST,417.9,5,181.39,0.01,0.06
FLEXITUFF,EQ,6.52,5.33,21.4,0.95,0.06
HMVL,EQ,68,2.56,500.97,0.09,0.06
ANLON,SM,385,1.85,240.83,0.02,0.06
MARALOVER,EQ,44.2,2.79,183.47,0.14,0.06
LOVABLE,EQ,70.9,3.88,104.93,0.09,0.06
COMPUSOFT,EQ,13.94,1.83,110.3,0.44,0.06
HALEOSLABS,EQ,1285.5,1.36,388.64,0,0.06
VLINFRA,SM,22.55,3.92,35.43,0.27,0.06
CCHHL,EQ,13.7,5.63,223.95,0.45,0.06
VIVIMEDLAB,EQ,7.36,4.99,61.02,0.82,0.06
LICNMID100,EQ,58.31,1.59,617.44,0.1,0.06
DIVIDEND,EQ,35.98,0.59,9.37,0.17,0.06
MHHL,SM,39.5,2.46,72.03,0.15,0.06
KSHITIJPOL,BE,2.73,5,42.11,2.18,0.06
REMUS,SM,654,0.8,770.67,0.01,0.06
SGBMAR28X,GB,14660.04,0.09,1110.26,0,0.06
622GS2035,GS,95.1,2.04,97358.94,0.06,0.06
USK,BE,22.95,4.99,127.04,0.26,0.06
KALYANIFRG,EQ,592.5,3.01,215.55,0.01,0.06
EQUAL50,EQ,321,1.21,145.98,0.02,0.06
MANORG,EQ,428,1.4,366.56,0.01,0.06
ANMOL,EQ,11.2,0.09,63.74,0.51,0.06
ZODIACLOTH,EQ,72.2,0.49,198.25,0.08,0.06
ENSER,SM,16.35,5.14,142.51,0.35,0.06
INVICTA,SM,75,2.74,94.29,0.08,0.06
MOALPHA50,EQ,49.75,2.22,6.49,0.12,0.06
SBIETFQLTY,EQ,214.94,1.15,76.09,0.03,0.06
AGROPHOS,EQ,33.6,0.96,68.12,0.17,0.06
AARADHYA,SM,95,3.26,134.31,0.06,0.06
GVKPIL,BE,2.63,1.94,415.18,2.16,0.06
CONSOFINVT,BE,222,2.49,717.65,0.03,0.06
DIGIDRIVE,EQ,21.36,2.69,82.37,0.27,0.06
MMEL,SM,32.7,20,61.5,0.18,0.06
DELAPLEX,SM,104,0.97,94.74,0.05,0.06
CTE,EQ,29.95,3.03,58.79,0.19,0.06
SHKSIL,SM,45.5,3.64,87.32,0.12,0.06
AKASH,EQ,27.55,0.8,46.46,0.2,0.06
SILKFLEX,ST,138.4,4.93,160.64,0.04,0.06
MONIFTY100,EQ,25.12,2.53,12.46,0.22,0.06
676GS2061,GS,92.5,0.54,131442.09,0.06,0.06
PRUDMOULI,EQ,17.38,5.53,56.05,0.32,0.05
LASA,EQ,7.66,1.32,38.38,0.7,0.05
AKG,EQ,11.2,1.73,35.59,0.48,0.05
GROWWN200,EQ,11.03,1.85,15.63,0.49,0.05
TAINWALCHM,EQ,189.7,3.12,177.63,0.03,0.05
ROML,EQ,45.2,5.34,67.75,0.12,0.05
HYBRIDFIN,EQ,20.64,2.13,60.76,0.26,0.05
AARNAV,EQ,23.19,0.09,97.95,0.23,0.05
TIJARIA,BE,4.9,4.48,14.03,1.11,0.05
EFORCE,SM,28.35,5.19,66.34,0.19,0.05
INFOLLION,SM,329.55,0.93,319.89,0.02,0.05
MALUPAPER,EQ,33.59,3.13,57.3,0.16,0.05
BANARBEADS,EQ,107.98,0.17,71.66,0.05,0.05
SUPERHOUSE,EQ,154.4,3.19,170.23,0.03,0.05
9SCL26BA,NA,1042,1.15,421.49,0,0.05
SUNTECH,SM,39.9,2.18,77.26,0.13,0.05
NAMAN,SM,55.95,2.1,73.1,0.1,0.05
NAGREEKCAP,EQ,24.69,6.93,31.15,0.22,0.05
CINEVISTA,EQ,14.57,2.53,83.68,0.35,0.05
935TSIIC28,N0,102700,2.3,1283.14,0,0.05
LYPSAGEMS,EQ,5.35,1.13,15.77,0.98,0.05
FORGEAUTO,SM,87.3,4.99,95.33,0.06,0.05
SDREAMS,SM,84.6,5.09,158.39,0.06,0.05
ORBTEXP,EQ,168.5,4.08,446.71,0.03,0.05
SRIVASAVI,SM,51.75,2.48,73.35,0.1,0.05
UNIINFO,EQ,12.02,9.27,12.85,0.41,0.05
DAMODARIND,EQ,28,17.99,65.24,0.19,0.05
CEREBRAINT,BZ,5.1,3.66,61.81,0.94,0.05
ASPINWALL,EQ,218.2,1.92,170.6,0.02,0.05
BSLSENETFG,EQ,77.53,1.21,269.32,0.06,0.05
SADBHAV,BE,9.66,1.9,165.74,0.49,0.05
LAMBODHARA,EQ,104.99,2.49,108.95,0.04,0.05
971SCL29,Z0,1000,2.56,20.41,0,0.05
TGBHOTELS,EQ,9.48,9.09,27.76,0.5,0.05
HEALTHADD,EQ,143.44,0.2,12.61,0.03,0.05
RULKA,SM,97,2.16,41.31,0.05,0.05
GREENLEAF,SM,65.85,9.93,39.04,0.07,0.05
SGBJUN28,GB,14660,0.62,3501.29,0,0.05
890AEL31,NN,1022,0.2,208.64,0,0.05
NMSTEEL,SM,23.9,4.14,41.32,0.19,0.05
UYFINCORP,EQ,13.73,0.73,261.2,0.33,0.04
SGBDE30III,GB,14801.02,0.62,4160.58,0,0.04
VIVIDHA,EQ,0.61,1.67,17.85,7.29,0.04
RILINFRA,SM,35.2,3.68,65.49,0.13,0.04
FIBERWEB,BE,37.5,0.54,107.97,0.12,0.04
RKDL,EQ,21.3,3.8,51.12,0.21,0.04
ISHANCH,EQ,56.45,3.43,147.56,0.08,0.04
985ECL28,NK,1052,0.2,286.28,0,0.04
SANDESH,EQ,940,2.29,711.53,0,0.04
710GS2029,GS,105,0.96,158550,0.04,0.04
PALREDTEC,EQ,33,0.21,40.37,0.13,0.04
ANIKINDS,EQ,43.99,2.83,122.09,0.1,0.04
LICNETFN50,EQ,267.29,0.86,856.55,0.02,0.04
CALSOFT,EQ,11.75,1.12,82.23,0.36,0.04
LAGNAM,EQ,66,1.09,116.62,0.06,0.04
BALKRISHNA,EQ,16.99,1.68,54.74,0.24,0.04
GANGESSECU,EQ,123,0.85,123.05,0.03,0.04
JISLDVREQS,EQ,23.8,1.75,45.92,0.17,0.04
PEARLPOLY,EQ,16.8,1.88,28.28,0.23,0.04
MOQUALITY,EQ,194.78,1.84,22.66,0.02,0.04
SFLZC26A,ZC,1851,0.33,26.33,0,0.04
ROYALARC,SM,160,1.33,177.6,0.02,0.04
KALANA,ST,24.35,4.96,31.75,0.16,0.04
SMARTLINK,EQ,124.4,0.49,124.09,0.03,0.04
DCG,SM,64.95,3.01,117.88,0.06,0.04
ISFT,EQ,70.88,3.76,115.62,0.05,0.04
GROWWMC150,EQ,214.01,2.38,5.64,0.02,0.04
GAYAHWS,EQ,2.35,4.91,56.32,1.64,0.04
SATECH,SM,48.8,2.09,63.72,0.08,0.04
REGENCERAM,EQ,47,4.82,124.28,0.08,0.04
BANG,EQ,35.5,6.03,48.14,0.11,0.04
862AEL31,NM,1006,0.12,51.27,0,0.04
LIBAS,EQ,11.08,2.03,29.19,0.34,0.04
CORALFINAC,EQ,33.15,4.28,133.6,0.11,0.04
GATECHDVR,EQ,0.47,4.44,8.91,7.96,0.04
876HUDCO28,ND,1120,0.72,912.8,0,0.04
726GS2033,GS,102.81,0.3,162439.8,0.03,0.04
ALUWIND,SM,60,0.42,149.08,0.06,0.04
TROM,SM,73.2,3.9,67.31,0.05,0.04
810IRFC27,N2,1064.89,0.83,3296.31,0,0.04
HEALTHCARE,EQ,18.19,0.66,8.12,0.2,0.04
SNXT50BETA,EQ,88.19,1.57,31.44,0.04,0.04
PARTYCRUS,SM,89,4.71,106.67,0.04,0.04
SONAMAC,SM,42.85,2.02,58.81,0.08,0.04
RADIOCITY,EQ,6.41,0.16,221.58,0.55,0.04
RELCHEMQ,EQ,119,1.86,89.77,0.03,0.03
MCON,SM,58.1,4.97,42.58,0.06,0.03
AMNPLST,EQ,161.4,4.34,888.02,0.02,0.03
BBTCL,EQ,178.86,0.78,366.86,0.02,0.03
PPSL,SM,8,6.67,23.44,0.42,0.03
MAL,SM,41,4.33,101.21,0.08,0.03
AKSHARCHEM,EQ,187,2.92,150.22,0.02,0.03
AESTHETIK,SM,80.9,2.66,139.31,0.04,0.03
DKEGL,SM,76.8,9.87,57.66,0.04,0.03
DICIND,EQ,523.95,1.72,480.93,0.01,0.03
APCL,EQ,117,1.16,343.68,0.03,0.03
RAPPID,SM,270,1.12,140.18,0.01,0.03
AMBICAAGAR,EQ,24.24,2.28,41.64,0.14,0.03
TOUCHWOOD,EQ,73,0.58,80.89,0.04,0.03
HEXATRADEX,EQ,164.24,0.1,907.34,0.02,0.03
GOLDSTAR,ST,6.8,1.49,194.61,0.45,0.03
GROWWNXT50,EQ,67.5,1.95,8.21,0.05,0.03
GML,ST,19.5,4.84,29.59,0.16,0.03
SYLVANPLY,SM,51,9.68,98.81,0.06,0.03
NDGL,EQ,2540,2.68,254,0,0.03
CROWN,EQ,128.89,4.83,149.38,0.02,0.03
915SCL26,NE,1040,0.14,203.16,0,0.03
RETAIL,EQ,21.36,5.07,17.53,0.14,0.03
ARVINDPORT,SM,33,1.23,58.73,0.09,0.03
QUALITY30,EQ,19.92,0.96,2.52,0.15,0.03
SAMAY,SM,37.2,4.94,57.1,0.08,0.03
664GS2035,GS,99,0.25,131005.53,0.03,0.03
SELMC,EQ,32.46,0.06,107.56,0.09,0.03
KAKATCEM,EQ,103.7,3.16,80.61,0.03,0.03
SPLIL,EQ,28.75,1.09,83.38,0.1,0.03
ROXHITECH,SM,35.5,0.42,81.43,0.08,0.03
ETL,SM,955,1.6,1019.11,0,0.03
BONLON,BE,42.99,4.98,60.97,0.07,0.03
MOINFRA,EQ,60.41,1.21,3.06,0.05,0.03
INTEGRITY,SM,115.5,4.29,49.66,0.02,0.03
PENTAGON,SM,74.95,15.4,57.79,0.04,0.03
AAKAAR,ST,57.2,4.76,81.07,0.05,0.03
LOTUSEYE,EQ,109.5,0.59,227.72,0.03,0.03
INCREDIBLE,EQ,35.73,5.65,167.09,0.08,0.03
KRIDHANINF,EQ,2.58,4.88,24.45,1.06,0.03
NAGREEKEXP,EQ,24.21,2.54,75.65,0.11,0.03
JYOTIGLOBL,ST,45.5,0.66,90.18,0.06,0.03
891NTPC33,N6,1242,0.47,496.76,0,0.03
KHFM,SM,58.4,0.26,134.97,0.05,0.03
VISHWAS,SM,40,1.01,40,0.06,0.03
CHAMUNDA,SM,42.45,0.95,46.71,0.06,0.03
HOMESFY,SM,140,4.4,45.17,0.02,0.03
ANTGRAPHIC,EQ,0.87,3.57,13.49,2.93,0.03
BSL,EQ,117,3.12,120.42,0.02,0.03
PAR,EQ,91.5,0.26,112.59,0.03,0.02
IDFNIFTYET,EQ,263.59,0.97,3.77,0.01,0.02
SOTAC,SM,102,0.74,112.71,0.02,0.02
EASTSILK,BE,63.39,1.1,31.7,0.04,0.02
HGM,EQ,54.2,0.37,68.26,0.05,0.02
LCCINFOTEC,BE,5.24,3.15,66.33,0.46,0.02
NITIRAJ,EQ,211.99,0.2,217.31,0.01,0.02
HOLMARC,SM,80.35,4.96,80.75,0.03,0.02
NORBTEAEXP,BE,86.47,1.15,134.41,0.03,0.02
GLOSTERLTD,EQ,581.6,0.5,636.46,0,0.02
PROPEQUITY,SM,195,4,204.4,0.01,0.02
SSFLPP,E1,97.5,2.69,169.01,0.02,0.02
SHAHALLOYS,EQ,68,3.25,134.62,0.03,0.02
ALCODIS,SM,77,8.99,78.92,0.03,0.02
DCMFINSERV,BE,5.83,4.86,10.95,0.4,0.02
ABHAPOWER,SM,27.75,1.09,51.58,0.08,0.02
RAJPUTANA,SM,225.65,4.66,158.71,0.01,0.02
KSR,BE,35.19,2,64.67,0.06,0.02
GROWWLOVOL,EQ,10.2,1.19,4.14,0.22,0.02
BVCL,EQ,43.3,1.88,95.95,0.05,0.02
BEDMUTHA,BE,114.43,0.44,369.2,0.02,0.02
KARMAENG,EQ,41.8,0.94,48.36,0.05,0.02
SGBJUL27,GB,14644,0.99,784.84,0,0.02
KORE,SM,109.65,4.98,132.95,0.02,0.02
MADHUCON,EQ,5.1,0.79,37.64,0.43,0.02
EQUAL200,EQ,12.97,1.65,18.57,0.17,0.02
MANDEEP,SM,21.5,4.88,22.23,0.1,0.02
AMEYA,SM,107,1.18,80.25,0.02,0.02
LAL,EQ,7.85,0.26,135.6,0.27,0.02
SILLYMONKS,EQ,16.8,0.84,20.93,0.13,0.02
PRITIKA,SM,53.95,3.85,142.24,0.04,0.02
TEAMGTY,EQ,266,2.31,239.22,0.01,0.02
738REC27TF,N2,1046.01,0.09,891.24,0,0.02
ARCHIES,EQ,14.96,2.47,50.53,0.14,0.02
PFCL36B,N9,51221.01,0.01,136.49,0,0.02
CEDAAR,SM,25.5,4.94,35.39,0.08,0.02
SHUBHLAXMI,SM,26.25,4.58,27.84,0.08,0.02
591GS2028,GS,100,0.96,51000,0.02,0.02
DTIL,EQ,136,4.18,142.9,0.01,0.02
943ECL28,NJ,996.49,0.21,58.92,0,0.02
USASEEDS,SM,115.5,5,116.49,0.02,0.02
125VCCL31,N0,96500,0.52,48.25,0,0.02
INSPIRISYS,BE,85,1.63,336.74,0.02,0.02
BEARDSELL,EQ,25.11,3.63,99.03,0.08,0.02
PIONEEREMB,EQ,25.98,4.84,80.04,0.07,0.02
EMMIL,SM,153.25,2.85,173.58,0.01,0.02
REXPRO,SM,47.45,4.98,53.17,0.04,0.02
794TN32,SG,104.75,1.06,1047.5,0.02,0.02
MAHESHWARI,EQ,47,1.75,139.11,0.04,0.02
EBANKNIFTY,EQ,56.5,2.6,11.7,0.03,0.02
PRESSTONIC,ST,32.7,4.98,49.84,0.06,0.02
695GS2061,GS,92.9,0.09,136563,0.02,0.02
CONTI,SM,13.6,4.62,18.96,0.13,0.02
GAJANAND,SM,8.3,13.7,15.63,0.21,0.02
NATCAPSUQ,EQ,156.65,1.54,162.7,0.01,0.02
SURYALAXMI,EQ,55.89,2.78,105.1,0.03,0.02
RTL,ST,87.9,4.02,116.02,0.02,0.02
BRACEPORT,SM,54.5,5.83,61.59,0.03,0.02
SHIVAMILLS,EQ,52,1.38,44.94,0.03,0.02
GRAPHISAD,ST,36.95,3.36,67.53,0.05,0.02
ARSHIYA,BZ,1.32,4.76,34.78,1.33,0.02
HDIL,BZ,2.15,4.88,101.91,0.8,0.02
EMKAYTOOLS,SM,102,0.49,108.85,0.02,0.02
GUJRAFFIA,EQ,39.25,0.64,21.21,0.04,0.02
KLL,SM,42,2.31,77.83,0.04,0.02
865IIFL28,NS,990,0.09,156.69,0,0.02
AEL120924A,N5,1145,2.23,26.55,0,0.02
MASTER,SM,334,4.38,133.6,0.01,0.02
GROBTEA,EQ,870,1.64,101.12,0,0.02
INFRA,EQ,11.35,2.25,8.05,0.15,0.02
SGBJAN27,GB,14879.99,2.59,362.49,0,0.02
GILLANDERS,EQ,90.6,1.09,193.36,0.02,0.02
MODIRUBBER,EQ,120.7,1.08,302.24,0.01,0.02
955SCL35,NO,1000,2.04,18.51,0,0.02
ISHAN,SM,0.8,6.67,17.3,1.92,0.02
SINTERCOM,EQ,82,2.31,225.73,0.02,0.02
NPBET,EQ,272.97,0.44,10.68,0.01,0.02
ARCIIL,SM,49.95,0.4,51.44,0.03,0.02
21STCENMGM,EQ,30.34,1.98,31.86,0.05,0.02
LAXMICOT,BE,14.78,3,25.34,0.1,0.02
GLOBALPET,SM,101,8.95,119.05,0.01,0.02
MOMGF,EQ,150.75,1.2,1.51,0.01,0.02
MOBANK10,EQ,16.75,6.08,5.78,0.09,0.02
AGNI,SM,20,4.99,39.07,0.07,0.01
HISARMETAL,EQ,150,1.35,81,0.01,0.01
MOSERVICE,EQ,30.86,1.11,5.32,0.05,0.01
SGBJ28VIII,GB,14885.9,1.31,777.22,0,0.01
VERTEXPLUS,SM,81.6,4.95,44.71,0.02,0.01
SADBHIN,EQ,2.75,4.96,96.86,0.53,0.01
AGARWALFT,SM,32.35,4.86,23.43,0.04,0.01
AGUL,SM,72,2.93,39.48,0.02,0.01
SOCL,SM,29.3,0.17,39.24,0.05,0.01
NIBL,EQ,29.38,2.19,71.19,0.05,0.01
GOLDENTOBC,BZ,24.6,4.86,43.32,0.06,0.01
ACCORD,SM,34.75,4.98,12.07,0.04,0.01
3PLAND,EQ,35.35,0.86,63.63,0.04,0.01
ZENITHDRUG,SM,42.5,3.66,72.88,0.03,0.01
DNAMEDIA,EQ,3.19,1.27,37.55,0.43,0.01
CELLPOINT,SM,16,2.56,29.9,0.08,0.01
FLFL,BZ,1.36,3.82,27.44,0.99,0.01
SPUNWEB,SM,109,0.46,262.73,0.01,0.01
MOPSE,EQ,103.82,0.52,1.87,0.01,0.01
NKIND,EQ,64.6,2.15,38.82,0.02,0.01
SIGNORIA,SM,62.7,4.94,29.83,0.02,0.01
GLOBALE,EQ,11.7,9.35,12.43,0.11,0.01
HEADSUP,EQ,7.1,1.72,15.68,0.17,0.01
AXSENSEX,EQ,79.73,0.85,127.73,0.01,0.01
PROFX,SM,73,5.8,127.78,0.02,0.01
SELLOWRAP,SM,72,0.14,98.96,0.02,0.01
IPSL,SM,228.95,3.15,197.05,0.01,0.01
MARCO,SM,38.3,0.92,71.62,0.03,0.01
ANSALAPI,BZ,3.2,1.91,50.37,0.36,0.01
AIROLAM,EQ,83.12,0.41,124.7,0.01,0.01
698GR2054,GS,98,2.81,29400,0.01,0.01
1050NFL26,N7,1005,0.5,67.83,0,0.01
BBNPNBETF,EQ,56.1,1.43,4.42,0.02,0.01
BILVYAPAR,BE,6.48,4.85,20.33,0.17,0.01
SFML,SM,23.5,6.82,58.35,0.05,0.01
PHOGLOBAL,SM,18.1,3.43,35.02,0.06,0.01
ARUNAYA,SM,18.45,4.83,32.36,0.06,0.01
SCLZC26A,NF,2261,1.15,2.14,0,0.01
LOWVOL,EQ,200.49,1.13,46.38,0.01,0.01
MONEXT50,EQ,67.45,2.01,3.54,0.02,0.01
AILIMITED,SM,35.95,4.96,21.65,0.03,0.01
668GS2040,GS,97,0.15,171690,0.01,0.01
AUROIMPEX,SM,33.45,4.21,40.81,0.03,0.01
AROGRANITE,EQ,24.41,0.54,37.35,0.04,0.01
ACTIVEINFR,SM,170.05,0.03,255.33,0.01,0.01
JIWANRAM,SM,5.5,5.77,13.61,0.18,0.01
TRIDHYA,SM,8.4,5,19.56,0.12,0.01
675GS2029,GS,100.5,0.14,102510,0.01,0.01
865TCAPS27,N8,1067.65,0.63,641.01,0,0.01
TREEHOUSE,BE,8.29,1.34,35.08,0.12,0.01
0MOFSL26,N1,1174,0.93,29.38,0,0.01
WILLAMAGOR,EQ,26.78,3.12,29.34,0.04,0.01
ZEAL,SM,81,0.19,107.81,0.01,0.01
PREMIER,BE,3.15,0.64,9.57,0.29,0.01
CELEBRITY,EQ,7.74,4.31,46.19,0.12,0.01
INSPIRE,SM,8.75,4.79,11.91,0.1,0.01
TVVISION,EQ,5.58,5.88,21.62,0.16,0.01
DIRL,SM,14.2,4.8,13.55,0.06,0.01
SITINET,BZ,0.34,3.03,29.65,2.48,0.01
MOHITIND,EQ,23.93,4.41,33.88,0.04,0.01
762NTPC35F,ND,1195,0.3,198.06,0,0.01
ADL,EQ,68.14,0.35,37.93,0.01,0.01
MSCIADD,EQ,28.79,1.16,3.25,0.03,0.01
SAGARDEEP,EQ,23.4,2.14,39.91,0.03,0.01
CMNL,SM,104,0.97,251,0.01,0.01
74GS2035,GS,102.75,3.43,86561.74,0.01,0.01
880IREDA29,N5,1106,2.29,259.41,0,0.01
SONUINFRA,SM,51.55,4.99,60.65,0.01,0.01
AISL,SM,64,3.06,74.8,0.01,0.01
NEXT50ADD,EQ,67.61,1.95,9.28,0.01,0.01
ABSLMSCIN,EQ,28.68,1.31,9.96,0.03,0.01
MIEL,SM,12.45,4.62,21.91,0.06,0.01
CAPTRUST,BE,13.35,1.44,45.42,0.06,0.01
YUDIZ,ST,30.85,4.93,31.84,0.02,0.01
KONSTELEC,SM,36.9,4.98,55.72,0.02,0.01
LICNETFSEN,EQ,873.08,1.68,720.13,0,0.01
889SCL26,NS,1040.8,1.52,14.9,0,0.01
KAUSHALYA,EQ,840,1.3,29.09,0,0.01
ZENITHEXPO,EQ,213.44,10,115.18,0,0.01
JAIPURKURT,EQ,30.5,0.89,58.23,0.02,0.01
AXISCETF,EQ,115.21,1.62,12.72,0.01,0.01
MOIPO,EQ,41.78,1.95,5.01,0.02,0.01
GSEC10YEAR,EQ,29.69,0.47,94.01,0.02,0.01
MORARJEE,BZ,7.45,4.93,27.07,0.09,0.01
SIMBHALS,BZ,8.7,3.2,35.91,0.08,0.01
EQUIPPP,BE,15.29,2.55,157.63,0.04,0.01
SANGANI,SM,44,4.76,60.62,0.01,0.01
PLADAINFO,SM,10.9,4.81,9.35,0.06,0.01
CYBERMEDIA,EQ,15.29,3.94,31.53,0.04,0.01
GILT10BETA,EQ,25.97,0.5,23.36,0.02,0.01
VR,SM,156.55,5,139.02,0,0.01
IL&FSTRANS,BZ,2.22,4.72,73.03,0.28,0.01
902SCL28,N1,980,19.22,61.74,0,0.01
BLUECOAST,EQ,23.7,2.02,40.75,0.03,0.01
CIFCZC26,NF,1180.2,0.85,13.3,0,0.01
ABGSEC,EQ,112.95,2,11.62,0.01,0.01
706GS2046,GS,99,0.76,84150,0.01,0.01
KEEPLEARN,EQ,2,2.04,31.14,0.27,0.01
ESENSEX,EQ,77.4,0.86,14.54,0.01,0.01
AHLWEST,EQ,174.83,5,203.7,0,0.01
SPPPOLY,SM,13.3,4.72,20.47,0.04,0.01
KHANDSE,EQ,15.39,0.59,23.48,0.03,0.01
SALONA,EQ,277,0.33,145.77,0,0
91D040626,TB,98.92,0.03,15332.6,0.01,0
730PFCL41,NC,985,4.22,21.5,0,0
MONOPHARMA,SM,12.1,4.76,21.38,0.04,0
CADSYS,SM,47.8,3.91,47.81,0.01,0
RADIOWALLA,SM,29.15,4.86,20.55,0.02,0
TECILCHEM,EQ,12.91,7.76,24.48,0.04,0
IVZINNIFTY,EQ,2730.68,0.8,91.94,0,0
MON50EQUAL,EQ,32.4,1.69,128.3,0.01,0
QVCEL,SM,26.7,2.89,27.9,0.02,0
SEL,SM,213,2.87,49.39,0,0
THESL,SM,14.15,4.81,17.67,0.03,0
81TCHF28,N8,1019.9,0.01,39.04,0,0
739ML26,SG,102.51,2.51,423.37,0,0
74GS2062,GS,100,1.01,156000,0,0
MOMNC,EQ,30.2,1.58,2.27,0.01,0
RADAAN,EQ,3.24,2.21,17.55,0.13,0
LICNFNHGP,EQ,271.25,1.81,726.82,0,0
ENIFTY,EQ,24.02,0.71,15.78,0.01,0
885MOFSL26,N0,1079.9,0.32,51.81,0,0
DHTL,SM,40,1.65,12.57,0.01,0
MFML,EQ,23,0.79,24.43,0.01,0
GTECJAINX,EQ,20.85,6.87,21.24,0.01,0
1030SFIL28,NM,700,14.75,5.11,0,0
COMPINFO,BZ,1.19,4.39,10.21,0.25,0
1119NFL27,ND,1060,5.47,52.79,0,0
SETUINFRA,BZ,0.47,4.44,5.91,0.57,0
RITEZONE,SM,16.2,4.52,6.85,0.02,0
ABMINTLLTD,BE,46.2,1.99,43.46,0.01,0
SABAR,ST,4.95,4.21,9.51,0.05,0
843IHFL29,NC,982.99,3.47,52.82,0,0
SHYAMTEL,EQ,9.48,3.04,10.68,0.03,0
LOYALTEX,BE,204.96,1.16,98.72,0,0
IIFLZC26B,NY,1226.45,0.04,10.93,0,0
SUPREMEENG,BZ,1.07,4.9,26.74,0.21,0
9IIFL31,Y9,993.5,0.05,111.51,0,0
1015ECL29,NR,1019.99,0.28,113.32,0,0
FEL,BZ,0.43,2.38,19.56,0.47,0
91D170426,TB,99.82,0.2,12717.07,0,0
91D070526,TB,99.46,0.05,11378.38,0,0
ORTEL,BZ,1.7,4.94,5.61,0.13,0
948SCL27,YV,986,0.61,9.27,0,0
364D101226,TB,96.25,1.05,7315,0,0
NIRAJISPAT,BE,194,4.66,11.64,0,0
GVPTECHPP,E1,2.78,13.01,5.89,0.06,0
743REC35,NH,1180,1.2,219.55,0,0
MEP,BZ,0.87,1.16,15.96,0.18,0
OMKARCHEM,BZ,4.37,3.07,8.99,0.03,0
WINSOME,BZ,1.69,1.81,11.95,0.08,0
MASKINVEST,EQ,135,3.81,41.2,0,0
ICDSLTD,BE,45.18,4.78,58.85,0,0
SCL25924D,N1,1138.39,0.03,6.6,0,0
SCL25924A,N1,1133,9.89,6.2,0,0
860AEL28,NH,1015,1,159.83,0,0
779PN36,SG,101.96,1.96,1019.6,0,0
1150AFIL28,N0,10095,3.02,20.19,0,0
76TN32,SG,100.4,4.58,2008,0,0
91D300426,TB,99.59,0.2,16930.3,0,0
182D040626,TB,98.6,0.1,8394.65,0,0
925SCL27B,N1,984,4.65,7.16,0,0
364D031226,TB,96,0.42,6528,0,0
364D190227,TB,95.2,1.43,7901.6,0,0
AEL12126,NI,1009.8,2,20.12,0,0
WEIZMANIND,EQ,81.58,0.94,126.4,0,0
EUROTEXIND,EQ,13.8,2,12.07,0.01,0
SANCO,BZ,2.12,1.92,2.77,0.03,0
769NHAI31,NE,1134,0.89,1278.77,0,0
797IGT31,NL,1066,2.5,43.94,0,0
905LTF27,NF,1020,0.49,359.03,0,0
971SCL28,AN,505,1,6.72,0,0
846REC28,N6,1100,0.34,1802.66,0,0
764HUDCO31,N8,1104.01,0.3,613.99,0,0
10IIFL29,N6,1040,2.96,32.26,0,0
ABSL10BANK,EQ,167.01,2.1,46.05,0,0
850NHAI29,N5,1075.4,0.01,1862.62,0,0
719HUDCO28,N7,1020.01,0.05,111.58,0,0
GLFL,BE,4.51,4.88,12.23,0,0
662GS2051,GS,92.87,2.05,51078.5,0,0
SABEVENTS,BE,10.84,4.94,11.36,0,0
AARTISURF,P1,205,1.76,22.19,0,0
833GS2026,GS,102.65,3.05,92385,0,0