Symbol ,Series ,LTP ,%chng ,Mkt Cap (₹ Crores),Volume (Lakhs),Value (₹ Crores)
HDFCBANK,EQ,744,1.7,1145266.6,788.63,5879.38
ICICIBANK,EQ,1213,0.59,868506.59,254.72,3106.53
GRSE,EQ,2367.3,20,27117.89,92.92,2136.09
RELIANCE,EQ,1369.5,1.9,1853272.13,144.05,1976.33
BHARTIARTL,EQ,1786.7,0.24,1088654.86,106.95,1916.76
INDIGO,EQ,4183,6.07,161720.22,43.62,1842.42
MAZDOCK,EQ,2322,12.43,93664.84,78.13,1787.07
SBIN,EQ,1018,3.94,939676.87,174.24,1767.14
HINDCOPPER,EQ,493.7,8.86,47741.98,302.12,1499.73
LT,EQ,3621,3.34,498108.93,41,1488.32
BSE,EQ,2865.9,6.8,116895.5,51.67,1481.22
BAJFINANCE,EQ,819,2.18,509593.42,150.94,1252.2
RPSGVENT,EQ,939.8,17.45,3109.46,129.86,1186.1
SILVERBEES,EQ,225,4.13,30941.4,514.92,1161.5
DMART,EQ,4263.3,7.75,277427.03,27.1,1148.66
VEDL,EQ,676.85,3.37,264674.62,167.57,1140.34
COCHINSHIP,EQ,1340,12.31,35252.82,80.12,1078.12
M&M,EQ,3021,2.24,375670.06,35.23,1072.36
BEL,EQ,420,4.83,307010.71,253.01,1070.39
SHRIRAMFIN,EQ,899.9,3.19,169322.07,117.52,1067.29
INFY,EQ,1279,2.27,518710.18,81.37,1046.24
TCS,EQ,2411.2,2.22,872393.26,41.33,1005.76
MCX,EQ,2471,3.42,63008.48,37.49,928.57
ONGC,EQ,287.5,1,361683.03,316.26,911.75
ETERNAL,EQ,236.75,3.39,228472.05,345.31,818.27
HAL,EQ,3685,5.67,246443.59,22.47,815.19
AXISBANK,EQ,1200,3.33,372950.25,65.96,787.6
KOTAKBANK,EQ,355.4,0.57,353497.36,212.46,761.43
ADANIPOWER,EQ,156.5,4.04,301805.47,482.16,751.25
KAYNES,EQ,3538,3.16,23716.86,20.72,744.19
GOLDBEES,EQ,123.4,1.82,55129.64,593.65,734.05
HINDALCO,EQ,904.65,2.28,203295.35,77.77,707.92
JBMA,EQ,558.95,8.48,13218.85,123.67,706.27
TATASTEEL,EQ,194.85,1.56,243241.53,358.14,703.59
NATIONALUM,EQ,401,3.86,73648.93,172.97,694.38
DIXON,EQ,10270,6.17,62443.54,6.71,683.11
GVT&D,EQ,3799.5,4.37,97284.88,17.11,673.33
MARUTI,EQ,12500,1.58,393003.22,5.02,628.88
OLAELEC,EQ,25.95,13.82,11446.1,2471.54,627.77
GUJALKALI,EQ,591,3.95,4340.12,101.46,597.16
SAIL,EQ,155.39,2.62,64184.23,382.64,596.84
IDEA,EQ,8.65,1.41,93716.73,6647.15,583.62
TRENT,EQ,3521.9,6.86,125199.13,16.29,570.07
HDFCAMC,EQ,2356.9,6.34,100969.64,24.38,566.76
GODREJIND,EQ,829.8,10.79,27948.07,65.1,553.45
ITC,EQ,292.2,1.56,366185.54,186.04,544.1
PREMIERENE,EQ,931.75,4.5,42207.75,58.37,529.13
ADANIPORTS,EQ,1386.5,5.63,319443.93,36.84,509.24
EICHERMOT,EQ,6820,3.55,187082.29,7.37,503.31
BDL,EQ,1210.2,10.36,44361.39,42.18,502.81
JIOFIN,EQ,232,3.53,147392.89,216.04,497.66
SWIGGY,EQ,267,2.67,73700.37,183.9,490.68
UNITDSPR,EQ,1250,2.56,90918.86,39.09,486.39
ADANIENT,EQ,1841.9,4.72,237907.02,23.28,429.38
TVSMOTOR,EQ,3438.6,2.22,163363.46,12.34,424.63
NIFTYBEES,EQ,258,1.8,58022.04,162.73,420.83
HINDUNILVR,EQ,2065,0.48,485190.6,20.28,420.62
PFC,EQ,397.65,4.78,131228.55,103.51,409.6
EIEL,EQ,160.42,14.27,2815.85,250.13,403.08
BAJAJ-AUTO,EQ,8885.5,1.18,248347.8,4.16,373.53
CANBK,EQ,127.7,3.44,115832.22,292.17,373.25
GANECOS,EQ,1022.2,20,2739.09,37.72,364.63
BHEL,EQ,251.4,2.4,87539.07,142.42,361.61
IOC,EQ,135.65,0.18,191554.6,263.68,359.52
AUROPHARMA,EQ,1341,2.81,77885.5,25.95,349.22
PERSISTENT,EQ,5055,3.65,79742.63,6.87,346.37
LIQUIDCASE,EQ,113.43,0.02,8480.16,299.73,339.96
GROWW,EQ,162.1,7.98,101695,213.07,339.81
INDUSINDBK,EQ,786,4.46,61237.74,43.37,339.26
HCLTECH,EQ,1356,1.07,367972.99,24.69,337.78
DLF,EQ,509.05,0.98,126005.91,64.54,332.01
HINDZINC,EQ,525.95,4.74,222230.65,62.08,325.29
TITAN,EQ,4058,2.7,360263.62,7.82,318.22
CHOLAFIN,EQ,1366,0.83,116388.28,22.62,312.92
INDHOTEL,EQ,587.45,2.89,83619.53,53.11,311.98
POWERINDIA,EQ,25130,3.69,112010.35,1.24,311.93
RECLTD,EQ,323,5.87,85053.14,95.92,307.11
MOTHERSON,EQ,107.46,2.26,113413.43,282.22,306.32
KNRCON,EQ,122.6,8.46,3447.94,250.12,301.47
BAJAJFINSV,EQ,1651.6,1.21,264346.84,17.97,299
POLYCAB,EQ,6947.5,1.52,104594.97,4.24,298.63
TEJASNET,EQ,419,8.48,7444.1,71.17,296.2
LODHA,EQ,685.6,1.27,68485.62,42.57,291.98
ADANIGREEN,EQ,853,5.71,140010.9,34.54,291.8
CHENNPETRO,EQ,1012,4.62,15069.83,28.78,289.66
BANKBARODA,EQ,253.25,2.28,130964.75,112,283.54
HEROMOTOCO,EQ,5138.5,1.49,102816.13,5.47,281.7
ZAGGLE,EQ,223,18.95,2998.42,129.37,276.84
CUMMINSIND,EQ,4618,2.62,128010.96,5.98,275.82
TATSILV,EQ,22.87,4.24,5374.8,1187.67,272.33
TMPV,EQ,303.4,2.43,111730.86,89.12,270.97
ASIANPAINT,EQ,2226,2.81,213517.43,12.1,269.04
KEI,EQ,4126,2.18,39444.81,6.39,265.65
DATAPATTNS,EQ,3100,2.13,17355.03,8.44,263.27
MUTHOOTFIN,EQ,3255,3,130677.99,7.91,258
UNIONBANK,EQ,172.19,4.87,131443.05,150.96,257.57
VBL,EQ,401.75,4.6,135875.64,64.65,257.11
CDSL,EQ,1184,5.77,24745.6,21.52,254.79
SOLARINDS,EQ,12849,6.4,116270.67,1.99,253.82
ANANTRAJ,EQ,447,10.18,16086.5,57.13,252.58
LAURUSLABS,EQ,1042,4.97,56253.06,23.52,243.19
SUZLON,EQ,41.19,4.12,56490.57,585.12,241.13
JSWSTEEL,EQ,1139,1.47,278537.21,20.25,232.2
COFORGE,EQ,1155,3.62,38780.07,19.91,232.14
TATAPOWER,EQ,380.1,0.36,121454.86,60.63,231.83
PRESTIGE,EQ,1147.8,1.89,49439.22,20.11,231.47
TECHM,EQ,1405.7,1.57,137736.28,16.25,228.92
WIPRO,EQ,191.1,1.84,200433.56,117.7,226.52
FEDERALBNK,EQ,267.15,2.99,65806.76,82.97,221.3
NETWEB,EQ,3135,1.17,17850.91,6.92,219.41
ANGELONE,EQ,240.5,5.7,21862.78,90.1,217.58
NESTLEIND,EQ,1175,0.02,226576.93,18.36,216.53
BOSCHLTD,EQ,30775,7.06,90766.68,0.71,216.24
NMDC,EQ,78.24,2.58,68787.18,271.62,213.27
GAIL,EQ,140.91,2.32,92649.73,151.46,213.12
NAUKRI,EQ,980.85,1.36,63600.33,21.37,210.65
BLS,EQ,256.15,8.7,10546.74,80.31,206.76
ABB,EQ,6074,2.23,128713.15,3.39,206.74
MARICO,EQ,742.55,0.9,96394.05,27.5,205.36
PAYTM,EQ,997.4,4,63838.16,20.49,204.23
PNB,EQ,104.45,3.87,120043.79,195.69,204.12
SBILIFE,EQ,1793,0.88,179854.42,11.32,202.18
INDUSTOWER,EQ,423.8,1.35,111805.34,46.89,200.11
GOLDIETF,EQ,127.65,1.84,24923.91,155.98,199.66
FORCEMOT,EQ,20850,7.45,27173.63,0.97,199.08
IDFCFIRSTB,EQ,60.23,2.34,51808.03,324.23,196.16
RBLBANK,EQ,301.2,3.95,18617.52,63.14,190
AUBANK,EQ,873.85,3.7,65387.32,21.5,187.93
BANKINDIA,EQ,141.6,3.37,64465.78,132.02,187.74
MPHASIS,EQ,2130.1,3.76,40646.48,8.68,185.62
IRFC,EQ,92.1,5.58,120360.94,201.32,184.73
SILVERIETF,EQ,234.25,3.99,14650.92,78.24,183.95
PETRONET,EQ,256.23,3.13,38434.5,70.92,183.95
NYKAA,EQ,239.4,1.87,68545.66,76.6,183.66
HEG,EQ,561.9,3.6,10843.41,32.26,183.32
GODFRYPHLP,EQ,1934.5,3.26,30174.67,9.08,177.16
JINDALSTEL,EQ,1135,1.97,115780,15.44,176.74
RVNL,EQ,264.95,6.13,55242.61,66.82,175.25
YESBANK,EQ,17.95,4.06,56326.44,981.92,175.17
CUPID,EQ,86.5,4.09,11631.32,200.1,175.04
POLICYBZR,EQ,1431,0.22,66211.38,12.04,175.01
RPOWER,EQ,22.46,10.31,9288.94,785.7,172.38
GRASIM,EQ,2580,0.87,175575.27,6.51,168.98
SRF,EQ,2560.4,5.02,75896.61,6.56,167.22
GODREJPROP,EQ,1506,2.36,45361.89,11.02,167.19
ATHERENERG,EQ,769,1.99,29404.73,21.67,167.05
INDIANB,EQ,886,4.77,119341.01,18.97,166.91
HSCL,EQ,445.9,0.97,22497.51,36.37,165.83
APOLLO,EQ,195.6,7.38,6988.64,83.37,164.62
GMRAIRPORT,EQ,89.48,5.58,94481.72,180.2,160.11
TTML,EQ,34.69,10.62,6781.64,451.11,159.83
MRPL,EQ,183.4,1.98,32142.66,86.72,159.61
CGPOWER,EQ,679.5,3.73,107015.65,23.16,158.05
ICICIAMC,EQ,2851,1.77,140913.1,5.58,157.76
PGEL,EQ,482.7,2.72,13773.49,32,156.09
LLOYDSME,EQ,1354,6.47,73815.28,11.63,155.01
MOTILALOFS,EQ,679.65,7.41,40905.42,22.8,154.42
AMBUJACEM,EQ,422,5.17,104310.95,35.93,150.03
REDINGTON,EQ,202.03,1.04,15794.19,71.94,146.22
TARIL,EQ,274.9,8.08,8251.56,53,146.13
ENGINERSIN,EQ,201.1,10.42,11302.67,72.48,143.4
HFCL,EQ,72.29,6.53,11064.73,197.9,143.2
GODREJCP,EQ,995.55,1.09,101869.11,14.26,142.44
ABCAPITAL,EQ,302.95,3.66,79360.97,46.6,141.25
PFOCUS,EQ,334,1.41,25918.08,41.25,140.86
IFCI,EQ,52.2,9.02,14064.32,267.49,138.93
BRITANNIA,EQ,5460,0.68,131514.09,2.53,138.45
NAM-INDIA,EQ,870,8.53,55516.09,16.1,135.91
TATAGOLD,EQ,14.45,2.19,5748.32,935.72,135.4
PARAS,EQ,639,7.34,5149.53,20.86,134.16
TATACONSUM,EQ,1026.7,1.17,101557.83,13.1,133.98
NBCC,EQ,82.91,6.95,22385.7,158.54,131.11
NLCINDIA,EQ,282,4.99,39103.15,46.76,131.07
JUBLFOOD,EQ,442,1.82,29165.16,29.43,130.86
UPL,EQ,598.2,5.33,50498.21,21.83,129.58
ADANIENSOL,EQ,956.1,2.27,114854.63,13.34,128.97
LTF,EQ,244.95,1.98,61344.94,51.76,127.43
KPITTECH,EQ,674.1,6.2,18480.03,18.81,126.61
GPIL,EQ,277.85,3.37,18653.87,44.98,126.19
KALYANKJIL,EQ,387.5,3.09,40018.68,32.48,126.11
GMDCLTD,EQ,579,2.27,18412.2,21.07,123.16
HDFCSILVER,EQ,225.85,4.22,7357.09,54.45,123.15
KAJARIACER,EQ,975,5.97,15529.05,12.35,121.92
DELHIVERY,EQ,429.9,3.17,32182.66,27.96,121.42
CPPLUS,EQ,1800,0.09,21203.66,6.58,120.52
WOCKPHARMA,EQ,1267,7.77,20586.92,9.5,119.48
OBEROIRLTY,EQ,1474,3.88,53594.97,8.2,118.99
PIDILITIND,EQ,1307,1.71,133022.05,8.98,117.68
MANAPPURAM,EQ,253.15,0.82,21427.5,45.59,117.43
SYRMA,EQ,798.15,3.24,15390.77,14.6,117.37
TORNTPOWER,EQ,1343.8,2.91,67714.56,8.75,117.24
IDBI,EQ,67.65,10,72740,176.36,115.54
ENRIN,EQ,2625,2.32,93481.63,4.39,114.99
NHPC,EQ,75.17,1.97,75508.53,149.22,112.57
CAMS,EQ,656.5,4.91,16273.87,17.05,112.36
OLECTRA,EQ,1027.75,6.36,8435.85,10.86,112.23
MRF,EQ,128700,0.16,54583.51,0.09,111.48
COROMANDEL,EQ,1912,0.12,56406.8,5.69,110.15
TATAELXSI,EQ,4131,3.88,25719.17,2.64,109.55
LICI,EQ,747.6,3.02,472856.83,14.62,109.39
IREDA,EQ,114.11,4.71,32056.14,95.65,108.98
ICICIPRULI,EQ,512,0.48,74203.05,21.05,108.57
OFSS,EQ,6868.5,2.04,59780.08,1.55,107.72
LTM,EQ,4105,2.27,121710.51,2.59,107.56
PHOENIXLTD,EQ,1510.1,0.25,54006.41,7,106.07
JSWENERGY,EQ,484.35,2.7,85114.45,21.88,105.91
GESHIP,EQ,1456,2.92,20786.9,7.13,104.65
BIOCON,EQ,364.6,1.03,59098.3,28.32,103.93
MAHABANK,EQ,64.98,5.95,49979.63,160.42,103.36
NTPCGREEN,EQ,98.2,6.37,82746.56,104.94,102.23
HBLENGINE,EQ,662,7.68,18350.31,15.31,100.9
PNBHOUSING,EQ,781,3.44,20348.92,12.57,98.89
JPPOWER,EQ,14.97,6.62,10259.63,660.12,97.76
UNOMINDA,EQ,1040.4,0.85,60074.84,9.29,97.53
ATGL,EQ,523,2.56,57520.07,18.54,96.33
QPOWER,EQ,864.8,7.36,6697.37,10.96,94.2
SETFGOLD,EQ,127.2,1.69,24015.4,73.85,94.17
GRAPHITE,EQ,644.9,4.57,12599.77,14.51,93.84
BANDHANBNK,EQ,147.68,4.48,23790.84,62.99,92.83
PCBL,EQ,256.65,6.08,10098.22,35.65,91.89
TATACAP,EQ,306.9,0.62,130275.03,29.59,91.57
KTKBANK,EQ,228.11,2.31,8626.7,39.62,91.37
RADICO,EQ,2690,2.31,36018.54,3.43,91.26
STLTECH,EQ,180.55,2.38,8813.23,49.67,91.25
BEML,EQ,1479,8,12318.44,6.14,90.82
LICHSGFIN,EQ,516.15,4.22,28391.5,17.67,90.43
GOLD1,EQ,124.42,1.92,12115.42,72.23,89.73
HDFCGOLD,EQ,127.49,2.18,21671.55,69.73,88.94
SONACOMS,EQ,497.4,3.3,30930.66,17.73,88.74
SAGILITY,EQ,41.72,4.43,19530.5,211.6,88.26
PARADEEP,EQ,115.72,7.91,12013.71,77.13,88.14
KARURVYSYA,EQ,291.5,0.73,28173.3,30.09,87.99
SCI,EQ,231.87,5.54,10800.48,37.5,87.62
TDPOWERSYS,EQ,860.8,1.11,13446.97,10.05,87.51
INOXWIND,EQ,80.56,6.72,13922.68,107.78,86.37
IRCTC,EQ,512.2,3.58,40976,16.65,85.71
DEEPAKFERT,EQ,985,8.36,12434.43,8.53,83.91
SIEMENS,EQ,3025,3.07,107726.45,2.77,83.88
BANKBEES,EQ,534.97,2.7,7306.58,15.37,81.9
TIINDIA,EQ,2562,1.78,49586.21,3.03,78.96
BELRISE,EQ,189.4,1.83,16854.31,41.13,78.72
SOUTHBANK,EQ,36.2,5.79,9475.33,213.16,77.74
SBICARD,EQ,640,0.72,60902.42,11.64,74.7
COLPAL,EQ,1831.8,2.41,49822.33,4.08,74.47
URBANCO,EQ,123.74,4.11,19082.94,59.93,74.16
TEXRAIL,EQ,88.45,12.25,3598.72,84.89,73.66
ZENTEC,EQ,1349.2,5.49,12181.97,5.43,73.07
IRCON,EQ,125.51,8.83,11804.41,58.83,73.05
BAJAJHFL,EQ,77.31,5.77,64417.28,94.22,71.96
KRN,EQ,888.5,4.3,5522.61,7.87,71.08
NATCOPHARM,EQ,995,2.14,17821.43,7.04,70.36
HUDCO,EQ,168.35,5.5,33701.99,41.5,69.76
BLISSGVS,EQ,229.65,6.52,2429.44,30.17,69.41
CROMPTON,EQ,231.25,3.42,14890.53,29.9,69.26
MTARTECH,EQ,3565,2.81,10965.79,1.92,69.22
PIIND,EQ,2848.9,4.79,43222.97,2.44,68.92
SILVER,EQ,234.4,4.22,3062.89,29.21,68.72
PATANJALI,EQ,469.85,2.2,51124.58,14.6,68.59
UJJIVANSFB,EQ,53.52,5.96,10397.41,124.19,66.38
SHAILY,EQ,2085.3,0.04,9583.02,3.05,65.61
APOLLOPIPE,EQ,426,2.74,1876.45,15.52,65.45
SAILIFE,EQ,975.9,0.4,20666.45,6.56,64.2
JWL,EQ,257.29,8.06,10995.81,25.24,64.01
BAJAJHLDNG,EQ,8899.5,1.76,99045.66,0.72,63.96
NH,EQ,1635.8,1.9,33429.34,3.89,63.55
EPL,EQ,215,4.74,6886.56,29.78,63.5
KPIGREEN,EQ,387.6,10.36,7648.94,16.26,62.01
CUB,EQ,239.95,0.04,17829.42,25.48,61.23
PAGEIND,EQ,32795,3.21,36579.13,0.19,61.12
AGIIL,EQ,291.4,3.85,3642.42,21.18,61
SBISILVER,EQ,230.19,3.92,5849.15,26.12,60.26
ITCHOTELS,EQ,147.4,6.91,30703.07,40.96,59.75
JAINREC,EQ,463.3,1.49,15987.83,12.73,59.7
HAPPSTMNDS,EQ,394.1,9.15,6001.15,15.29,59.24
360ONE,EQ,955,0.57,38786.22,6.1,58.87
MOSCHIP,EQ,165.5,11.63,3208.49,35.89,58.69
THERMAX,EQ,3342,2.49,39822.04,1.73,57.83
TATATECH,EQ,531.2,4.32,21565.62,10.68,56.85
ZEEL,EQ,76.2,5.63,7319.16,74.78,56.84
LTTS,EQ,3322,6.42,35212.58,1.71,56.74
AVANTIFEED,EQ,1224,4.08,16676.47,4.56,56.29
GRANULES,EQ,625.8,0.87,15186.21,8.91,56.26
HEXT,EQ,434,2.12,26518.09,12.98,55.83
M&MFIN,EQ,288.4,0.8,40086.77,18.94,55.72
JKCEMENT,EQ,5141,1.2,39723.61,1.07,55.03
SYNGENE,EQ,395,1.31,15916.11,13.77,54.87
TITAGARH,EQ,608.95,5.93,8200.96,8.96,54.62
TFCILTD,EQ,65.68,3.27,3040.83,82.54,53.96
AZAD,EQ,1522,2.56,9829.34,3.53,53.95
FIRSTCRY,EQ,219.1,5.16,11437.94,24.25,53.56
HCC,EQ,15.15,10.34,3968.49,356.45,53.04
J&KBANK,EQ,114.35,3.95,12592.02,46.61,53.03
NIFTYADD,EQ,238.73,1.97,205.59,21.8,52.25
MOIL,EQ,294,3.8,5982.47,17.65,52.07
ITBEES,EQ,33,3.16,3479.91,156.85,51.84
LEMONTREE,EQ,107.62,7.17,8526.16,48,51.19
NEWGEN,EQ,432,7.38,6148.13,11.94,51.17
HDBFS,EQ,579.85,3.55,48146.52,8.88,51.09
AXISGOLD,EQ,125.13,2.87,5203,40.82,51.03
BANK10ADD,EQ,15.99,5.34,7.52,325.66,50.61
IEX,EQ,120.05,4.62,10704.77,41.72,49.92
CONCOR,EQ,444.25,4.46,33834.88,11.13,49.74
IIFL,EQ,439.9,2.2,18708.49,11.17,49.25
PACEDIGITK,EQ,152.51,7.61,3291.95,31.87,49.23
PRAJIND,EQ,325,2.19,5973.93,15.02,49.07
ACMESOLAR,EQ,267,2.04,16179.45,18.31,48.61
RENUKA,EQ,28.12,2.25,5985.31,171.24,48.5
RAILTEL,EQ,265,7.68,8504.87,18.45,48.49
MGL,EQ,946.85,2.06,9352.77,5.08,48.1
GOKEX,EQ,617,6.34,4519.35,7.74,47.91
ASTRAMICRO,EQ,891.6,4.2,8465.3,5.3,47.83
TANLA,EQ,419,11.01,5556.67,11.43,47.57
PCJEWELLER,EQ,8.26,9.11,6533.26,575.91,46.76
SHREECEM,EQ,23340,1.39,84212.47,0.2,46.56
MID150BEES,EQ,216,7.84,3034.48,22.4,46.36
NAZARA,EQ,234.2,0.49,8676.29,19.45,46.35
JSWINFRA,EQ,247.39,2.74,51951.94,18.61,46.04
PWL,EQ,89,1.95,25451.26,51.92,45.88
SJVN,EQ,67.6,6.71,26565.42,68.49,45.47
ORIENTTECH,EQ,255.5,14.06,1170.34,17.78,45.02
JKTYRE,EQ,393.4,3.28,11341.31,11.36,44.95
JINDALSAW,EQ,191.35,4.49,12236.99,23.65,44.81
CHOICEIN,EQ,639,4.74,14235.42,6.94,44.56
HDFCSML250,EQ,150.31,4.42,2081.37,29.8,44.37
CHAMBLFERT,EQ,444.8,4.24,17820.93,9.93,43.95
MIDHANI,EQ,288.75,6.77,5409.44,15.12,43.88
SUNDARMFIN,EQ,4574,4.54,50818.91,0.96,43.52
VOLTAMP,EQ,9040,4.08,9145.88,0.48,43.49
ASTERDM,EQ,687.95,2.68,35644.14,6.33,43.25
TIMETECHNO,EQ,167.1,5.48,8248.65,25.69,43.07
IGL,EQ,148.7,2.12,20818.02,28.72,42.71
GENESYS,EQ,238.6,15.04,997.12,17.67,42.43
RAIN,EQ,115,7.99,3867.98,37.03,42.27
KIRLOSENG,EQ,1360.4,2.37,19774.67,3.07,42.12
SHAKTIPUMP,EQ,493.6,7.32,6090.92,8.59,42.04
KFINTECH,EQ,903,3.02,15578.92,4.61,41.92
IDEAFORGE,EQ,394,5.99,1705.07,10.54,41.66
VIKRAMSOLR,EQ,183.68,3.38,6655.28,22.4,41.26
NOCIL,EQ,163.2,6.24,2725.85,25.38,41.17
GOLDETF,EQ,144.78,2.22,3171.87,28.3,40.89
ELECTCAST,EQ,80.97,9.94,5005.44,51.06,40.89
CARTRADE,EQ,1755,6.36,8402.6,2.36,40.86
DABUR,EQ,414.6,1.01,73537.19,9.79,40.81
SANSERA,EQ,2120,2.19,13191.54,1.88,40.33
OMNI,EQ,271,10.51,3351.35,14.98,40.08
TATAINVEST,EQ,580.95,7.35,29393.21,6.97,39.9
MODEFENCE,EQ,84.3,7.29,1244.69,47.41,39.65
ANANDRATHI,EQ,3109.5,2.44,25815.27,1.26,39.26
LINDEINDIA,EQ,6945.5,1.48,59234.16,0.56,39.2
GUJGASLTD,EQ,311.85,1.5,21467.45,12.26,38.65
LALPATHLAB,EQ,1323,0.83,22167.53,2.91,38.47
MBAPL,EQ,508,10.33,4451.45,7.81,38.45
GABRIEL,EQ,870,5.28,12497.02,4.47,38.42
VTL,EQ,530,1.2,15331.94,7.27,38.41
AXISCADES,EQ,1590,4.99,6760.26,2.43,38.23
AWL,EQ,182.5,2.66,23719.13,20.87,38.22
EDELWEISS,EQ,106.19,6.54,10051.22,35.99,38.13
WABAG,EQ,1227,6.01,7645.39,3.1,38
ARE&M,EQ,717.2,6.65,13126.58,5.33,37.81
PSUBNKBEES,EQ,91.66,4.8,3842.16,41.66,37.77
EMMVEE,EQ,218.1,0.34,15100.05,17.06,37.5
FIVESTAR,EQ,359.1,1.74,10577.87,10.19,37.16
BHARATCOAL,EQ,31.89,6.48,14851.17,117.25,37.13
EXIDEIND,EQ,300,4.2,25500,12.39,37.1
MEDANTA,EQ,986.65,2.66,26520.2,3.75,36.92
NIFTYIETF,EQ,256.4,1.74,37601.51,14.33,36.81
APTUS,EQ,203.99,4.84,10214.65,18.01,36.68
AVANTEL,EQ,134.6,6.35,3576.47,27.3,36.55
KIMS,EQ,627.95,1.04,25126.72,5.81,36.42
JUNIORBEES,EQ,670.7,2.88,6958.99,5.41,36.35
SWANCORP,EQ,321.5,7.17,10077.64,11.39,36.35
IKS,EQ,1333,0.35,22870.7,2.7,36.34
NEULANDLAB,EQ,12635,5.06,16210.56,0.29,36.21
DALBHARAT,EQ,1809.8,1.72,33945.69,1.99,36.05
KEC,EQ,522,2.09,13895.64,6.82,35.94
SETFNIF50,EQ,243.45,1.71,195654.77,14.66,35.81
ECLERX,EQ,1480,6.69,13919.51,2.46,35.66
MANINDS,EQ,346.25,8.76,2597.21,10.22,35.6
AEROFLEX,EQ,250.8,5.04,3318.86,14.18,35.57
TENNIND,EQ,527,2.31,21269.95,6.59,35.28
NCC,EQ,138.9,6.08,8720.79,25.43,35.13
HONASA,EQ,306,2.6,9956.32,11.41,34.93
JYOTISTRUC,EQ,10.38,15.98,1239.02,344.31,34.91
TATACOMM,EQ,1388.5,3.01,39572.25,2.52,34.9
PTCIL,EQ,14990,0.03,22473.83,0.23,34.88
MASTEK,EQ,1460,8.78,4525.61,2.4,34.85
CEMPRO,EQ,538,5.29,9242.17,6.58,34.78
SWSOLAR,EQ,163.41,9.76,3816.14,21.56,34.66
RUBICON,EQ,779,0.8,12834.05,4.38,34.39
GSPCROP,EQ,385.1,13.97,1791.44,9,34.25
CESC,EQ,153.45,2.18,20340.88,22.18,33.9
SOLARWORLD,EQ,167.2,16.87,1449.17,21.15,33.9
DEVYANI,EQ,97,2.55,11959.52,35.01,33.86
JYOTICNC,EQ,764.9,5.96,17395.59,4.4,33.75
DIACABS,EQ,125.5,5.62,6613.49,26.57,33.63
CYIENT,EQ,779.2,3.5,8658.95,4.21,33.38
MON100,EQ,238.79,3.13,12038.23,14.02,33.38
LLOYDSENGG,EQ,41.36,9.62,5782.47,81.34,33.18
TECHNOE,EQ,1030,4.56,11978.86,3.2,33.1
CONFIPET,EQ,43.29,15.47,1438.27,77.77,32.57
CMPDI,EQ,160.01,3.86,11424.71,20.23,32.26
FACT,EQ,786,4.92,50859.86,4.1,32.09
JTLIND,EQ,48.91,19.88,1922.56,68.48,32.01
CHOLAHLDNG,EQ,1383.7,1.35,25982.77,2.29,31.77
INDIAMART,EQ,2037.8,2.6,12244.56,1.56,31.68
JSLL,EQ,586.5,8.67,7290.24,5.44,31.66
KSB,EQ,827,3.78,14393.04,3.83,31.6
JNKINDIA,EQ,229.8,9.42,1285.82,13.51,31.52
STAR,EQ,954.2,1.75,8795.12,3.22,31.15
TRANSRAILL,EQ,483,6.86,6484.57,6.42,30.93
BRIGADE,EQ,672.1,3.28,16439.13,4.63,30.73
LTFOODS,EQ,384.95,5.96,13367.5,8.04,30.65
TATACHEM,EQ,609.65,4.53,15531.22,5.03,30.57
DEEDEV,EQ,286,6.38,1980.93,10.68,30.45
SEDEMAC,EQ,1546,2.15,6827.37,1.96,30.33
LATENTVIEW,EQ,264.1,5.16,5464.89,11.53,30.33
GRMOVER,EQ,155,1.49,2852.87,19.29,30.1
RCF,EQ,115.35,8.14,6363.72,26.26,30.05
PVRINOX,EQ,941.55,2.5,9246.02,3.16,29.9
AIIL,EQ,432.8,0.69,36754.48,6.82,29.8
PPLPHARMA,EQ,142.5,4.37,18941.79,20.94,29.79
KITEX,EQ,156,9.67,3112.2,19.1,29.63
EQUITASBNK,EQ,53.35,3.13,6087.46,55.89,29.62
CGCL,EQ,174,4.51,16741.48,16.99,29.49
FINCABLES,EQ,800,3.03,12235.15,3.64,29.26
THANGAMAYL,EQ,3522.5,2.82,10948.64,0.81,29.2
SARDAEN,EQ,525.45,2.9,18515.87,5.54,29.15
MEESHO,EQ,147.04,4.73,66361.08,19.96,29.12
ARROWGREEN,EQ,492.35,7.27,742.85,6.02,29.11
SILVERCASE,EQ,23.87,4.1,1211.6,121.13,28.99
JMFINANCIL,EQ,120,5.62,11476.37,24.15,28.96
YATHARTH,EQ,665,7.75,6407.56,4.39,28.86
WELSPUNLIV,EQ,115.42,6.55,11070.54,25.08,28.75
FSL,EQ,214.86,5.12,14975.54,13.29,28.67
SHILPAMED,EQ,372.55,6.78,7286.4,7.71,28.64
WELCORP,EQ,833,2.5,21973.76,3.38,28.24
JAYNECOIND,EQ,74.74,4.46,7257.24,37.46,28.16
TBOTEK,EQ,1100,4.04,11944.66,2.58,28.16
JAMNAAUTO,EQ,120.6,7.76,4820.52,23.69,28.09
CCL,EQ,1075.5,3.29,14360.93,2.59,27.85
ESCORTS,EQ,2830,3.27,31661.4,0.98,27.8
CASTROLIND,EQ,176,1.43,17407.54,15.69,27.69
DEEPINDS,EQ,450,4.51,2880,6.14,27.67
ACC,EQ,1328.1,5.86,24940.03,2.09,27.48
ZFCVINDIA,EQ,14780,7.35,28034.09,0.19,27.46
SCHAEFFLER,EQ,3862.6,0.46,60373.86,0.7,27.46
ARSSBL,EQ,451.3,7.94,2830.79,6.13,27.46
DCXINDIA,EQ,165.99,7.62,1848.9,16.68,27.3
BALKRISIND,EQ,2130,2.26,41176.56,1.28,27.15
GICRE,EQ,381.7,5.17,66965.45,7.21,27.14
STARHEALTH,EQ,471.85,3.14,27763.82,5.89,27.1
GOLDCASE,EQ,23.51,2.66,2232.08,115.27,27.08
RATNAVEER,EQ,138.1,5.18,937.29,19,27.05
CRAMC,EQ,234,7.71,4666.37,11.63,26.92
BORORENEW,EQ,410,8.75,5747.74,6.66,26.83
KRISHNADEF,EQ,888,10.26,1325.98,2.96,26.74
WAAREERTL,EQ,840.4,7.43,8769.22,3.22,26.68
BALUFORGE,EQ,424.8,9.99,4884.86,6.31,26.48
HOMEFIRST,EQ,950.6,5.06,9917.42,2.81,26.47
PROTEAN,EQ,493.95,10.65,2006.26,5.43,26.32
ABFRL,EQ,57.5,6.7,7017.93,45.89,26.32
PTC,EQ,166.9,5.93,4940.38,15.87,26.31
MSUMI,EQ,38.2,3.52,25332.95,69.26,26.17
BSOFT,EQ,350,5.25,9782.72,7.44,25.95
INOXGREEN,EQ,140,2.97,5620.89,17.97,25.88
YATRA,EQ,98.6,9.09,1547.19,26.46,25.8
MOBIKWIK,EQ,170.9,10.21,1345.5,15.19,25.47
EIDPARRY,EQ,814.5,5.03,14487.73,3.13,25.42
POONAWALLA,EQ,384.8,4.45,31277.22,6.64,25.37
POLYMED,EQ,1280.9,7.54,12983.14,1.95,24.72
BAJAJHIND,EQ,17.03,3.4,2175.34,144.22,24.57
SANDUMA,EQ,182.65,6.27,8878.7,13.47,24.39
OSWALPUMPS,EQ,309.6,6.65,3528.74,7.86,24.39
GOLDIAM,EQ,292,8.69,3297.2,8.37,24.29
NIFTYETF,EQ,245.48,1.64,4867.15,9.84,24.24
ALOKINDS,EQ,12.45,11.36,6181.72,195.81,24.1
FLUOROCHEM,EQ,3185,5.17,34987.22,0.76,24.07
POWERMECH,EQ,1870,7.92,5912.25,1.3,24.01
GRWRHITECH,EQ,3620,7.02,8410.13,0.65,23.66
NETWORK18,EQ,30.26,9.96,4666.09,78.8,23.63
ITI,EQ,255.53,6.89,24553.54,9.32,23.58
AETHER,EQ,1124.1,2.7,14913.93,2.11,23.58
WEBELSOLAR,EQ,71.34,9.99,3011,33.52,23.57
SILVERADD,EQ,227.2,4.37,1699.82,10.32,23.55
SONATSOFTW,EQ,220,4.96,6169.35,10.59,23.52
PAISALO,EQ,35.99,6.76,3273.37,67.23,23.45
SUNTV,EQ,578.65,2.06,22803.71,4.07,23.39
ASIANTILES,EQ,58.11,2.9,1347.64,39.77,23.36
SHARDACROP,EQ,885,1.71,7984.51,2.58,22.98
AEGISLOG,EQ,601.55,0.48,21114.4,3.76,22.88
TRIVENI,EQ,390.05,2.81,8538.12,5.78,22.86
RTNPOWER,EQ,8.3,9.79,4457.19,278.45,22.75
RAINBOW,EQ,1175,1.02,11933.2,1.93,22.69
SAMBHV,EQ,100.3,10.89,2955.55,22.86,22.69
CONCORDBIO,EQ,1019.9,0.15,10669.81,2.19,22.59
RICOAUTO,EQ,108.4,7.87,1466.49,21.02,22.56
RAYMOND,EQ,351,9.06,2336.74,6.49,22.5
GARUDA,EQ,145.9,9.89,1357.48,15.45,22.47
KERNEX,EQ,956,11.55,1606.31,2.37,22.46
ELECON,EQ,383.4,8.08,8603.49,5.88,22.33
SOBHA,EQ,1195,0.64,12778.47,1.85,22.3
LUMAXTECH,EQ,1580,3.8,10768.92,1.4,22.22
ABREL,EQ,1157,3.03,12923.19,1.91,22.16
KPRMILL,EQ,835.3,0.71,28551.72,2.64,22.06
ABDL,EQ,422.4,4.54,11814.96,5.28,21.99
MANORAMA,EQ,1232,9.03,7356.09,1.83,21.98
DWARKESH,EQ,46.65,1.59,864.43,46.77,21.93
PATELENG,EQ,24.02,8.2,2383.12,91.63,21.76
CEATLTD,EQ,3390,4.55,13712.58,0.65,21.75
KWIL,EQ,23.75,5.7,5580.28,91.07,21.62
GRINFRA,EQ,835,4.91,8079.5,2.6,21.56
LIQUIDIETF,EQ,1000,0.01,1568.41,2.15,21.55
SHILCTECH,EQ,3968,11.67,4539.47,0.55,21.48
EPACK,EQ,218,10.16,2097.78,10,21.33
SGMART,EQ,499.85,7.8,6298.11,4.29,21.22
DCBBANK,EQ,166.12,4.92,5347.43,12.78,21.21
BATAINDIA,EQ,626.9,3.19,8057.39,3.33,21.09
CPSEETF,EQ,101.75,1.75,20938.38,20.69,21.06
SHRINGARMS,EQ,177,6.06,1706.85,11.84,21.03
CENTRALBK,EQ,33.15,5.47,30005.4,64.03,21.02
ELGIEQUIP,EQ,479.45,2.63,15194.2,4.39,21.02
ANTELOPUS,EQ,589,3.39,2071.06,3.59,20.97
UCOBANK,EQ,23.75,5.79,29781.45,88.73,20.9
KSCL,EQ,825,5.26,4243.72,2.52,20.78
INTELLECT,EQ,638.7,6.71,8921.18,3.25,20.65
ADVAIT,EQ,1757,3.96,1921.59,1.16,20.65
LOTUSDEV,EQ,113.12,10,5528.44,18.65,20.54
CLEANMAX,EQ,830,7.83,9717.57,2.48,20.48
MOREPENLAB,EQ,37.25,10.6,2041.13,55.72,20.42
TRIDENT,EQ,23.92,6.26,12189.53,86.04,20.38
EIHOTEL,EQ,280,2.36,17510.2,7.22,20.34
CRISIL,EQ,3820.5,1.58,27939.32,0.53,20.31
LLOYDSENT,EQ,44.62,7.83,6665.65,45.94,20.3
AVALON,EQ,938,1.08,6262.67,2.15,20.25
HPL,EQ,296,15.13,1903.29,7.04,20.22
DBREALTY,EQ,90.98,8.35,4934.82,21.97,20.03
BBOX,EQ,473.25,5.84,8068.47,4.2,20.02
ACE,EQ,813,8.55,9681.46,2.47,19.77
SKYGOLD,EQ,335.05,5.28,5189.05,5.87,19.74
ASHAPURMIN,EQ,484.5,5.44,4628.24,4.04,19.62
BOMDYEING,EQ,102.11,10.14,2108.93,19.29,19.54
MMTC,EQ,55.2,5.95,8280,35.47,19.47
JKIL,EQ,457.9,7.06,3464.72,4.26,19.44
SAPPHIRE,EQ,154.5,2.71,4965.37,12.66,19.35
IMFA,EQ,1227,2.04,6620.17,1.54,19.26
DOMS,EQ,2342,1.9,14213.21,0.82,19.14
HGINFRA,EQ,474,9.85,3089.11,4.07,19.13
SANGHVIMOV,EQ,269.9,15.71,2336.69,7.3,19.12
POCL,EQ,1103.9,9.17,3368.14,1.75,19.01
RATEGAIN,EQ,481.5,9.89,5687.68,3.96,18.89
BAJAJCON,EQ,363,4.34,4741.45,5.21,18.84
ATUL,EQ,6449,1.26,18986.99,0.29,18.82
KIRIINDUS,EQ,365,7.89,2190.82,5.13,18.66
APEX,EQ,384,5.83,1200,4.87,18.65
CLEAN,EQ,699,6.49,7428.78,2.66,18.55
AARTIIND,EQ,410.9,2.97,14899,4.48,18.45
ZENSARTECH,EQ,538,4.56,12239.2,3.43,18.43
AJANTPHARM,EQ,2809.5,0.16,35100.66,0.65,18.39
RKFORGE,EQ,500.2,7.2,9055.15,3.69,18.32
SIRCA,EQ,420,4.65,2385.3,4.33,18.31
RTNINDIA,EQ,28.52,11.15,3942.23,64.9,18.29
IOB,EQ,32.45,3.41,62487.63,56.48,18.28
GREAVESCOT,EQ,131.5,9.03,3062.72,14.08,18.26
PGHH,EQ,9870,5.87,32038.75,0.19,18.23
SGFIN,EQ,447.3,7.86,2500.18,4.1,18.2
KRBL,EQ,301,6.66,6889.59,6.03,18.08
MANINFRA,EQ,84.5,7.73,3410.98,21.22,17.99
APOLLOTYRE,EQ,416,0.9,26420.2,4.3,17.96
NPST,EQ,1110.1,15.72,2314.63,1.63,17.89
CMSINFO,EQ,279.1,5.08,4595.03,6.3,17.81
HDFCNIFBAN,EQ,52.93,2.54,5042.65,33.47,17.74
GSFC,EQ,148.1,6.38,5901.45,11.96,17.59
GILLETTE,EQ,7596,4.72,24751.73,0.23,17.53
GSPL,EQ,235,2.33,13258.97,7.4,17.5
SILVER1,EQ,22.8,2.89,1531.24,75.95,17.37
RAMCOCEM,EQ,940,2.16,22211.48,1.84,17.32
PARAGMILK,EQ,193,7.31,2414.61,8.94,17.04
KIOCL,EQ,345,8.87,20967.41,5,16.96
CAMLINFINE,EQ,101,4.2,1940.13,16.4,16.82
PRECWIRE,EQ,308.5,5.61,5639.63,5.48,16.81
TI,EQ,426,2.37,10529.48,3.93,16.79
ABBOTINDIA,EQ,26490,2.22,56289.4,0.06,16.77
RELIGARE,EQ,219,8.34,7290.3,7.72,16.7
EASEMYTRIP,EQ,6.43,9.91,2338.5,264.45,16.66
GLAXO,EQ,2322.6,1.73,39346.25,0.7,16.51
SHAREINDIA,EQ,128,9.05,2783.9,12.88,16.49
JUBLPHARMA,EQ,817,0.07,13013.27,1.99,16.45
GMRP&UI,EQ,98,9.2,7653.97,16.93,16.44
RITES,EQ,189.99,8.18,9130.99,8.75,16.39
CREDITACC,EQ,1181.6,2.04,18928.76,1.37,16.31
BLUEJET,EQ,351.1,7.29,6090.37,4.66,16.3
SILVERBETA,EQ,227.3,3.38,1375.01,7.13,16.25
SMLMAH,EQ,3969.7,5,5744.81,0.41,16.22
SAMHI,EQ,134.01,4.57,2964.38,11.98,16.1
SIGNATURE,EQ,721.55,1.03,10138.55,2.21,16.1
ORIANA,SM,1732,12.16,3519.28,0.94,16.09
DELTACORP,EQ,55.5,12.48,1486.13,30.26,16.09
KIRLOSBROS,EQ,1420,6.04,11276.07,1.14,16.06
JINDRILL,EQ,477,3.3,1382.4,3.32,15.85
GENUSPOWER,EQ,234.9,9.31,7146.07,6.82,15.82
BIRLACORPN,EQ,885,6.05,6814.97,1.78,15.8
AUTOBEES,EQ,249.43,2.15,392.29,6.29,15.77
NFL,EQ,69.7,8.03,3419.33,22.96,15.75
JAIBALAJI,EQ,57.65,6.48,5259.16,27.11,15.72
KPIL,EQ,1084,2.5,18511.74,1.44,15.67
ROUTE,EQ,452.4,8.85,2850.26,3.48,15.56
COHANCE,EQ,312,3.5,11936.09,4.98,15.49
INOXINDIA,EQ,1232,4.85,11182.06,1.26,15.48
WHIRLPOOL,EQ,829,4.98,10517.67,1.87,15.39
MARKSANS,EQ,166.32,6.01,7537.02,9.18,15.37
FRACTAL,EQ,799.55,5.28,13749.47,1.92,15.26
PRIVISCL,EQ,2958,2.08,11554.75,0.52,15.22
RGL,EQ,100.65,3.46,1080.23,14.93,15.21
REFEX,EQ,201.6,6.39,2765.94,7.48,15.2
INDOTHAI,EQ,295.45,2.87,3800.02,5.13,15.13
CSBBANK,EQ,357,4.85,6193.44,4.18,14.99
TIMKEN,EQ,3326,3.12,25017.75,0.45,14.99
GPPL,EQ,145.6,2.25,7038.89,10.24,14.98
NSLNISP,EQ,35.48,6.87,10397.79,42.54,14.95
RELINFRA,BE,70.31,4.99,2873.09,22.04,14.94
NAVA,EQ,562.3,5.8,15913.16,2.68,14.9
ALKYLAMINE,EQ,1310,6.37,6699.87,1.14,14.86
KROSS,EQ,162,2.35,1045.05,9.02,14.76
ABLBL,EQ,93.5,5.97,11411.88,15.87,14.74
BANCOINDIA,EQ,538.9,6.85,7708.28,2.73,14.71
PENIND,EQ,144.7,10.53,1952.67,10.29,14.7
SIGACHI,EQ,19.3,14.07,737.49,77.83,14.65
AURIONPRO,EQ,784,8.18,4328.74,1.88,14.6
MAPMYINDIA,EQ,866.05,8.11,4742.58,1.69,14.58
SENCO,EQ,288.9,3.6,4732.37,5.03,14.49
AAVAS,EQ,1120,3.9,8879.67,1.28,14.41
BAJEL,EQ,153.15,11.57,1771.9,9.33,14.13
SURYAROSNI,EQ,208.4,10.8,4535.53,6.86,14.11
AWFIS,EQ,249,7.96,1781.36,5.72,14.1
SGBFEB32IV,GB,14850,3.22,18988.43,0.1,14.08
PREMEXPLN,EQ,420.5,10.22,2260.66,3.39,14.03
TEMBO,EQ,475.65,1.68,735.69,2.94,14.02
PNGJL,EQ,560,5.47,7599.67,2.5,14.01
CEINSYS,EQ,990,10.96,1766.27,1.42,13.99
RSYSTEMS,EQ,254,8.66,3009.44,5.49,13.99
MUFIN,EQ,102.5,7.49,1775.62,13.76,13.93
DYNAMATECH,EQ,9381,4.12,6371.05,0.15,13.92
ASHOKA,EQ,111.05,8.73,3117.43,12.68,13.86
ABSLAMC,EQ,898,2.24,25934.8,1.54,13.85
NORTHARC,EQ,218.5,5.63,3530.35,6.32,13.69
PGINVIT,IV,91.24,1.16,8302.83,15.03,13.64
SENORES,EQ,774.5,1.96,3566.85,1.72,13.5
ESTER,EQ,83,17.45,809.97,16.49,13.45
AXISILVER,EQ,232.9,4.19,1872.44,5.69,13.32
STYLEBAAZA,EQ,296.6,8.68,2213.15,4.52,13.31
SMSPHARMA,EQ,393.05,4.86,3680.99,3.35,13.25
SEAMECLTD,EQ,1430.3,1.53,3636.54,0.91,13.24
SJS,EQ,1583.9,2.13,5067.97,0.83,13.24
UTKARSHBNK,EQ,11.5,12.52,2046.45,118.55,13.22
SUVEN,EQ,147.7,12.15,3425.93,9.15,13.21
VIKRAN,EQ,55.79,7.5,1438.89,23.68,13.1
KSHINTL,EQ,449.9,2.54,3048.33,2.86,13.09
RAYMONDLSL,EQ,781,3.35,4758.14,1.66,13.07
SAREGAMA,EQ,326,2.1,6285.59,3.95,13.04
CHALET,EQ,717.65,2.19,15715.4,1.79,12.91
STYLAMIND,EQ,2180.1,0.74,3694.85,0.59,12.91
MBEL,EQ,254.8,12.52,1456.14,5.17,12.88
MINDACORP,EQ,509.7,0.8,12185.88,2.52,12.88
UTIAMC,EQ,950,1.35,12209.4,1.34,12.8
INDIASHLTR,EQ,755,0.05,8211.26,1.7,12.8
ATULAUTO,EQ,411.85,7.76,1142.94,3.09,12.73
TMB,EQ,602.7,4.02,9543.84,2.1,12.73
SUPRIYA,EQ,600,6.78,4828.97,2.09,12.59
DEEPAKNTR,EQ,1355,5.3,18481.26,0.94,12.58
AARTIPHARM,EQ,633,6.93,5738.64,1.99,12.55
CCAVENUE,EQ,14.26,6.42,4974.22,87.93,12.55
SHYAMMETL,EQ,794,2.97,22163.07,1.57,12.47
METALIETF,EQ,11.45,2.32,965.79,107.68,12.44
WALCHANNAG,EQ,142.97,8.6,969.94,8.72,12.4
SULA,EQ,155.55,11.63,1313.58,8.14,12.36
CENTUM,EQ,2852,3.18,4204.13,0.43,12.31
MARSONS,EQ,133.9,8.89,2304.42,9.17,12.26
DREDGECORP,EQ,829.9,7.98,2323.72,1.49,12.24
GLAND,EQ,1720,1.41,28338.1,0.71,12.1
VINCOFE,EQ,135,2.07,1949.92,8.87,12.09
GNFC,EQ,386.1,5.36,5673.38,3.1,11.97
PRICOLLTD,EQ,537.2,4.53,6547.47,2.22,11.87
SHREEJISPG,EQ,337,4.17,5490.35,3.54,11.86
BLUEDART,EQ,4924.4,3.74,11684.58,0.24,11.84
MANYAVAR,EQ,377,7.41,9160.09,3.21,11.8
SFL,EQ,476.5,2.46,5180.07,2.43,11.77
GULFOILLUB,EQ,894.9,0.61,4420.81,1.3,11.72
AKZOINDIA,EQ,2855,0.36,13001.76,0.4,11.63
IIFLCAPS,EQ,261,6.9,8128.45,4.45,11.56
SANOFI,EQ,3245,1.1,7473.44,0.35,11.51
WEWORK,EQ,456,0.14,6173.24,2.49,11.49
RRKABEL,EQ,1325,2.44,14986.48,0.86,11.47
TRITURBINE,EQ,452.2,2.81,14375.08,2.53,11.44
CAPLIPOINT,EQ,1572.2,4.48,11950.56,0.73,11.44
GOKULAGRO,EQ,191.6,6.26,5653.86,5.98,11.32
SPARC,EQ,120.4,4.8,3906.98,9.39,11.29
PINELABS,EQ,156.99,0.52,18026.79,7.15,11.28
GMBREW,EQ,1050,6.88,2398.93,1.08,11.27
PVTBANIETF,EQ,25.47,4.47,2632.62,45.02,11.26
RSL,EQ,106.83,4.33,892.75,10.49,11.25
INDOTECH,EQ,1265,14.49,1343.43,0.9,11.18
MSTCLTD,EQ,389.15,6.37,2739.62,2.88,11.13
FINPIPE,EQ,159.2,6.17,9877.99,7.01,11.1
VPRPL,EQ,33.69,12.98,419.93,33.44,11.05
VADILALIND,EQ,4381,7.11,3148.99,0.25,11.04
RAYMONDREL,EQ,402,6.43,2676.26,2.75,11.01
AWHCL,EQ,404,7.52,1146.64,2.72,11
VIYASH,EQ,191.73,4.87,8375.74,5.65,10.86
SBFC,EQ,83.53,3.19,9241.88,12.86,10.81
ISGEC,EQ,909,5.42,6683.83,1.19,10.79
INA,EQ,90.6,10.25,1996.78,12.2,10.78
PARKHOSPS,EQ,196,3.13,8465.84,5.43,10.77
SMALLCAP,EQ,39.01,3.56,834.73,27.49,10.72
CYIENTDLM,EQ,283.7,4.19,2251.57,3.77,10.72
SKIPPER,EQ,352.55,5.44,3980.43,3.04,10.7
SSWL,EQ,188,10.31,2954.99,5.7,10.7
BAYERCROP,EQ,4726,1.73,23680.68,0.23,10.67
THYROCARE,EQ,362.1,3.59,5763.38,2.92,10.64
GAEL,EQ,139.01,2.3,6375.98,7.62,10.62
RHIM,EQ,363,7.44,7496,2.94,10.58
ATALREAL,EQ,23.1,10,286.2,48.06,10.57
CANHLIFE,EQ,143.97,2.36,13677.15,7.32,10.54
ANUP,EQ,1721,7.31,3447.42,0.62,10.51
KPEL,EQ,275.5,10.27,1862.27,3.88,10.5
IGIL,EQ,324.85,2.17,14038.71,3.2,10.45
MARINE,EQ,171,12.72,2364.83,6.23,10.42
RAMASTEEL,EQ,3.99,9.92,652.56,260.86,10.36
FIEMIND,EQ,1980,3.62,5211.29,0.52,10.31
INDGN,EQ,465,6.99,11197.57,2.24,10.28
INDIGRID,IV,165.98,0.33,15810.67,6.17,10.22
JKPAPER,EQ,329.05,7.39,5574.18,3.1,10.19
ARVIND,EQ,350,3.34,9174.01,2.91,10.16
ANURAS,EQ,1277.7,3.8,14546.4,0.8,10.16
KMEW,EQ,1571.2,7.16,3840.66,0.64,10.12
EBBETF0430,EQ,1553,0.28,24752.95,0.65,10.1
MIDCAPETF,EQ,20.29,2.37,1456.25,49.16,10.01
AEGISVOPAK,EQ,167.35,3.53,18542.24,5.97,9.98
CANFINHOME,EQ,816,3.02,10865.38,1.22,9.95
ARVINDFASN,EQ,414,2.6,5532.29,2.42,9.91
HONAUT,EQ,27170,3.21,24022.42,0.04,9.9
TIRUMALCHM,EQ,178.35,7.88,2150.06,5.53,9.89
NIBE,EQ,880.1,7.7,1276.26,1.09,9.84
WENDT,EQ,6100,2.96,1220,0.16,9.83
AEQUS,EQ,122,0.86,8182.12,7.89,9.78
BANKNIFTY1,EQ,53.2,2.07,4495.64,18.32,9.78
JSWCEMENT,EQ,114.83,4.21,15655.52,8.5,9.71
TARC,EQ,120,7.54,3541.16,8.11,9.7
TOP10ADD,EQ,85.9,1.93,663.64,11.3,9.64
BECTORFOOD,EQ,187,4.44,5740.72,5.11,9.63
VSTTILLERS,EQ,4960,3.25,4287.11,0.19,9.62
SANOFICONR,EQ,4500,4.69,10363.78,0.22,9.6
NXST,RR,153,1.47,23179.5,6.26,9.58
JAICORPLTD,EQ,96.79,9.05,1698.71,9.98,9.57
HNGSNGBEES,EQ,482.5,6.76,1138.06,2,9.55
INNOVISION,EQ,336.35,4.17,800.96,2.8,9.53
FINOPB,EQ,124,4.98,1031.91,7.64,9.51
SBCL,EQ,417,7.52,2402.1,2.3,9.49
JUSTDIAL,EQ,516,5.16,4388.3,1.84,9.45
KALAMANDIR,EQ,102.48,13.51,1571.7,9.56,9.43
CAPACITE,EQ,217.32,6.85,1838.62,4.4,9.41
ERIS,EQ,1311,1.06,18162.97,0.72,9.41
ELLEN,EQ,203,2.77,2860.99,4.5,9.29
GROWWSLVR,EQ,22.95,3.99,333.45,40.13,9.25
NEOGEN,EQ,1184.1,6.48,3123.85,0.78,9.22
PNCINFRA,EQ,173,7.75,4438.13,5.4,9.19
INTERARCH,EQ,1780.3,6.92,2985.89,0.52,9.19
BALAMINES,EQ,1019,4.28,3301.66,0.89,9.14
EUREKAFORB,EQ,455.55,3.45,8810.51,1.99,9.12
HEMIPROP,EQ,119.6,7.05,3408.6,7.69,9.11
BBTC,EQ,1405.8,6.34,9808.53,0.65,9.1
DBL,EQ,406.95,5.1,6610.69,2.21,8.99
63MOONS,EQ,507,7.8,2336.18,1.78,8.94
RIIL,EQ,664,6.34,1002.64,1.34,8.91
SAFARI,EQ,1500.1,4.83,7349.58,0.58,8.91
MAHSEAMLES,EQ,576.7,2.95,7727.74,1.53,8.8
GODREJAGRO,EQ,572,6.98,11001.22,1.55,8.79
HINDOILEXP,EQ,122.26,3.32,1616.81,7.18,8.74
HUBTOWN,EQ,185.01,7.55,2629,4.73,8.72
EMSLIMITED,EQ,285,9.68,1582.63,3.1,8.69
CARBORUNIV,EQ,802,3.39,15277.5,1.08,8.64
ALIVUS,EQ,997.8,2.58,12246.63,0.87,8.64
VIMTALABS,EQ,410.25,7.76,1832.56,2.12,8.63
ALPHA,EQ,43.82,2.82,697.29,19.57,8.63
VARROC,EQ,480,2.7,7333.75,1.79,8.61
SYMPHONY,EQ,723.2,5.07,4966.32,1.2,8.6
SPANDANA,EQ,192.01,4.27,1369.13,4.43,8.57
IOLCP,EQ,77.31,6.24,2269.26,11.06,8.56
SHADOWFAX,EQ,117.4,2.2,6824.77,7.27,8.55
TBZ,EQ,126.05,13.04,841.14,6.93,8.53
ORISSAMINE,EQ,3376.2,8.02,2025.72,0.26,8.53
ZYDUSWELL,EQ,431.1,1.11,13715.91,1.95,8.51
GKENERGY,EQ,91.68,1.67,1859.43,9.11,8.46
TVSHLTD,EQ,14265,2.21,28861.1,0.06,8.43
NUVOCO,EQ,290,3.17,10357.53,2.91,8.42
NEXT50IETF,EQ,66,3.64,2127.95,12.79,8.39
ENDURANCE,EQ,2252,1.72,31677.27,0.37,8.39
INFOBEAN,EQ,136.11,10,1328.52,6.24,8.38
DCAL,EQ,146.5,12.72,2296.87,5.85,8.34
EKC,EQ,102,12.22,1144.52,8.35,8.34
SCHNEIDER,BE,882.8,4.37,21108.1,0.94,8.25
USHAMART,EQ,408,4.23,12433.46,2.03,8.25
JYOTHYLAB,EQ,204.95,3.9,7526.06,4.01,8.25
SIMPLEXINF,EQ,159,13.33,1257.62,5.26,8.2
AKUMS,EQ,496.9,6.61,7820.91,1.66,8.17
DATAMATICS,EQ,690,8.28,4078.34,1.18,8.16
NELCO,EQ,556.95,10.05,1270.87,1.48,8.15
FINEORG,EQ,4192,5.94,12852.66,0.2,8.09
VAIBHAVGBL,EQ,184,4.93,3074.04,4.32,8.03
HERITGFOOD,EQ,309,5.12,2867.4,2.61,8.03
AGI,EQ,502.2,7.18,3249.1,1.61,8.01
TAJGVK,EQ,317.5,5.66,1990.77,2.53,8
GOODLUCK,EQ,1042,5.66,3463.45,0.77,7.95
ADVENTHTL,EQ,140,11.9,755.2,5.72,7.89
UNIMECH,EQ,735,4.06,3737.98,1.08,7.88
UBL,EQ,1599,3.83,42278.38,0.5,7.83
HCG,EQ,531.05,1.11,7928.69,1.46,7.82
ALPEXSOLAR,SM,842.8,11,2152.76,0.93,7.75
SPMLINFRA,EQ,170,10.58,1302.22,4.65,7.74
UFLEX,EQ,371,10.96,2679.05,2.1,7.74
ECOSMOBLTY,EQ,117,11.6,702,6.71,7.69
MOMENTUM50,EQ,46.9,3.01,294.3,16.26,7.67
SETL,EQ,122,15.48,2433.8,6.51,7.66
DAMCAPITAL,EQ,135.95,10.3,960.98,5.75,7.64
EXICOM,EQ,84,10.15,1168.27,9.15,7.61
MTNL,EQ,24.27,13.04,668.93,32.19,7.59
VENUSPIPES,EQ,992,10.96,2055.04,0.78,7.58
CELLO,EQ,396.05,1.94,8748.15,1.88,7.56
SUDARSCHEM,EQ,776.25,3.83,6102.25,0.97,7.56
POLYPLEX,EQ,780.05,4.31,2448.77,0.96,7.55
PRAKASH,EQ,120.46,8.35,2157.22,6.32,7.52
E2E,BE,2156.7,5,4433.09,0.35,7.51
QUICKHEAL,EQ,143.9,14.63,780.41,5.3,7.45
ASAHIINDIA,EQ,824.85,5.16,21027.67,0.91,7.44
BERGEPAINT,EQ,417.85,1.91,48721.43,1.78,7.44
NIFTY1,EQ,252.98,2.63,3170.84,2.96,7.44
GOLDBETA,EQ,125.35,2.28,4205.74,5.87,7.36
GOLDADD,EQ,144.47,0.61,2172.57,5.06,7.33
JSWHL,EQ,11850,4.85,13153.06,0.06,7.31
FMCGIETF,EQ,48.7,0.06,698.53,14.78,7.31
PSPPROJECT,EQ,630,9.47,2497.43,1.17,7.3
SILVERAG,EQ,227.5,3.09,974,3.19,7.3
PFIZER,EQ,4820,2.11,22050.41,0.15,7.22
SERVOTECH,EQ,68.54,10,1547.94,10.65,7.21
INDRAMEDCO,EQ,399.5,7.29,3662.34,1.81,7.17
THOMASCOOK,EQ,95.52,6.33,4493.08,7.51,7.15
MINDSPACE,RR,450.7,0.34,29220.82,1.58,7.15
INDIGOPNTS,EQ,747,5.09,3561.37,0.95,7.15
INDIAGLYCO,EQ,883,4.01,5918.46,0.81,7.13
SCILAL,EQ,39.5,13.12,1839.91,18.38,7.11
TEGA,EQ,1682,1.28,12636.48,0.42,7.1
GTLINFRA,EQ,1.04,7.22,1322.53,691.34,7.05
HIKAL,EQ,160,8.78,1972.81,4.44,7.02
TIPSMUSIC,EQ,514,4.11,6570.54,1.36,6.96
ASTRAZEN,EQ,7852.5,1.12,19631.25,0.09,6.95
INDIACEM,EQ,357.6,4.01,11081.92,1.95,6.91
STOVEKRAFT,EQ,482.9,6.48,1598.75,1.46,6.9
FEDFINA,EQ,130,4.8,4864.68,5.28,6.9
TRAVELFOOD,EQ,1278,1.28,16828.64,0.54,6.9
POKARNA,EQ,867.15,4.39,2688.51,0.79,6.89
NIACL,EQ,123.9,5.16,20418.72,5.58,6.86
PGIL,EQ,1446,6.79,6672.06,0.47,6.8
EXCELSOFT,EQ,74.8,12.11,860.83,9.26,6.75
LUMAXIND,EQ,4790.7,2.94,4478.22,0.14,6.72
ICICIB22,EQ,117.19,2.83,10084.73,5.75,6.69
BSLGOLDETF,EQ,130.48,1.8,2802.49,5.11,6.68
HINDWAREAP,EQ,193,10.39,1614.37,3.5,6.68
HLEGLAS,EQ,269.95,7.55,1874.93,2.46,6.68
NRBBEARING,EQ,240,11.01,2326.14,2.88,6.68
MOL,EQ,41.8,13.77,1063.03,16.22,6.67
ARMANFIN,EQ,1512,12.54,1589.55,0.46,6.63
JISLJALEQS,EQ,29.5,6.34,2108.1,22.44,6.6
SETFNN50,EQ,652.06,1.46,2613.62,0.99,6.55
BLSE,EQ,163.23,1.99,1483.05,4.01,6.55
RALLIS,EQ,232.2,6.39,4515.57,2.82,6.52
THELEELA,EQ,416.3,1.64,13902.67,1.56,6.5
MOTISONS,EQ,12.38,14.31,1218.76,54.63,6.46
GREENPOWER,EQ,9.04,12.44,1060.42,73.45,6.46
HDFCNIFTY,EQ,256.46,2.27,4612.55,2.53,6.45
VMART,EQ,489.9,2.66,3892.66,1.33,6.45
MANAKCOAT,EQ,100,3.39,1058.34,6.3,6.35
SKFINDIA,EQ,1505,6.46,7440.41,0.42,6.34
OPTIEMUS,EQ,309.7,5.79,2746.69,2.03,6.33
SDBL,EQ,68.7,10.26,1355.29,9.31,6.29
ARIS,EQ,103.6,7.31,847.05,6.17,6.29
VIDYAWIRES,EQ,52.5,4.69,1116.63,12.03,6.27
GODAVARIB,EQ,315.5,6.86,1614.6,2,6.27
CEIGALL,EQ,277.3,2.36,4830.7,2.25,6.27
IBULLSLTD,EQ,10.08,10.28,2342.98,62.51,6.22
HARIOMPIPE,EQ,301.1,9.43,932.43,2.1,6.22
SHANTIGOLD,EQ,163.85,4.61,1181.29,3.79,6.22
LAXMIDENTL,EQ,176.24,11.37,968.65,3.58,6.22
MAHLIFE,EQ,311.6,5.9,6647.76,2.01,6.17
JUBLINGREA,EQ,579.9,6.66,9236.71,1.08,6.17
NEXT50,EQ,637.99,2.69,1083.72,0.96,6.14
EMUDHRA,EQ,392,4.78,3246.22,1.56,6.14
SWARAJENG,EQ,3409,3.03,4141.89,0.18,6.13
DCW,EQ,41.1,9.51,1213.09,15.16,6.13
MONARCH,EQ,265.1,6.15,2101.4,2.32,6.11
UNITECH,EQ,3.79,19.94,990.95,166.44,6.11
VIPIND,EQ,317,4.88,4503.04,1.92,6.11
NIFTYBETA,EQ,249.6,1.23,64904.8,2.43,6.09
DHANBANK,EQ,22.9,16.6,903.86,27.69,6.09
DCMSHRIRAM,EQ,1154.9,3.44,18009.78,0.53,6.07
BIRLANU,EQ,1375,14.44,1036.87,0.46,6.07
KELLTONTEC,EQ,15.07,13.82,795.4,41.24,6.02
PSB,EQ,22.09,6.92,15674.15,27.68,6.02
LUXIND,EQ,906.5,9.76,2726,0.67,5.99
AARTIDRUGS,EQ,345.05,7.91,3149.27,1.74,5.95
DENTA,EQ,239,6.34,638.13,2.49,5.95
QUADFUTURE,EQ,287,7.03,1148,2.07,5.89
EBGNG,EQ,363.85,3.35,4148.31,1.61,5.88
LXCHEM,EQ,117.4,8.59,3253.72,5.07,5.87
HITECH,EQ,76.5,7.85,1553.77,7.75,5.86
GLOBUSSPR,EQ,856,6.66,2488.22,0.69,5.86
BSLNIFTY,EQ,26.35,1.39,2923.32,22.04,5.85
PARKHOTELS,EQ,105.67,9.57,2254.73,5.6,5.85
AHLUCONT,EQ,689.95,5.28,4621.81,0.85,5.81
RAJOOENG,EQ,52.7,12.9,941.62,11.16,5.75
LIKHITHA,EQ,170.1,8.5,671.04,3.4,5.73
EPIGRAL,EQ,872,7.59,3761.92,0.66,5.72
SPIC,EQ,61,10.07,1242.21,9.5,5.71
DYCL,EQ,261.2,8.43,1265.74,2.21,5.7
BEPL,EQ,87.25,6.16,2171.29,6.58,5.7
GROWWLIQID,EQ,108.47,0.01,77.34,5.24,5.69
INDSWFTLAB,EQ,138,5,1126.24,4.09,5.68
JARO,EQ,422,8.93,935.84,1.36,5.66
VESUVIUS,EQ,443.5,1.87,9001.31,1.27,5.65
MOSMALL250,EQ,14.95,3.39,185.68,37.67,5.61
BHARATSE,EQ,154,9.37,967.12,3.64,5.61
GIPCL,EQ,129.77,7.43,2014.24,4.36,5.58
FCL,EQ,20.9,8.63,2423.36,26.87,5.58
GOCLCORP,EQ,271.9,7.51,1347.88,2.08,5.58
IFBIND,EQ,945.05,5.7,3829.23,0.59,5.58
KHAICHEM,EQ,49.2,13.78,477.19,11.54,5.58
BASF,EQ,3250.5,1.15,14070,0.17,5.56
PRECAM,EQ,119,13.24,1130.33,4.81,5.55
ORIENTCEM,EQ,130.74,6.39,2686.18,4.28,5.55
MAXESTATES,EQ,324.4,5.07,5302.17,1.7,5.52
STERTOOLS,EQ,183,13.6,665.1,3.06,5.51
NDTV,EQ,66.6,12.35,751.41,8.28,5.49
ANTHEM,EQ,667.7,1.74,37505.63,0.82,5.48
MAHSCOOTER,EQ,11190,0.73,12788.57,0.05,5.46
SUPRAJIT,EQ,420,4.97,5761.19,1.32,5.44
MAMATA,EQ,327,9.27,804.68,1.69,5.43
BBL,EQ,2206,6.63,2493.47,0.25,5.42
GROWWGOLD,EQ,14.56,2.18,439.37,36.99,5.4
ALLCARGO,EQ,7.73,7.66,1157.78,70.07,5.39
MHRIL,EQ,241.05,6.56,4870.26,2.23,5.38
ALGOQUANT,EQ,50.86,2.21,1429.65,10.49,5.37
MOM100,EQ,58.79,3.56,752.68,9.15,5.35
PVTBANKADD,EQ,25.7,5.07,502.02,21.38,5.34
SUNTECK,EQ,293.1,7.28,4303.94,1.83,5.34
ARFIN,EQ,76.25,4.04,1286.51,7.04,5.34
CAMPUS,EQ,221.36,1.15,6764.61,2.38,5.33
TTKPRESTIG,EQ,445.8,3.99,6105.27,1.2,5.31
AYE,EQ,95.62,0.52,2359.75,5.43,5.31
MARATHON,EQ,395,3.72,2663.11,1.32,5.3
MIDCAPIETF,EQ,21.29,5.87,637.81,25.56,5.29
PRUDENT,EQ,2269,4.32,9395.18,0.23,5.27
FUSION,EQ,144.8,4.75,2336.58,3.63,5.26
PROSTARM,EQ,125.3,8.57,737.7,4.23,5.26
INDOFARM,EQ,124.68,12.16,599.11,4.32,5.25
RBA,EQ,59,3.04,3438.97,8.9,5.25
RESPONIND,EQ,129.19,1.72,3444.32,3.9,5.24
SALASAR,EQ,6.28,11.35,1097.71,85.49,5.22
VILAS,SM,353.8,4.72,866.1,1.45,5.22
SUBROS,EQ,680,7.04,4436.03,0.77,5.22
LMW,EQ,12326,2.74,13167.87,0.04,5.2
STANLEY,EQ,130,5.09,742.63,3.97,5.2
NESCO,EQ,1055,4.04,7433.53,0.49,5.19
PRINCEPIPE,EQ,223.7,8.57,2473.25,2.34,5.17
SUNDRMFAST,EQ,753.8,0.63,15839.48,0.68,5.16
C2C,SM,400.5,10.04,679.59,1.29,5.11
ROHLTD,EQ,301.2,11.02,826.05,1.68,5.08
DHANUKA,EQ,950,5.74,4282.44,0.54,5.06
ARKADE,EQ,102.5,8.09,1903.05,5,5.06
TRUALT,EQ,410.95,1.87,3524,1.2,4.97
SRM,EQ,403,4.99,924.65,1.22,4.94
ZUARI,EQ,197.92,9.25,832.41,2.54,4.92
UGROCAP,EQ,87.98,8.22,1277.83,5.66,4.92
SETFNIFBK,EQ,535,3.71,3509.86,0.93,4.91
PANACEABIO,EQ,328,10.79,2009.02,1.51,4.91
HIRECT,EQ,706.5,7.03,2428.07,0.7,4.9
SAATVIKGL,EQ,397.35,5.37,5050.52,1.24,4.89
PGHL,EQ,4801.5,0.06,7970.19,0.1,4.88
SBIBPB,EQ,46.5,2.4,1306.02,10.26,4.88
STALLION,EQ,106.06,3.5,1231.21,4.55,4.88
DDEVPLSTIK,EQ,216.09,14.12,2236.03,2.3,4.86
754GS2036,GS,106.35,0.77,158461.5,4.58,4.86
VENKEYS,EQ,1217,3.95,1714.43,0.4,4.85
JKLAKSHMI,EQ,587.2,5.22,7289.76,0.82,4.82
IONEXCHANG,EQ,334.7,4.48,4908.93,1.43,4.81
GATEWAY,EQ,53.2,5.24,2658.11,9.08,4.81
RATNAMANI,EQ,2241.2,1.79,15709.02,0.21,4.8
SEPC,EQ,5.34,9.88,1009.29,90.98,4.79
KANSAINER,EQ,175,4.65,14151.52,2.74,4.79
SAKSOFT,EQ,124,13.05,1643.64,3.93,4.76
MPSLTD,EQ,1639,9.91,2803.64,0.3,4.75
CIEINDIA,EQ,453,1.8,17185.12,1.04,4.75
UNIECOM,EQ,85,7.49,955.22,5.54,4.75
EFCIL,EQ,190,6.19,2608.38,2.5,4.75
KOLTEPATIL,EQ,299.3,1.15,2654.2,1.58,4.75
SUMICHEM,EQ,378,3.72,18867.71,1.25,4.74
SCODATUBES,EQ,136.92,11.81,820.27,3.48,4.72
CRIZAC,EQ,192.9,9.04,3375.41,2.47,4.72
VENTIVE,EQ,572,4.21,13358.58,0.82,4.71
PSUBANK,EQ,818.5,3.84,2238.79,0.58,4.71
COSMOFIRST,EQ,627.2,5.33,1646.38,0.75,4.7
XPROINDIA,EQ,1025.8,1.31,2407.59,0.45,4.66
CIGNITITEC,EQ,1137,3.97,3132.09,0.4,4.65
VASCONEQ,EQ,30.85,14.01,714.79,15.46,4.62
REPCOHOME,EQ,362.7,3.94,2269.1,1.26,4.61
AJMERA,EQ,104.01,4.03,2046.87,4.36,4.6
GMMPFAUDLR,EQ,840.5,5.99,3778.65,0.55,4.59
SUNFLAG,EQ,212.67,9.57,3832.73,2.15,4.53
ASTEC,EQ,559,3.4,1245.58,0.8,4.47
ROSSTECH,EQ,710,6.34,2676.45,0.63,4.47
VERANDA,EQ,143.43,7.15,1379.36,3.16,4.44
CSLFINANCE,EQ,245,11.36,558.17,1.87,4.44
SHK,EQ,123.5,9.93,1709.5,3.66,4.43
SGBDE31III,GB,14800,4.09,17918.07,0.03,4.43
SOLEX,EQ,1013,9.95,1094.29,0.44,4.38
SUDEEPPHRM,EQ,610.2,2.98,6892.13,0.71,4.38
DREAMFOLKS,EQ,67.63,18.25,360.26,6.66,4.38
RELAXO,EQ,260,9.29,6472.4,1.71,4.38
DIVGIITTS,EQ,636.5,3.36,1946.6,0.68,4.36
VAL30IETF,EQ,14.9,3.83,45.71,29.9,4.36
INGERRAND,EQ,3626.6,3.95,11448.45,0.12,4.33
CERA,EQ,4610,1.04,5945.77,0.09,4.3
LGBBROSLTD,EQ,1699.1,3.63,5418.84,0.25,4.29
ROTO,EQ,50.75,5.58,956.36,8.41,4.27
VINATIORGA,EQ,1342.5,1.37,13917.11,0.32,4.26
BANKBETA,EQ,52.9,1.65,3389.83,7.78,4.26
NIITLTD,EQ,55.86,10.88,761.84,7.66,4.21
JAYKAY,EQ,135.15,14.23,1760.83,3.14,4.21
GANESHHOU,EQ,548.85,8.43,4576.7,0.77,4.19
HATHWAY,EQ,9.75,9.92,1725.85,44.28,4.18
SOLARA,EQ,460.5,8.21,1665.76,0.9,4.13
HAPPYFORGE,EQ,1185.9,2.58,11189.02,0.35,4.12
HIMATSEIDE,EQ,78.5,8.07,987.08,5.28,4.12
METAL,EQ,11.5,0.88,433.27,35.53,4.1
RAMKY,EQ,452.55,6.46,3131.55,0.91,4.1
FILATEX,EQ,40.95,10.98,1818.42,10.24,4.1
GEOJITFSL,EQ,57.7,9.82,1610.53,7.2,4.09
VSTIND,EQ,211.25,5.59,3588.32,1.95,4.09
SHRIRAMPPS,EQ,65.7,7.48,1121.2,6.26,4.09
MOREALTY,EQ,66.63,2.63,247.53,6.1,4.07
CENTURYPLY,EQ,712,1.5,15818.72,0.57,4.06
ORCHPHARMA,EQ,511.7,6.06,2595.3,0.79,4.04
GREENPLY,EQ,189,4.82,2360.38,2.14,4.03
PSUBANKADD,EQ,82.57,4.16,205.12,4.93,4.02
BANKIETF,EQ,53.8,3.82,2709.05,7.59,4.02
BAJAJHCARE,EQ,309.05,6.53,976.08,1.29,4.01
DSSL,EQ,868,10.59,1105.58,0.47,4.01
CARERATING,EQ,1505,3.9,4522.08,0.27,4.01
IRMENERGY,EQ,184.01,2.01,755.54,2.16,4
GICL,EQ,40.7,3.59,455.66,9.88,4
UTLSOLAR,EQ,203.3,2.94,6229.33,1.98,4
DODLA,EQ,1011,4.11,6099.14,0.4,3.99
EUROPRATIK,EQ,222,5.64,2268.84,1.8,3.97
ZOTA,EQ,1120,5.18,3814.79,0.35,3.96
ADFFOODS,EQ,179,7.07,1966.56,2.23,3.96
STYRENIX,EQ,1831.5,1.86,3220.81,0.21,3.95
GAUDIUMIVF,EQ,78,9.05,567.74,5.04,3.94
PICCADIL,EQ,541.6,4.69,5334.64,0.73,3.93
WSTCSTPAPR,EQ,434,6.71,2866.52,0.92,3.93
APLLTD,EQ,673,1.47,13228.7,0.58,3.93
FMGOETZE,EQ,420,8.35,2336.55,0.96,3.92
SMARTWORKS,EQ,385,3.37,4399.09,1.02,3.9
MONIFTY500,EQ,21.84,4.3,236.53,18.04,3.89
AFCONS,EQ,282.9,4.16,10404.63,1.38,3.88
KRISHANA,EQ,499,6.02,3085.2,0.78,3.88
BOROLTD,EQ,237.1,8.49,2835.29,1.63,3.86
GALAPREC,EQ,714,1.64,913.75,0.54,3.85
GILT5YBEES,EQ,64.43,1.38,245.19,6.01,3.85
SILGO,EQ,75.4,4.87,241.17,5.11,3.82
BUTTERFLY,EQ,603.1,2.04,1078.32,0.63,3.78
TARSONS,EQ,180,8.13,957.71,2.14,3.77
SALZERELEC,EQ,525.1,6.92,928.52,0.71,3.77
ADVENZYMES,EQ,265.5,4,2971.66,1.4,3.75
DAVANGERE,EQ,3.75,0.81,536.25,97.87,3.75
DLINKINDIA,EQ,397.9,5.33,1412.74,0.94,3.74
BAJAJELEC,EQ,344,1.85,3969.44,1.08,3.73
TSFINV,EQ,363.9,7.77,8082.36,1.05,3.73
MOM30IETF,EQ,28.5,3.26,500.95,13.1,3.73
GALLANTT,EQ,560.1,2.1,13514.15,0.66,3.71
REDTAPE,EQ,114,3.7,6302.01,3.21,3.68
ORKLAINDIA,EQ,598.85,2.36,8203.6,0.61,3.65
BHAGCHEM,EQ,196.5,14.6,2548,1.92,3.63
RAJRATAN,EQ,366.55,11.13,1861.01,1.01,3.63
SKFINDUS,EQ,2190,5.13,10826.91,0.17,3.63
JSFB,EQ,368.9,2.43,3885.42,0.98,3.62
GROWWDEFNC,EQ,76.67,6.34,267.87,4.74,3.61
MAITHANALL,EQ,901,8.15,2622.95,0.41,3.6
BUILDPRO,EQ,1001.2,4.36,2427.84,0.36,3.58
RACLGEAR,EQ,1216,0.87,1433.43,0.29,3.58
COFFEEDAY,EQ,23.89,13.12,504.68,15.18,3.57
JPOLYINVST,EQ,1085,5.4,1140.54,0.33,3.54
EMIL,EQ,92.45,4.94,3557,3.83,3.53
LANDMARK,EQ,406.2,12.07,1684.3,0.9,3.53
MOCAPITAL,EQ,44.77,4.65,136.32,7.89,3.53
VALUE,EQ,15.3,2,5.94,23.04,3.53
MAGADSUGAR,EQ,486.5,0.8,685.56,0.71,3.52
ROLEXRINGS,EQ,117.6,5.95,3202.64,2.99,3.5
MID150CASE,EQ,9.95,2.26,214.66,34.86,3.49
RADHIKAJWE,EQ,57.5,13.77,678.5,6.23,3.48
BALMLAWRIE,EQ,158.85,6.55,2716.4,2.2,3.47
NITINSPIN,EQ,364.8,6.23,2050.91,0.96,3.45
PARACABLES,EQ,32.14,12.54,980.94,10.92,3.44
TATVA,EQ,1101,4.62,2575.47,0.31,3.43
PITTIENG,EQ,735.25,6.82,2768.48,0.47,3.41
VAKRANGEE,EQ,5.45,16.45,590.34,64.95,3.4
NAVKARCORP,EQ,80.05,7.26,1204.91,4.34,3.4
NAVNETEDUL,EQ,130.5,6.77,2886.83,2.63,3.4
SGBAUG28V,GB,14278,4.77,9066.22,0.02,3.38
ASALCBR,EQ,724,8.71,1374.09,0.47,3.36
DIGITIDE,EQ,77.25,2.69,1151.12,4.3,3.36
INDOSTAR,EQ,196.66,3.64,3177.46,1.7,3.35
SPORTKING,EQ,122.4,8.99,1555.36,2.74,3.3
MAHLOG,EQ,349,4.87,3462.86,0.95,3.3
ONEPOINT,EQ,43.9,6.06,1154.22,7.58,3.27
RPEL,EQ,621.3,9.69,2852.51,0.53,3.27
VIJAYA,EQ,883,2.51,9070.61,0.37,3.26
738GS2027,GS,103.01,0.07,146274.2,3.15,3.25
GOCOLORS,EQ,267.85,7.48,1408.78,1.23,3.25
VRLLOG,EQ,235.72,0.78,4123.61,1.36,3.25
NIVABUPA,EQ,72,2.55,13301.69,4.5,3.24
SHREEPUSHK,EQ,320,6.21,1034.81,1,3.23
UNICHEMLAB,EQ,297.95,1.53,2097.74,1.08,3.23
CARYSIL,EQ,792,5.12,2252.65,0.41,3.23
MANBA,EQ,102.25,1.73,513.7,3.12,3.22
MMFL,EQ,403.2,8.52,1946.71,0.81,3.22
GUJTHEM,EQ,249.55,9.98,2719.23,1.32,3.21
ICEMAKE,EQ,682.5,2.57,1076.97,0.46,3.2
GHCL,EQ,443.1,4.75,4073.6,0.72,3.19
MEDIASSIST,EQ,318.65,7.38,2377.43,1.02,3.19
IGARASHI,EQ,294,7.52,925.37,1.07,3.18
KOPRAN,EQ,119.42,10.53,576.65,2.71,3.18
EVEREADY,EQ,278.8,6.15,2026.52,1.16,3.18
VINDHYATEL,EQ,1084,11.18,1284.63,0.3,3.17
TICL,EQ,22.06,2.6,341.93,14.08,3.16
ADSL,EQ,98,12.42,553.84,3.3,3.16
SHARDAMOTR,EQ,740.05,4.53,4248.46,0.42,3.14
PURVA,EQ,175,7.32,4150.12,1.8,3.14
SWANDEF,BE,1595.6,0.18,8405.96,0.19,3.14
SUBEXLTD,EQ,7.5,12.28,421.5,42.79,3.14
MANALIPETC,EQ,41.85,6.27,719.82,7.54,3.13
GANDHAR,EQ,124.7,6.77,1220.56,2.52,3.12
MARKOLINES,EQ,145,2.15,319.59,2.1,3.1
KIRLPNU,EQ,1085,4.33,7047.96,0.29,3.09
KCP,EQ,134.5,7.09,1733.99,2.31,3.07
TIIL,EQ,2251,2.87,5103.65,0.14,3.07
DOLLAR,EQ,244.98,9.71,1389.43,1.29,3.06
STARCEMENT,EQ,205,0.87,8454.79,1.49,3.06
WONDERLA,EQ,521.6,7.37,3308.13,0.59,3.03
NSIL,EQ,5091,7.62,2614.82,0.06,3.03
ETHOSLTD,EQ,2221,1.73,5942.88,0.14,3.03
HDFCMID150,EQ,20.35,3.67,161.76,14.97,3.03
RAJESHEXPO,BZ,83.78,4.23,2473.69,3.61,3.02
MEDICO,EQ,37.79,15.35,313.6,8.02,3.02
ASMS,EQ,7.58,8.29,230.87,39.37,3.02
PLATIND,EQ,198,6.88,1087.51,1.52,3.01
ELIN,EQ,105,10.98,521.95,2.9,2.98
PFS,EQ,26.69,11.16,1714.25,11.44,2.98
JASH,EQ,361,4.68,2270.87,0.83,2.98
ORICONENT,EQ,64.07,0.13,1006.2,4.59,2.97
SUYOG,EQ,633,3.04,741.69,0.46,2.95
CARRARO,EQ,470,1.49,2672.02,0.62,2.95
MIRCELECTR,EQ,27.45,5.29,1013.98,10.6,2.94
JAGRAN,EQ,62.36,2.11,1357.29,4.73,2.94
NEPHROPLUS,EQ,535,5.55,5368.23,0.55,2.94
MUTHOOTMF,EQ,152.4,4.61,2598.3,1.93,2.92
ADVANCE,EQ,93.19,9.69,599.08,3.18,2.92
GANESHCP,EQ,173.2,1.66,699.95,1.65,2.89
ONWARDTEC,EQ,229.8,9.35,522.8,1.28,2.88
SANDHAR,EQ,462,5.72,2780.81,0.63,2.88
MANGLMCEM,EQ,793.55,3.5,2182.05,0.36,2.87
SENSEXIETF,EQ,830.05,0.91,26635.54,0.34,2.86
SMCGLOBAL,EQ,59.4,6.85,1243.84,4.8,2.86
MIDWESTLTD,EQ,1220,6.32,4411.62,0.24,2.85
TINNARUBR,EQ,596.6,11.31,1074.82,0.49,2.85
GULPOLY,EQ,147.6,2.47,920.59,1.88,2.85
ITIETF,EQ,33,3.22,448.5,8.63,2.84
SGBSEP31II,GB,14636,3.83,17086.01,0.02,2.83
SHREDIGCEM,EQ,64.8,13.8,958.19,4.51,2.83
BOSCH-HCIL,EQ,1125,7.23,3058.97,0.25,2.83
MCLOUD,EQ,20.77,4.95,1223.49,13.79,2.83
SOUTHWEST,EQ,217.99,2.41,650.26,1.29,2.83
PPL,EQ,181.95,10.84,435.19,1.57,2.82
IMAGICAA,EQ,40.46,8.01,2289.48,6.99,2.8
AGARWALEYE,EQ,415.5,2.2,13163.35,0.67,2.8
FABTECH,EQ,142,2.05,631.2,1.93,2.78
MONQ50,EQ,104.5,3.46,153.35,2.67,2.77
ALEMBICLTD,EQ,76.75,8.25,1970.8,3.63,2.74
UNIVCABLES,EQ,693,6.68,2404.39,0.4,2.74
GRINDWELL,EQ,1424,5.24,15766.53,0.19,2.73
AMRUTANJAN,EQ,498.5,0.98,1441.19,0.54,2.72
NIF100BEES,EQ,245.95,1.42,307.11,1.09,2.71
TASTYBITE,EQ,6660,1.96,1708.96,0.04,2.68
BORANA,BE,306,0.72,815.35,0.88,2.68
PNBGILTS,EQ,63.6,7.51,1144.86,4.2,2.65
TOP100CASE,EQ,9.75,2.09,133.48,27.01,2.64
IPL,EQ,134.3,7.13,1546.65,1.97,2.64
EPACKPEB,EQ,138.77,4.99,1393.97,1.91,2.63
NIFTYCASE,EQ,9.11,2.24,50.82,28.89,2.63
JGCHEM,EQ,336,8.72,1316.65,0.79,2.62
MASTERTR,EQ,67.6,19.99,831.59,4,2.62
SYNCOMF,EQ,11.25,9.22,1057.5,23.53,2.6
ESAFSFB,EQ,22.49,13.24,1159.73,11.8,2.6
KDDL,EQ,2152,6.22,2646.81,0.12,2.58
SIYSIL,EQ,471.1,8.1,2137.38,0.55,2.57
PNGSREVA,EQ,341.2,2.83,1081.55,0.74,2.57
BCLIND,EQ,28.9,10.9,853.02,9.09,2.56
RPTECH,EQ,358.45,6.08,2362.17,0.72,2.56
ITDC,EQ,395.1,6.64,3388.75,0.64,2.54
SAKAR,EQ,515.9,3.5,1147.87,0.48,2.54
GNA,EQ,378,5.97,1622.78,0.68,2.54
GVPIL,BE,400,4.13,2689.1,0.63,2.53
SANSTAR,EQ,76.59,1.07,1395.81,3.26,2.51
MAYURUNIQ,EQ,522.9,5.78,2272.14,0.48,2.51
RMDRIP,EQ,41.16,5,1028.18,6.1,2.51
STLNETWORK,EQ,17.35,8.98,846.66,14.46,2.5
WAAREEINDO,BE,384.65,5,1600.29,0.65,2.5
SURYODAY,EQ,124.6,4.9,1324.37,2,2.5
GPTINFRA,EQ,103.36,6.81,1306.1,2.42,2.49
PDSL,EQ,277.8,6.17,3929.26,0.91,2.49
NILASPACES,EQ,13,12.46,512.06,19.29,2.49
WELENT,EQ,438,5.35,6062.52,0.57,2.49
NGLFINE,EQ,2093.4,1.76,1293.31,0.11,2.44
RAMCOSYS,EQ,365,6.09,1367.35,0.67,2.44
BIRLAMONEY,EQ,109.04,12.73,616.18,2.19,2.42
NIITMTS,EQ,275,4.88,3781.81,0.89,2.42
BHARATRAS,EQ,1322.2,9.26,2197.64,0.19,2.41
LICMFGOLD,EQ,133.5,2.3,1384.63,1.79,2.4
ADOR,EQ,893,1.71,1554.07,0.26,2.39
OILIETF,EQ,11.08,1.65,261.39,21.41,2.38
SARVESHWAR,EQ,3.01,19.92,369.85,82.22,2.36
MACPOWER,EQ,854,7.7,854.36,0.28,2.36
PIXTRANS,EQ,1469.1,1.96,2001.68,0.16,2.35
INSECTICID,EQ,587,11.09,1708.04,0.41,2.34
KRSNAA,EQ,558.5,7.34,1811.7,0.42,2.34
VALIANTORG,EQ,226,11.84,633.24,1.02,2.34
FISCHER,EQ,41.1,1.48,2665.4,5.6,2.33
JAGSNPHARM,EQ,186,1.07,1244.16,1.25,2.33
TAC,SM,438.5,10,922,0.53,2.32
TALBROAUTO,EQ,243,4.83,1499.99,0.96,2.32
KAMDHENU,EQ,18.85,9.02,531.35,12.49,2.31
VISHNU,EQ,498.5,2.03,3355.67,0.46,2.29
MAXVOLT,SM,280,2.64,305.31,0.8,2.28
BAHETI,SM,508.45,4.34,527.19,0.45,2.28
MOLDTKPAC,EQ,499,5.49,1658.12,0.46,2.26
INFLUX,SM,214,5.94,495.42,1.01,2.26
METROBRAND,EQ,919,2.56,25047.05,0.24,2.25
ONMOBILE,EQ,42.5,4.86,451.87,5.18,2.24
AIMTRON,SM,835.25,5,1721.38,0.27,2.23
ARVSMART,EQ,527,4.92,2417.19,0.42,2.23
GROWWPOWER,EQ,10.2,1.49,150.07,21.61,2.22
SAGCEM,EQ,165,7.73,2156.67,1.35,2.22
MASFIN,EQ,294,5.13,5334.73,0.76,2.22
PATELRMART,EQ,165.39,9.37,552.41,1.37,2.21
PENINLAND,EQ,16.6,18.66,550.67,13.74,2.21
BHAGYANGR,EQ,151.47,9.99,484.63,1.47,2.21
IVALUE,EQ,222.61,2.86,1216.13,0.99,2.2
5PAISA,EQ,272.64,9.45,852.13,0.82,2.2
EXPLEOSOL,EQ,709,9.6,1100.35,0.31,2.2
ORIENTELEC,EQ,159.6,2.11,3405.32,1.37,2.19
CAPILLARY,EQ,484.95,1.15,3850.86,0.44,2.18
SAWALIYA,SM,305,0.15,302.51,0.7,2.15
BGRENERGY,BE,257.88,5,1860.9,0.85,2.15
BCG,BE,8.57,4.9,1729.36,25.15,2.15
ROSSARI,EQ,405,6.97,2243.03,0.53,2.15
MOVALUE,EQ,108.3,2.52,150.07,1.94,2.1
CLSEL,EQ,232.25,13.15,1154.88,0.94,2.1
RUPA,EQ,120.25,8.65,956.28,1.77,2.09
ACCELYA,EQ,1124,9.7,1677.71,0.19,2.09
ICRA,EQ,5085,1.64,4907.65,0.04,2.09
RBZJEWEL,EQ,115.2,12.86,460.8,1.79,2.09
AMAGI,EQ,327,0.26,7074.28,0.63,2.08
EIMCOELECO,EQ,1550.8,8.54,894.56,0.14,2.08
WCIL,EQ,81.22,4.3,828.08,2.53,2.07
GHCLTEXTIL,EQ,70.12,6.99,670.25,2.93,2.06
MAHKTECH,EQ,23.19,5.12,449.22,8.88,2.05
STYL,EQ,224,5.1,3624.45,0.91,2.04
ASIANENE,EQ,260.21,8.94,1169.31,0.79,2.02
SPAL,EQ,732,5.07,1840.17,0.28,2.01
MIDSMALL,EQ,44.28,2.98,384.2,4.53,2.01
DIFFNKG,EQ,268.61,7.53,1005.31,0.76,2.01
20MICRONS,EQ,148.56,11.58,524.22,1.38,2.01
KSL,EQ,610.05,5.59,2663.05,0.33,2
SGBJUN31I,GB,14595,3.74,11339.28,0.01,2
EBBETF0433,EQ,1258.2,0.29,6259.89,0.16,1.98
JINDWORLD,EQ,20.25,11.88,2030.27,9.98,1.97
FDC,EQ,327.75,2.07,5336.1,0.6,1.97
NDRAUTO,EQ,668.7,9.48,1590.52,0.3,1.97
MUFTI,EQ,68.2,6.46,445.82,2.86,1.95
CKKRETAIL,ST,131,4.97,253.72,1.5,1.95
NUCLEUS,EQ,777,7.51,2045.48,0.25,1.94
APTECHT,EQ,76.99,9.66,446.56,2.57,1.93
URJA,EQ,9.08,13.36,477.11,21.95,1.92
DOLPHIN,EQ,401.2,1.39,1604.98,0.47,1.92
GREENPANEL,EQ,179.1,4.53,2196.26,1.06,1.91
UNIPARTS,EQ,459.75,3.79,2075.07,0.41,1.9
SETCO,EQ,20.88,4.98,279.31,9.11,1.89
ANNAPURNA,SM,182.1,9.63,397.34,1.04,1.88
KECL,EQ,86.35,5.52,573.49,2.16,1.88
BOROSCI,EQ,111,7.62,987.31,1.72,1.88
SANATHAN,EQ,394.95,7.43,3333.54,0.49,1.87
AHCL,EQ,112.54,1.04,598.17,1.63,1.87
EMBDL,BE,41.43,4.99,5761.39,4.5,1.86
VIVIANA,SM,674.8,7.99,683.22,0.27,1.86
JUNIPER,EQ,203.02,6.89,4517.24,0.91,1.84
SANGHIIND,EQ,49.35,2.73,1274.84,3.67,1.84
CANTABIL,EQ,231.58,4.79,1936.89,0.79,1.84
TRACXN,EQ,29.1,11.97,310.6,6.57,1.83
BHARATWIRE,EQ,160,1.56,1097.35,1.12,1.83
DBCORP,EQ,194,4.32,3457.97,0.95,1.82
BALAJITELE,EQ,79.99,12.49,974.37,2.33,1.82
GALAXYSURF,EQ,1640,8.28,5814.58,0.11,1.81
CONTROLPR,EQ,552,5.24,882.88,0.33,1.78
DEN,EQ,24.93,8.49,1189.72,7.27,1.78
BETA,EQ,1260,5.94,1277.25,0.14,1.78
SURAJEST,EQ,185.05,5.6,884.05,0.95,1.77
SINDHUTRAD,EQ,22.35,7.35,3446.21,7.96,1.77
MOMIDMTM,EQ,57.6,3.36,30.69,3.08,1.77
AGARIND,EQ,390,7.56,583.35,0.45,1.76
SILVER360,EQ,230.34,4.39,49.66,0.76,1.76
TVSSRICHAK,EQ,3402,5.93,2604.93,0.05,1.76
NCLIND,EQ,157.08,6.01,710.52,1.11,1.76
RISHABH,EQ,380,8.85,1462.9,0.47,1.75
ARIHANTCAP,EQ,62.85,8.01,688.92,2.81,1.75
INDIANHUME,EQ,303.05,7.67,1596.52,0.58,1.75
TVTODAY,EQ,103.12,4.11,615.3,1.71,1.75
SHALBY,EQ,141,11.2,1522.94,1.28,1.74
PSUBNKIETF,EQ,82.7,3.79,114.34,2.1,1.73
TVSELECT,EQ,375,4.15,699.39,0.45,1.73
TEAMLEASE,EQ,1159.9,2.78,1945.02,0.15,1.72
QUESS,EQ,178,4.88,2658.1,0.98,1.72
SNOWMAN,EQ,34.26,11.6,572.44,5.14,1.72
ESILVER,EQ,233.96,3.08,1502.19,0.73,1.72
AMBIKCO,EQ,1250,10.67,715.63,0.14,1.72
MEIL,EQ,234.9,12.64,649.03,0.75,1.72
FAIRCHEMOR,EQ,472.5,9.12,595.16,0.36,1.71
EGOLD,EQ,149.1,1.95,1403.74,1.15,1.71
SHIVALIK,EQ,231,4.88,363.83,0.73,1.71
WINDLAS,EQ,771,4.65,1627.29,0.22,1.7
INDOBORAX,EQ,244.01,0.37,783.03,0.69,1.7
MOSILVER,EQ,231,4.02,1015.43,0.73,1.7
EBBETF0431,EQ,1384,0.18,13075.21,0.12,1.7
ANONDITA,SM,735,11.57,1329.37,0.24,1.69
AUTOAXLES,EQ,1669.5,7.91,2522.94,0.1,1.68
FLAIR,EQ,290,2.24,3056.47,0.58,1.68
INNOVACAP,EQ,702,1.76,4017.19,0.24,1.68
MUTHOOTCAP,EQ,183,2.26,300.99,0.91,1.68
JAYBARMARU,EQ,83.2,9.98,900.64,2.04,1.67
SKMEGGPROD,EQ,158.9,7.25,836.77,1.07,1.67
PRIZOR,ST,425.25,5,454.64,0.39,1.67
GROWWRAIL,EQ,29.4,5.19,127.59,5.7,1.66
DECCANCE,EQ,619.9,13.66,868.32,0.29,1.65
UDS,EQ,136.5,7.08,913.91,1.22,1.65
HDFCSENSEX,EQ,83.98,3.31,908.94,1.98,1.64
SASKEN,EQ,1142,2.94,1734.29,0.14,1.63
VMARCIND,SM,620,6.84,1514.08,0.26,1.63
BIGBLOC,EQ,45.1,17.75,638.51,3.64,1.62
IVZINGOLD,EQ,13070,2.88,739.98,0.01,1.62
DCI,EQ,318,5.96,508.8,0.51,1.61
LIQUIDSHRI,EQ,1098.34,0.01,37.43,0.15,1.61
SML100CASE,EQ,8.92,3.48,59.12,18.06,1.61
TCI,EQ,941,1.95,7221.59,0.17,1.61
WANBURY,BE,230.5,3.85,805.35,0.69,1.6
KRONOX,EQ,116,19.56,430.41,1.43,1.59
BLUSPRING,EQ,55.48,8.93,827.39,2.9,1.59
SHANKARA,BE,114.42,3.43,277.46,1.41,1.59
ORIENTHOT,EQ,89,8.52,1589.53,1.8,1.59
GICHSGFIN,EQ,139.5,6.24,751.22,1.15,1.58
GKSL,EQ,103,1.64,812.09,1.52,1.58
HUHTAMAKI,EQ,162,8.07,1223.46,0.97,1.55
HDFCNEXT50,EQ,67,8.89,158.27,2.42,1.54
NAHARSPING,EQ,218.8,9.41,789.11,0.72,1.54
GOPAL,EQ,266,5.26,3315.65,0.58,1.54
AXISNIFTY,EQ,250.43,2.32,1188.84,0.61,1.53
STUDDS,EQ,449.8,0.22,1770.12,0.33,1.52
AFFORDABLE,EQ,140,15.83,157.45,1.09,1.52
QGOLDHALF,EQ,123.7,1.55,695.19,1.23,1.52
STEELCAS,EQ,235.2,4.13,2380.22,0.64,1.52
CEWATER,EQ,278.4,9.61,576.18,0.55,1.51
GGBL,SM,248,13.55,615.06,0.61,1.5
YASHO,EQ,1390,10.37,1675.94,0.11,1.49
DISHTV,EQ,2.2,19.57,405.08,70.1,1.49
CONSUMBEES,EQ,116.95,1.96,187.76,1.26,1.48
AJAXENGG,EQ,431.5,6.78,4936.65,0.35,1.48
KIRLOSIND,EQ,2774,12.2,2915.3,0.06,1.48
IT,EQ,32.9,3.52,394.68,4.48,1.47
VENUSREM,EQ,861.05,5,1150.96,0.17,1.47
SUMMITSEC,EQ,1474,11.77,1606.92,0.1,1.47
CAPINVIT,IV,69.47,1.4,3414.81,2.12,1.46
ASHIANA,EQ,302.25,8.06,3038.36,0.49,1.46
MVGJL,EQ,143,8.36,698.52,1.02,1.46
HONDAPOWER,EQ,1968,6.54,1996.16,0.07,1.45
BLKASHYAP,EQ,46.5,8.62,1048.3,3.13,1.43
MSPL,EQ,29.09,9.98,1648.81,5.01,1.43
ITETF,EQ,31.28,2.66,94.54,4.55,1.43
AUTOIETF,EQ,25.13,2.57,166.73,5.65,1.42
LOKESHMACH,EQ,207.2,2.83,414.33,0.68,1.42
UFO,EQ,61.9,12.44,240.26,2.33,1.42
MINDTECK,EQ,161.49,10.22,516.03,0.88,1.41
RUSTOMJEE,EQ,380.4,1.67,4802.06,0.37,1.41
ARTEMISMED,EQ,222.9,8.46,3527.92,0.64,1.41
DEFENCE,EQ,62.41,4.61,48.33,2.25,1.4
PAUSHAKLTD,EQ,375.5,8.87,925.87,0.37,1.4
RAMRAT,EQ,303.5,4.98,2831.69,0.46,1.4
RITCO,EQ,184.92,3.53,529.29,0.75,1.4
RAMCOIND,EQ,248.4,6.24,2157.14,0.56,1.39
APS,SM,299.8,13.35,604.4,0.47,1.39
SURAJLTD,EQ,259.2,20,476,0.55,1.39
VGINFOTECH,SM,123.7,17.47,307.63,1.19,1.39
LAOPALA,EQ,173,5.49,1920.3,0.8,1.39
MOMENTUM30,EQ,29.99,9.45,19.98,4.93,1.38
KALPATARU,EQ,275.5,6.41,5672.93,0.51,1.38
KSOLVES,EQ,269.29,8.76,638.77,0.52,1.38
INDNIPPON,EQ,720,6.01,1628.74,0.19,1.38
PANAMAPET,EQ,254.5,9.65,1539.56,0.54,1.37
ABSMARINE,SM,162.2,8.46,398.2,0.83,1.36
IKIO,EQ,113.29,5.55,875.51,1.19,1.36
SJLOGISTIC,SM,271,17.62,414.44,0.51,1.35
GUFICBIO,EQ,285,4.09,2858.05,0.47,1.35
VEEDOL,EQ,1296.9,4.07,2259.72,0.1,1.34
BANSALWIRE,EQ,237,5.36,3710.38,0.57,1.34
NACLIND,EQ,131.58,5,3079.15,1.01,1.33
GROWWNIFTY,EQ,9.12,1.33,26.19,14.45,1.33
DOLATALGO,EQ,70.5,6.88,1240.8,1.9,1.32
AEROENTER,EQ,69.3,6.71,783.68,1.91,1.32
RADIANTCMS,EQ,37.66,14.96,401.86,3.6,1.32
TIL,EQ,171.01,4.55,1203.09,0.75,1.31
ALPHAETF,EQ,22.65,3.05,363.98,5.76,1.3
ALPL30IETF,EQ,25.17,1.9,1419.52,5.18,1.3
UFBL,EQ,205,4.97,801.27,0.61,1.29
IRISDOREME,EQ,30.55,0.89,581.46,4.1,1.28
DPEL,SM,420,1.38,1048.53,0.3,1.28
JUBLCPL,EQ,1679,13.22,2544.1,0.08,1.28
INFRABEES,EQ,904.9,2.24,174.16,0.14,1.28
SSEGL,SM,308.5,7.51,801.44,0.41,1.27
ELECTHERM,EQ,580.25,4.48,739.4,0.22,1.26
INFRAIETF,EQ,89.08,1.26,371.56,1.41,1.26
ANDHRSUGAR,EQ,73.61,3.01,997.68,1.71,1.26
MIDCAP,EQ,15.77,2.87,173.49,7.98,1.26
TECHERA,SM,194.55,3.68,321.41,0.65,1.25
MADRASFERT,EQ,58.4,10.06,940.83,2.14,1.24
SMALL250,EQ,14.78,2.85,49.28,8.41,1.24
FINIETF,EQ,28.54,3.41,251.05,4.37,1.24
MONTECARLO,EQ,491,5.16,1017.94,0.25,1.24
JTEKTINDIA,EQ,126,7.19,3494.13,0.99,1.22
APCOTEXIND,EQ,345,9.84,1788.65,0.36,1.22
SIS,EQ,285,1.68,4026.26,0.42,1.22
ASAL,EQ,407,7.84,645.68,0.3,1.22
ATL,EQ,20.98,12.31,612.32,5.95,1.22
KHADIM,EQ,85,8.16,156.22,1.43,1.21
ZTECH,SM,535,5.45,773.52,0.23,1.2
REGAAL,EQ,64.28,5,660.31,1.87,1.19
IZMO,BE,646.65,4.99,967.55,0.19,1.19
ALLTIME,EQ,200.3,6.79,1312.12,0.6,1.19
ARIES,EQ,337.55,4.01,438.96,0.35,1.18
OSWALAGRO,EQ,40.66,19.98,545.8,3.04,1.18
SACHEEROME,SM,290.4,10,649.71,0.41,1.17
SUNCLAY,EQ,1250,4.85,2755.77,0.09,1.17
HDFCNIFIT,EQ,31.57,2.27,113.48,3.68,1.17
VIKASLIFE,EQ,1.26,18.87,234.07,98.51,1.16
ZUARIIND,EQ,230,7.83,684.97,0.51,1.16
TARACHAND,EQ,56.22,4.61,443.15,2.06,1.15
TTKHLTCARE,EQ,766.5,3.64,1083.09,0.15,1.15
SOMANYCERA,EQ,364.9,2.2,1496.56,0.31,1.14
HERANBA,EQ,175.9,11.67,703.84,0.67,1.14
BSE500IETF,EQ,35.43,2.22,317.54,3.21,1.14
MONOLITH,SM,415,9.99,902.04,0.28,1.13
ESABINDIA,EQ,5169,4.31,7956.65,0.02,1.13
MAANALU,EQ,123.2,1.91,739.01,0.89,1.13
HILINFRA,EQ,46.65,13.7,334.58,2.52,1.13
LAXMIINDIA,EQ,79.05,10.33,413.18,1.46,1.13
OCCLLTD,EQ,87.9,10.9,439.06,1.29,1.12
CUBEXTUB,EQ,83.9,13.47,120.14,1.37,1.12
AONEGOLD,EQ,13.88,1.98,83,8.06,1.12
REMSONSIND,EQ,88.8,13.21,309.72,1.28,1.11
VERTOZ,EQ,31,9.97,264.21,3.47,1.11
SUPREMEPWR,SM,159.9,5.58,399.61,0.68,1.11
INDOCO,EQ,188.98,15.23,1744.35,0.61,1.11
RELTD,EQ,130.2,8.73,2325.69,0.87,1.1
RHETAN,EQ,24.51,1.16,1953.14,4.43,1.09
EBANKNIFTY,EQ,51.82,1.97,11.77,2.11,1.09
EXCELINDUS,EQ,886,9.87,1113.76,0.13,1.09
DHARMAJ,EQ,238,3.38,804.38,0.45,1.08
BODALCHEM,EQ,54.2,5.86,682.62,1.98,1.08
STEELXIND,EQ,7.66,7.74,955.37,14.26,1.07
ENCOMPAS,SM,258,6.68,365.94,0.42,1.07
PRABHA,EQ,152.15,2.51,2083.02,0.69,1.07
IRIS,EQ,219.73,4.18,451.95,0.49,1.07
SWELECTES,EQ,530,6.19,803.41,0.2,1.06
BANSWRAS,EQ,102.25,6.41,350.02,1.06,1.06
AMANTA,EQ,105.9,6.1,411.2,1.02,1.06
ORIENTPPR,EQ,16.2,15.88,343.74,6.81,1.06
DPABHUSHAN,EQ,1009.95,7.08,2305.51,0.11,1.05
GROWWEV,EQ,27.5,4.68,241.28,3.86,1.05
RACE,EQ,103.26,20,178.2,1.03,1.05
DIGIKORE,SM,73.95,7.49,93.66,1.48,1.04
DANISH,SM,595,6.81,1171.65,0.17,1.04
MEDICAMEQ,EQ,233.88,4.74,317.21,0.44,1.04
ENERGY,EQ,35.58,1.66,238.78,2.9,1.03
SATIN,EQ,146.01,4.39,1612.99,0.71,1.03
SUPREME,EQ,53,18.09,204.83,1.96,1.03
NOVAAGRI,EQ,22.1,19.98,204.47,4.75,1.03
VINYLINDIA,EQ,182.6,10.68,334.84,0.54,1.02
SGIL,EQ,480,0.5,746.06,0.21,1.02
DCMSRIND,EQ,36,5.02,313.17,2.82,1.02
725GS2063,GS,97.63,0.41,234312,1.03,1
MOGOLD,EQ,147,2.47,1662.49,0.68,1
POSITRON,SM,117.1,4.74,89,0.85,1
TAKE,BE,40.41,1.99,597.8,2.46,0.99
SALSTEEL,EQ,38.5,4.62,401.23,2.62,0.99
TECHD,SM,495.05,14.37,370.28,0.2,0.98
LINCOLN,EQ,599.75,6.16,1201.28,0.17,0.98
MWL,EQ,262.75,3.57,780.39,0.38,0.98
LIBERTSHOE,EQ,227.5,6.75,387.66,0.43,0.97
IGPL,EQ,365.4,10.28,1125.24,0.27,0.97
ZEEMEDIA,BE,6.98,4.96,436.55,13.88,0.97
CENTRUM,EQ,28.51,3.33,1310.26,3.34,0.97
HARDWYN,BE,20.39,1.34,995.92,4.77,0.96
TOLINS,EQ,93.9,11.19,370.99,1.04,0.96
NILKAMAL,EQ,1193.6,11.9,1781.15,0.08,0.95
HEIDELBERG,EQ,146.6,6.58,3322.15,0.66,0.95
KABRAEXTRU,EQ,199.95,9.26,699.28,0.48,0.95
SILVERBND,EQ,235,4.03,12.39,0.4,0.95
IGCL,EQ,62.6,7.08,395.78,1.54,0.95
GPECO,SM,305,12.5,360.84,0.31,0.94
SGBMAY29I,GB,14300,4.84,7606.13,0.01,0.94
VIDHIING,EQ,294,6.83,1468.38,0.32,0.94
KAMATHOTEL,EQ,159.5,11.49,470.21,0.61,0.94
PDMJEPAPER,EQ,70.98,8.87,673.96,1.33,0.94
OLIL,SM,315,2.77,211.42,0.3,0.94
XCHANGING,EQ,52,8.81,579.3,1.79,0.94
3IINFOLTD,EQ,14.33,4.14,297.2,6.6,0.94
BRIGHOTEL,EQ,57.9,4.04,2199.29,1.61,0.93
CHEMCON,EQ,139.5,10.78,511,0.68,0.93
PROZONER,EQ,45.49,10.84,694.19,2.08,0.93
GOLDBND,EQ,149.5,2.24,10.63,0.62,0.92
AONESILVER,EQ,8.98,3.1,22.34,10.19,0.92
EIHAHOTELS,EQ,283.95,5.07,1730.29,0.32,0.92
CELLECOR,SM,26.5,15.97,584.8,3.63,0.91
OMAXE,EQ,70.1,7.43,1282.13,1.31,0.91
RUSHIL,EQ,14.45,12.63,423.99,6.36,0.91
GROWWMETAL,EQ,10.77,2.18,33.99,8.33,0.91
MUKANDLTD,EQ,125.68,5.03,1816.02,0.73,0.91
AVTNPL,EQ,56.7,4.54,863.45,1.59,0.9
SUBAHOTELS,SM,107.8,6.79,261.33,0.83,0.9
KRMAYURVED,SM,187.7,7.17,399.07,0.48,0.89
TNPETRO,EQ,84,5.03,755.76,1.04,0.87
CONNPLEX,SM,239.95,8.35,458.3,0.37,0.87
PASUPTAC,EQ,44.9,9.81,400.21,1.96,0.87
SUDARCOLOR,EQ,288,5.79,664.76,0.29,0.87
SGBMAR28X,GB,14278,4.82,1081.33,0.01,0.87
MVKAGRO,SM,572,5.54,2888.82,0.15,0.86
SGBJAN29IX,GB,14333,5.59,4113.41,0.01,0.86
TIRUPATIFL,BE,42.5,4.99,528.19,2.03,0.86
KESORAMIND,EQ,8.31,2.97,258.16,10.16,0.86
INTENTECH,EQ,84.14,19.99,198.78,1.05,0.86
RPGLIFE,EQ,1900,2.28,3142.41,0.04,0.85
NEXT50BETA,EQ,67.35,3.87,2081.56,1.27,0.85
APSISAERO,ST,164.25,4.99,197.95,0.52,0.85
GANESHBE,EQ,78,8.24,561.52,1.09,0.85
KUANTUM,EQ,69.75,5.84,608.66,1.21,0.85
BMWVENTLTD,EQ,51.51,5.84,446.67,1.62,0.85
SENSEXBETA,EQ,831,5,52176.42,0.1,0.84
ACCENTMIC,SM,365,2.74,875.6,0.23,0.84
ALLDIGI,EQ,759.9,8.06,1157.96,0.11,0.84
NELCAST,EQ,121.89,6.05,1060.46,0.7,0.84
SARTELE,SM,159.6,9.65,783.28,0.54,0.84
OSWALGREEN,EQ,22.99,15.12,590.4,3.78,0.84
EMKAY,EQ,198,5.15,518.54,0.42,0.84
TRANSWORLD,EQ,132.5,15.17,290.94,0.65,0.84
UNIHEALTH,ST,380.5,4.99,597.38,0.22,0.84
HGS,EQ,371,7.63,1725.9,0.23,0.83
FLYSBS,SM,378.3,4.95,654.6,0.22,0.83
GPTHEALTH,EQ,120,4.07,984.66,0.7,0.83
COMMOIETF,EQ,93.75,1.4,110.77,0.87,0.83
NDL,EQ,2.2,19.57,317.12,38.93,0.82
MICEL,EQ,31.46,4.97,758.22,2.62,0.82
PPAP,EQ,193.56,9.39,273.21,0.43,0.82
EIFFL,EQ,227,6.86,562.96,0.35,0.81
SPUNWEB,SM,104.95,13.34,252.97,0.83,0.81
875NHAI29,N6,1116,1.79,1327.83,0.07,0.8
GLOTTIS,EQ,40.75,6.84,376.54,1.97,0.8
MIDSELIETF,EQ,15.65,0.51,89.35,4.96,0.79
THOMASCOTT,EQ,250,6.16,366.76,0.32,0.79
THEMISMED,EQ,73.47,11.2,676.66,1.09,0.79
SIGNPOST,EQ,234,5.67,1250.73,0.34,0.79
NARMADA,EQ,32.1,5.98,121.78,2.48,0.79
KICL,EQ,4270,6.09,1863.99,0.02,0.79
ALICON,EQ,615.2,4.93,1005.04,0.13,0.79
GOLD360,EQ,145.15,2.62,131.78,0.54,0.79
PAKKA,EQ,86.95,7.95,390.82,0.91,0.79
GOACARBON,EQ,294.95,7.1,269.91,0.27,0.78
SGBSEP28VI,GB,14324.9,5.31,4569.83,0.01,0.78
INDOAMIN,EQ,94.8,12.55,688.13,0.84,0.78
NAHARPOLY,EQ,235,15.58,577.82,0.34,0.77
876HUDCO28,ND,1149.99,2.49,937.24,0.07,0.77
BANKETF,EQ,523.07,2.32,276.09,0.15,0.76
RBMINFRA,SM,300,8.15,303.09,0.26,0.76
SOTL,EQ,312.9,8.61,2145.26,0.25,0.76
BFINVEST,EQ,341,7.33,1284.47,0.22,0.76
ZODIAC,EQ,242.5,13.58,366.75,0.32,0.75
BAJAJINDEF,EQ,234,10.58,748.8,0.33,0.75
PONNIERODE,EQ,283.3,3.02,243.59,0.27,0.75
EXCEL,EQ,1.03,7.29,145.3,72.73,0.75
718GS2037,GS,101.4,0.79,174408,0.74,0.75
GENCON,EQ,44.02,7.39,250.85,1.7,0.75
INDOWIND,EQ,7.38,4.53,118.82,10.07,0.75
CORDSCABLE,EQ,148.89,14.8,192.48,0.52,0.75
CHEMFAB,EQ,326.35,11.42,469.09,0.23,0.74
GREENLAM,EQ,219.64,7.53,5604.06,0.34,0.74
WINDMACHIN,EQ,219.1,6.59,1908.02,0.34,0.73
JAYBEE,SM,88.1,17.78,198.82,0.84,0.73
JINDALPHOT,EQ,1058.95,7.87,1086.31,0.07,0.73
PRAMARA,SM,343.95,0.48,479.61,0.21,0.72
TVSSCS,BE,95.51,4.99,4213.71,0.76,0.72
RELIABLE,EQ,120.5,8.42,124.36,0.62,0.72
DVL,EQ,205,9.4,718.01,0.36,0.72
RPPINFRA,EQ,63.2,13.44,313.38,1.17,0.72
HARSHA,EQ,331.25,5.41,3015.84,0.22,0.72
VSSL,EQ,223.4,7.2,2159.96,0.32,0.72
SHOPERSTOP,EQ,299,3.46,3292.51,0.24,0.71
OBSCP,SM,291,3.71,711.56,0.24,0.71
VISAKAIND,EQ,55,6.8,475.23,1.29,0.71
AUTOIND,EQ,54.2,10.52,245.93,1.33,0.71
KRYSTAL,EQ,533.5,5.2,745.4,0.13,0.71
COASTCORP,EQ,44.5,8.46,298.05,1.58,0.71
GLOBECIVIL,EQ,37,9.27,220.96,1.88,0.7
CYBERTECH,EQ,107.65,9.05,335.12,0.66,0.7
TNPL,EQ,128.99,5.26,892.75,0.55,0.7
RAMAPHO,EQ,112.9,8.31,399.51,0.62,0.7
BPL,EQ,44.21,15.82,216.52,1.61,0.7
CIFL,EQ,21.28,2.6,832.17,3.2,0.69
ARHAM,SM,125.05,3.3,272.76,0.54,0.69
SATIA,EQ,56.1,9.66,561,1.26,0.69
EVINDIA,EQ,27.19,2.99,141.52,2.53,0.69
SAHASRA,SM,216.3,11.44,540.59,0.32,0.69
LGHL,EQ,239,4.78,1197.21,0.29,0.69
PUSHPA,SM,118.05,14.61,285.95,0.59,0.69
MUKKA,EQ,20.4,10.33,612,3.42,0.69
ALLETEC,SM,141.45,19.27,285.65,0.49,0.69
MOMOMENTUM,EQ,57.93,5.63,117.05,1.21,0.68
76NHAI31,NA,1096,1,2932.09,0.06,0.68
DIVINEHIRA,ST,262.05,1.89,341.9,0.26,0.68
NV20IETF,EQ,13.48,1.35,175.55,5.04,0.68
TPLPLASTEH,EQ,59.7,15.92,465.68,1.2,0.68
865IRFC29,NA,1100,0.6,757.2,0.06,0.68
HDFCPSUBK,EQ,82.56,4.06,30.57,0.82,0.67
FCSSOFT,EQ,1.32,12.82,225.66,51.04,0.67
769NHAI31,NE,1135.51,1.45,1280.48,0.06,0.67
SGBFEB29XI,GB,14260,4.2,1751.01,0,0.67
AURUM,EQ,166,7.19,1265.66,0.4,0.66
709GS2074,GS,94.5,0.21,149310,0.7,0.66
ANDHRAPAP,EQ,61,4.4,1212.99,1.08,0.66
KKCL,EQ,444,6.56,2736.16,0.15,0.66
REPRO,EQ,356.5,14.54,511.41,0.19,0.66
E2ERAIL,SM,183.75,1.66,317.11,0.35,0.66
FOODSIN,EQ,53,15.64,389.72,1.3,0.66
RNPL,SM,135.8,2.11,154.79,0.48,0.65
TCIEXP,EQ,471.3,2.12,1810.69,0.13,0.64
MIRZAINT,EQ,27.85,11.18,384.89,2.33,0.64
CENTENKA,EQ,394.4,5.86,861.79,0.16,0.64
BELLACASA,EQ,257,14.25,344.06,0.26,0.63
SUNDROP,EQ,590,5.2,2224.11,0.11,0.63
MOLDTECH,EQ,113.3,10.5,326.36,0.57,0.63
EQUAL50ADD,EQ,324,5.34,1110.72,0.2,0.63
DBEIL,EQ,59.75,11.37,278.32,1.08,0.63
AXISBPSETF,EQ,13.24,0.3,1008.76,4.69,0.62
BFSI,EQ,24.83,2.1,397.75,2.49,0.62
GSMFOILS,SM,179.95,7.66,253.6,0.34,0.62
SGBMAY28,GB,14320,5.42,3643.43,0,0.61
BASILIC,SM,191.95,14.02,484.96,0.32,0.61
OSELDEVICE,SM,516,1.55,913.04,0.12,0.61
NV20,EQ,13.99,2.57,79.48,4.39,0.61
MUNJALAU,EQ,71.86,6.02,718.6,0.85,0.61
MAXIND,EQ,140,13.96,735.32,0.44,0.61
DENTALKART,SM,360,6.92,624.12,0.17,0.6
FILATFASH,EQ,0.15,7.14,125.01,426.74,0.6
RAJSREESUG,EQ,29,2.51,96.09,2.1,0.6
SGBOC28VII,GB,14366.01,5.22,2671.39,0,0.59
HIGREEN,SM,116.9,12.95,292.13,0.52,0.59
MOKSH,EQ,9.21,6.72,81.28,6.4,0.59
DYNPRO,EQ,204.49,6.07,254.15,0.28,0.59
MID150,EQ,20,1.32,9.96,2.91,0.59
SAVY,SM,127.7,3.19,265.72,0.46,0.59
HDFCNIF100,EQ,23.9,1.49,72.15,2.43,0.59
SIGMAADV,BE,154.89,5,2729.78,0.38,0.59
SHREERAMA,EQ,47.3,2.23,631.3,1.2,0.58
SAHANA,SM,829,7.75,732.6,0.07,0.58
SARLAPOLY,EQ,76,9.07,634.62,0.77,0.58
SAURASHCEM,EQ,55.18,14.43,614.08,1.07,0.58
PILANIINVS,EQ,4357,4.86,4824.18,0.01,0.58
PIGL,EQ,104.3,7.08,186,0.55,0.57
SGBJUN28,GB,14285,4.9,3411.73,0,0.57
AONENIFTY,EQ,9.4,2.62,19.37,6.06,0.57
RANEHOLDIN,EQ,1060,6.85,1513.45,0.05,0.57
PUNJABCHEM,EQ,923.05,3.4,1131.86,0.06,0.57
BASML,EQ,19.14,10.83,152.97,2.97,0.56
RML,EQ,663.05,6.94,1832.48,0.08,0.56
AXISVALUE,EQ,32.08,4.8,29.16,1.78,0.56
NIF100IETF,EQ,25.81,0.74,145.97,2.13,0.55
LEMERITE,EQ,446.9,1.5,1118.75,0.12,0.55
NIFTY100EW,EQ,30.3,0.03,11.04,1.79,0.55
SGBNV29VII,GB,14310,4.34,4648.23,0,0.55
SINGERIND,EQ,67.5,10.8,419.98,0.83,0.55
BFUTILITIE,BZ,390.25,4.99,1469.98,0.14,0.55
IFGLEXPOR,EQ,131.5,6.91,947.83,0.41,0.55
VINYAS,SM,826.5,1.64,1040.13,0.07,0.55
TECH,EQ,32.03,1.68,110.73,1.68,0.54
MATRIMONY,EQ,436,2.35,901.22,0.12,0.54
JAYESH,SM,148,19.16,128.63,0.37,0.54
AARTECH,EQ,36.85,5.89,117.07,1.47,0.54
BIRLACABLE,EQ,113,8.34,339,0.49,0.54
NAHARCAP,EQ,208.01,6.8,348.34,0.26,0.54
THEJO,EQ,1485,1.89,1610.85,0.04,0.54
INDIQUBE,EQ,136,0.29,2883.17,0.38,0.54
MOENERGY,EQ,35.83,2.25,57.61,1.5,0.53
CAPITALSFB,EQ,224,2.33,1017.38,0.23,0.53
VIPCLOTHNG,EQ,16.6,12.24,149.62,3.23,0.53
APRAMEYA,SM,212.55,4.37,404.7,0.24,0.52
OMINFRAL,EQ,84.8,5.29,816.66,0.61,0.52
AGARWALTUF,SM,87.8,2.45,155.18,0.59,0.52
BYKE,EQ,30,10.74,156.84,1.73,0.52
RANASUG,EQ,12.3,4.24,188.89,4.22,0.52
SESHAPAPER,EQ,251,1.8,1583.01,0.2,0.52
CONSUMIETF,EQ,108.8,1.95,51.55,0.47,0.51
MARUSHIKA,SM,97,3.74,82.81,0.52,0.51
DMCC,EQ,211,6.8,526.23,0.24,0.51
BHAGERIA,EQ,140,8.92,611.02,0.37,0.51
INNOVANA,EQ,354.9,10.2,733.22,0.15,0.51
PURPLEUTED,SM,255,4.23,245.05,0.2,0.51
CHEMICAL,EQ,26,4.46,52.53,1.96,0.51
PARSVNATH,EQ,6.1,2.35,265.46,8.14,0.51
NDLVENTURE,EQ,120.82,3.26,406.82,0.41,0.5
ATMASTCO,SM,119.75,19.99,296.2,0.43,0.5
VIESL,SM,252.95,7.55,623.33,0.2,0.5
ESSARSHPNG,EQ,23.2,6.96,480.18,2.14,0.5
ONELIFECAP,EQ,15.24,0.86,56.94,3.22,0.5
SHANTIGEAR,EQ,438.1,1.58,3360.92,0.11,0.49
LYKALABS,EQ,51,13.46,182.02,1,0.49
SHAH,EQ,4.8,3.67,424.9,10.19,0.49
SGBDE30III,GB,14470,4.42,4067.53,0,0.49
SURAKSHA,EQ,246,7.92,1281.19,0.2,0.49
SGBJUL28IV,GB,14270.1,4.91,5894.72,0,0.48
MAHEPC,EQ,102,10.02,285.01,0.48,0.48
HLVLTD,EQ,6.47,13.11,426.54,7.73,0.48
DIVOPPBEES,EQ,76.35,2.68,65.76,0.63,0.48
GTL,EQ,6.08,19.92,95.64,8.14,0.48
SUNLITE,SM,376.85,3.82,520.27,0.13,0.48
HDFCMOMENT,EQ,28.61,4.38,116.77,1.68,0.47
MULTICAP,EQ,14.6,2.03,71.96,3.2,0.47
GEEKAYWIRE,EQ,21.1,10.94,220.54,2.28,0.47
NEXT50ADD,EQ,64.52,6.03,7.88,0.75,0.47
HESTERBIO,EQ,1366,8.49,1162.04,0.03,0.47
KOTHARIPET,EQ,103.16,8.45,607.06,0.44,0.46
DENEERS,ST,147.75,2.32,127.16,0.32,0.46
SRTL,EQ,41.85,2.35,167.3,1.09,0.46
VIKASECO,EQ,1.13,14.14,199.86,41.29,0.46
VRAJ,EQ,106.85,12.87,352.42,0.44,0.46
GUJAPOLLO,EQ,399.45,0.83,518.09,0.11,0.46
MAKEINDIA,EQ,144.77,1.66,230.84,0.31,0.45
KILITCH,EQ,136,9.28,475.48,0.33,0.45
WOMANCART,SM,144.1,8.06,101.53,0.31,0.45
CHAMUNDA,SM,42.95,11.13,47.26,1.08,0.45
HCL-INSYS,EQ,10.55,12,347.32,4.31,0.45
GTPL,EQ,59.24,5.41,666.23,0.75,0.44
CHOICEGOLD,EQ,147.8,2.47,53.94,0.3,0.44
VMSTMT,EQ,37.74,9.36,187.31,1.19,0.44
SGBN28VIII,GB,14298,4.87,2249.73,0,0.44
KAPSTON,BE,284.25,1.19,865.03,0.15,0.44
SENSEXETF,EQ,75.12,1.64,40.9,0.58,0.44
GFLLIMITED,EQ,38.76,3.25,425.78,1.11,0.44
SGBJUN30,GB,14399.99,3.49,3683.32,0,0.43
UNIVASTU,EQ,62,3.66,223.12,0.71,0.43
PVP,EQ,24.88,5.92,647.88,1.77,0.43
FELIX,SM,173.5,9.46,298.53,0.26,0.43
764HUDCO31,N8,1101,1.01,612.32,0.04,0.43
AARTISURF,EQ,356,10.87,301.35,0.13,0.43
MEGATHERM,SM,191,11.27,359.86,0.23,0.43
SGBMR29XII,GB,14289,4.58,4616.64,0,0.43
JAYSREETEA,EQ,75.5,4.83,218.03,0.56,0.43
SGBMAR31IV,GB,14501,4.17,5121.15,0,0.43
ALANKIT,EQ,7.39,8.36,200.39,5.83,0.42
SANGINITA,BE,19.13,1.97,49.55,2.21,0.42
SHALPAINTS,EQ,40.57,12.44,339.62,1.05,0.42
ESSENTIA,EQ,1.21,19.8,129.19,36.97,0.42
BCPL,EQ,69,0.03,115.39,0.59,0.42
MOM50,EQ,238.86,2.9,53.74,0.18,0.42
IFBAGRO,EQ,721.15,4.99,675.51,0.06,0.42
VASWANI,EQ,51.7,3.21,162.06,0.79,0.41
BANARISUG,EQ,3650.5,1.55,4577.62,0.01,0.41
SRHHYPOLTD,EQ,413.9,7.79,710.45,0.1,0.41
STCINDIA,EQ,103.5,5.81,621,0.4,0.41
PLAZACABLE,EQ,32.01,13.59,140.05,1.29,0.41
RNFI,SM,253,15.31,634.03,0.17,0.41
AXITA,BE,8.66,1.05,331.29,4.77,0.41
WSI,EQ,68.2,7.1,517.38,0.61,0.41
MUNJALSHOW,EQ,115.15,4.25,460.38,0.35,0.41
DHUNINV,EQ,745.6,8.01,454.61,0.06,0.41
VLEGOV,EQ,9.47,9.99,102.7,4.36,0.4
SHARIABEES,EQ,454.4,2.6,50.55,0.09,0.4
MANCREDIT,EQ,172,2.57,363.16,0.24,0.4
PVSL,EQ,92.99,8.1,662.07,0.44,0.4
HDFCBSE500,EQ,33.45,1.24,20.9,1.17,0.4
SGBJUN29II,GB,14389,5.37,2731.72,0,0.4
9SCL26BA,NA,1036,1.35,419.06,0.04,0.39
TCPLPACK,EQ,2381.5,4.49,2167.16,0.02,0.39
GANDHITUBE,EQ,808,6.57,981.88,0.05,0.39
PRIMO,EQ,19.1,5.93,462.88,2.04,0.39
VLSFINANCE,EQ,215.43,3.67,675.99,0.18,0.39
SICALLOG,BE,64.5,2.36,514.61,0.6,0.39
HEALTHY,EQ,14.79,1.37,74.15,2.63,0.39
SGBMAY26,GB,14300,4.05,929.98,0,0.39
LOWVOL1,EQ,19.03,0.58,162.53,1.98,0.39
MALLCOM,EQ,1026,9.34,640.22,0.04,0.38
VETO,EQ,95.2,12.8,181.97,0.41,0.38
BCONCEPTS,EQ,223.72,12,279.24,0.17,0.38
FRESHARA,ST,172.95,4.98,406.42,0.22,0.38
HPAL,EQ,29.4,9.17,270.11,1.32,0.38
EVIETF,EQ,27.86,5.45,46.02,1.39,0.38
VOLERCAR,SM,227.7,10,253.74,0.17,0.38
MODISONLTD,EQ,125.55,8.38,407.41,0.3,0.37
IITL,EQ,130.01,3.25,293.14,0.29,0.37
SWARAJ,ST,275.9,2.26,607.48,0.14,0.37
ELGNZ,SM,61.75,15.31,139.55,0.6,0.37
OILCOUNTUB,EQ,39.69,7.39,206.35,0.93,0.37
GROWWHOSPI,EQ,46,3.02,26.16,0.82,0.37
DIAMINESQ,EQ,241.99,3.72,236.76,0.16,0.37
SGBJUL29IV,GB,14315,4.86,4185.37,0,0.37
SAKUMA,EQ,1.33,19.82,208.5,28.44,0.37
COOLCAPS,SM,28.75,0.7,332.35,1.27,0.37
RKEC,EQ,29.32,12.77,75.71,1.22,0.37
TRF,EQ,231.25,6.54,254.48,0.16,0.36
746GS2073,GS,101.29,0.57,118509.3,0.36,0.36
SPCENET,EQ,3.16,4.64,179.4,11.53,0.36
HTMEDIA,EQ,21.25,17.14,388.14,1.81,0.36
AVPINFRA,SM,86.1,9.96,215.07,0.42,0.36
SASTASUNDR,EQ,272,5.86,865.25,0.13,0.36
HMAAGRO,EQ,23.25,7.69,1164.29,1.57,0.36
734GS2064,GS,99.4,0.38,237566,0.36,0.36
SIGMA,EQ,37.7,3.77,387.46,0.94,0.36
SGBAUG30,GB,14400,2.77,4838.99,0,0.36
INTLCONV,EQ,64.42,7.17,410.88,0.56,0.36
ABINFRA,EQ,15.81,0.76,1009.93,2.25,0.36
BROOKS,EQ,44.53,19.99,131.17,0.83,0.36
MAZDA,EQ,174.5,8.3,349.44,0.2,0.36
GROWWNET,EQ,8.1,1.63,25.75,4.28,0.35
PATILAUTOM,SM,130,10.36,283.67,0.28,0.35
MMP,EQ,207.7,9.83,527.61,0.17,0.35
SCHAND,EQ,139.31,6.04,491.38,0.25,0.35
KRITI,EQ,67.2,3.69,354.12,0.51,0.35
SAFEENTP,SM,213.55,6.06,995.24,0.17,0.35
SADHNANIQ,EQ,1.43,4.38,423.95,24.54,0.35
AFIL,BE,7.9,4.91,337.13,4.43,0.35
GEMAROMA,BE,144.96,5,757.23,0.24,0.35
KRISHCA,SM,148.95,5.27,215.08,0.23,0.35
SPECIALITY,EQ,89,5.95,429.3,0.39,0.35
KMSUGAR,EQ,25.85,2.78,237.82,1.33,0.35
OMAXAUTO,EQ,101,9.75,215.85,0.35,0.35
BTML,EQ,6.4,17.22,115.52,5.79,0.34
SSDL,EQ,56,18.74,221.76,0.64,0.34
INDORAMA,EQ,32.38,7.61,845.48,1.05,0.34
MENONBE,EQ,108.1,5.31,605.79,0.31,0.34
CNL,EQ,545,3.19,818.41,0.06,0.33
CHAVDA,SM,89,9.47,290.64,0.37,0.33
SCML,SM,138,0.18,158.84,0.24,0.33
CGRAPHICS,SM,148,3.93,359.43,0.22,0.33
WTICAB,SM,91.25,19.99,217.28,0.37,0.33
RUBFILA,EQ,63.19,4.98,342.92,0.53,0.33
GSLSU,EQ,46.72,1.52,198.01,0.72,0.33
SUKHJITS,EQ,158.5,2.62,495.22,0.21,0.33
WEALTH,EQ,830,2.75,884.37,0.04,0.33
KCPSUGIND,EQ,23.75,2.11,269.29,1.36,0.33
CHANDAN,SM,248.1,13.08,606.66,0.14,0.33
BANKPSU,EQ,82.06,3.89,55.52,0.4,0.33
PCCL,SM,244.9,9.21,604.9,0.13,0.33
SURANASOL,EQ,22.01,17.2,108.3,1.52,0.32
ANLON,SM,370,3.61,231.45,0.09,0.32
709GS2054,GS,96.5,0.89,142820,0.34,0.32
NIPPOBATRY,EQ,285.1,9.97,213.82,0.11,0.32
AURIGROW,EQ,0.26,4,38.38,129.3,0.32
HMVL,EQ,62,10.85,456.76,0.53,0.32
SGBAPR28I,GB,14380,4.47,2549.39,0,0.32
TOTAL,EQ,50.67,6.2,81.72,0.64,0.32
VAISHALI,EQ,5.85,19.88,76.32,5.62,0.32
MODINATUR,EQ,304.95,6.18,405.78,0.11,0.32
YAAP,SM,142.2,2.93,297.67,0.23,0.32
FOCUS,EQ,63,8.34,424.9,0.51,0.32
BLAL,EQ,165.01,5.95,687.18,0.19,0.31
READYMIX,SM,92.1,10.96,100.93,0.38,0.31
IMPAL,EQ,990,4.08,1235.52,0.03,0.31
ORIENTBELL,EQ,256.45,1.62,377.25,0.12,0.31
SGBJ28VIII,GB,14263,4.98,744.7,0,0.31
TIGERLOGS,EQ,26.38,10.38,278.9,1.21,0.31
830NHAI27,N2,1062,0.18,3486.57,0.03,0.31
SGBSEP29VI,GB,14255,4.24,5018.25,0,0.31
JEYYAM,SM,27.15,19.87,128.95,1.16,0.31
RAMANEWS,EQ,30.49,2.49,449.79,0.99,0.31
DEVX,EQ,33.9,9.99,305.74,0.91,0.31
DONEAR,EQ,84.06,5.31,437.11,0.36,0.31
ALBERTDAVD,EQ,622.7,6.07,355.38,0.05,0.3
FINKURVE,EQ,57,11.61,798.29,0.55,0.3
GLOBAL,EQ,96.45,3.91,490.94,0.32,0.3
CONSUMER,EQ,9.96,2.47,45.98,3.04,0.3
PYRAMID,EQ,141.1,4.94,519.03,0.21,0.3
RAPPID,SM,256.9,7.04,133.38,0.12,0.3
MOHEALTH,EQ,42.4,0.19,40.77,0.71,0.3
TEXMOPIPES,EQ,37.95,14.72,110.8,0.81,0.3
COMMITTED,SM,258.9,3.5,299.67,0.12,0.3
MCL,BE,57.49,4.99,156.04,0.53,0.3
BALAXI,EQ,18.8,19.97,103.79,1.63,0.3
TRIGYN,EQ,45.5,17.72,140.08,0.68,0.3
KOKUYOCMLN,EQ,74,3.8,742.25,0.4,0.3
SPENCERS,EQ,28.02,14,252.55,1.07,0.29
NIFTYBETF,EQ,231.98,1.2,162.63,0.12,0.29
GCHOTELS,SM,86.1,9.96,214.56,0.34,0.29
DENORA,EQ,729,6.97,387,0.04,0.29
ZEELEARN,EQ,4.74,11.53,155.03,6.12,0.29
APEXECO,SM,108.1,3.35,142.53,0.26,0.29
SAHAJSOLAR,SM,104.8,13.6,230.27,0.28,0.28
UHTL,SM,47.5,7.95,90.27,0.6,0.28
AONETOTAL,EQ,10.66,2.3,38.96,2.66,0.28
MCLEODRUSS,EQ,31.86,9.98,332.8,0.9,0.28
YUKEN,EQ,632,6.41,858.51,0.04,0.28
PASHUPATI,EQ,981,0.4,1548.41,0.03,0.28
GLOBALVECT,EQ,149.09,12.28,208.73,0.19,0.28
PRESSTONIC,ST,30,4.9,45.72,0.93,0.28
BEACON,SM,73.5,9.21,132.78,0.37,0.28
GSTL,ST,37.4,0.94,59.61,0.74,0.28
SGBJAN30IX,GB,14350,4.44,3348.12,0,0.27
SGBJU29III,GB,14300,4.55,2115.3,0,0.27
EVERESTIND,EQ,318.4,9.66,504.85,0.09,0.27
HDFCVALUE,EQ,125.94,2.66,33.39,0.22,0.27
AYMSYNTEX,EQ,189,4.39,1107.18,0.15,0.27
VINEETLAB,EQ,29.5,1.51,56.66,0.91,0.27
AARON,EQ,124,13.48,259.74,0.22,0.27
NV20BEES,EQ,160,18.63,165.52,0.19,0.27
BALAJEE,EQ,22.77,7,185.74,1.18,0.27
RSWM,EQ,128,6.02,602.9,0.21,0.26
VGL,EQ,49.52,5.36,255.17,0.53,0.26
HARRMALAYA,EQ,178,3.31,328.51,0.15,0.26
FROG,SM,144.7,8.19,225.07,0.18,0.26
DPWIRES,EQ,145,14.41,224.76,0.19,0.26
VISHNUINFR,SM,135,7.48,332.23,0.2,0.26
BHARATGEAR,EQ,90.94,5.47,139.64,0.28,0.26
FLEXIADD,EQ,9.31,3.91,12.26,2.82,0.26
KRISHIVAL,EQ,321,0.67,822.67,0.08,0.26
MACOBSTECH,SM,208,0.24,203.74,0.13,0.26
KAYA,EQ,250,4.93,379.69,0.1,0.26
OMFREIGHT,EQ,66.01,10.68,222.29,0.39,0.26
ANUHPHR,EQ,74.5,11.19,746.67,0.36,0.26
SYSTMTXC,EQ,57.8,9.78,789.19,0.44,0.26
RUCHIRA,EQ,100.95,5.16,301.29,0.25,0.25
IEML,SM,70.45,16.25,129.16,0.38,0.25
VHL,EQ,3240,8.84,1034.06,0.01,0.25
VALIANTLAB,EQ,57.4,11.2,311.75,0.44,0.25
TNIDETF,EQ,78.99,5.39,159.29,0.32,0.25
BANKADD,EQ,52.63,2.47,599.25,0.48,0.25
115VCCL28,N0,100393.44,0.09,70.28,0,0.25
AARNAV,EQ,23.06,6.32,97.4,1.04,0.25
SBIETFPB,EQ,260,5.88,386.85,0.1,0.25
CHEMBONDCH,EQ,122.38,15.19,329.16,0.21,0.25
NEXT50ETF,EQ,62.88,3.71,11.39,0.4,0.25
AMBEY,SM,20.95,10.85,52.26,1.3,0.25
CCCL,EQ,14.13,9.96,631.27,1.76,0.25
LORDSCHLO,EQ,118,8.18,296.82,0.21,0.24
GROWWMOM50,EQ,9.69,4.98,23.05,2.56,0.24
HDFCPVTBAN,EQ,25.02,1.46,669.91,0.98,0.24
QNIFTY,EQ,248.4,1.37,76.54,0.1,0.24
ARIHANTSUP,EQ,207.3,7.58,896.57,0.12,0.24
CHEMBOND,EQ,124,16.19,166.76,0.2,0.24
SBIETFIT,EQ,327.85,2.43,66.88,0.07,0.24
KAMOPAINTS,EQ,4.14,13.74,130.14,6.02,0.24
PRIMESECU,EQ,277,2.48,939.04,0.09,0.24
ATLANTAA,EQ,36.74,13.82,299.43,0.68,0.24
OAL,EQ,242.5,1.78,816.1,0.1,0.24
SAAKSHI,SM,195,10.8,344.29,0.13,0.24
NURECA,EQ,227.42,10,217,0.11,0.24
871REC28,N9,1096.25,0.11,1284.24,0.02,0.24
NILAINFRA,EQ,6.49,9.08,255.63,3.69,0.24
NAGAFERT,EQ,3.69,7.27,220.69,6.37,0.24
699GS2026,GS,103.15,0.78,57764,0.23,0.24
TUNWAL,SM,29.1,1.39,167.88,0.8,0.23
PARTYCRUS,SM,89.9,19.63,107.75,0.28,0.23
AMCL,ST,424.5,0.18,502.39,0.06,0.23
DSFCL,EQ,19,9.45,165.29,1.23,0.23
SINCLAIR,EQ,75.5,4.07,387.01,0.31,0.23
ABSLNN50ET,EQ,65.65,1.16,93.85,0.35,0.23
GROWWCAPM,EQ,9.49,5.56,22.37,2.46,0.23
UTSSAV,SM,199.7,7.68,482.24,0.11,0.23
892PFCL33,N8,1234,0.28,1063.66,0.02,0.23
SBINEQWETF,EQ,32.6,8.81,36.49,0.73,0.23
SANGAMIND,EQ,429.9,3.67,2160.1,0.05,0.22
MAHAPEXLTD,EQ,52.97,6.22,74.95,0.41,0.22
RCOM,BE,0.79,3.95,218.48,28.55,0.22
GLOBE,EQ,2.15,7.5,96.84,10.39,0.22
DIGISPICE,EQ,15.62,1.56,366.24,1.38,0.22
SBGLP,EQ,20.6,11.11,357.24,1.09,0.22
NETF,EQ,246.39,1.3,673.09,0.09,0.22
EQUAL50,EQ,301.69,1.33,135.99,0.07,0.22
KCEIL,SM,109.45,16.75,133.79,0.2,0.22
73GS2053,GS,98.75,0.77,192562.5,0.22,0.22
RUBYMILLS,EQ,204,0.87,682.18,0.11,0.22
LTGILTCASE,EQ,29.6,0.34,106.86,0.74,0.22
ARCHIDPLY,EQ,68.25,7.4,135.58,0.32,0.22
TAURIAN,SM,210,6.06,186.55,0.1,0.22
TERASOFT,EQ,312.65,4.99,391.18,0.07,0.22
SILGOPP,E1,32.05,3.39,23.66,0.71,0.22
ITADD,EQ,32,4.37,123.42,0.69,0.22
ABSLBANETF,EQ,52.71,2.39,2345.57,0.4,0.21
KAVDEFENCE,BE,54.37,4.98,186.89,0.39,0.21
MURUDCERA,EQ,27.1,7.16,164.08,0.79,0.21
JITFINFRA,BE,290.65,4.98,747.08,0.07,0.21
UNIONGOLD,EQ,146.1,3.51,316.44,0.14,0.21
SURANI,ST,108.95,4.96,169.4,0.2,0.21
GATECH,EQ,0.43,7.5,47.42,49.83,0.21
HMT,BZ,59.1,3.38,2781.66,0.35,0.21
AVONMORE,EQ,11.45,12.92,323.1,1.83,0.21
GROWWRLTY,EQ,7.65,5.08,12.78,2.77,0.21
MGEL,EQ,11.59,4.32,381.95,1.81,0.21
UNIDT,EQ,154,4.93,312.67,0.13,0.21
DUCON,EQ,2.74,19.65,89.03,7.7,0.21
BSHSL,EQ,72.84,20,764.36,0.29,0.21
MAGNUM,EQ,19.5,16.7,133.4,1.07,0.21
SONAMLTD,EQ,54.2,6.57,216.97,0.39,0.2
JKIPL,EQ,51.6,8.65,198.07,0.39,0.2
KODYTECH,ST,708,2.54,902.53,0.03,0.2
SILVERTUC,EQ,108.99,5,1382.1,0.18,0.2
QUAL30IETF,EQ,19.57,3.93,146.51,1.04,0.2
BEWLTD,SM,72,10.26,94.13,0.28,0.2
AERON,SM,80,9.51,136.16,0.25,0.2
SHEMAROO,EQ,85.99,15.87,234.93,0.24,0.2
MONEYBOXX,EQ,61.05,3.25,399.32,0.32,0.2
GROWWSC250,EQ,8.6,5.01,14.39,2.32,0.2
MMEL,SM,26.25,17.45,49.37,0.76,0.2
BANKBETF,EQ,52.75,3.13,367.4,0.38,0.2
HSBCGOLD,EQ,129,1.07,330.35,0.15,0.2
ORIENTALTL,EQ,5.2,15.56,38.22,3.92,0.2
TWCGOLDETF,EQ,148,2.07,23.46,0.13,0.2
VINSYS,SM,250,7.11,366.95,0.08,0.2
USK,BE,20.55,2.96,113.76,0.99,0.19
GROWWN200,EQ,10.44,3.06,14.27,1.87,0.19
MIDCAPADD,EQ,19.92,2.47,5.58,0.97,0.19
KOHINOOR,EQ,21,6.28,77.85,0.92,0.19
VISHWARAJ,EQ,4.57,9.33,99.55,4.26,0.19
ALMONDZ,EQ,11.84,4.5,205.6,1.59,0.19
PANACHE,BE,298.2,4.96,477.54,0.06,0.19
1025IIFL30,Y3,1086.8,1.1,67.37,0.02,0.19
TREL,EQ,25.04,2.08,615.22,0.75,0.19
VIJAYPD,ST,68.45,4.98,133.67,0.28,0.19
PHANTOMFX,SM,167.55,5.81,266.79,0.11,0.19
ZIMLAB,EQ,65,7.87,316.78,0.29,0.19
PARTH,ST,295,2.41,403.2,0.06,0.19
STARTECK,EQ,247,14.35,244.79,0.08,0.19
MNC,EQ,29.29,4.27,40,0.63,0.18
PATINTLOG,EQ,9.33,12.95,64.92,2.04,0.18
PRITIKAUTO,EQ,11.5,9.11,191.49,1.62,0.18
MAHASTEEL,BE,950.65,0.09,1562.34,0.02,0.18
REPL,EQ,69.55,13.42,126.04,0.26,0.18
ANYA,SM,16.6,1.53,199.2,1.1,0.18
ELGIRUBCO,EQ,38.9,16.08,194.69,0.47,0.18
ADVANIHOTR,EQ,49.99,6.14,462.1,0.36,0.18
INDOUS,EQ,102,3.86,204.53,0.18,0.18
AHLEAST,EQ,150.25,1.53,259.81,0.12,0.18
DELPHIFX,EQ,9.09,13.34,222.95,2.02,0.18
CANARYS,SM,18.05,19.93,106.03,1.04,0.18
LICNETFGSC,EQ,28.45,0.21,2266.25,0.62,0.18
ASAHISONG,EQ,201,7.8,236.92,0.09,0.18
BIOPOL,SM,97.6,0.51,105.46,0.18,0.18
PAVNAIND,EQ,15.78,11.13,220.18,1.13,0.18
KAYTEX,SM,55.8,5.88,82.02,0.31,0.18
RKSWAMY,EQ,75,8.66,378.58,0.24,0.18
ASCOM,ST,226.6,1.98,265.44,0.08,0.18
ABSLPSE,EQ,10.14,2.22,21.3,1.73,0.17
MOPSE,EQ,98.34,2.94,1.77,0.18,0.17
ASHIMASYN,EQ,13.09,11.12,250.88,1.35,0.17
AJOONI,EQ,4.12,7.29,70.96,4.24,0.17
BAIDFIN,EQ,10.19,11.98,152.94,1.74,0.17
CENTEXT,EQ,18.49,11.92,147.92,0.94,0.17
SHIVAMAUTO,EQ,15.98,19.79,210.13,1.13,0.17
SHYAMDHANI,SM,53,10.42,109.48,0.32,0.17
SGBD29VIII,GB,14320,4.57,3552.07,0,0.17
SYSTANGO,SM,247,6.42,362.32,0.07,0.17
PRIMECAB,SM,74.3,4.65,136.15,0.22,0.17
MANORG,EQ,386,5.16,330.59,0.04,0.17
MANAKSIA,EQ,47.66,12.04,312.34,0.36,0.17
SAKHTISUG,EQ,14.57,2.68,173.16,1.13,0.16
DHARARAIL,SM,106.5,18.27,160.64,0.16,0.16
92GS2030,GS,111.49,3.37,68995.08,0.15,0.16
MOTOUR,EQ,68.5,6.04,16.27,0.24,0.16
INDTERRAIN,EQ,28.43,14.31,144.05,0.6,0.16
EMULTIMQ,EQ,37.98,3.43,33.58,0.43,0.16
NAMOEWASTE,SM,141.65,5.39,323.92,0.11,0.16
NGIL,EQ,25.6,13.27,44.9,0.63,0.16
GENUSPAPER,EQ,10.5,18.24,269.98,1.61,0.16
TRANSTEEL,SM,142,2.79,313.71,0.11,0.16
VIRINCHI,EQ,15.22,8.64,156.23,1.04,0.16
DRCSYSTEMS,EQ,15.28,5.67,220.16,1.03,0.16
POLYSIL,ST,165,3,371.33,0.1,0.16
BRANDMAN,SM,123.65,9.96,228.22,0.13,0.16
EMAMIPAP,EQ,62,9.56,375.09,0.25,0.16
ESG,EQ,38.47,1.61,96.23,0.41,0.16
MBLINFRA,EQ,21,8.02,320.31,0.75,0.16
ETML,SM,88,18.68,171.39,0.18,0.15
DRONE,SM,40.25,9.97,98.21,0.39,0.15
JAYAGROGN,EQ,161,7.5,483,0.1,0.15
NECCLTD,EQ,12.3,14.21,123,1.27,0.15
SUNDRMBRAK,EQ,493.4,6.1,194.13,0.03,0.15
BRNL,EQ,18.23,7.62,153.04,0.85,0.15
TREJHARA,EQ,148,3.63,347.88,0.1,0.15
GINNIFILA,EQ,35.75,7.45,306.2,0.43,0.15
SGBJAN29X,GB,14270,4.89,1732.45,0,0.15
STEL,EQ,425,0.62,784.35,0.03,0.15
SGBOCT27VI,GB,14400,6.25,998.22,0,0.15
NAHARINDUS,EQ,90.75,7.83,392.09,0.17,0.15
ASHALOG,SM,63,14.96,85.4,0.24,0.15
SURANAT&P,EQ,17,8.07,230.79,0.88,0.15
RAJINDLTD,SM,64.8,0.23,143.95,0.23,0.15
AKIKO,ST,210,4.92,226.16,0.07,0.15
SGBMAR30X,GB,14380,3.83,2214.08,0,0.15
SUTLEJTEX,EQ,27,11.66,442.34,0.56,0.15
BARFLEX,SM,61,1.58,150.97,0.24,0.15
VARDMNPOLY,BE,6.79,4.95,311.59,2.19,0.15
EFFWA,SM,181.25,8.66,419.54,0.08,0.15
LAKSHYA,SM,83,9.28,83.7,0.18,0.15
GROWWPSE,EQ,98.78,2.66,17.04,0.15,0.15
HINDCOMPOS,EQ,368.5,5.75,544.24,0.04,0.14
XTGLOBAL,EQ,31.3,19.69,419.81,0.51,0.14
GOKUL,EQ,37.9,9.35,375.19,0.39,0.14
GULFPETRO,EQ,25.89,8.15,132,0.56,0.14
KOTARISUG,EQ,23.6,2.83,195.62,0.61,0.14
ORIENTCER,EQ,37,7.37,442.67,0.39,0.14
ATCENERGY,SM,23.85,19.85,48.63,0.61,0.14
TCL,SM,77,1.92,187.43,0.18,0.14
ALPA,EQ,49.55,6.65,104.26,0.28,0.14
WINSOL,SM,100.05,4.33,115.41,0.14,0.14
RHL,EQ,171,4.77,295.69,0.08,0.14
GSS,EQ,10.25,17.55,26.81,1.39,0.14
SAHYADRI,EQ,214,5.13,234.25,0.07,0.14
SPCL,SM,64.5,7.86,155.55,0.22,0.14
UCAL,EQ,86.99,7.82,192.37,0.16,0.14
ENIL,EQ,103,3.48,491.01,0.13,0.14
ENVIRO,SM,99.9,2.04,187.71,0.14,0.14
SHEETAL,ST,232,4.34,265.78,0.06,0.14
SGBAUG29V,GB,14292.1,4.62,3276.81,0,0.14
IVC,EQ,6.76,8.33,212.29,2.06,0.14
EMMBI,EQ,68.49,13.04,131.78,0.21,0.14
NATHBIOGEN,EQ,138,6.96,262.26,0.1,0.14
EUROBOND,EQ,140,2.43,343,0.09,0.14
NIRAJ,EQ,22.3,7.57,133.12,0.61,0.13
MANAKSTEEL,EQ,48.5,5.46,317.84,0.27,0.13
CPEDU,EQ,156,9.72,283.81,0.09,0.13
JYOTIGLOBL,SM,33.8,19.86,66.99,0.4,0.13
AVANA,SM,68,4.53,153.99,0.2,0.13
KRITINUT,EQ,57.33,6.42,287.24,0.23,0.13
NEPHROCARE,SM,56.9,9.95,93.81,0.24,0.13
AAATECH,EQ,92.9,4.19,119.16,0.14,0.13
MOTOGENFIN,EQ,20.11,10.13,77.88,0.64,0.13
AKANKSHA,SM,62.1,8.09,121.6,0.21,0.13
ECAPINSURE,EQ,21.54,1.08,14.77,0.59,0.13
OPTIVALUE,SM,67.9,7.78,158.96,0.19,0.13
ALPHAGEO,EQ,185,10.63,117.75,0.07,0.13
MIDQ50ADD,EQ,222.5,4.29,89.14,0.06,0.13
SIGIND,EQ,46.84,7.06,137.88,0.27,0.13
PLASTIBLEN,EQ,126.75,4.26,329.41,0.1,0.13
AMJLAND,EQ,35.97,13.76,147.48,0.36,0.13
BLBLIMITED,BE,15.74,2.74,83.21,0.8,0.12
TECHLABS,SM,166.75,4.97,288.16,0.07,0.12
MASON,SM,137.95,12.2,330.25,0.09,0.12
NECLIFE,EQ,9.76,4.95,189.6,1.26,0.12
SRD,EQ,43.5,12.08,278.26,0.28,0.12
NIFTYQLITY,EQ,19.95,4.83,26.15,0.62,0.12
UCL,ST,86.7,2,97.42,0.14,0.12
KRITIKA,EQ,5.11,12.06,136.07,2.38,0.12
SHREYANIND,EQ,139.4,11.85,192.72,0.09,0.12
DHRUV,EQ,29.1,6.28,55.19,0.42,0.12
GOLDTECH,EQ,34.74,12.28,181.56,0.35,0.12
SHREEKARNI,SM,361,6.02,260.96,0.03,0.12
ESCONET,SM,95.8,4.99,126.42,0.12,0.12
GANESHIN,SM,70.4,5,300.76,0.17,0.12
INVENTURE,EQ,0.91,9.64,95.55,13.36,0.12
AKSHOPTFBR,EQ,4.47,12.59,72.73,2.71,0.12
AAREYDRUGS,EQ,53.28,4.99,151.07,0.22,0.12
NRL,EQ,48.3,3.32,333.6,0.24,0.12
TBI,SM,61.8,6.83,112.22,0.19,0.12
VSTL,EQ,108.25,5.87,205.27,0.11,0.12
URAVIDEF,EQ,123.5,9.99,140.79,0.1,0.12
BESTAGRO,BE,12.91,4.96,457.88,0.9,0.11
CHEVIOT,EQ,926,2.39,540.96,0.01,0.11
1065NFL27,NC,1002,0.4,94.48,0.01,0.11
YASHOPTICS,SM,110,5.72,272.42,0.1,0.11
DTIL,EQ,116.39,6.29,122.3,0.1,0.11
DHARAN,BZ,0.12,9.09,62.75,94.13,0.11
AXISBNKETF,EQ,529.68,2.53,324.07,0.02,0.11
GVKPIL,BE,2.41,1.69,380.45,4.66,0.11
TARMAT,BE,53,4.99,132.84,0.21,0.11
RMC,BE,370.9,5,392.3,0.03,0.11
MODIRUBBER,EQ,115.5,8.63,289.22,0.1,0.11
PRAKASHSTL,EQ,4.09,2.25,71.58,2.72,0.11
INDIANCARD,EQ,169.46,8.21,100.68,0.07,0.11
AHLADA,EQ,35.9,11.98,46.39,0.32,0.11
SREEL,EQ,176.5,5.78,408.69,0.06,0.11
ADDICTIVE,SM,59,2.34,93.87,0.18,0.11
SURYALAXMI,EQ,50.3,16.68,94.59,0.23,0.11
SBIMIDMOM,EQ,55.8,1.33,6.85,0.2,0.11
XELPMOC,EQ,90,6.67,132.84,0.12,0.11
PRAENG,EQ,19.33,8.23,135.19,0.59,0.11
SGBDC27VII,GB,14330,5.68,929.02,0,0.11
RBS,SM,69.5,14.12,158.89,0.16,0.11
DYNAMIC,SM,93.15,9.98,128.05,0.12,0.11
NAVKARURB,EQ,0.76,4.11,85.28,14.83,0.11
MARALOVER,EQ,36.95,4.35,153.37,0.29,0.11
VIJIFIN,BE,3.03,4.84,43.18,3.53,0.11
KOTHARIPRO,EQ,62.36,7.06,372.21,0.17,0.11
CINELINE,EQ,80,6.27,274.13,0.13,0.11
SBIETFQLTY,EQ,212,8.04,74.88,0.05,0.11
DEVIT,EQ,25.98,11.84,146.36,0.42,0.11
MKPL,EQ,4.38,13.18,164.41,2.43,0.11
ROCKINGDCE,ST,136.95,4.98,77.5,0.08,0.1
SILLYMONKS,EQ,16,3.63,19.94,0.65,0.1
AXISTECETF,EQ,324.17,1.91,153.19,0.03,0.1
RVHL,EQ,34.45,17.26,211.27,0.31,0.1
MOMENTUM,EQ,29.3,7.01,42.6,0.37,0.1
SOLARAPP1,E1,302,7.93,357.34,0.03,0.1
CONSOFINVT,BE,206.85,5,668.67,0.05,0.1
STARPAPER,EQ,128.95,7.02,201.27,0.08,0.1
MAGSON,SM,148.8,4.06,183.4,0.07,0.1
AARVI,EQ,127.7,5.81,189.13,0.08,0.1
NDGL,EQ,2396.9,9.66,239.69,0,0.1
SGBFEB27,GB,14280,4.64,296.15,0,0.1
JHS,EQ,7.25,10.69,62.06,1.38,0.1
RAJMET,EQ,3.15,8.62,87.09,3.18,0.1
SOFTTECH,EQ,226.02,3.37,312.86,0.04,0.1
GREENLEAF,SM,56.6,6.19,33.56,0.17,0.1
SCPL,BE,322,3.47,338.1,0.03,0.1
TIPSFILMS,EQ,293,4.1,126.66,0.03,0.1
RADIOWALLA,SM,23.65,4.88,16.67,0.42,0.1
CLEDUCATE,BE,46.5,4.59,252.14,0.21,0.1
INDBANK,EQ,31.4,7.5,139.35,0.32,0.1
690GS2065,GS,93.76,0.89,175331.2,0.1,0.1
SSFL,SM,112,1.91,95.99,0.09,0.1
ZODIACLOTH,EQ,67.5,13.37,185.34,0.15,0.1
KEYFINSERV,EQ,228.74,0.52,127.33,0.04,0.1
FAZE3Q,BE,396.8,4.99,964.98,0.02,0.1
SIKKO,EQ,4.37,4.55,190.88,2.2,0.1
BEDMUTHA,BE,102.48,3.31,330.64,0.1,0.1
ASPINWALL,EQ,213.9,2.3,167.23,0.04,0.1
726GS2032,GS,102.2,1.03,151256,0.09,0.1
843IHFL29,NC,960,3.26,51.59,0.01,0.1
935LTF29,N5,1050,0.38,116.46,0.01,0.1
SGBJUL27,GB,14262,4.9,764.37,0,0.09
HITECHCORP,EQ,128.99,12.84,221.55,0.08,0.09
ARCHIES,EQ,12.05,8.75,40.7,0.77,0.09
UMIYA-MRO,EQ,74.31,2.88,138.85,0.12,0.09
NAMAN,SM,44.3,0.11,57.88,0.22,0.09
774IREDA31,N7,1109,0.82,536.22,0.01,0.09
CREST,EQ,330.7,1.8,940.83,0.03,0.09
ELM250,EQ,14.76,0.54,123.89,0.62,0.09
BBNPPGOLD,EQ,145.1,2.58,334.88,0.06,0.09
AAKASH,BE,8.09,2.28,81.91,1.13,0.09
SATKARTAR,SM,158,5.16,248.77,0.06,0.09
MANILAM,SM,56.95,6.75,124.42,0.16,0.09
CROWN,EQ,116.7,10.82,135.26,0.08,0.09
SGBAUG27,GB,14250,4.27,1460.39,0,0.09
AMNPLST,EQ,135.85,5.45,747.45,0.07,0.09
KANORICHEM,EQ,62,10.44,270.9,0.15,0.09
DJML,BE,83.6,2.69,287.4,0.11,0.09
LINC,EQ,93.89,8.46,558.54,0.1,0.09
ISHANCH,EQ,51,8.4,133.32,0.18,0.09
KANPRPLA,EQ,172.35,9.16,413.85,0.05,0.09
CTE,EQ,22.4,2.14,43.97,0.39,0.09
EMAMIREAL,EQ,58.02,6.62,254.32,0.15,0.09
VARDHACRLC,EQ,30,10.17,241.09,0.31,0.09
MODIS,EQ,300.5,0.2,588.72,0.03,0.09
KALYANIFRG,EQ,567,3.76,206.27,0.02,0.09
BIL,EQ,700,6.28,938.73,0.01,0.09
SADBHAV,BE,7.66,4.93,131.42,1.14,0.09
NBIFIN,EQ,1680,6.09,496.41,0.01,0.09
PTL,EQ,37.68,4,498.8,0.23,0.08
LICNMID100,EQ,54.01,1.87,571.91,0.15,0.08
TARAPUR,EQ,24.5,1.53,47.78,0.35,0.08
RUDRA,EQ,15.77,6.55,158.24,0.54,0.08
ESFL,SM,115.75,4.99,287.51,0.07,0.08
BHANDARI,EQ,2.43,19.7,80.91,3.53,0.08
INTERNET,EQ,11.07,2.41,20.25,0.75,0.08
APOLSINHOT,EQ,995,4.43,258.74,0.01,0.08
GEECEE,EQ,236.91,7.08,495.42,0.04,0.08
TAINWALCHM,EQ,179,5.84,167.61,0.05,0.08
DICIND,EQ,509,8.94,467.21,0.02,0.08
TANKUP,ST,418.95,5,221.83,0.02,0.08
MITTAL,EQ,0.9,12.5,39.95,9.18,0.08
BVCL,EQ,35.5,10.66,78.67,0.23,0.08
UMAEXPORTS,EQ,20.75,11.98,70.16,0.4,0.08
FORCAS,SM,102.95,8.37,180.99,0.08,0.08
GVPTECH,EQ,6.22,6.14,114.47,1.31,0.08
ROSSELLIND,EQ,44.46,4.39,167.6,0.18,0.08
PAR,EQ,82.88,5.47,101.98,0.1,0.08
DPSCLTD,EQ,7.63,7.77,743,1.04,0.08
CPCAP,EQ,82.4,9.28,149.91,0.1,0.08
AIRAN,EQ,14.11,9.98,176.4,0.56,0.08
STEELCITY,EQ,74.06,2.86,111.88,0.11,0.08
EXCELLENT,ST,101.2,4.98,45.24,0.08,0.08
RVTH,EQ,551.75,3.89,169.22,0.01,0.08
GANGABATH,SM,18.9,5,41.97,0.42,0.08
BBTCL,EQ,174.2,9.05,357.31,0.05,0.08
TCC,EQ,349.85,7.68,1662.77,0.02,0.08
DIVIDEND,EQ,34.2,1.94,8.63,0.23,0.08
KARNIKA,SM,110.85,4.97,687.24,0.07,0.08
RADIOCITY,EQ,5.05,8.37,174.57,1.55,0.08
VICTORYEV,SM,14.15,1.07,34.09,0.54,0.08
JAINIK,SM,109,4.96,156.39,0.07,0.08
VISASTEEL,EQ,29.71,4.72,384.12,0.27,0.08
FIBERWEB,BE,33.19,5,95.56,0.23,0.08
SGBJAN27,GB,14260,5.08,347.38,0,0.08
INCREDIBLE,EQ,29.27,2.41,136.88,0.25,0.07
AEPL,EQ,15.6,11.51,391.62,0.49,0.07
SKP,SM,148.5,6.07,246.51,0.05,0.07
JISLDVREQS,EQ,20.13,5.12,38.84,0.37,0.07
KNAGRI,EQ,180.58,4.99,451.43,0.04,0.07
CLASSICEIL,SM,38.5,6.94,69.17,0.19,0.07
ISFT,EQ,60,8.01,97.87,0.12,0.07
WORTHPERI,EQ,123.64,6.11,194.75,0.06,0.07
MANUFGBEES,EQ,142.25,1.09,11.42,0.05,0.07
PSFL,SM,24.25,3.19,47.73,0.3,0.07
LOTUSEYE,EQ,102.6,4.46,213.37,0.07,0.07
ORBTEXP,EQ,147.49,8.97,391.01,0.05,0.07
ZENITHDRUG,SM,38.45,9.23,65.94,0.18,0.07
IL&FSENGG,BZ,24.3,4.92,318.62,0.3,0.07
HECPROJECT,EQ,97.61,1.8,105.79,0.07,0.07
SGBJUN27,GB,14250,4.62,655.2,0,0.07
INFOLLION,SM,300,5.02,291.2,0.02,0.07
805NMC34,N6,125,0.36,25,0.06,0.07
SBIETFCON,EQ,108.5,1.89,21.84,0.07,0.07
HEXATRADEX,EQ,158.5,2.09,875.63,0.04,0.07
891NTPC33,N6,1233,0.41,493.16,0.01,0.07
LATTEYS,EQ,17.38,10,99.93,0.41,0.07
JAIPURKURT,EQ,27.64,6.23,52.77,0.25,0.07
AKSHARCHEM,EQ,152.25,4.86,122.3,0.04,0.07
UYFINCORP,EQ,12.98,12.09,246.93,0.54,0.07
GANGAFORGE,EQ,2.68,12.61,36.13,2.69,0.07
TOP20,EQ,8.31,1.59,9.63,0.83,0.07
HISARMETAL,EQ,141.9,13.32,76.63,0.05,0.07
UNITEDTEA,EQ,510.6,0.56,255.12,0.01,0.07
SGBFEB28IX,GB,14299.99,5.23,580.52,0,0.07
KCK,SM,12.95,9.75,82.36,0.53,0.07
AKASH,EQ,24.96,7.96,42.09,0.27,0.07
ENSER,SM,10.6,19.77,92.39,0.65,0.07
SADHAV,SM,103,4.67,147.83,0.07,0.07
APCL,EQ,105,5.02,308.44,0.06,0.07
DIGIDRIVE,EQ,18.45,9.5,71.15,0.37,0.07
MANGALAM,BE,28.5,4.97,45.11,0.24,0.07
BANARBEADS,EQ,105.95,3.61,70.31,0.06,0.07
DCM,EQ,61.5,11.07,114.87,0.11,0.07
LAMBODHARA,EQ,90.5,8.84,93.92,0.07,0.07
SATIPOLY,SM,29,2.84,14.35,0.23,0.07
SUPREMEINF,BZ,60.91,4.71,589.22,0.11,0.07
750IRFC35,NK,1184,0.77,437.65,0.01,0.06
THEINVEST,EQ,94,3.13,491.08,0.07,0.06
ESPRIT,SM,57.5,2.95,126.18,0.11,0.06
ALUWIND,SM,55,1.1,136.66,0.12,0.06
96IIFL28,N5,992,0.06,379.76,0.01,0.06
ANMOL,EQ,9.55,12.09,54.35,0.7,0.06
SENSEXADD,EQ,75.3,1.92,2.88,0.08,0.06
VIVIMEDLAB,EQ,5.54,4.92,45.93,1.15,0.06
MAHICKRA,ST,215,1.42,174.63,0.03,0.06
930APMD30,N0,103550,0.05,1035.49,0,0.06
DCMNVL,EQ,102.45,5.01,191.35,0.06,0.06
VHLTD,BE,140.05,0.84,946.44,0.04,0.06
KEL,SM,75,18.48,77.04,0.08,0.06
MOQUALITY,EQ,182.01,2.34,21.01,0.03,0.06
BSL,EQ,114,10.91,117.33,0.06,0.06
CURRENT,SM,136,10.48,260.41,0.05,0.06
HALEOSLABS,EQ,1253.8,5,379.06,0,0.06
PRLIND,SM,52,9.7,118.89,0.12,0.06
JETFREIGHT,EQ,17.07,0.06,79.21,0.35,0.06
CSSL,SM,101.05,6.37,243,0.06,0.06
SGBOCT27,GB,14450,5.72,658.6,0,0.06
PELATRO,SM,284,5.19,300.97,0.02,0.06
MUNISH,SM,63,8.53,151.64,0.1,0.06
DELAPLEX,SM,91,10.84,82.9,0.07,0.06
SOMICONVEY,EQ,97.8,10.18,115.21,0.06,0.06
BAGFILMS,EQ,4.3,18.46,85.03,1.42,0.06
WOL3D,ST,118.95,4.99,76.75,0.05,0.06
LOVABLE,EQ,62,11.29,91.76,0.1,0.06
SUNDARAM,EQ,1.23,9.82,58.29,4.97,0.06
CRAYONS,SM,29.7,20,72.56,0.21,0.06
PRITI,EQ,35.5,10.11,47.4,0.16,0.06
PODDARMENT,EQ,208,2.51,220.69,0.03,0.06
CMNL,SM,96.05,6.25,231.81,0.06,0.06
SANGANI,SM,40.5,4.11,55.8,0.15,0.06
LANCORHOL,BE,20.09,4.91,147.76,0.3,0.06
9MMFSML,N2,1071,0.09,0,0.01,0.06
BHADORA,SM,54.8,9.16,101.93,0.11,0.06
SOCL,SM,25.95,4.43,34.76,0.24,0.06
SFML,SM,20.9,18.08,51.89,0.3,0.06
SNXT50BETA,EQ,83.49,4,29.76,0.07,0.06
BALPHARMA,EQ,65.9,9.07,104.92,0.09,0.06
762NTPC35F,ND,1195.5,1.1,198.14,0,0.06
PILITA,EQ,7.05,9.98,165.68,0.81,0.06
ACCURACY,EQ,3.79,9.22,57.06,1.51,0.06
NIRMAN,ST,40.6,3.31,32.52,0.14,0.06
743GS2076,GS,101.5,1.46,26390,0.06,0.06
AONETMMQ50,EQ,9.15,4.21,6.24,0.61,0.06
INVICTA,SM,70,11.11,88,0.08,0.06
ACCPL,SM,66.7,4.96,74.14,0.08,0.06
SYLVANPLY,SM,47,17.5,91.06,0.12,0.05
MEGASTAR,EQ,256,0.57,289.12,0.02,0.05
MANDEEP,SM,18.2,4.9,18.81,0.3,0.05
AGROPHOS,EQ,26.3,8.95,53.32,0.21,0.05
EEPL,SM,109.7,10.98,142.16,0.05,0.05
URBAN,SM,135.05,3.53,116.95,0.04,0.05
VDEAL,SM,186.9,12.25,91.4,0.03,0.05
LOWVOL,EQ,188.75,0.71,43.66,0.03,0.05
PNC,EQ,18.5,11.71,26.76,0.28,0.05
COMPUSOFT,EQ,12.6,3.53,99.7,0.42,0.05
SONAMAC,SM,31.9,16.42,43.78,0.17,0.05
TAPIFRUIT,SM,58.9,4.06,25.33,0.09,0.05
SMLT,EQ,62.9,9.56,86.11,0.09,0.05
PRATHAM,SM,114,9.62,207.62,0.05,0.05
SILINV,EQ,402,5.36,425.95,0.01,0.05
HDIL,BZ,1.97,2.07,93.38,2.68,0.05
IDEALTECHO,SM,217.7,1.73,108.85,0.03,0.05
IVZINNIFTY,EQ,2588,1.3,86.61,0,0.05
JOCIL,EQ,100.99,7.78,89.69,0.05,0.05
SAMPANN,EQ,26.7,9.74,108.43,0.2,0.05
GLOSTERLTD,EQ,541,2.97,592.03,0.01,0.05
DHANLAXMI,SM,23.6,4.19,38.53,0.22,0.05
NATCAPSUQ,EQ,154.4,6.96,160.36,0.03,0.05
DGCONTENT,EQ,23.8,8.38,138.49,0.22,0.05
MANAKALUCO,BE,22.82,4.97,149.55,0.22,0.05
MOHITIND,EQ,19.5,3.67,27.61,0.26,0.05
EXXARO,EQ,6.51,5,291.26,0.79,0.05
VINNY,EQ,1.05,8.25,48.85,4.82,0.05
ACL,EQ,42.82,4.98,394.68,0.12,0.05
AKI,EQ,4.12,5.1,42.52,1.19,0.05
CADSYS,SM,45.4,2.25,45.41,0.12,0.05
HINDCON,EQ,17.72,5.79,90.71,0.28,0.05
769HUDCO31,N9,1102.06,0.1,672.31,0,0.05
SNXT30BEES,EQ,37.96,1.74,4.91,0.13,0.05
EMMIL,SM,124,11.81,140.45,0.04,0.05
SATTVAENGG,SM,51,4.83,89.09,0.1,0.05
CHETANA,SM,32.2,4.04,65.69,0.14,0.05
SAIFL,SM,8.85,7.27,23.85,0.56,0.05
ABHAPOWER,SM,25,5.04,46.47,0.19,0.05
GREENCHEF,SM,46.5,4.61,108.21,0.1,0.05
PRECISION,SM,7.25,2.11,16.65,0.7,0.05
K2INFRA,SM,47.2,14.01,59.56,0.1,0.05
AROGRANITE,EQ,21.3,11.87,32.59,0.23,0.05
BANKA,EQ,46.16,9.98,50.42,0.11,0.05
LPDC,EQ,5.78,4.52,77.53,0.82,0.05
835SCL23B,YM,997,1.73,16.05,0,0.05
GRCL,SM,396.5,4.62,227.51,0.01,0.05
NIBL,EQ,27.72,6.9,67.17,0.17,0.05
MITCON,EQ,58.4,6.51,101.72,0.08,0.05
IDFNIFTYET,EQ,248.62,1.27,3.55,0.02,0.05
SGBSEP27,GB,14289.99,5.1,897.26,0,0.05
NOIDATOLL,EQ,3.13,7.19,58.28,1.46,0.05
UNITEDPOLY,EQ,23.9,4.96,548.54,0.19,0.05
IVP,EQ,123,9.95,127.01,0.04,0.04
NIDAN,SM,13.6,6.67,18.9,0.34,0.04
NRVANDANA,SM,50,6.72,116.47,0.09,0.04
GOYALALUM,BE,5.71,4.96,81.5,0.78,0.04
ALCODIS,SM,58.5,18.54,59.96,0.08,0.04
SIL,EQ,12.13,2.8,78.03,0.36,0.04
723GS2039,GS,104.75,2.55,122557.5,0.04,0.04
STUDIOLSD,SM,8.85,19.59,45.92,0.5,0.04
CONS,EQ,10.86,2.36,31.93,0.4,0.04
UMESLTD,BE,6.78,3.51,17.91,0.65,0.04
SHERA,SM,107.05,6.89,261.62,0.04,0.04
UEL,EQ,138.48,5,1847.29,0.03,0.04
MOXSH,ST,133.85,0.26,125.03,0.03,0.04
ALKALI,EQ,49.21,3.36,50.11,0.09,0.04
SPCON,SM,120,10.09,94.33,0.04,0.04
MADHUSUDAN,SM,143.95,5.07,208.3,0.03,0.04
LIBAS,EQ,10.44,0.19,27.5,0.4,0.04
EXIMROUTES,ST,136.1,4.97,255.21,0.03,0.04
NRAIL,EQ,423.5,4.84,720.76,0.01,0.04
RCDL,SM,19.1,3.24,45.68,0.21,0.04
RPPL,EQ,16.38,5.13,121.61,0.26,0.04
SVLL,EQ,486.1,1.29,558.71,0.01,0.04
TCIFINANCE,EQ,13.4,6.94,17.25,0.31,0.04
CINEVISTA,EQ,14.96,14.11,85.92,0.28,0.04
724GS2055,GS,98.6,0.33,76908,0.04,0.04
SANDESH,EQ,865,5.26,654.75,0,0.04
ROML,EQ,40,10.13,59.95,0.1,0.04
SWASTIK,SM,15.15,16.54,35.2,0.28,0.04
PURVFLEXI,SM,40,4.85,83.93,0.1,0.04
SLONE,SM,166.85,2.61,87.91,0.02,0.04
846REC28,N6,1096.23,1.46,1796.48,0,0.04
ATAM,EQ,52.55,7.09,60.24,0.08,0.04
KREBSBIO,EQ,44.1,10.94,95.08,0.09,0.04
BIOFILCHEM,EQ,27.55,6.82,44.83,0.14,0.04
DUGLOBAL,SM,30,9.49,215.62,0.13,0.04
EMAPARTNER,SM,76.05,2.15,176.79,0.05,0.04
MARCO,SM,32.5,12.26,60.77,0.12,0.04
SHRADHA,EQ,31.45,16.27,254.74,0.13,0.04
KDL,ST,106.15,5,127.63,0.04,0.04
DCG,SM,54.65,13.26,99.19,0.07,0.04
ROXHITECH,SM,26.7,7.88,61.24,0.14,0.04
LICNETFN50,EQ,253.7,1.87,813,0.01,0.04
KLL,SM,37.55,18.08,69.58,0.1,0.04
MALUPAPER,EQ,30,10.54,51.18,0.13,0.04
VIVIDHA,EQ,0.49,13.95,14.34,7.79,0.04
TOKYOPLAST,EQ,66,12.7,62.71,0.06,0.04
MHLXMIRU,EQ,163.34,4.31,173.47,0.02,0.04
WELINV,EQ,1261,0.08,460.83,0,0.04
HDFCLOWVOL,EQ,18.84,1.67,32.07,0.19,0.04
MOIPO,EQ,38.06,1.04,5.33,0.09,0.04
SUVIDHAA,EQ,2.5,10.62,52.45,1.46,0.04
MRIL,SM,32,9.97,70.73,0.11,0.04
ENERGYDEV,EQ,13.8,4.94,65.55,0.26,0.04
TSC,SM,29.6,5.53,41.58,0.12,0.04
SHIGAN,ST,49.4,4.99,100.42,0.07,0.04
RICHA,SM,61.85,4.39,83.51,0.06,0.04
WILLAMAGOR,EQ,23.26,6.94,25.48,0.15,0.04
HVAX,SM,775,3.47,215.21,0,0.03
GROWWCHEM,EQ,25.52,2.45,7.16,0.13,0.03
FINBUD,SM,87.5,9.99,166.68,0.04,0.03
CCHHL,EQ,11,3.97,179.81,0.3,0.03
SUPERHOUSE,EQ,138.79,5.91,153.02,0.02,0.03
943ECL28,NJ,990,0.1,58.54,0,0.03
BLUEPEBBLE,ST,120.3,4.97,49.08,0.03,0.03
AVIANSH,SM,111,1.09,155.14,0.03,0.03
LAL,EQ,6.99,13.47,120.74,0.48,0.03
SATECH,SM,37,8.82,48.31,0.09,0.03
AXSENSEX,EQ,75.8,1.9,121.43,0.04,0.03
ONDOOR,SM,125,8.32,70.61,0.03,0.03
PARAGON,SM,39.75,11.66,77.77,0.08,0.03
DELTIC,SM,32.35,13.71,49.46,0.1,0.03
SIDDHICOTS,ST,30.5,3.74,74.44,0.11,0.03
RSSOFTWARE,EQ,23.02,4.97,59.46,0.14,0.03
ANIKINDS,EQ,35.35,7.54,98.11,0.09,0.03
ELDEHSG,EQ,785.2,0.78,772.09,0,0.03
AAKAAR,ST,50.5,4.99,71.57,0.06,0.03
FMNL,EQ,7.4,3.06,44.88,0.43,0.03
AUSOMENT,BE,99.03,4.99,134.91,0.03,0.03
HDFCQUAL,EQ,53.23,2.25,18.43,0.06,0.03
SHYAMCENT,EQ,3.86,4.89,81.9,0.83,0.03
CEDAAR,SM,19.8,4.76,27.48,0.16,0.03
QUALITY30,EQ,18.89,0.64,2.2,0.17,0.03
BONLON,BE,36.87,2.39,52.29,0.09,0.03
QUICKTOUCH,SM,27.4,4.58,35.12,0.12,0.03
SPECTSTM,SM,56.6,9.9,130.71,0.06,0.03
RKDL,EQ,19.31,6.1,46.34,0.16,0.03
915APSBC34,N0,103700,1.97,569.31,0,0.03
DUCOL,SM,97.5,7.97,158.48,0.03,0.03
MSCIINDIA,EQ,28.63,5.33,1514.94,0.11,0.03
SITINET,BZ,0.3,3.45,26.16,11.01,0.03
TEAMGTY,EQ,256,3.71,230.22,0.01,0.03
KANANIIND,EQ,1.27,19.81,25.13,2.48,0.03
733GS2026,GS,102.94,0.43,47352.4,0.03,0.03
SHANTI,EQ,5.67,10.1,6.3,0.55,0.03
ODIGMA,EQ,22.5,8.8,70.33,0.14,0.03
DNAMEDIA,EQ,2.8,13.82,32.96,1.11,0.03
ARMOUR,SM,19.05,0.79,32.14,0.16,0.03
SDREAMS,SM,77,11.76,144.16,0.04,0.03
AKSHAR,EQ,0.41,7.89,32.29,7.62,0.03
GKWLIMITED,EQ,1494,6.15,891.4,0,0.03
INFINIUM,SM,202,4.77,314.78,0.01,0.03
MASTER,SM,305.9,2.65,122.36,0.01,0.03
BSLSENETFG,EQ,73.6,1.71,255.67,0.04,0.03
741GS2036,GS,104,0.48,156000,0.03,0.03
INFRA,EQ,10.46,2.55,7.42,0.29,0.03
10IIFLSF27,NB,1065,0.52,15.68,0,0.03
805NMC30,N2,124.8,0.1,24.96,0.02,0.03
M&MFIN,N3,2288,0.13,61.68,0,0.03
CURIS,SM,99.9,7.48,80.76,0.03,0.03
EPWINDIA,SM,117.9,6.22,135.34,0.02,0.03
EFORCE,SM,19.55,19.21,45.75,0.16,0.03
AVROIND,EQ,113.37,4.99,150.91,0.03,0.03
971SCL29A,ZN,976,0.83,15.44,0,0.03
TIL-RE1,BE,2.8,40,3.38,1.04,0.03
805NMC32,N4,125,0.31,25,0.02,0.03
MIDCAPBETA,EQ,201.26,2.34,12.82,0.01,0.03
MOS,SM,10.15,4.64,261.3,0.28,0.03
751HUDCO28,N5,1045,0.19,1331.58,0,0.03
AMDIND,EQ,37.9,8.75,72.64,0.08,0.03
AGRITECH,EQ,101.79,8.61,60.46,0.03,0.03
VCL,EQ,1.3,1.56,23.89,2.17,0.03
RUCHINFRA,EQ,4.95,19.85,116.83,0.58,0.03
BANG,EQ,30.3,10.91,41.09,0.09,0.03
GROWWMC150,EQ,198,1.25,5.22,0.01,0.03
SPPPOLY,SM,11.3,4.63,17.39,0.26,0.03
710GS2029,GS,103,0.49,155530,0.03,0.03
TROM,SM,52.55,19.57,48.32,0.05,0.03
ETL,SM,910,3.41,971.09,0,0.03
ZEAL,SM,66,15.18,87.84,0.04,0.03
ARVINDPORT,SM,29.6,1.89,52.68,0.09,0.03
SHUBHSHREE,SM,302,7.09,158.31,0.01,0.03
SELECTIPO,EQ,38.89,1.91,16.27,0.07,0.03
CORALFINAC,EQ,27,4.57,108.82,0.1,0.03
736PFCL28,N2,1048.65,0.83,374.37,0,0.03
AESTHETIK,SM,65.5,8.35,112.79,0.04,0.03
GAYAHWS,EQ,2.1,5,50.33,1.25,0.03
GROWWNXT50,EQ,63.5,4.92,7.72,0.04,0.03
MAL,SM,33.45,3.88,82.57,0.08,0.03
ENIFTY,EQ,22.83,1.2,15,0.11,0.03
ASHOKAMET,EQ,13.2,7.93,32.99,0.2,0.03
ASTRON,EQ,3.54,4.73,16.46,0.72,0.03
MUKTAARTS,EQ,41,9.89,92.6,0.06,0.03
764NABAR31,N2,1092,0.62,1920.54,0,0.03
KAKATCEM,EQ,93,9.31,72.3,0.03,0.02
KEN,SM,35,11.64,85.98,0.07,0.02
DECCANTRAN,SM,18.85,13.55,42.83,0.13,0.02
SNEHAA,SM,40.7,5.85,41.43,0.06,0.02
AGSTRA,BZ,2.49,4.62,31.98,1,0.02
NEOCHEM,SM,68.9,8.93,117.96,0.04,0.02
ITBETA,EQ,310.23,2.28,5.35,0.01,0.02
NITIRAJ,EQ,213.06,6.04,218.41,0.01,0.02
AGNI,SM,16.05,4.9,31.35,0.15,0.02
SAJHOTELS,SM,39.45,3.95,63.61,0.06,0.02
RAJTV,EQ,34,4.62,176.51,0.07,0.02
SHKSIL,SM,40,3.9,76.76,0.06,0.02
ORCHASP,EQ,2.14,3.38,74.14,1.12,0.02
79NHIT40,N2,317.03,0.33,475.54,0.01,0.02
LAMOSAIC,SM,23.3,12.56,24.09,0.1,0.02
INNOMET,SM,79,10.34,102.23,0.03,0.02
KATARIA,SM,100,8.75,215.31,0.02,0.02
PPSL,SM,5.85,8.33,17.14,0.39,0.02
DELTAMAGNT,EQ,50.6,9.52,54.91,0.05,0.02
KRIDHANINF,EQ,1.97,4.23,18.67,1.17,0.02
NAGREEKCAP,EQ,23,10.1,29.02,0.1,0.02
JMA,EQ,81.48,7.37,186.11,0.03,0.02
HITECHGEAR,BE,568,3.59,1068.61,0,0.02
UNILEX,SM,24.5,11.36,33.36,0.1,0.02
ARSHIYA,BZ,1.33,4.72,35.04,1.8,0.02
ZENITHSTL,EQ,4.8,3.23,68.29,0.47,0.02
IL&FSTRANS,BZ,1.92,4.35,63.16,1.2,0.02
COUNCODOS,EQ,4.09,3.28,31.74,0.53,0.02
AIROLAM,EQ,84.13,1.35,126.21,0.03,0.02
EQUAL200,EQ,12.11,2.37,16.37,0.18,0.02
SILKFLEX,ST,108.55,4.98,125.99,0.02,0.02
SUNTECH,SM,34.4,8.18,66.61,0.06,0.02
KSHITIJPOL,BE,2.28,2.7,35.17,0.95,0.02
PALASHSECU,EQ,83.7,4.42,83.73,0.03,0.02
BALKRISHNA,EQ,14.02,3.85,45.17,0.15,0.02
SVPGLOB,EQ,2.35,4.91,29.73,0.88,0.02
901NHB34,N6,6185,0.19,823.49,0,0.02
TPHQ,EQ,0.46,4.55,50.43,4.67,0.02
SECURKLOUD,EQ,19,7.71,63.48,0.11,0.02
MON50EQUAL,EQ,30.35,1.44,94.48,0.07,0.02
AUROIMPEX,SM,25.95,19.86,31.66,0.08,0.02
KEEPLEARN,EQ,1.84,19.48,28.65,1.18,0.02
PRITIKA,SM,55.5,2.78,146.33,0.04,0.02
VISAMAN,ST,104.65,4.96,209.7,0.02,0.02
PEARLPOLY,EQ,13.9,6.84,23.4,0.15,0.02
MANUGRAPH,EQ,10.94,12.09,33.27,0.19,0.02
SHRIKANHA,SM,16.6,4.73,25.87,0.13,0.02
ARCIIL,SM,40.6,3.97,41.81,0.05,0.02
915APSBC28,N0,100950,0.35,554.22,0,0.02
CELEBRITY,EQ,6.38,9.81,38.07,0.32,0.02
GURUNANAK,SM,25,9.41,30,0.08,0.02
ADROITINFO,EQ,8.8,6.93,47.68,0.23,0.02
12VCCL29B,N0,99000,0.51,54.45,0,0.02
TRU,EQ,4.86,4.97,57.77,0.42,0.02
VITAL,EQ,45.09,4.98,108,0.04,0.02
TFL,EQ,12.3,10.51,67.79,0.16,0.02
GOYALSALT,SM,105.1,5.47,188.13,0.02,0.02
AMEYA,SM,97,4.3,72.75,0.02,0.02
AKG,EQ,9.92,7.48,31.52,0.19,0.02
SAROJA,SM,29.4,5,11.82,0.06,0.02
BEARDSELL,EQ,22.36,10.15,88.18,0.09,0.02
HEADSUP,EQ,7.2,19.01,15.9,0.28,0.02
BAWEJA,SM,23.95,12.18,44.13,0.08,0.02
VLINFRA,SM,20.5,10.22,32.21,0.09,0.02
NEPTUNE,ST,183,2.81,414.56,0.01,0.02
AMBICAAGAR,EQ,22,7.06,37.79,0.08,0.02
SMARTLINK,EQ,111.5,6.68,111.22,0.02,0.02
HPIL,EQ,119.89,4.76,136.96,0.02,0.02
SUNREST,SM,37.5,1.35,16.09,0.05,0.02
ANTGRAPHIC,EQ,0.77,13.24,11.94,2.41,0.02
SHIVAMILLS,EQ,46.9,1.19,40.53,0.04,0.02
DANGEE,EQ,2.96,8.03,45.58,0.62,0.02
RULKA,SM,81.1,8.13,34.54,0.02,0.02
GILT5BETA,EQ,64.37,1.31,25.38,0.03,0.02
FORGEAUTO,SM,71.9,4.96,78.51,0.02,0.02
CYBERMEDIA,EQ,12.54,10,25.86,0.14,0.02
SGBOCT26,GB,14300,4.76,446.96,0,0.02
LAGNAM,EQ,64.05,6.66,113.17,0.03,0.02
TRUST,SM,32,4.92,76.24,0.05,0.02
ADL,EQ,60,14.24,33.4,0.03,0.02
GROBTEA,EQ,849.5,5.34,98.74,0,0.02
BAFNAPH,EQ,114,4.26,269.68,0.01,0.02
REXPRO,SM,41.8,4.76,46.84,0.04,0.02
UNIENTER,EQ,94.26,3.37,655.54,0.02,0.02
ATLASCYCLE,EQ,82,6.26,53.33,0.02,0.02
NPBET,EQ,255.17,2.66,9.98,0.01,0.02
HPTL,SM,268,1.23,319.31,0.01,0.02
SHEKHAWATI,EQ,10,6.95,34.47,0.16,0.02
SELMC,EQ,28.15,5,93.27,0.06,0.02
ANSALAPI,BZ,3.01,1.01,47.38,0.53,0.02
WEIZMANIND,EQ,69,3.76,106.91,0.02,0.02
MEDISTEP,ST,17.2,4.24,24.44,0.09,0.02
985ECL28,NK,1032.5,0.24,280.97,0,0.02
BLUEWATER,SM,153,4.12,168.3,0.01,0.02
RELCHEMQ,EQ,110.01,1.09,82.99,0.01,0.02
JIWANRAM,SM,5.4,8,13.36,0.3,0.02
699GS2051,GS,95.09,0.57,139330.62,0.02,0.02
SEMAC,EQ,231.2,4,72.07,0.01,0.01
HOMESFY,SM,124.7,4.97,40.23,0.01,0.01
DIGJAMLMTD,EQ,38.25,0.34,76.5,0.04,0.01
957IIFLS27,NA,986,8.07,12.96,0,0.01
SHRENIK,BZ,0.38,2.7,23.26,4,0.01
MONIFTY100,EQ,23.36,1.74,11.21,0.06,0.01
EFACTOR,SM,184.8,8.07,242.67,0.01,0.01
SAMBHAAV,EQ,5.47,4.99,104.54,0.27,0.01
MORARJEE,BZ,6.16,4.94,22.38,0.24,0.01
ITALIANE,ST,37.4,4.18,55.27,0.04,0.01
BIKEWO,ST,17.85,5,23.28,0.08,0.01
PATTECH,SM,94.7,4.93,88.99,0.01,0.01
RETAIL,EQ,18.65,15.69,15.3,0.08,0.01
GATECHDVR,EQ,0.42,10.53,7.97,3.39,0.01
KANDARP,SM,139,6.92,124.72,0.01,0.01
ASHWINI,SM,138,4.15,207,0.01,0.01
VSCL,SM,22.2,4.96,28.38,0.06,0.01
PIONEEREMB,EQ,21.76,9.24,67.04,0.06,0.01
PARAMOUNT,SM,37.25,11.19,25.86,0.04,0.01
KORE,SM,86,1.18,104.28,0.01,0.01
10IIFL28A,NE,999.9,1,274.66,0,0.01
LASA,EQ,5.95,4.94,29.81,0.21,0.01
NEXT30ADD,EQ,38.04,1.77,41.24,0.03,0.01
IPHL,SM,52.2,5.03,130.45,0.02,0.01
MOALPHA50,EQ,45.69,2.79,5.96,0.03,0.01
RAJRILTD,BE,20.33,1.96,1130.52,0.06,0.01
DOLLEX,SM,31.3,15.71,125.04,0.04,0.01
NAGREEKEXP,EQ,20.2,10.99,63.12,0.06,0.01
VELS,SM,52.2,4.92,67.38,0.02,0.01
ARISTO,SM,77.9,3.87,53.03,0.02,0.01
875AEL29,NK,1005,0.2,398.34,0,0.01
1003ISFL28,N4,1004.2,0.32,80.72,0,0.01
HGM,EQ,47.67,3.54,60.04,0.03,0.01
833GS2026,GS,102.65,0.1,92385,0.01,0.01
LAXMICOT,BE,12.47,4.97,21.38,0.1,0.01
MADHUCON,EQ,3.92,4.81,28.93,0.32,0.01
USASEEDS,SM,94.5,5,95.31,0.01,0.01
MOMGF,EQ,142.67,1.62,1.78,0.01,0.01
FLEXITUFF,EQ,6.39,3.4,20.97,0.19,0.01
HAVISHA,EQ,1.24,11.71,19.04,0.99,0.01
SONUINFRA,SM,39.9,5,46.94,0.03,0.01
950ISF27C,N0,9975,2.19,299.25,0,0.01
3PLAND,EQ,30.52,3.46,54.94,0.04,0.01
MOSERVICE,EQ,28.9,1.83,4.99,0.04,0.01
MOLOWVOL,EQ,34.53,0.41,64.27,0.03,0.01
TREEHOUSE,BE,7.88,4.79,33.34,0.16,0.01
0MOFSL26,N1,1173.4,0.72,29.36,0,0.01
AXISCETF,EQ,109,2.27,12.04,0.01,0.01
SUPREMEENG,BZ,0.95,1.06,23.75,1.21,0.01
PRUDMOULI,EQ,11.82,4.97,38.12,0.1,0.01
SMARTEN,SM,47,9.18,89.3,0.02,0.01
CAPTRUST,BE,11.55,5,39.29,0.1,0.01
REGENCERAM,EQ,39.93,5.83,105.58,0.03,0.01
SGL,EQ,9.32,9.13,25.16,0.12,0.01
LFIC,EQ,117,4,35.1,0.01,0.01
12AFIL28,N0,9990,0.91,49.95,0,0.01
BALAJIPHOS,SM,108.9,3.76,258.93,0.01,0.01
ENFUSE,SM,179.95,10.43,159.21,0.01,0.01
DAMODARIND,EQ,21.74,8.65,50.65,0.05,0.01
NEWJAISA,SM,17.95,4.97,64.22,0.06,0.01
INSPIRISYS,BE,75,4.98,297.13,0.01,0.01
ORIENTLTD,EQ,60.7,4.49,60.7,0.02,0.01
GILLANDERS,EQ,81.9,6.17,174.79,0.01,0.01
USHAFIN,SM,31.85,4.43,138.47,0.03,0.01
BMETRICS,SM,43,7.5,52.95,0.02,0.01
1015ECL29,NR,1016,0.4,112.88,0,0.01
WIPL,EQ,150,3.78,127.31,0.01,0.01
1050NFL26,N7,1003.4,0.54,67.73,0,0.01
915SCL26,NE,1031.48,0.53,201.5,0,0.01
865IIFL31,Y6,1003,0.3,80.53,0,0.01
664GS2035,GS,100.1,0.1,132461.14,0.01,0.01
SGBDEC26,GB,14300,2.88,297.28,0,0.01
VERITAAS,SM,41.55,4.92,11.73,0.02,0.01
706GS2046,GS,99.5,0.51,84575,0.01,0.01
KHAITANLTD,EQ,101.7,9.27,48.31,0.01,0.01
LYPSAGEMS,EQ,4.69,11.14,13.83,0.22,0.01
RILINFRA,SM,36.3,5.99,67.54,0.03,0.01
GLOBALE,EQ,10.54,4.56,11.19,0.1,0.01
SPLIL,EQ,23.01,7.02,66.73,0.04,0.01
HOLMARC,SM,63.05,5,63.37,0.01,0.01
MADHAV,EQ,32.42,4.78,29.01,0.03,0.01
KKJEWELS,SM,93.5,6.25,98.03,0.01,0.01
ARUNAYA,SM,16.25,16.91,28.5,0.06,0.01
PULZ,SM,23.35,4.94,50.92,0.04,0.01
LCCINFOTEC,BE,5.13,4.91,64.94,0.18,0.01
HBSL,EQ,44.14,3.54,31.51,0.02,0.01
SHIVATEX,EQ,138.9,9.31,180.05,0.01,0.01
TGBHOTELS,EQ,8.23,8.86,24.1,0.11,0.01
PARAMPARA,ST,11.45,1.78,12.02,0.08,0.01
REFRACTORY,SM,30.05,4.89,65.51,0.03,0.01
ROLLT,BE,1.14,4.59,28.51,0.79,0.01
MOBILISE,SM,55.2,4.45,52.51,0.02,0.01
890AEL31,NN,1008.05,0.18,205.79,0,0.01
MONEXT50,EQ,61.91,2.65,3.03,0.01,0.01
MEDIORG,SM,22.15,4.98,25.92,0.04,0.01
WEWIN,EQ,40.7,10,41.36,0.02,0.01
TTL,BE,8.56,2.15,221.11,0.1,0.01
862AEL31,NM,1005,0.28,51.22,0,0.01
KHFM,SM,55.3,3.66,127.8,0.02,0.01
HYBRIDFIN,EQ,16.26,1.63,47.86,0.05,0.01
SOMATEX,BE,95.15,5,314.31,0.01,0.01
GROWWLOVOL,EQ,9.81,2.29,3.98,0.09,0.01
CLSL,SM,41.05,0.12,70.36,0.02,0.01
GRAPHISAD,ST,33.9,4.47,61.96,0.02,0.01
GANGESSECU,EQ,109.28,4.93,109.32,0.01,0.01
RADAAN,EQ,2.84,13.6,15.38,0.29,0.01
SRGHFL,EQ,247.55,2.06,388.7,0,0.01
FALCONTECH,SM,13.1,1.16,7.02,0.06,0.01
AGARWALFT,SM,25.1,4.8,18.18,0.03,0.01
TNTELE,EQ,8.7,7.27,39.73,0.09,0.01
MOINFRA,EQ,57,3.37,2.62,0.01,0.01
MAITREYA,SM,184.05,2.91,124.71,0,0.01
SUPERSPIN,EQ,4.23,9.3,23.27,0.17,0.01
PRAXIS,EQ,5.53,4.93,102.75,0.13,0.01
LICNFNHGP,EQ,254.3,1.8,681.41,0,0.01
MASKINVEST,EQ,124,2.18,37.84,0.01,0.01
885MOFSL26,N0,1076.5,0.42,51.65,0,0.01
CEREBRAINT,BZ,3.87,4.88,46.9,0.18,0.01
TVVISION,EQ,5.36,5.72,20.77,0.13,0.01
DIRL,SM,11.25,4.65,10.73,0.06,0.01
TRIDHYA,SM,7.55,8.63,17.58,0.09,0.01
LICNETFSEN,EQ,822.23,1.66,678.02,0,0.01
UNIINFO,EQ,11.2,12.45,11.98,0.06,0.01
UMA,SM,16.4,6.15,33.25,0.04,0.01
ATLPP,E1,6.7,5.85,26.67,0.09,0.01
KAUSHALYA,EQ,772.05,2.23,26.74,0,0.01
GAJANAND,SM,7.35,13.95,13.84,0.09,0.01
ASPIRE,SM,10.7,4.9,16.24,0.06,0.01
VEEKAYEM,SM,127.1,0.47,74.68,0.01,0.01
MOMNC,EQ,28.21,4.25,2.12,0.02,0.01
GTECJAINX,EQ,18.05,4.46,18.39,0.03,0.01
NIRAJISPAT,BE,192.06,3.65,11.52,0,0.01
PANSARI,EQ,263,4.03,458.85,0,0.01
SAGARDEEP,EQ,22.9,4,39.06,0.03,0.01
KONSTELEC,SM,30.05,4.89,45.38,0.02,0.01
VR,SM,143.6,4.97,127.52,0,0.01
OMKARCHEM,BZ,3.85,4.62,7.92,0.15,0.01
SGBNOV26,GB,14364.9,5.42,588.14,0,0.01
MICROPRO,SM,17.65,11.71,25.24,0.03,0.01
SIGNORIA,SM,55,1.85,26.17,0.01,0.01
TOUCHWOOD,EQ,65.9,4.52,73.03,0.01,0.01
JFLLIFE,SM,8.95,4.68,29.53,0.06,0.01
ITTL,ST,99.3,0.05,99.3,0.01,0.01
SEL,SM,132,10,30.61,0,0.01
105IIFL29,N7,1030,1.49,15.91,0,0.01
716GS2050,GS,104.9,4.89,92312,0.01,0.01
769IGT28,NH,1002,0.2,12.06,0,0.01
FEL,BZ,0.38,2.7,17.29,1.34,0
ARVEE,EQ,143.99,7.57,158.68,0,0
IMPEXFERRO,BZ,1.37,0.74,12.05,0.35,0
KHANDSE,EQ,14,12,21.36,0.03,0
CMRSL,SM,55.05,4.96,16.12,0.01,0
INSPIRE,SM,7.2,4.35,9.8,0.06,0
563GS2026,GS,103,0.19,165318.24,0,0
MFML,EQ,23.2,8.61,24.64,0.02,0
ESENSEX,EQ,73.58,1.91,13.83,0.01,0
AATMAJ,SM,20.5,11.72,46.33,0.02,0
8ABCL26,N2,1028,2.59,211.05,0,0
BBNPNBETF,EQ,52.26,3.65,4.11,0.01,0
PALREDTEC,EQ,28.86,4.98,35.3,0.01,0
DIVYADHAN,SM,20.1,4.96,28.76,0.02,0
ARTNIRMAN,EQ,31.99,8.85,79.83,0.01,0
21STCENMGM,EQ,29.4,1.69,30.87,0.01,0
812REC27,NI,1084.9,0.45,2343.74,0,0
YUDIZ,ST,23.25,4.97,23.99,0.02,0
THESL,SM,12.3,2.5,15.36,0.03,0
QVCEL,SM,22.8,4.59,23.83,0.02,0
ARENTERP,EQ,33.72,7.83,10.48,0.01,0
IDENTICAL,SM,18,14.29,25.25,0.02,0
KONTOR,SM,60,8.6,37.08,0.01,0
ACEINTEG,EQ,16.43,7.74,16.76,0.02,0
NMSTEEL,SM,21.85,17.16,37.77,0.02,0
DBSTOCKBRO,EQ,26,4.17,91,0.01,0
DEEM,SM,31,4.55,25.85,0.01,0
PLADAINFO,SM,10.05,4.69,8.62,0.03,0
EMKAYTOOLS,SM,92.5,9.99,98.71,0,0
GVPTECHPP,E1,2.04,2.51,4.32,0.15,0
EUROTEXIND,EQ,13.7,4.74,11.99,0.02,0
GILT10BETA,EQ,26,1.17,23.38,0.01,0
ICDSLTD,BE,43.14,4.99,56.2,0.01,0
SYNOPTICS,SM,41.05,3.53,34.81,0.01,0
INDIFRA,SM,12.3,4.68,8.97,0.02,0
QUADPRO,SM,1.9,2.7,9.6,0.12,0
NEXTMEDIA,EQ,3.98,13.39,26.62,0.06,0
CIFCZC26A,N3,1259.58,1.01,10.52,0,0
SCLZC26,NB,2238.23,0.82,54.49,0,0
PKTEA,EQ,840,2.91,260.05,0,0
960IIFLS26,N9,1067,0.02,82.8,0,0
SIMBHALS,BZ,7.09,4.88,29.27,0.03,0
105UCL2026,NB,1008,2.86,34.43,0,0
758GJ32,SG,99.5,1.53,995,0,0
889SCFL27,YC,983.5,0.1,9.92,0,0
MODTHREAD,EQ,43.69,5,151.93,0,0
ZENITHEXPO,EQ,187.4,3.85,101.13,0,0
ORTEL,BZ,1.78,4.71,5.87,0.11,0
MSCIADD,EQ,27.07,1.08,3.06,0.01,0
BALCO,SM,14.05,4.85,6.14,0.01,0
CELLPOINT,SM,13.6,13.33,25.41,0.01,0
COMPINFO,BZ,0.94,3.3,8.06,0.17,0
FLFL,BZ,1.23,4.24,24.82,0.13,0
INFOMEDIA,EQ,4.9,2.3,24.6,0.03,0
CREATIVEYE,EQ,6.07,7.05,12.18,0.02,0
SANCO,BZ,2.28,4.11,2.98,0.07,0
915AEL28,NC,1056.8,0.41,439.11,0,0
ORTINGLOBE,BE,14.23,4.94,11.57,0.01,0
CIFCZC28A,N5,1244,0.65,15.47,0,0
1039UCL26,NE,1090,0.23,30.51,0,0
BILVYAPAR,BE,5.04,5,15.81,0.02,0
622GS2035,GS,93.5,0.54,95720.94,0,0
1015UCL26,N1,992,0.02,95.75,0,0
1075WCA28,N0,9850,1.55,19.7,0,0
995SCL2035,NM,1000,3.09,5.59,0,0
ANKITMETAL,BZ,1.35,4.65,19.05,0.05,0
KARMAENG,EQ,36.15,5,41.83,0,0
AEL120924A,N5,1259.55,10,29.21,0,0
MTEDUCARE,BE,1.28,4.92,9.25,0.04,0
SCLZC26B,AY,1275.75,3.58,4.91,0,0
865SCL26,N8,1000,2.04,13.69,0,0
PREMIER,BE,2.87,4.74,8.72,0.02,0
PERFECT,SZ,1.45,3.57,2.54,0.03,0
5PAISA-RE,BE,0.21,40,0.33,0.15,0
738REC27TF,N2,1051,0.82,895.49,0,0
956AEL29,N6,1045,1.95,52.62,0,0
957ISFL26,N2,982,0.1,33.44,0,0
888ECL28,N1,980,1.45,40.1,0,0
885TCAPS29,NC,1075,0.84,185.65,0,0
85IFL26,NX,1054,0.38,130.26,0,0
1003IIFL29,NC,1048,2.75,56.93,0,0
82HUDCO27,N2,1035,0.36,2606.36,0,0
772GS2055,GS,109.6,0.55,85488,0,0
CLCIND,BE,17.65,5,18.35,0,0
FICRF3GP,MF,175,9.38,41739.89,0,0