Symbol ,Series ,LTP ,%chng ,Mkt Cap (₹ Crores),Volume (Lakhs),Value (₹ Crores)
SUNPHARMA,EQ,1731,6.83,415315.1,269.95,4660.29
RELIANCE,EQ,1370,3.18,1853957.8,246.73,3322.16
INFY,EQ,1172.9,1.58,475684.07,195.8,2295.04
IRMENERGY,EQ,333,17.37,1367.29,692.82,2196.53
VBL,EQ,519.5,5.92,175699.8,360.95,1817.27
VEDL,EQ,745.1,3.35,291363.01,223.52,1647.34
HDFCBANK,EQ,790,0.66,1216217.05,181.15,1429.59
TCS,EQ,2448,2.13,885707.82,58.53,1427.98
INDIACEM,EQ,428.2,5.03,13269.8,296.22,1336
HINDZINC,EQ,629,6.88,265772.57,208.76,1294.13
SBIN,EQ,1112,0.99,1026444.68,116.24,1289.59
ADANIPOWER,EQ,218.89,2.81,422122.68,575.32,1259.67
SUZLON,EQ,56.87,5.49,77998.85,2159.59,1213.9
HSCL,EQ,570.1,0.7,28763.92,210.2,1188.4
INDUSINDBK,EQ,900.45,6.19,70154.61,112.54,1000.17
M&MFIN,EQ,317.45,7.83,44124.63,308.67,987.1
TANLA,EQ,582.95,20,7730.93,176.48,982.35
DIXON,EQ,11306,4.54,68742.62,8.14,905.55
ADANIGREEN,EQ,1236,0.02,202876.28,71.19,880.4
WIPRO,EQ,204.98,2.82,214993.58,426.32,868.12
SAIL,EQ,184.33,3.29,76137.97,461.11,847.75
BSE,EQ,3542,2.79,144472.54,23.86,837.94
LT,EQ,4055,1.01,557818.85,20,813.41
BHARTIARTL,EQ,1816,0.08,1106510.73,44.14,803.96
ADANIENSOL,EQ,1434.6,1.6,172336.01,55.34,791.09
OFSS,EQ,9345,4.43,81334.33,8.44,787.84
APOLLO,EQ,301.9,6.34,10786.66,261.68,782.26
TARIL,EQ,344,6.35,10325.7,215.24,744.19
HCLTECH,EQ,1230.2,2.24,333835.08,60.67,739.04
TATAPOWER,EQ,453.55,4.26,144924.63,164,737.68
BAJFINANCE,EQ,923,0.16,574624.2,78.13,719.55
BHEL,EQ,349.9,3.71,121837.4,204.84,713.27
TATASTEEL,EQ,213.28,1.53,266248.67,330.68,706.73
ULTRACEMCO,EQ,12000,0.02,353615.01,5.68,685.62
ANANTRAJ,EQ,500.9,8.33,18026.24,137.63,681.15
EPACK,EQ,267.71,15.01,2576.13,240.59,648.99
JIOFIN,EQ,254.6,3.61,161750.99,258.7,648.78
ADANIPORTS,EQ,1628,2.71,375084.54,37.88,617.43
COHANCE,EQ,432.1,19.99,16530.73,139.15,588.52
COCHINSHIP,EQ,1678.8,0.85,44166,34.5,580.26
HFCL,EQ,107.2,6.96,16408.06,542.8,574.71
M&M,EQ,3104.8,2.19,386090.83,18.16,561.75
NTPC,EQ,412.2,2.58,399696.58,130.02,533.1
NETWEB,EQ,3927,2.67,22360.61,12.82,506.68
NLCINDIA,EQ,314.9,5.28,43665.19,159.51,501.26
MOBIKWIK,EQ,224.8,11.17,1769.86,215.2,495.88
JSWENERGY,EQ,574.45,5.41,100947.65,86.35,490.31
TMB,EQ,688,7.52,10894.58,69.97,489.54
MCX,EQ,2833.1,2.62,72241.74,16.98,476.76
HINDALCO,EQ,1064.4,1.53,239194.79,42.41,449.49
ITC,EQ,304,0.8,380973.5,143.82,437.4
KOTAKBANK,EQ,377,1.66,374981.73,115.6,436.1
ATHERENERG,EQ,951,7.7,36392.22,47.11,435.39
ENGINERSIN,EQ,257.5,6.02,14472.59,160.55,412.91
SUPREMEIND,EQ,3684.8,0.57,46806.86,11.1,412.32
MARUTI,EQ,13225,1.36,415797.4,3.13,411.58
PERSISTENT,EQ,4845,2.06,76429.88,8.46,406.29
JAYNECOIND,EQ,103.61,8.17,10060.51,380.59,395.66
SILVERBEES,EQ,230.87,1.31,31370.03,167.08,387.12
AMBER,EQ,8113,4.64,28551,4.74,382.54
INDIGO,EQ,4565,0.93,176508.46,8.34,379.7
IIFL,EQ,433.55,3.39,18438.43,89.53,379.32
TVSMOTOR,EQ,3557,1.97,168988.49,10.25,361.14
AZAD,EQ,2226.5,6.52,14379.13,16.34,357.13
NTPCGREEN,EQ,118.05,7.02,99472.82,300.37,352.21
TORNTPOWER,EQ,1767.9,4.02,89085.11,19.65,350.74
ADANIENT,EQ,2322.3,1.52,300016.36,15.01,347.85
AEQUS,EQ,207.88,11.63,13941.8,163.41,346.39
SBILIFE,EQ,1814,2.55,181960.91,19.19,345.91
TMPV,EQ,354.35,1.1,130495.9,97.14,343.34
NMDC,EQ,90.39,1.23,79469.24,376.68,341.5
IDFCFIRSTB,EQ,70.45,4.79,60602.54,490.51,340.47
MAZDOCK,EQ,2695,0.54,108710.91,12.47,335.24
HDFCLIFE,EQ,595.3,1.21,128455,55.48,332.02
IDEA,EQ,9.68,1.68,104876.06,3399.73,328.75
SBCL,EQ,641.1,8.24,3693.01,49.72,317.96
GMDCLTD,EQ,698.5,4.28,22212.3,45.94,317.72
LODHA,EQ,881.8,4.89,88089.95,36.41,313.96
HAVELLS,EQ,1273.1,2.79,79856.07,24.62,312.16
HINDCOPPER,EQ,560,3.42,54153.35,55.43,309.09
KIRLPNU,EQ,1454.4,8.75,9447.52,20.99,306.87
VIDYAWIRES,EQ,87.55,5.84,1862.12,343.92,303.92
GAIL,EQ,166,0.24,109146.65,181.32,301.03
POWERGRID,EQ,321,1.45,298549.38,93.34,299.7
JSWSTEEL,EQ,1285,2.33,314240.83,23.1,297.16
TITAN,EQ,4451.9,0.95,395233.52,6.49,287.75
PFC,EQ,473,0.78,156094.81,60.22,286.12
OLAELEC,EQ,36.8,2.82,16231.85,765.91,282.24
VOLTAS,EQ,1516.9,3.61,50191.91,18.56,280.81
AYE,EQ,146.99,8.99,3627.48,185.36,276.91
GRASIM,EQ,2785,1.67,189526.02,9.86,274.29
NAVINFLUOR,EQ,6550,1.52,33556.94,4.18,273.81
TATAELXSI,EQ,4196,0.07,26123.89,6.32,267.04
WAAREEENER,EQ,3366,1.82,96823.44,7.83,262.58
DRREDDY,EQ,1335.5,1.4,111465.63,19.4,258.69
BANDHANBNK,EQ,181.45,3.88,29231.21,142.45,256.06
TECHM,EQ,1398,2.91,136981.81,18.34,254.62
PNBHOUSING,EQ,1047.8,1.37,27300.38,23.71,249.07
SHYAMMETL,EQ,887,8.08,24759,27.88,246.95
EICHERMOT,EQ,7178,0.94,196902.74,3.36,240.45
POLYCAB,EQ,8062.5,0.37,121386.7,2.91,235.35
NATIONALUM,EQ,441.6,1.04,81105.66,52.56,232.34
SONACOMS,EQ,589.35,4.34,36648.55,39.6,231.13
RPOWER,EQ,29.42,3.59,12167.44,772.09,227.46
HEROMOTOCO,EQ,5054,1.86,101125.37,4.48,226.93
CIPLA,EQ,1315,1.54,106223.42,17.21,226.12
APOLLOHOSP,EQ,7840,1.39,112727.17,2.9,226.12
BAJAJFINSV,EQ,1774,0.19,283937.57,12.68,225.01
LGEINDIA,EQ,1600,1.4,108603.58,13.39,217.41
NIFTYBEES,EQ,272.72,0.6,62873.32,79.31,215.95
DMART,EQ,4500,1.27,293455.65,4.78,215.87
JPPOWER,EQ,19.75,2.38,13535.58,1093.19,215.03
PREMIERENE,EQ,1024,1.63,46386.62,20.55,209.38
LUPIN,EQ,2320,1.04,106065.55,8.99,208.77
LIQUIDCASE,EQ,113.8,0.02,9255.5,182.02,207.11
INOXWIND,EQ,103.73,3.6,17927.01,198.24,206.29
GOLDBEES,EQ,124.29,0.28,55901.61,165.5,206.21
ATGL,EQ,636,1.46,69947.92,32.29,206
RVNL,EQ,306.3,0.94,63864.17,66.23,204.04
SEDEMAC,EQ,1889.5,10,8344.32,10.51,203.46
QPOWER,EQ,1409,0.9,10911.87,14.84,203.35
COFORGE,EQ,1200,4.27,40297.03,17.02,202.14
GODREJPROP,EQ,1822,2.97,54880.05,10.97,199.76
HUDCO,EQ,215.1,1.76,43060.87,92.77,198.91
ABB,EQ,7437,1.48,157596.26,2.67,197.81
NEWGEN,EQ,491,6.1,6987.8,39.96,197.58
RADICO,EQ,3315,4.01,44387.16,5.92,194.85
HAL,EQ,4313,1.11,288442.66,4.49,193.6
CESC,EQ,188.6,4.44,25000.26,100.66,190.06
KRN,EQ,1338,7.24,8316.55,14.28,187.34
RECLTD,EQ,378,1.07,99535.87,49.48,187.31
DIVISLAB,EQ,6456.5,1.49,171399.79,2.9,187.29
ONGC,EQ,285.9,0.39,359670.18,64.98,185.49
BLUESTARCO,EQ,1915,5.31,39375.23,9.4,178.07
USHAMART,EQ,460,3.6,14018.12,38.44,175.66
MTARTECH,EQ,5325,3.62,16379.48,3.35,175.26
DELHIVERY,EQ,461.8,2.69,34574.7,37.08,172.07
ZEEL,EQ,91.39,3.73,8778.19,188.9,171.94
BHARATFORG,EQ,1904.2,2.6,91024.31,8.91,168.72
LLOYDSME,EQ,1731,2.09,94367.98,9.75,168.13
KEI,EQ,4900,1.74,46844.29,3.39,167.59
IEX,EQ,126.5,2.65,11279.91,132.24,165.35
BPCL,EQ,313.7,1.82,136096.64,52.96,165.25
ANGELONE,EQ,318.9,1.39,29047.3,51.43,164.1
FORTIS,EQ,956.75,2.95,72230.62,17.21,163.29
SOLARINDS,EQ,15255,1.32,138042.58,1.07,162.33
MAHABANK,EQ,79.75,2.37,61340.04,204.1,162.3
TITAGARH,EQ,800,5.73,10773.9,20.51,160.58
PPLPHARMA,EQ,169,2.13,22464.29,94.89,160.31
APARINDS,EQ,12121,5.11,48688.01,1.34,159.09
AMBUJACEM,EQ,462,2.39,114198.24,34.44,158.92
INDIANB,EQ,914,0.45,123112.51,17.23,157.87
GRANULES,EQ,696.95,1.09,17270.21,22.53,157.55
IDBI,EQ,77.5,1.75,83331.12,202.8,157.39
HINDPETRO,EQ,382,2.28,81282.82,41.18,156.57
LAURUSLABS,EQ,1123,0.86,60625.89,13.63,152.81
RATNAVEER,EQ,158,9.04,1072.35,94.88,152.76
IREDA,EQ,138.45,1.88,38893.81,108.61,150.11
SCI,EQ,290.05,0.61,13510.5,50.84,149.22
TORNTPHARM,EQ,4213.1,2.33,142586.4,3.54,148.94
MOTHERSON,EQ,128.3,2.07,135408,116.29,147.87
JINDALSTEL,EQ,1281.4,2.02,130714.09,11.51,147.67
IRFC,EQ,105.6,1.62,138003.42,139.18,146.91
BIOCON,EQ,361.9,3.44,58660.65,40.58,145.1
SARDAEN,EQ,614.3,5.66,21646.78,23.66,143.85
CDSL,EQ,1325.7,0.98,27707.13,10.85,143.58
WEBELSOLAR,EQ,116.39,5,4912.4,124.32,143.01
BAJAJ-AUTO,EQ,9675,1.03,270414.16,1.48,142.82
OIL,EQ,476.2,0.53,77459.06,29.82,141.49
AUROPHARMA,EQ,1420,0.44,82473.83,9.98,141.4
NHPC,EQ,83.12,3.05,83494.33,169.98,140.37
PGEL,EQ,565.5,3.35,16136.13,24.83,140.05
KALYANKJIL,EQ,413.3,1.97,42683.15,33.34,137.87
AWL,EQ,205.51,3.93,26709.7,67.02,137.69
CIEINDIA,EQ,483,5.64,18323.2,28.74,137.37
GODFRYPHLP,EQ,2117,0.47,33021.34,6.38,134.89
NAUKRI,EQ,1001.8,1.71,64958.78,13.33,134.41
FIVESTAR,EQ,511.2,3.64,15058.22,26.34,134.12
VMM,EQ,125.85,2.04,58812.57,107.24,133.55
NBCC,EQ,95.51,2.48,25787.7,139.18,133.28
NYKAA,EQ,268.1,2.02,76763.13,49.62,133.14
HDFCAMC,EQ,2767,1.17,118538.33,4.84,132.9
OBEROIRLTY,EQ,1721.7,2.06,62601.4,7.58,130.75
GPIL,EQ,299,3.12,20073.81,43.68,130.63
AARTIIND,EQ,487.55,3.13,17678.29,26.53,130.06
CPPLUS,EQ,2348.8,3.33,27668.41,5.59,128.42
ABBOTINDIA,EQ,25400,0.87,53973.23,0.5,128.15
EMMVEE,EQ,264.5,3.03,18312.53,47.72,126.79
KPITTECH,EQ,736,3.72,20176.98,17.04,124.61
TATATECH,EQ,592.35,4.08,24048.19,20.83,122.6
IOC,EQ,146.54,2.14,206932.63,84.1,122.43
GRINDWELL,EQ,1625.7,0.99,17999.75,7.47,120.81
SIEMENS,EQ,3850,1.08,137106.39,3.09,119.14
KIRLOSENG,EQ,1679.4,5.55,24411.63,7.13,118.84
NAZARA,EQ,271.35,0.47,10052.57,42.69,116.02
LTM,EQ,4351.8,1.62,129027.96,2.65,115.21
BOSCHLTD,EQ,37190,1.36,109686.85,0.31,115.07
FEDERALBNK,EQ,295,0.68,72677,38.8,114.5
DLF,EQ,593,1.01,146786.18,19.19,114.25
ALKEM,EQ,5319,1.6,63596.62,2.12,114.22
HEG,EQ,663.5,1.54,12804.06,16.99,114.2
CONCOR,EQ,515.3,2.49,39246.17,21.68,111.63
ZYDUSLIFE,EQ,932.5,0.55,93831.32,11.76,111.28
PETRONET,EQ,279.99,2.39,41998.5,39.71,110.77
YESBANK,EQ,19.94,0.5,62571.24,554.66,110.77
PARAS,EQ,807.8,0.91,6509.84,13.57,109.65
ACUTAAS,EQ,2500,4.38,20467.78,4.38,108.56
PNB,EQ,113.85,0.67,130847.16,94.8,107.98
MAXHEALTH,EQ,1008,0.86,98097.8,10.66,107.68
GLENMARK,EQ,2328,1.24,65696.35,4.63,107.14
JWL,EQ,290.5,4.08,12415.11,36.92,106.8
KMEW,EQ,1775,5.92,4338.83,5.84,105.76
ZENTEC,EQ,1720.5,2.75,15534.46,6.14,105.05
ATLANTAELE,EQ,1807.6,1.64,13899.83,5.84,103.87
HYUNDAI,EQ,1846.2,3.51,150011.34,5.66,103.77
LIQUID1,EQ,1101.62,0.01,1921.2,9.38,103.37
HDFCSILVER,EQ,230.74,1.26,7598.07,44.37,102.68
IDEAFORGE,EQ,549,6.54,2375.85,18.67,102.2
ASTERDM,EQ,720.05,2.1,37307.3,14.23,102.16
FRACTAL,EQ,974,2.8,16749.4,10.44,102.15
TATSILV,EQ,23.47,1.38,5394.7,433.71,102.09
GMRAIRPORT,EQ,95.8,1.39,101154.99,104.8,100.66
SANSERA,EQ,2614.9,3.33,16299.21,3.84,99.6
MPHASIS,EQ,2275,4.56,43411.45,4.43,99.41
GALLANTT,EQ,874,5.47,21087.95,11.46,99.06
EDELWEISS,EQ,123.21,3.48,11662.22,79.62,98.39
RKFORGE,EQ,568,3.93,10282.54,17.58,98.04
AEROFLEX,EQ,297.4,7.03,3935.52,33.33,97.69
VOLTAMP,EQ,11272,4.68,11404.02,0.85,95.9
INDHOTEL,EQ,646.15,1.7,91975.07,14.7,95.09
MANKIND,EQ,2270.8,0.15,93745.06,4.13,94.11
TIMETECHNO,EQ,186.85,1.49,9223.58,50.27,93.35
GRAPHITE,EQ,736.95,1.87,14398.2,12.46,92.33
ELECTCAST,EQ,85.89,8.32,5309.59,107.97,91.59
AGIIL,EQ,361.65,1.25,4520.53,25.21,91.52
EXIDEIND,EQ,353,2.98,30005,26.06,90.93
WELCORP,EQ,1214,0.54,32024.18,7.45,90.59
SHREECEM,EQ,25190,0.96,90887.4,0.36,90.41
SAILIFE,EQ,1063.5,3.76,22522.72,8.61,90.23
DYNAMATECH,EQ,12276.5,3.78,8337.51,0.73,89.61
MFSL,EQ,1598,0.67,55149.34,5.56,88.8
LICI,EQ,820,1.1,518649.81,10.84,88.8
CAMS,EQ,760.9,0.01,18869.14,11.58,88.7
THERMAX,EQ,4169,4.06,49676.26,2.14,88.44
KTKBANK,EQ,254.4,5.11,9620.94,34.91,87.79
TATACOMM,EQ,1575,3.58,44887.5,5.67,87.65
HCC,EQ,20.7,3.24,5422.3,420.99,86.85
LICHSGFIN,EQ,543.5,0.51,29895.92,15.96,86.29
SRF,EQ,2505,0.46,74254.42,3.42,86.09
ABCAPITAL,EQ,343.4,0.82,89988.74,25,85.57
MARICO,EQ,786,0.34,102034.51,10.72,84.57
CYIENT,EQ,890.4,1.99,9894.68,9.46,83.53
WOCKPHARMA,EQ,1433,1.98,23284.18,5.78,82.75
MRF,EQ,132990,0.64,56402.96,0.06,81.05
ROUTE,EQ,533.7,7.25,3362.47,15.07,80.35
BELRISE,EQ,216.9,1.95,19301.48,37.07,80.04
JYOTICNC,EQ,759.75,3.21,17278.47,10.52,79.66
ASIANTILES,EQ,76.5,3.17,2268.04,103.46,79.11
CUB,EQ,272.5,3.81,20248.04,28.88,77.73
SHREEJISPG,EQ,395.3,5.92,6440.16,19.91,76.83
OLECTRA,EQ,1245.1,3.52,10219.87,6.2,76.07
PATANJALI,EQ,466.55,0.78,50765.5,16.26,76.06
PAISALO,EQ,47,1.16,4274.75,158.74,75.05
HBLENGINE,EQ,808.2,1.23,22402.9,9.22,74.89
SILVERIETF,EQ,240.6,1.18,14941.97,30.98,74.77
IKS,EQ,1503,4.52,25787.45,5.04,74.76
TATAGOLD,EQ,14.59,0.34,5868.36,510.25,74.55
DEVYANI,EQ,111.5,4.23,13747.28,66.25,74.39
NAM-INDIA,EQ,994.95,1.59,63489.35,7.44,73.72
SUPRIYA,EQ,709.85,10.42,5713.07,10.57,73.67
TIINDIA,EQ,2994.9,0.88,57967.15,2.44,72.76
UPL,EQ,641.3,1.57,54136.57,11.38,72.74
MOSCHIP,EQ,208.4,6.38,4040.18,35.44,72.69
PRAJIND,EQ,403.4,1.24,7415.02,18,72.62
BANKINDIA,EQ,147.72,0.19,67252.01,48.45,71.71
STLTECH,EQ,279.77,5,13656.48,25.56,71.33
LTTS,EQ,3590,6.22,38053.33,2,71.08
TRANSRAILL,EQ,603.9,4.84,8107.72,11.79,70.2
PTC,EQ,195,6.18,5772.16,36.19,69.74
IRCTC,EQ,545.8,0.85,43664,12.82,69.72
PAGEIND,EQ,37800,0.36,42161.64,0.18,69.54
KEC,EQ,576.95,0.31,15358.41,11.97,69.17
SWSOLAR,EQ,216.44,1.47,5054.56,31.85,68.99
CROMPTON,EQ,257.7,2.99,16593.69,26.6,68.43
ITBEES,EQ,32.4,2.53,3310.69,212.18,68.22
SENORES,EQ,940,5.48,4329.04,7.33,68.14
IT,EQ,32.25,2.81,390.75,211.29,67.53
SOUTHBANK,EQ,39.95,3.42,10457.18,168.69,67.17
AVANTIFEED,EQ,1424,0.2,19401.38,4.6,66.05
IFCI,EQ,61.25,2.94,16502.68,107.6,65.7
KAJARIACER,EQ,1237,2.13,19701.98,5.31,65.47
PRESTIGE,EQ,1402.5,2.13,60409.92,4.61,64.75
WHIRLPOOL,EQ,996,4.56,12636.43,6.59,64.71
URBANCO,EQ,143.98,1.1,22204.32,44.62,64.52
SYRMA,EQ,979,0.97,18878.1,6.55,64.35
TIPSMUSIC,EQ,676.1,1.65,8642.69,9.18,62.34
PHOENIXLTD,EQ,1796.1,1.14,64234.76,3.44,61.73
360ONE,EQ,1041.75,0.79,42309.47,5.92,61.6
JBCHEPHARM,EQ,2050,2.2,32914.53,3,61.26
JINDALSAW,EQ,245.5,2.41,15699.93,24.87,61.17
CAMLINFINE,EQ,128.21,0.64,2462.81,46.16,60.42
REDINGTON,EQ,219.65,1.46,17171.68,27.17,59.86
SJVN,EQ,80.6,3.53,31674.15,74.29,59.58
POONAWALLA,EQ,420,0.83,36970.44,14.18,59.55
ASHAPURMIN,EQ,625.95,2.27,5979.46,9.38,59.35
KRISHANA,EQ,696.95,9.21,4309.07,8.84,58.59
KNRCON,EQ,122.8,4.13,3453.56,47.52,57.77
TATACHEM,EQ,720.8,3.97,18362.83,8.05,57.67
BBOX,EQ,580.25,5.48,9930.25,10.07,57.63
FINCABLES,EQ,1005,3.32,15370.4,5.67,56.88
UNOMINDA,EQ,1133.6,2.3,65456.4,5.04,56.81
TECHNOE,EQ,1283,4.86,14921.24,4.44,56.79
PARADEEP,EQ,135.5,1.37,14067.21,41.71,56.62
SCHAEFFLER,EQ,4338.2,1.2,67807.66,1.29,56.6
ICICIPRULI,EQ,522.5,1.61,75756.66,10.89,56.51
WELENT,EQ,520,2.9,7197.52,10.86,56.1
COROMANDEL,EQ,2030.1,1.74,59890.92,2.76,55.95
BBL,EQ,3230,5.53,3650.91,1.74,55.92
DALBHARAT,EQ,1989,1.35,37306.87,2.81,55.59
PIIND,EQ,3092,0.35,46911.24,1.79,55.26
MANAPPURAM,EQ,290.45,0.36,24584.7,18.96,54.93
CARTRADE,EQ,1715.1,1.23,8220.14,3.17,54.37
SETFGOLD,EQ,128.14,0.32,24587.8,42.32,54.28
STAR,EQ,1092.2,2.43,10067.1,4.91,53.63
WABAG,EQ,1502,0.58,9358.9,3.56,53.63
SYMPHONY,EQ,854.7,7.55,5869.34,6.34,53.63
BLUEJET,EQ,443.65,9.99,7695.79,12.15,53.51
SPARC,EQ,146.7,5.33,4760.41,35.36,52.4
AVANTEL,EQ,156.8,1.71,4166.35,34.32,52.36
LUXIND,EQ,1660,0.36,4991.9,3.06,52
JSL,EQ,772.85,0.85,63715.27,6.62,51.33
MSUMI,EQ,41.22,3.31,27335.71,124.59,51.13
SHAKTIPUMP,EQ,564,3.44,6959.65,9.01,50.61
BEML,EQ,1823,1.71,15183.58,2.76,50.47
INOXGREEN,EQ,182.5,3.39,7327.23,27.59,50.28
PIDILITIND,EQ,1397,0.19,142181.95,3.56,49.89
JSWINFRA,EQ,284.7,2.03,59787.04,17.48,49.8
ASAL,EQ,531.5,11.1,843.19,9.24,49.43
BLISSGVS,EQ,272.7,3.81,2884.87,18.1,49.19
J&KBANK,EQ,128.31,1.79,14129.27,38.49,49.14
KARURVYSYA,EQ,298.4,1,28840.18,16.46,49.12
KPIGREEN,EQ,460.55,2.6,9088.54,10.61,49.09
BAJAJHFL,EQ,91.25,2.08,76032.55,53.77,48.98
CYIENTDLM,EQ,401,7.51,3182.51,12.2,48.29
PRIVISCL,EQ,3250,0.54,12695.38,1.46,48.22
PACEDIGITK,EQ,181.4,4.8,3915.54,26.68,48.21
NEULANDLAB,EQ,14770,2.53,18949.75,0.33,47.96
ADVENZYMES,EQ,330.1,10.38,3694.7,14.75,47.57
MOTILALOFS,EQ,794,1.66,47787.69,5.97,47.31
ATUL,EQ,6700,0.29,19725.98,0.7,46.9
PVRINOX,EQ,1019.1,1.49,10007.56,4.59,46.78
FSL,EQ,214.99,2.73,14984.61,21.8,46.58
JAIBALAJI,EQ,78,9.05,7115.6,60.99,46.57
JKTYRE,EQ,405,1.94,11675.73,11.55,46.39
TRITURBINE,EQ,579.9,1.76,18434.73,7.99,46.31
PITTIENG,EQ,994.35,8.87,3744.08,4.69,45.85
KSHINTL,EQ,682,7.44,4620.94,6.75,45.64
NCC,EQ,164.05,1.27,10299.82,27.79,45.6
CANFINHOME,EQ,915,0.59,12183.6,4.94,45.33
IRCON,EQ,153.98,2.5,14482.06,29.26,44.99
DCXINDIA,EQ,203.2,4.9,2263.37,21.89,44.62
UTIAMC,EQ,975,5.38,12530.79,4.64,44.39
EPACKPEB,EQ,202.65,10.56,2035.66,22,44.37
ANTHEM,EQ,770,4.12,43251.97,5.76,43.94
VTL,EQ,598.75,1.47,17320.75,7.41,43.88
SKIPPER,EQ,478.7,5.41,5404.72,9.14,43.57
GANECOS,EQ,1055.25,4.64,2827.65,4.02,42.49
PFOCUS,EQ,318.5,3.78,24715.3,13.4,42.46
MAANALU,EQ,159,9.77,953.76,25.78,42.18
RAMRAT,EQ,432,12.46,4030.61,9.99,41.88
RTNPOWER,EQ,10.13,6.86,5439.92,416.36,41.8
ELLEN,EQ,285,6.53,4016.66,14.51,41.61
STYLEBAAZA,EQ,391.7,1.02,2922.76,10.58,41.54
UJJIVANSFB,EQ,57.57,1.37,11191.01,72.23,41.45
CEIGALL,EQ,335.2,2.76,5839.35,12.35,41.42
RRKABEL,EQ,1512.8,4.88,17110.6,2.76,41.37
TEJASNET,EQ,413.8,0.68,7354.96,9.98,41.31
DIACABS,EQ,166,2.65,8747.72,24.9,41.27
MUFIN,EQ,116.99,1.69,2026.63,34.92,40.74
PVP,EQ,33.7,2.03,877.56,118.71,40.73
APEX,EQ,473.3,3.1,1479.06,8.49,40.63
HDFCGOLD,EQ,128.26,0.26,21939.42,31.12,40
GRAVITA,EQ,1610.3,2.7,11885.37,2.51,39.97
APTUS,EQ,261.35,1.51,13086.91,15.24,39.83
ACC,EQ,1446,2.36,27154.04,2.75,39.64
NH,EQ,1799,1.74,36764.51,2.19,39.43
BANKNIFTY1,EQ,58.1,0.02,4671.79,67.48,39.14
JMFINANCIL,EQ,140.52,1.3,13438.92,27.92,39.13
MARSONS,EQ,162.5,0.91,2796.63,23.9,39.09
MANINFRA,EQ,116.5,2.62,4702.71,33.67,38.94
LIQUIDADD,EQ,1123.78,0.01,1593.02,3.45,38.78
SHRIPISTON,EQ,3585,3.06,15791.86,1.07,38.65
AFFLE,EQ,1454.4,3.39,20477.43,2.66,38.46
KFINTECH,EQ,960.55,0.47,16574.01,3.97,38.34
FIRSTCRY,EQ,251.8,2.95,13145.22,15.26,38.2
SIGNATURE,EQ,870,4.16,12224.43,4.37,37.89
ABREL,EQ,1484,4.97,16575.64,2.55,37.26
LALPATHLAB,EQ,1420,0.79,23792.81,2.59,36.65
RAYMOND,EQ,464,6.86,3089.02,8,36.6
IMFA,EQ,1529,1.62,8249.58,2.38,36.55
JBMA,EQ,630.65,2.9,14914.51,5.77,36.11
RATNAMANI,EQ,2698.9,3.57,18917.13,1.35,36.08
PCJEWELLER,EQ,9.53,1.93,7639.96,375.52,35.86
KPRMILL,EQ,935.9,0.57,31990.37,3.79,35.48
GUJGASLTD,EQ,383.9,0.01,26427.3,9.16,35.02
GOLDIETF,EQ,128.64,0.27,26489.79,27.15,35.01
POWERICA,EQ,463,3.01,5859.35,7.54,34.98
BANKBEES,EQ,580.1,0.23,8114.98,5.99,34.69
ACMESOLAR,EQ,309.1,1.24,18730.59,11.17,34.66
TATAINVEST,EQ,712.5,1.19,36048.99,4.83,34.46
PREMEXPLN,EQ,546.85,5.88,2939.93,6.43,34.44
THANGAMAYL,EQ,3924,3.28,12196.59,0.88,34.42
PCBL,EQ,292,3.52,11489.11,11.79,34.31
WAAREERTL,EQ,1055,2.61,11008.48,3.26,34.23
INTELLECT,EQ,709,2.95,9903.11,4.83,34.22
CEATLTD,EQ,3540,1.84,14319.33,0.96,34.12
GENUSPOWER,EQ,304,5.76,9248.22,11.26,33.79
LEMONTREE,EQ,119.75,2.05,9487.15,28.18,33.76
NUVAMA,EQ,1362.7,1.24,24806.8,2.45,33.36
MIDHANI,EQ,382,1.61,7156.39,8.67,33.17
SAGILITY,EQ,42.12,1.81,19717.76,78.19,32.9
CONCORDBIO,EQ,1061.7,4.48,11107.1,3.06,32.49
GOKULAGRO,EQ,226.86,0.14,6694.34,14.08,32.48
ASTRAMICRO,EQ,1134,0.91,10766.76,2.84,32.37
SAREGAMA,EQ,359.9,3.79,6939.21,8.99,32.33
SKYGOLD,EQ,422.6,2.44,6544.97,7.6,32.3
CRISIL,EQ,4290,0.48,31372.78,0.75,32.28
CCL,EQ,1127,2.57,15048.6,2.91,32.27
ITCHOTELS,EQ,160.65,1.47,33463.01,20.02,32.17
TENNIND,EQ,562,1.47,22682.56,5.69,32.13
JSLL,EQ,685,8.1,8514.6,4.76,32.06
GOKEX,EQ,724,2.11,5303.1,4.37,31.67
CARBORUNIV,EQ,948,2.36,18058.69,3.35,31.57
BLACKBUCK,EQ,618,3.47,11235.03,5.13,31.56
BALAMINES,EQ,1305,4.35,4228.33,2.37,31.04
HDFCSML250,EQ,168.4,1.98,2440.31,18.49,31.04
FLUOROCHEM,EQ,3395,0.35,37294.07,0.91,31.03
PNGSREVA,EQ,400,0.78,1267.94,7.53,30.96
LLOYDSENGG,EQ,58.85,2.47,8228.7,52.41,30.91
DABUR,EQ,452.4,0.29,80241.74,6.77,30.75
SANDUMA,EQ,216.4,3.37,10519.31,14.21,30.7
KSB,EQ,1004,3.35,17473.54,3.07,30.64
SUNTV,EQ,611.1,1.82,24082.51,5.07,30.51
E2E,BE,3048,5,6265.62,1.02,30.51
KIRLOSBROS,EQ,1741.9,5.89,13832.24,1.75,30.46
CPSEETF,EQ,107.5,0.9,22142.33,28.27,30.38
PRECWIRE,EQ,407.4,4.42,7447.6,7.5,30.29
RAILTEL,EQ,325,2.88,10430.5,9.37,30.24
POLYMED,EQ,1508,6.63,15285.01,2.05,30.19
CGCL,EQ,185.4,1.1,17838.33,16.17,30.05
POWERMECH,EQ,2495,3.59,7888.26,1.21,30.04
ZENSARTECH,EQ,548.7,2.37,12482.62,5.46,29.88
VIJAYA,EQ,1110.45,4.21,11407.09,2.71,29.71
JAINREC,EQ,420,2.29,14493.6,7.07,29.59
LIQUIDBETF,EQ,1079.05,0.01,619.24,2.74,29.59
UTLSOLAR,EQ,303.87,0.54,9310.91,9.69,29.44
BALUFORGE,EQ,484.8,5.37,5574.81,6.11,29.4
CREDITACC,EQ,1246,0.77,19960.43,2.36,29.35
HAPPSTMNDS,EQ,375.05,3.85,5711.07,7.8,29.17
GABRIEL,EQ,1013,4.11,14551.13,2.9,28.98
ZYDUSWELL,EQ,494,0.64,15717.14,5.85,28.5
PINELABS,EQ,201,2.63,23080.36,14.34,28.39
ADFFOODS,EQ,267.15,2.69,2935.01,10.45,28.27
GOLD1,EQ,125.38,0.23,12020.01,22.51,28.27
LIQUIDPLUS,EQ,1082.73,0.01,659.04,2.61,28.23
BALRAMCHIN,EQ,520.5,0.85,10511.52,5.36,28.21
SYNGENE,EQ,439,4.23,17689.04,6.48,28.21
GREAVESCOT,EQ,163.8,5.81,3815,17.16,27.97
JUNIORBEES,EQ,763.95,1.28,7929.59,3.64,27.76
BLS,EQ,282.28,2.45,11622.62,9.87,27.66
JSFB,EQ,478.35,4.14,5038.2,5.86,27.6
TEXRAIL,EQ,107.08,4.69,4356.71,25.58,27.21
BHARATCOAL,EQ,33.95,0.68,15810.52,79.75,27.13
SCHNEIDER,BE,1189,0.75,28429.47,2.28,27.04
CONFIPET,EQ,57.8,5.42,1920.35,47.09,26.88
GCSL,EQ,340.25,0.28,770.3,7.84,26.86
KIOCL,EQ,414,3.59,25160.9,6.35,26.52
DEEPAKFERT,EQ,1239,1.4,15640.87,2.13,26.51
AEGISLOG,EQ,721.75,1.01,25333.42,3.62,26.24
VADILALIND,EQ,4698.9,6.01,3377.49,0.55,25.96
NITINSPIN,EQ,444.95,7.88,2501.51,5.83,25.87
NAVA,EQ,665.4,1.38,18830.9,3.81,25.45
BALKRISIND,EQ,2226.6,0.05,43044.01,1.14,25.34
MEDANTA,EQ,1169.95,5.83,31447.13,2.2,25.26
RHETAN,EQ,29.17,1.18,2324.48,86.55,25.23
EIEL,EQ,209.75,1.52,3681.74,12.02,25.18
SHILCTECH,EQ,5330,6.25,6097.63,0.48,25.11
RAIN,EQ,130.61,1.88,4393.01,19.01,25.05
BHAGYANGR,EQ,246.6,12.43,789,10.53,24.84
AETHER,EQ,1158,3.97,15364.32,2.17,24.83
SETFNIFBK,EQ,577,0.52,3763.76,4.3,24.73
GSPL,EQ,281.65,1.76,15891.01,8.84,24.64
VIKRAMSOLR,EQ,226,1.44,8188.66,10.66,24.06
UBL,EQ,1488,0.74,39343.49,1.61,23.97
MANINDS,EQ,558,1.3,4185.53,4.24,23.85
KIMS,EQ,673,3.35,26929.35,3.55,23.84
PSUBNKBEES,EQ,98.49,0.38,4105.81,24.18,23.78
HIRECT,EQ,930.5,2.26,3197.91,2.47,23.69
AURIONPRO,EQ,876,5.36,4840.92,2.69,23.51
KRBL,EQ,375.65,4.38,8598.25,6.27,23.45
STYRENIX,EQ,2349,0.75,4130.86,0.98,23.44
RELIGARE,EQ,222.63,0.98,7411.14,10.41,23.38
MOIL,EQ,325,1.85,6613.27,7.18,23.38
INFOBEAN,EQ,183.99,9.29,1795.85,12.88,23.33
ZAGGLE,EQ,261.4,2.01,3514.74,8.89,23.14
DREDGECORP,EQ,968.1,2.89,2710.68,2.36,23.03
PHARMABEES,EQ,23.8,2.54,1328,97.02,23.01
OSWALPUMPS,EQ,416,4.07,4741.46,5.57,22.86
ABFRL,EQ,64,3.58,7811.26,35.79,22.83
PARKHOSPS,EQ,236.8,1.76,10228.12,9.55,22.69
MID150BEES,EQ,229.52,1.66,3323.23,9.89,22.64
FEDFINA,EQ,158,5.81,5913.18,14.55,22.59
TNPL,EQ,147.79,4.95,1022.86,14.94,22.54
ROSSTECH,EQ,993,8.9,3743.26,2.25,22.18
INOXINDIA,EQ,1510,0.09,13705.29,1.45,22.08
JYOTHYLAB,EQ,269,3.86,9878.07,8.22,21.99
ITI,EQ,299.8,0.54,28807.39,7.32,21.99
LUMAXTECH,EQ,1760,1.91,11995.76,1.26,21.94
HPL,EQ,377.15,6.98,2425.09,5.89,21.94
POCL,EQ,1231,1.98,3755.94,1.78,21.85
KERNEX,EQ,1332,2.74,2238.08,1.64,21.82
APOLLOTYRE,EQ,428,0.98,27182.32,5.02,21.46
BAJAJHLDNG,EQ,10360,0.98,115300.08,0.21,21.39
CASTROLIND,EQ,184.44,0.9,18242.31,11.6,21.31
GOCOLORS,EQ,308,9.92,1619.96,7.1,21.24
63MOONS,EQ,726,6.34,3345.3,2.95,21.23
NELCO,EQ,712.25,6.82,1625.24,3.03,21.23
SJS,EQ,1640,1.45,5247.47,1.3,21.09
LLOYDSENT,EQ,69.6,3.07,10399.57,30.56,21.05
ASHOKA,EQ,136.8,2.82,3840.29,15.3,20.97
GESHIP,EQ,1427.7,1.66,20382.87,1.47,20.86
RUBICON,EQ,961,2.38,15865.35,2.17,20.78
SILVER,EQ,240.89,1.38,3117.82,8.59,20.74
BORORENEW,EQ,516.95,1.11,7247.06,4.04,20.69
SWANCORP,EQ,337.3,2.62,10572.9,6.14,20.69
MODEFENCE,EQ,97.7,0.71,1393.69,21.08,20.59
IRB,EQ,21.83,0.92,26366.27,93.56,20.51
VMART,EQ,632.2,2.41,5023.35,3.23,20.43
UCOBANK,EQ,26.51,0.15,33242.37,76.74,20.35
SMLMAH,EQ,3910.4,0.58,5658.99,0.52,20.28
LTFOODS,EQ,429,2.13,14897.15,4.71,20.2
CASHIETF,EQ,1059.51,0.01,790.35,1.89,19.98
SBISILVER,EQ,236.57,1.45,6035.4,8.42,19.96
JKCEMENT,EQ,5605,0.37,43308.85,0.35,19.88
GLAND,EQ,1775.3,3.61,29249.21,1.13,19.87
AVALON,EQ,1078,3.59,7197.39,1.82,19.83
SAMBHV,EQ,122.93,4.05,3622.4,15.88,19.58
HARIOMPIPE,EQ,325.25,5.7,1007.21,5.91,19.44
SAPPHIRE,EQ,174.25,4.14,5600.1,11.12,19.42
IGL,EQ,164.88,0.16,23083.23,11.75,19.41
CSBBANK,EQ,397.5,3.88,6896.06,4.9,19.34
AADHARHFC,EQ,495,1.41,21567.33,3.94,19.27
PSUBANK,EQ,888,1.28,2462.64,2.15,18.99
FACT,EQ,914,2.74,59142.38,2.08,18.85
TRIDENT,EQ,26.18,2.87,13341.21,72.07,18.85
ECLERX,EQ,1480,0.82,13919.51,1.26,18.74
ARIS,EQ,123.8,1.46,1012.2,15.07,18.73
GUJTHEM,EQ,361.9,0.54,3943.45,5.18,18.67
RENUKA,EQ,28.05,0.79,5970.41,66.41,18.66
ESCORTS,EQ,3269,1.17,36572.84,0.57,18.65
JYOTISTRUC,EQ,12.95,3.77,1545.79,143.33,18.58
VIKRAN,EQ,73.28,4.51,1889.97,25.19,18.51
AWFIS,EQ,353.35,1.15,2527.88,5.28,18.47
CHOLAHLDNG,EQ,1587,1.14,29800.28,1.16,18.34
JNKINDIA,EQ,379.93,8.29,2125.86,4.83,18.13
LXCHEM,EQ,148.85,6.2,4126.29,12.28,18.1
NIBE,EQ,1120,7.51,1624.14,1.63,18.05
STALLION,EQ,161.05,2.05,1869.56,11.09,17.9
AJANTPHARM,EQ,2814.6,1.78,35164.38,0.64,17.89
SILVERADD,EQ,232.27,1.17,1750.82,7.68,17.88
AUTOBEES,EQ,268.55,1.72,421.69,6.67,17.87
ELECTHERM,EQ,866.8,20,1104.55,2.13,17.8
VINCOFE,EQ,132.26,2.24,1926.87,13.35,17.62
SOBHA,EQ,1426,0.64,15248.62,1.24,17.62
CARYSIL,EQ,911,1.32,2591.12,1.91,17.6
DBREALTY,EQ,107.05,3.21,5806.46,16.51,17.55
JISLJALEQS,EQ,33.1,5.55,2365.36,53.48,17.54
CEMPRO,EQ,661,1.91,11355.16,2.64,17.52
VENUSPIPES,EQ,1432,6.92,2966.55,1.23,17.51
YATHARTH,EQ,750.5,4.48,7231.39,2.35,17.46
EPL,EQ,228.55,1.2,7320.57,7.49,17.27
SHREEPUSHK,EQ,395.95,1.06,1280.41,4.33,17.13
MAHLOG,EQ,410.25,1.01,4070.6,4.1,17.13
TI,EQ,461.2,1.22,11399.52,3.68,17.01
PRICOLLTD,EQ,599,0.73,7300.7,2.83,16.98
AFCONS,EQ,317.05,0.79,11660.61,5.33,16.92
INDRAMEDCO,EQ,414.15,1.89,3796.64,4.1,16.87
CRAFTSMAN,EQ,7613,0.57,18161.26,0.22,16.75
CLEANMAX,EQ,1072.9,1.49,12561.42,1.57,16.72
NIACL,EQ,165.43,0.9,27262.86,10.06,16.59
JSWCEMENT,EQ,125.5,1.59,17110.23,13.24,16.58
WELSPUNLIV,EQ,132.6,1.87,12718.36,12.42,16.56
IXIGO,EQ,169.51,1.69,7427.65,9.75,16.44
GMRP&UI,EQ,109.2,3.02,8528.71,14.97,16.38
SILVERCASE,EQ,24.48,1.2,1235.19,66.48,16.35
SHADOWFAX,EQ,154.25,2.45,8981.54,10.39,16.21
PICCADIL,EQ,659,5,6495.72,2.5,16.18
INTERARCH,EQ,2115,4.34,3547.25,0.78,16.18
3MINDIA,EQ,33450,2.5,37681.66,0.05,16.15
METALIETF,EQ,13.06,2.11,1092.42,124.09,16.14
MOREALTY,EQ,79.97,3.07,292.61,20.26,16.12
PARAGMILK,EQ,230.6,2.4,2885.03,6.87,15.86
REFEX,EQ,257.99,4.15,3539.61,6.17,15.86
SUNLITE,SM,560,15.16,773.13,2.84,15.79
EASEMYTRIP,EQ,7.92,3.94,2880.39,201.77,15.76
MMTC,EQ,66.64,1.9,9996,23.63,15.74
SHRINGARMS,EQ,203.5,0.68,1962.39,7.69,15.69
MARKSANS,EQ,190.36,0.08,8626.43,8.15,15.68
KWIL,EQ,27.5,1.14,6461.38,56.87,15.65
BHARATWIRE,EQ,229,2.27,1570.59,6.8,15.44
CENTRALBK,EQ,36.54,1.47,33073.82,42.31,15.43
BSOFT,EQ,371.7,0.83,10389.25,4.13,15.43
SAATVIKGL,EQ,486.75,7.45,6186.84,3.23,15.42
DYCL,EQ,381.2,4.26,1847.24,4.07,15.4
BAJAJHIND,EQ,19.42,2,4642.67,78.99,15.36
GROWWPOWER,EQ,12.53,2.87,248.44,122.17,15.16
AMIRCHAND,EQ,136.8,2.34,1416.59,10.96,15.12
LINDEINDIA,EQ,7233,0.23,61686.08,0.21,15.11
EIDPARRY,EQ,852.1,0.83,15156.53,1.76,15.02
SEIL,EQ,195,8.12,3139.5,7.82,14.96
GOLDCASE,EQ,23.64,0.3,2239.95,62.49,14.81
VGUARD,EQ,334,1.57,14589.25,4.42,14.81
NUVOCO,EQ,295.5,0.8,10553.96,5.02,14.8
STLNETWORK,EQ,30.13,2.69,1470.44,48.68,14.77
VESUVIUS,EQ,529,5.81,10736.63,2.83,14.71
RSL,EQ,133.9,1.26,1118.97,11.01,14.71
CAPLIPOINT,EQ,1759,2.3,13370.46,0.84,14.7
ORIANA,SM,2200.25,5.63,4470.72,0.68,14.67
BLSE,EQ,193.2,9.1,1755.35,7.68,14.61
GAUDIUMIVF,EQ,128.25,3.1,933.49,11.51,14.56
PTCIL,EQ,16142,0.11,24200.97,0.09,14.54
AARTIPHARM,EQ,714,3.04,6472.96,2.05,14.53
RBA,EQ,64.07,1.01,3734.49,22.59,14.46
TVSELECT,EQ,471.9,8.25,880.11,3.08,14.41
MGL,EQ,1143,1.14,11290.3,1.25,14.3
ARFIN,EQ,95.46,0.32,1610.62,15.07,14.29
SETFNIF50,EQ,257.98,0.65,208889.08,5.51,14.21
RATEGAIN,EQ,591,0.19,6983.58,2.36,14.05
ELGIEQUIP,EQ,549.5,0.4,17414.15,2.53,14.02
MAPMYINDIA,EQ,950.6,3.12,5205.59,1.46,13.79
ANUP,EQ,2202,4.42,4410.93,0.62,13.7
ANDHRSUGAR,EQ,99.85,5.57,1353.32,13.67,13.59
ENDURANCE,EQ,2365.4,2.02,33272.39,0.58,13.57
SUVEN,EQ,212,4.92,5590.88,6.43,13.55
SHARDACROP,EQ,1122,1.11,10122.74,1.2,13.54
PRAKASH,EQ,144.81,5.55,2593.28,9.2,13.43
ADVAIT,EQ,2110,4.99,2307.66,0.64,13.43
SUDARSCHEM,EQ,882.2,1.45,6935.14,1.51,13.4
HERITGFOOD,EQ,363,2.18,3368.49,3.7,13.39
LOTUSDEV,EQ,147.9,2.13,7228.22,9.07,13.38
JAMNAAUTO,EQ,124.58,1.29,4980.54,10.61,13.25
CCAVENUE,EQ,14.07,0.64,4907.94,93.56,13.25
MOREPENLAB,EQ,43.34,3.88,2374.83,30.55,13.18
MON100,EQ,295.1,0.67,14877.02,4.43,13.09
JAICORPLTD,EQ,119.27,4.86,2093.25,10.99,13.04
KPEL,EQ,363.5,3.05,2457.11,3.58,13.01
SGMART,EQ,550,1.24,6930,2.33,12.95
FILATEX,EQ,45.6,10.12,2024.91,28.87,12.9
APLLTD,EQ,762,1.46,14978.11,1.67,12.89
IBULLSLTD,EQ,17.3,4.53,4021.18,74.21,12.84
INDOTHAI,EQ,297.05,0.07,3820.6,4.29,12.81
LATENTVIEW,EQ,296.9,2.68,6143.6,4.33,12.77
TATVA,EQ,1338,5.36,3129.86,0.96,12.76
THYROCARE,EQ,415,5.04,6605.36,3.1,12.75
SUNTECK,EQ,354,0.96,5198.21,3.58,12.73
PRINCEPIPE,EQ,274.5,4.64,3034.9,4.6,12.58
EQUITASBNK,EQ,67.5,3.5,7703.67,18.79,12.56
NORTHARC,EQ,260.35,1.35,4206.52,4.84,12.53
ARSSBL,EQ,584,1,3663.15,2.15,12.52
JKPAPER,EQ,374.5,0.75,6344.12,3.29,12.51
GICRE,EQ,399,0.28,70000.56,3.08,12.33
PARACABLES,EQ,40.36,9.82,1231.83,30.76,12.3
CMSINFO,EQ,304.5,0.78,5013.21,4.01,12.24
THOMASCOOK,EQ,99,1.93,4656.77,12.4,12.24
STARHEALTH,EQ,515.2,0.5,30314.55,2.37,12.22
CHAMBLFERT,EQ,445.5,1.07,17848.98,2.74,12.21
INDIAMART,EQ,2126.2,0.91,12775.73,0.57,12.16
POLYPLEX,EQ,914.5,2.79,2870.84,1.34,12.15
SONATSOFTW,EQ,259,0.79,7263,4.67,12.13
VIYASH,EQ,210,1.38,9174.22,5.73,11.94
GAEL,EQ,153,1.08,7017.66,7.87,11.93
GLOBUSSPR,EQ,1085.1,3.94,3154.17,1.1,11.87
PGINVIT,IV,93.1,0.11,8472.09,12.67,11.81
RTNINDIA,EQ,36.2,5.69,5003.82,33.08,11.79
PATELENG,EQ,27.98,1.01,2776.01,41.76,11.7
V2RETAIL,EQ,206,1.45,7511.53,5.64,11.66
ACE,EQ,916.55,1.03,10914.57,1.26,11.52
RCF,EQ,130.9,2.19,7221.6,8.79,11.46
GVPIL,BE,557.6,5,3748.6,2.1,11.46
ORIENTELEC,EQ,193.67,4.79,4132.26,5.9,11.42
GPPL,EQ,158.45,2.52,7660.11,7.25,11.41
NIFTYIETF,EQ,271.5,0.7,40576.15,4.2,11.38
FCL,EQ,22.95,0.17,2672.53,49.08,11.34
SGFIN,EQ,548.5,2.73,3065.84,2.07,11.33
IOB,EQ,35.34,0.94,68052.79,32.07,11.32
SBILIQETF,EQ,1036.39,0.01,-61.55,1.09,11.26
TFCILTD,EQ,73.13,0.79,3385.75,15.13,11.21
MAHLIFE,EQ,326.7,2.77,6969.91,3.44,11.19
EBGNG,EQ,386,0.46,4400.84,2.87,11.1
TALBROAUTO,EQ,296.4,6.7,1829.62,3.78,11.06
PROTEAN,EQ,543,3.43,2205.49,2.05,11.06
MARINE,EQ,233,3.69,3260.7,4.77,11.03
RAYMONDLSL,EQ,812.85,4.25,4952.18,1.35,10.93
SANDHAR,EQ,507,7.59,3051.67,2.17,10.88
HUBTOWN,EQ,208.1,1.79,2957.11,5.25,10.87
MANORAMA,EQ,1440,2.05,8598.03,0.75,10.78
GILLETTE,EQ,8180,1.04,26654.71,0.13,10.68
EKC,EQ,120.84,7.14,1355.92,8.86,10.65
INA,EQ,146.96,1.7,3238.92,7.07,10.52
TIMEX,EQ,341.4,1.02,3446.43,3.02,10.47
KITEX,EQ,166.75,1.91,3326.66,6.33,10.46
ITDC,EQ,600,2.57,5146.16,1.74,10.4
EMIL,EQ,110.7,7.15,4259.17,9.54,10.36
WEWORK,EQ,566.95,5.97,7675.26,1.86,10.3
VINATIORGA,EQ,1294,1.05,13414.33,0.8,10.3
YATRA,EQ,115.4,2.59,1810.81,8.98,10.29
INGERRAND,EQ,4231,0.36,13356.42,0.24,10.21
SILVER1,EQ,23.35,0.86,1655.04,43.5,10.2
IFBIND,EQ,1185.7,3.23,4804.31,0.85,10.13
RITES,EQ,222,2.41,10669.4,4.55,10.1
NSLNISP,EQ,41.58,1.51,12185.46,23.91,9.98
UNIVCABLES,EQ,856,4.46,2969.92,1.15,9.98
ALPHA,EQ,48.9,0.53,793.78,20.34,9.97
SPMLINFRA,EQ,218.7,2.55,1689.92,4.55,9.94
GOLDETF,EQ,145.93,0.21,3206.7,6.77,9.9
HEXT,EQ,453,1.85,27679.02,2.2,9.9
VENKEYS,EQ,1599,5.25,2252.57,0.63,9.89
TBOTEK,EQ,1271,2.22,13801.51,0.78,9.85
NETWORK18,EQ,35.3,3.22,5443.26,27.87,9.83
KIRIINDUS,EQ,414,3.85,2484.93,2.4,9.83
PNGJL,EQ,674.95,1.34,9159.63,1.46,9.83
GOLDIAM,EQ,387.4,1.64,4374.44,2.52,9.77
JSWHL,EQ,13040,1.05,14473.91,0.07,9.74
IGARASHI,EQ,390.95,1.35,1230.52,2.48,9.68
SAFARI,EQ,1480,0.68,7251.1,0.65,9.65
PRECAM,EQ,159.1,1.6,1511.22,6.01,9.62
CRAMC,EQ,280,2.43,5583.69,3.44,9.6
GREENPOWER,EQ,11.26,6.53,1320.83,86.72,9.57
IGIL,EQ,356,2.42,15384.89,2.69,9.51
IONEXCHANG,EQ,409,2.93,5998.66,2.32,9.47
ARVINDFASN,EQ,453,0.72,6053.45,2.08,9.42
PSUBANKADD,EQ,89,0.75,198.58,10.52,9.36
KRISHNADEF,EQ,1095,4.78,1635.21,0.86,9.32
JUNIPER,EQ,209.6,0.64,4663.65,4.42,9.3
HINDOILEXP,EQ,153.43,2.65,2029.01,6.15,9.28
ISGEC,EQ,1099.9,4.25,8087.51,0.85,9.27
JUBLPHARMA,EQ,954.05,0.91,15196.22,0.97,9.27
RIIL,EQ,794.5,3.07,1199.69,1.17,9.26
RPEL,EQ,681.35,0.29,3128.21,1.33,9.26
GKENERGY,EQ,131.99,4.41,2676.99,7.1,9.26
ASIANENE,EQ,312.07,1.27,1402.7,2.96,9.22
DBL,EQ,466.9,2.6,7584.55,1.97,9.22
MBAPL,EQ,523,3.19,4582.89,1.79,9.18
PNCINFRA,EQ,217.94,0.31,5591.01,4.17,9.1
SATIN,EQ,170.94,2.13,1888.39,5.21,9.08
ANTELOPUS,EQ,650.45,5,2287.14,1.41,9.07
HGINFRA,EQ,612,1.48,3988.47,1.48,9.03
UNIMECH,EQ,1025.65,3.09,5216.14,0.89,9.02
GENESYS,EQ,273.4,4.45,1142.55,3.31,9.01
LAXMIDENTL,EQ,192.01,1.47,1055.33,4.64,8.95
EMAMIREAL,EQ,108,18.79,473.41,8.73,8.94
SWARAJENG,EQ,3987.6,3.23,4844.88,0.22,8.84
IOLCP,EQ,92.36,3.65,2711.02,9.58,8.81
CARRARO,EQ,560.5,3.08,3186.53,1.59,8.8
BIRLACORPN,EQ,940.1,3.55,7239.27,0.94,8.79
GANESHBE,EQ,103.39,4.89,744.3,8.55,8.74
GOODLUCK,EQ,1237,4.01,4111.6,0.71,8.72
ICRA,EQ,5472,1.29,5281.15,0.16,8.71
GKSL,EQ,114.5,1.83,902.76,7.41,8.66
KPIL,EQ,1258.9,1.46,21498.56,0.69,8.65
AARTIDRUGS,EQ,381.7,4.09,3483.78,2.26,8.61
RAINBOW,EQ,1258,1.26,12776.14,0.68,8.54
AVL,EQ,520,4.88,6715.18,1.67,8.5
NEOGEN,EQ,1654.3,1.21,4364.32,0.51,8.4
AEGISVOPAK,EQ,198.6,5.56,22004.71,4.24,8.31
BECTORFOOD,EQ,199,2.29,6109.11,4.18,8.31
ACI,EQ,604.95,0.27,7468.62,1.38,8.3
AKUMS,EQ,530.8,3.21,8354.47,1.58,8.29
PGHL,EQ,5190,1,8615.08,0.16,8.24
AMAGI,EQ,378.85,0.41,8196,2.17,8.2
HONAUT,EQ,31850,1.55,28160.25,0.03,8.16
HITECH,EQ,90.73,2.69,1842.8,8.93,8.13
AGI,EQ,564.95,1.57,3655.08,1.43,8.1
WSTCSTPAPR,EQ,489.1,1.25,3230.45,1.63,8.08
JUSTDIAL,EQ,537.45,1.91,4570.73,1.5,8.03
SUNFLAG,EQ,296.11,3.14,5336.48,2.7,8.03
BUILDPRO,EQ,1135.9,3.33,2754.48,0.7,7.99
EPIGRAL,EQ,1231,2.34,5310.7,0.65,7.95
GRINFRA,EQ,886.7,2.34,8579.76,0.9,7.94
TEMBO,EQ,607,0.26,938.86,1.31,7.93
BANCOINDIA,EQ,622.95,2.66,8910.51,1.26,7.82
VSTIND,EQ,259.85,1.42,4413.84,3.01,7.82
INDIASHLTR,EQ,821,1.4,8930.73,0.96,7.81
GSFC,EQ,175,1.61,6973.36,4.48,7.8
RALLIS,EQ,261.74,2.05,5090.03,3,7.8
ALKYLAMINE,EQ,1536,4.09,7855.73,0.51,7.77
PRUDENT,EQ,2870,2.32,11883.72,0.27,7.76
INDGN,EQ,495.5,0.76,11936.66,1.56,7.75
TIMKEN,EQ,3565.4,1.36,26818.49,0.22,7.72
ADOR,EQ,1015.7,3.55,1767.6,0.74,7.71
RPSGVENT,EQ,855,1.74,2828.89,0.91,7.71
SAMHI,EQ,164.3,1.21,3649.67,4.71,7.69
ARVIND,EQ,389,1.7,10196.26,1.97,7.66
NAVKARCORP,EQ,101.9,2.45,1533.79,7.57,7.66
SOUTHWEST,EQ,236.85,6.74,706.52,3.29,7.63
WHEELS,EQ,1053,0.48,2572.8,0.73,7.63
ADVANCE,EQ,114.56,2.58,736.46,6.56,7.63
SFL,EQ,526,0.53,5743.86,1.43,7.59
ASAHIINDIA,EQ,850,1.91,21668.81,0.89,7.56
HARDWYN,EQ,26.2,2.02,1279.7,28.69,7.56
ARVSMART,EQ,630,4.79,2889.62,1.21,7.54
UNIECOM,EQ,109,6.24,1224.93,7.01,7.52
BRIGADE,EQ,788,1.61,19273.96,0.95,7.5
SAIPARENT,EQ,485.1,0.07,2143.13,1.52,7.47
OBSCP,SM,403.05,8.62,985.55,1.88,7.44
UGROCAP,EQ,107.3,0.37,1660,6.84,7.44
SMALLCAP,EQ,44.09,1.73,953.13,16.9,7.43
VIMTALABS,EQ,462.95,1.16,2067.97,1.59,7.38
DOMS,EQ,2331.7,0.69,14150.7,0.32,7.35
MASTEK,EQ,1731,1.82,5365.64,0.42,7.31
SENCO,EQ,322.5,1.38,5282.77,2.26,7.31
PGHH,EQ,10349,0.48,33593.62,0.07,7.3
ICIL,EQ,268.99,2.16,5327.46,2.71,7.29
HIMATSEIDE,EQ,90.47,2.7,1137.59,8.08,7.28
ARTEMISMED,EQ,243.75,4.12,3857.92,2.99,7.28
MUKANDLTD,EQ,140.81,1.52,2034.64,5.06,7.23
REDTAPE,EQ,130.65,2.72,7222.43,5.52,7.18
MONARCH,EQ,303,2.75,2401.83,2.37,7.17
ASTEC,EQ,748.8,3.88,1668.49,0.96,7.17
NFL,EQ,76.95,1.57,3775,9.29,7.13
PENIND,EQ,173.9,3.94,2346.71,4.13,7.13
FUSION,EQ,178.7,1.05,2889.29,3.93,7.11
UTKARSHBNK,EQ,14.24,3.49,2534.04,50.18,7.1
E2ERAIL,SM,262,3.87,452.15,2.66,7.08
SILVERBETA,EQ,232.76,1.14,1406.64,3.03,7.08
GODREJIND,EQ,997,0.65,33579.44,0.71,7.05
RPTECH,EQ,475.35,3.19,3132.54,1.47,7.01
ARMANFIN,EQ,1535.2,3.09,1613.94,0.45,7
DAMCAPITAL,EQ,163.34,3.81,1154.59,4.32,6.99
AIIL,EQ,489,0.42,41527.13,1.43,6.98
DCW,EQ,45.9,5.49,1354.76,15.42,6.96
INDIAGLYCO,EQ,971,0.8,6508.3,0.71,6.94
CENTUM,EQ,2876,2.57,4239.51,0.24,6.91
PARKHOTELS,EQ,123.46,3.71,2634.32,5.51,6.86
JKIL,EQ,516,0.15,3904.34,1.33,6.86
CANTABIL,EQ,245.1,1.1,2049.97,2.79,6.85
QUESS,EQ,198.95,4.63,2970.95,3.47,6.84
JINDRILL,EQ,542.7,0.93,1572.8,1.26,6.84
MSTCLTD,EQ,447.45,3.24,3150.05,1.53,6.83
ALLTIME,EQ,241.71,5.95,1583.39,2.83,6.83
SINDHUTRAD,EQ,23.97,1.35,3696,28.16,6.75
HAPPYFORGE,EQ,1335.5,1.04,12600.5,0.51,6.73
GANESHHOU,EQ,668,3.6,5570.26,1.02,6.67
AONELIQUID,EQ,1056.89,0.01,229.89,0.63,6.66
EMSLIMITED,EQ,357.65,0.95,1986.06,1.85,6.63
MAHSEAMLES,EQ,650,1.19,8709.95,1.02,6.6
FINOPB,EQ,137.4,4.92,1143.42,4.87,6.6
NEXT50IETF,EQ,74.65,1.25,2464.32,8.82,6.56
VIPIND,EQ,300.05,0.25,4262.27,2.15,6.5
TEGA,EQ,1704.9,1.48,12808.52,0.38,6.44
GNFC,EQ,474.65,1.32,6974.54,1.35,6.44
SEPC,EQ,7.69,1.05,1453.45,83.72,6.41
EXCELSOFT,EQ,93.29,3.06,1073.62,6.92,6.41
RAJOOENG,EQ,71.1,0.04,1270.38,8.97,6.39
CEINSYS,EQ,1135,4.65,2024.97,0.57,6.33
VARROC,EQ,521,1.71,7960.17,1.22,6.32
AXISGOLD,EQ,125.24,0.43,5335.31,5.03,6.31
PFIZER,EQ,4795,1.31,21936.04,0.13,6.28
DANISH,SM,900,7.39,1772.24,0.7,6.26
HEMIPROP,EQ,129.19,2.95,3681.91,4.87,6.25
SOLARWORLD,EQ,199.1,2.03,1725.65,3.09,6.2
MCLOUD,EQ,26.98,3.81,1589.3,23.25,6.19
HESTERBIO,EQ,1661.2,11.34,1413.16,0.38,6.19
AWHCL,EQ,516.25,2.28,1465.23,1.2,6.18
BIKAJI,EQ,680,3.14,17050.08,0.91,6.17
DHANBANK,EQ,28.09,5.76,1108.71,22,6.14
IZMO,BE,739.8,5,1106.93,0.84,6.1
BOMDYEING,EQ,116,4.08,2395.8,5.3,6.09
ESILVER,EQ,240.15,0.75,1600.29,2.52,6.08
SANATHAN,EQ,461,6.36,3891.03,1.33,6.07
RAJRATAN,EQ,435,3.81,2208.54,1.39,6.05
GMMPFAUDLR,EQ,915.5,0.76,4115.83,0.66,6.05
MIDCAPETF,EQ,22.66,1.43,1697.95,26.71,6.04
SMSPHARMA,EQ,399,0.58,3736.72,1.51,6.04
CELLO,EQ,427.9,0.11,9451.67,1.4,6.01
SDBL,EQ,91.65,2.32,1808.04,6.6,6
RICOAUTO,EQ,116.2,2.18,1572.01,5.15,5.97
SURYAROSNI,EQ,239.4,1.62,5210.2,2.48,5.94
ICICIB22,EQ,125.94,0.77,10918.83,4.71,5.93
UFBL,EQ,306,2.03,1196.04,1.91,5.88
THELEELA,EQ,429.3,0.06,14336.81,1.37,5.87
SHAREINDIA,EQ,146.01,0.82,3175.6,4,5.87
GARUDA,EQ,172.65,0.97,1606.37,3.39,5.86
ALOKINDS,EQ,13.93,3.03,6916.58,41.83,5.8
HOMEFIRST,EQ,1175,3.43,12258.54,0.51,5.8
VPRPL,EQ,43.15,11.24,537.84,13.97,5.78
EXICOM,EQ,118.15,0.94,1643.23,4.85,5.76
SHALBY,EQ,166.2,6.81,1795.12,3.43,5.71
GULFOILLUB,EQ,993.85,2.51,4909.63,0.58,5.71
GSPCROP,EQ,419.1,1.54,1949.6,1.34,5.7
WEL,EQ,106.46,3.78,1426.65,5.38,5.69
NESCO,EQ,1211,3.63,8532.7,0.47,5.65
754GS2036,GS,107.15,0.17,159653.5,5.24,5.62
EFCIL,EQ,204.02,0.18,2800.86,2.71,5.59
REPCOHOME,EQ,414.1,1.16,2590.67,1.34,5.58
SCODATUBES,EQ,150.69,1.01,902.77,3.69,5.56
NXST,RR,157.13,1.68,23805.19,3.52,5.54
PRAVEG,EQ,294,6.56,768.54,1.88,5.52
ASHIKA,EQ,398.6,0.86,1782.74,1.38,5.5
NIMBSPROJ,EQ,194.7,0.8,376.14,2.83,5.49
PSB,EQ,25.59,3.02,18157.6,21.57,5.48
GOLDBETA,EQ,126.3,0.16,4211.75,4.3,5.44
BSLGOLDETF,EQ,131.9,0.22,2859.9,4.1,5.42
MICEL,EQ,41.06,0.61,989.59,13.11,5.34
SUBAHOTELS,SM,143.5,17.38,347.88,3.96,5.34
INDIGOPNTS,EQ,870,1.16,4147.78,0.61,5.33
QUADFUTURE,EQ,318,2.5,1272,1.68,5.33
SANGAMIND,EQ,536,4.44,2693.22,1,5.33
SAHASRA,SM,305,14.1,762.28,1.78,5.3
CAPACITE,EQ,255.11,2.04,2158.33,2.07,5.26
JKLAKSHMI,EQ,657,2.64,8156.29,0.8,5.25
HUHTAMAKI,EQ,179.74,1.41,1357.43,2.91,5.24
MARKOLINES,EQ,153.3,0.57,337.89,3.4,5.23
ENERGY,EQ,40.7,1.52,310.99,12.9,5.23
METROPOLIS,EQ,478.25,2.39,9915.45,1.1,5.23
MODIS,EQ,385,6.66,754.26,1.36,5.22
JSWDULUX,EQ,3000,1.77,13662.09,0.17,5.21
BHAGCHEM,EQ,271.05,4.54,3514.68,1.92,5.18
BANKIETF,EQ,57.66,0.51,2949.83,8.98,5.15
GTLINFRA,EQ,1.24,3.33,1576.86,414.7,5.1
KENNAMET,EQ,2659,7.16,5844.01,0.19,5.08
FINPIPE,EQ,175.5,1.91,10889.37,2.86,5.01
RSYSTEMS,EQ,273.8,2.5,3244.04,1.85,5.01
EUROPRATIK,EQ,270,1.18,2759.4,1.87,5
SMALL250,EQ,16.75,1.21,67.57,29.96,4.99
NIITLTD,EQ,72.1,5.44,983.33,7.01,4.99
SEAMECLTD,EQ,1558.1,2.18,3961.47,0.31,4.93
BBTC,EQ,1510,1.16,10535.56,0.32,4.91
METAL,EQ,13.08,1.95,506.14,37.43,4.88
DATAMATICS,EQ,720.95,1.92,4261.28,0.67,4.87
MBEL,EQ,333.33,5,1904.92,1.46,4.87
LOWVOLIETF,EQ,21.72,1.54,3565.63,22.48,4.87
DECNGOLD,EQ,123.95,4.07,2452.99,3.96,4.86
JASH,EQ,426,1.09,2692.05,1.12,4.79
KCP,EQ,178,0.96,2294.8,2.65,4.78
HDFCNIFBAN,EQ,57.7,0.19,5465.35,8.26,4.76
SRM,EQ,531,1.24,1218.34,0.9,4.75
RMDRIP,EQ,18.91,5,809.78,26.46,4.73
MMFL,EQ,500.65,0.35,2417.22,0.93,4.73
DLINKINDIA,EQ,464,2.6,1647.43,1.02,4.7
ORISSAMINE,EQ,4060.4,1.91,2436.24,0.12,4.69
GIPCL,EQ,157.7,2.16,2447.76,2.96,4.69
KIRLFER,EQ,441.9,2.49,7287.89,1.05,4.63
ORIENTCEM,EQ,148.7,3.57,3055.19,3.11,4.59
KAMAHOLD,EQ,2500,0.64,8022.64,0.18,4.58
SANGHVIMOV,EQ,304.98,1.01,2640.39,1.49,4.57
RGL,EQ,102.2,0.29,1096.87,4.41,4.57
JLHL,EQ,1262.1,1.19,8275.09,0.36,4.55
MOTISONS,EQ,14.11,2.25,1389.07,32.49,4.54
RACLGEAR,EQ,1285,5.15,1514.77,0.35,4.53
ALPEXSOLAR,SM,1053.35,1.7,2690.57,0.43,4.51
GHCL,EQ,514.3,3.76,4728.17,0.89,4.51
IRBINVIT,IV,61.79,0.11,7919.01,7.3,4.51
GOLDADD,EQ,146.18,0.4,2245.07,3.07,4.48
DCAL,EQ,174.6,3.31,2737.43,2.58,4.48
UNIPARTS,EQ,511,1.67,2306.81,0.86,4.44
SILVERTUC,EQ,146.23,5,1854.34,3.03,4.43
GSMFOILS,SM,214.5,11.02,302.29,2.17,4.43
BAYERCROP,EQ,4685,0.31,23475.24,0.09,4.42
LIQGRWBEES,EQ,1037.05,0.01,144.52,0.43,4.42
WAAREEINDO,BE,465,2.38,1934.57,0.96,4.39
BAJAJELEC,EQ,397,2.16,4581.01,1.1,4.39
SUMICHEM,EQ,442.6,1.82,22092.19,0.99,4.39
EIMCOELECO,EQ,1630,0.52,940.25,0.27,4.36
SIMPLEXINF,EQ,231,7.05,1827.1,1.92,4.34
MWL,EQ,302.05,6.66,897.11,1.48,4.34
BERGEPAINT,EQ,466.75,1.38,54423.18,0.93,4.32
ZODIAC,EQ,352,1.87,532.35,1.2,4.29
GREENPLY,EQ,246.7,3.08,3081.33,1.73,4.28
SPAL,EQ,813.15,4.11,2044.17,0.53,4.26
BANKBETA,EQ,58,0.55,3631.38,7.36,4.25
WONDERLA,EQ,528,0.4,3348.72,0.8,4.25
SULA,EQ,178.4,3.84,1506.54,2.4,4.23
APTECHT,EQ,105.24,0.04,610.42,3.96,4.22
PROSTARM,EQ,158.9,0.63,935.52,2.63,4.17
STARCEMENT,EQ,236.23,1.93,9742.81,1.78,4.16
KOVAI,EQ,5903,4.3,6459.22,0.07,4.13
STANLEY,EQ,144.07,4.25,823.01,2.88,4.12
CENTURYPLY,EQ,785.55,0.46,17452.8,0.52,4.11
GLOTTIS,EQ,63.5,6.35,586.76,6.38,4.06
HDFCNIFTY,EQ,269.52,0.49,4921.29,1.5,4.05
GMBREW,EQ,975,1.46,2227.57,0.42,4.04
ZUARI,EQ,248.99,1.56,1047.2,1.61,4.03
CORONA,EQ,1687,3.28,10317.71,0.24,4.02
DMCC,EQ,282,3.47,703.31,1.41,4
DWARKESH,EQ,44.71,2.22,828.48,8.94,4
TSFINV,EQ,414,4.06,9195.1,0.97,3.99
DBCORP,EQ,223.1,3.52,3976.67,1.79,3.99
FINEORG,EQ,4868,0.34,14925.28,0.08,3.94
ESABINDIA,EQ,6110,3.4,9405.14,0.06,3.94
CIGNITITEC,EQ,1190.6,4.79,3279.74,0.34,3.94
PURVA,EQ,218.2,1.84,5174.61,1.8,3.93
ITIETF,EQ,32.25,2.09,447.34,12.2,3.92
VISHNU,EQ,586.9,0.95,3950.73,0.66,3.89
MOM100,EQ,64.84,1.46,839.87,5.98,3.88
PFS,EQ,31.55,5.24,2026.4,12.46,3.87
JARO,EQ,419.9,1.34,931.18,0.92,3.85
SHANTIGOLD,EQ,206,0.12,1485.18,1.84,3.84
FIEMIND,EQ,2214,1.79,5827.17,0.17,3.83
SHK,EQ,148.69,4.53,2058.18,2.58,3.82
TCI,EQ,970,3.09,7444.15,0.4,3.82
RHIM,EQ,412.9,2.32,8526.44,0.92,3.8
BLUEDART,EQ,5405,1.06,12824.95,0.07,3.8
FMCGIETF,EQ,54.59,0.39,813.14,6.92,3.78
DHAMPURSUG,EQ,144.2,0.98,927.3,2.6,3.78
GOCLCORP,EQ,333,4.54,1650.76,1.14,3.78
HERANBA,EQ,227.66,7.1,910.95,1.67,3.77
SARLAPOLY,EQ,90.97,2.93,759.63,4.22,3.77
HIKAL,EQ,189.76,4.78,2339.76,2.01,3.76
VSTTILLERS,EQ,5219.9,0.77,4516.65,0.07,3.75
COSMOFIRST,EQ,714,2.25,1874.23,0.53,3.73
JINDWORLD,EQ,26.5,7.55,2656.9,14.17,3.72
MAITHANALL,EQ,1003,0.41,2919.89,0.37,3.72
AGARWALTUF,SM,122.55,8.55,216.6,3.17,3.71
ABLBL,EQ,105.26,0.1,12847.21,3.5,3.71
MOSMALL250,EQ,16.82,2.19,220.34,22.09,3.7
SUBROS,EQ,779.15,3.41,5082.84,0.48,3.69
HCG,EQ,579.85,1.84,8657.29,0.64,3.69
ALLCARGO,EQ,9.43,4.78,1412.41,40.07,3.67
SIYSIL,EQ,569.95,0.92,2585.87,0.64,3.66
DDEVPLSTIK,EQ,249,5.4,2576.57,1.48,3.65
SUNDRMFAST,EQ,822.2,2.58,17276.75,0.45,3.61
DHANUKA,EQ,1068.7,0.61,4817.52,0.34,3.61
GODREJAGRO,EQ,607.2,1.62,11678.22,0.59,3.6
MIDCAPIETF,EQ,22.99,1.77,700.01,15.7,3.6
LINCOLN,EQ,624,3.05,1249.86,0.58,3.58
BAJAJHCARE,EQ,330.1,1.95,1042.56,1.08,3.58
STOVEKRAFT,EQ,540,0.15,1787.8,0.66,3.56
MUTHOOTMF,EQ,185.21,0.16,3157.69,1.91,3.54
ASKAUTOLTD,EQ,435.8,1.67,8591.47,0.81,3.52
REMSONSIND,EQ,110.85,9.65,386.63,3.19,3.52
GROWWSLVR,EQ,23.63,1.2,330.57,14.8,3.51
ORIENTTECH,EQ,286.75,3.07,1313.48,1.23,3.5
FISCHER,EQ,38.05,2.48,2467.6,9.28,3.49
UTSSAV,SM,252.5,3.12,609.74,1.39,3.49
ASTRAZEN,EQ,8556,0.66,21390,0.04,3.48
BALMLAWRIE,EQ,182.7,1.21,3124.24,1.9,3.47
HNDFDS,EQ,489,0.49,5842.66,0.71,3.47
MTNL,EQ,31.82,3.95,877.03,10.98,3.46
GROWWGOLD,EQ,14.7,0.48,455.35,23.43,3.45
CSLFINANCE,EQ,232,1.78,528.56,1.5,3.44
AXISILVER,EQ,239.99,1.33,2007.2,1.43,3.43
VAIBHAVGBL,EQ,219.3,1.99,3663.79,1.55,3.42
BAJEL,EQ,182.8,0.68,2114.94,1.86,3.41
DBEIL,EQ,84.9,6.58,395.47,3.96,3.41
TVSHLTD,EQ,14500,1.95,29336.55,0.02,3.4
LGBBROSLTD,EQ,1780,1.85,5676.85,0.19,3.36
LMW,EQ,14500,1.48,15490.35,0.02,3.36
GROWWDEFNC,EQ,88.85,0.25,315.26,3.75,3.34
SHRIRAMPPS,EQ,84.27,2.11,1438.1,3.93,3.31
RNBDENIMS,BE,14.03,4.94,378.7,25.34,3.31
MEDIASSIST,EQ,360.9,5.26,2695.99,0.93,3.31
FABTECH,EQ,163,5.65,724.55,2.07,3.31
SOLEX,EQ,1275,1.74,1377.32,0.26,3.31
REGAAL,EQ,87.3,3.46,896.78,3.83,3.31
GATEWAY,EQ,58.09,1.86,2902.43,5.68,3.29
RAMASTEEL,EQ,5.81,1.75,950.23,56.78,3.28
DSSL,EQ,1069,3.09,1361.59,0.31,3.24
RELTD,EQ,150,4.17,2679.37,2.17,3.24
EVEREADY,EQ,325.75,1.65,2367.79,0.99,3.23
STYLAMIND,EQ,2244.9,0.46,3804.67,0.14,3.23
STERTOOLS,EQ,255.29,4.06,927.84,1.24,3.22
SPIC,EQ,71.06,3.08,1447.07,4.56,3.22
JGCHEM,EQ,411.2,2.79,1611.33,0.78,3.19
KSL,EQ,802,0.48,3500.98,0.4,3.19
MOCAPITAL,EQ,52.55,1.66,209.28,6.1,3.19
KAMDHENU,EQ,22.95,5.08,646.92,13.88,3.18
JAYKAY,EQ,170.99,6.79,2227.78,1.88,3.15
EIHOTEL,EQ,328.7,0.7,20555.72,0.95,3.14
VMARCIND,SM,980,9.55,2393.23,0.32,3.12
VINDHYATEL,EQ,1325,5.36,1570.24,0.24,3.11
RBMINFRA,SM,425.75,2.66,452.7,0.73,3.09
MIDWESTLTD,EQ,1278,0.08,4621.35,0.24,3.08
CLSEL,EQ,282.05,6.33,1402.51,1.1,3.07
VIVIANA,SM,822.25,0.35,832.51,0.37,3.06
ORCHPHARMA,EQ,588.8,3.87,2986.34,0.52,3.04
NGLFINE,EQ,2310,3.31,1427.12,0.13,3.04
VENTIVE,EQ,629,5.17,14689.77,0.5,3.03
JAGSNPHARM,EQ,203.65,2.23,1367.29,1.48,3.03
NEPHROPLUS,EQ,539.4,1.1,5412.38,0.56,3.01
CAMPUS,EQ,250.05,2.56,7641.36,1.2,3
OILIETF,EQ,11.69,1.92,280.51,25.9,3
CELLECOR,SM,36.95,1.23,815.4,8.22,2.99
TIRUMALCHM,EQ,200,2.14,2411.06,1.5,2.99
RUSTOMJEE,EQ,398,1.73,5024.24,0.75,2.98
KANPRPLA,EQ,212,2.22,509.06,1.42,2.98
CRIZAC,EQ,216.9,1.63,3795.37,1.38,2.97
AURUM,EQ,182.75,1.22,1393.84,1.62,2.96
NACLIND,EQ,156,1.17,3653.18,1.88,2.95
POKARNA,EQ,913,1.09,2830.67,0.32,2.92
SETFNN50,EQ,753.1,0.62,3029.16,0.39,2.92
ROTO,EQ,60.89,4.12,1147.45,4.85,2.91
RAMKY,EQ,507.7,1.14,3513.17,0.57,2.91
BOSCH-HCIL,EQ,1415.1,3.54,3847.78,0.21,2.91
TAJGVK,EQ,331.2,1.85,2076.67,0.87,2.9
KELLTONTEC,EQ,15.93,2.25,840.79,18.1,2.89
SURYODAY,EQ,149,2.62,1583.72,1.93,2.87
MID150CASE,EQ,11.07,0.91,248.35,25.85,2.87
ARKADE,EQ,117.99,1.64,2190.65,2.42,2.86
TECHERA,SM,207.1,4.99,342.15,1.39,2.85
TTKPRESTIG,EQ,525,0.91,7189.93,0.54,2.84
GHCLTEXTIL,EQ,89.34,4.52,853.96,3.15,2.82
GALAPREC,EQ,759.5,3.31,971.97,0.38,2.82
KANSAINER,EQ,202,2.46,16334.9,1.41,2.82
MCLEODRUSS,BE,55.13,4.99,575.86,5.21,2.81
NIFTYETF,EQ,260.8,0.95,5262.18,1.08,2.81
ZOTA,EQ,1319,2.07,4568.04,0.21,2.8
KROSS,EQ,188.76,2.31,1217.68,1.48,2.79
HDFCLIQUID,EQ,1058,0.02,52.7,0.26,2.78
OPTIEMUS,EQ,414.1,2.78,3672.6,0.67,2.76
SKFINDIA,EQ,1739.6,2.23,8600.23,0.16,2.75
MOVALUE,EQ,119.6,1.11,168.6,2.28,2.73
RANEHOLDIN,EQ,1114,1.15,1590.55,0.24,2.71
ALPL30IETF,EQ,26.63,0.91,1514.32,10.15,2.7
MASTERTR,EQ,76.8,4.23,944.76,3.5,2.66
PSPPROJECT,EQ,734,0.68,2909.71,0.36,2.65
SSWL,EQ,211,1.5,3316.51,1.26,2.65
QUICKHEAL,EQ,168.15,3.36,912.14,1.57,2.64
MPSLTD,EQ,1705,5.76,2916.54,0.16,2.63
ABSLBANETF,EQ,57.3,0.09,2551.08,4.58,2.63
ORKLAINDIA,EQ,650.5,0.42,8911.15,0.4,2.61
DIAMONDYD,EQ,1000,0.77,2390.35,0.26,2.6
AJMERA,EQ,125.2,0.3,2463.88,2.06,2.6
FINIETF,EQ,31.7,0.09,275.04,8.21,2.6
SKFINDUS,EQ,2280,0.74,11271.86,0.11,2.59
CARERATING,EQ,1585,1.6,4762.74,0.16,2.57
LTGILTBEES,EQ,29.15,0.14,2492.38,8.78,2.56
QUESTLAB,ST,131.9,4.97,216.15,1.93,2.55
IVALUE,EQ,270,5.72,1475.02,0.97,2.53
YAAP,SM,200.2,2.96,419.08,1.24,2.53
SAKSOFT,EQ,145,4.94,1921.99,1.77,2.52
COFFEEDAY,EQ,26.48,0.46,559.39,9.48,2.52
GALAXYSURF,EQ,1804.1,2.24,6396.39,0.14,2.49
SIKA,EQ,1040,5.69,2204.89,0.25,2.49
IGPL,EQ,430.2,1.24,1324.79,0.58,2.49
PROZONER,EQ,64.52,0.81,984.59,3.79,2.47
AGARIND,EQ,444.4,2.15,664.72,0.55,2.47
INNOVISION,EQ,330.2,0.72,786.31,0.75,2.46
KOPRAN,EQ,160.6,3.38,775.5,1.54,2.46
SHARDAMOTR,EQ,876,3.67,5028.92,0.28,2.46
RAJESHEXPO,BZ,128.6,1.41,3797.04,1.9,2.45
GICL,EQ,41.09,1.51,460.02,6.01,2.45
SOLARA,EQ,484.5,1.47,1752.57,0.51,2.45
PVTBANIETF,EQ,26.97,0.04,2879.9,9.03,2.43
MINDTECK,EQ,210.22,4.31,671.74,1.15,2.42
SILVERBND,EQ,239.99,0.53,12.65,1,2.42
PLATIND,EQ,231.6,5.22,1272.06,1.06,2.42
KIRLOSIND,EQ,3353,3.54,3523.79,0.07,2.41
TEAMLEASE,EQ,1252,3.59,2099.47,0.19,2.41
SMCGLOBAL,EQ,66,0.11,1382.04,3.65,2.41
ARROWGREEN,EQ,558.8,6.2,843.11,0.43,2.4
MAYURUNIQ,EQ,570,1.65,2476.8,0.42,2.39
MOHEALTH,EQ,44.78,1.61,44.63,5.29,2.38
GREENLAM,EQ,224,0.41,5715.31,1.06,2.37
SUBEXLTD,EQ,9.3,5.32,522.66,25.27,2.35
BAHETI,SM,599.7,5.02,626.5,0.4,2.35
GREENPANEL,EQ,210.69,0.87,2583.64,1.11,2.33
COASTCORP,EQ,58.9,5.8,394.5,3.92,2.33
MSPL,EQ,35.25,1,1997.96,6.59,2.33
RIIT,IV,110.96,0.41,6657.6,2.1,2.33
ABSMARINE,SM,230.05,0.35,564.77,0.99,2.32
MACPOWER,EQ,1135.95,4.29,1136.42,0.2,2.31
MOL,EQ,53,0.93,1347.87,4.36,2.31
AUTOAXLES,EQ,1874.7,4.36,2833.04,0.12,2.29
ADVENTHTL,EQ,155.25,0.11,837.46,1.47,2.29
SYNCOMF,EQ,14,3.93,1316,16.41,2.29
TINNARUBR,EQ,721.6,3,1300.02,0.32,2.27
ADSL,EQ,118.22,3.88,668.75,1.93,2.26
PYRAMID,EQ,176.6,6.2,649.62,1.31,2.26
NDRAUTO,EQ,735.05,1.63,1748.34,0.3,2.25
SPANDANA,EQ,223.51,2.39,1593.74,1,2.23
WESTLIFE,EQ,469,1.35,7299.7,0.47,2.22
BHARATSE,EQ,177.9,3.93,1117.21,1.27,2.22
GGBL,SM,341.2,8.71,846.21,0.66,2.22
TBZ,EQ,150.49,2.95,1004.23,1.48,2.21
SALASAR,EQ,7.46,2.19,1303.97,29.6,2.21
GEOJITFSL,EQ,65.5,1.98,1828.25,3.38,2.2
DIGITIDE,EQ,95,2.28,1415.61,2.32,2.19
BPL,EQ,57,7.41,279.16,3.85,2.19
NUCLEUS,EQ,800.05,3.38,2106.16,0.27,2.17
NRAIL,EQ,497,5.06,845.85,0.43,2.16
SALZERELEC,EQ,643.5,3.41,1137.88,0.34,2.15
GANDHAR,EQ,141.6,3.22,1385.97,1.51,2.14
UDS,EQ,160.26,1.04,1072.99,1.32,2.14
PNBGILTS,EQ,72.6,2.15,1306.87,2.94,2.14
TASTYBITE,EQ,6986,0.26,1792.61,0.03,2.13
MOMENTUM50,EQ,51.59,1.02,347.64,4.15,2.13
MONOLITH,SM,500,5.16,1086.8,0.43,2.13
INDOSTAR,EQ,197.41,0.9,3189.6,1.08,2.13
SIGMAADV,EQ,248.49,5,4379.38,0.85,2.12
738GS2027,GS,104.2,0.35,147964,2.04,2.12
TOP10ADD,EQ,88.5,0.77,752.58,2.4,2.11
DCMSHRIRAM,EQ,1204,1.42,18775.45,0.18,2.1
TIIL,EQ,2519.2,1.12,5711.73,0.08,2.09
TVSSCS,BE,115.5,1.01,5095.63,1.8,2.07
ECOSMOBLTY,EQ,141.25,4.77,847.5,1.47,2.06
WINDLAS,EQ,861.5,0.17,1818.3,0.24,2.05
PGIL,EQ,1571.7,1.81,7252.05,0.13,2.04
HSBCGOLD,EQ,131.1,0.39,531.72,1.55,2.03
VRLLOG,EQ,254.5,2.23,4452.15,0.8,2.01
NEXT50,EQ,729.65,1.41,1274.44,0.28,2.01
VASCONEQ,EQ,38.35,1.99,888.56,5.23,2.01
GROWWRAIL,EQ,33.08,1.94,135.81,6.07,2
TICL,EQ,24.96,6.48,386.88,8.14,1.99
AAREYDRUGS,EQ,91.8,3.93,260.29,2.2,1.99
SILVERAG,EQ,235,1.29,979.32,0.84,1.98
NRBBEARING,EQ,287.5,1.73,2786.52,0.69,1.98
PRIMECAB,SM,114,8.31,208.89,1.76,1.96
MOM30IETF,EQ,31.1,0.52,643.22,6.28,1.95
FOSECOIND,EQ,4795,1.8,3614.12,0.04,1.94
VGL,EQ,63.99,11.04,329.73,3.08,1.92
HLEGLAS,EQ,330,2.53,2292.01,0.58,1.9
HDFCMID150,EQ,22.5,1.63,179.64,8.46,1.9
MIDSMALL,EQ,49.77,1.45,450.75,3.82,1.9
METROBRAND,EQ,1067,2.36,29080.74,0.18,1.88
KOLTEPATIL,EQ,378.6,0.32,3357.43,0.49,1.87
EXPLEOSOL,EQ,820,2.02,1272.62,0.23,1.87
RESPONIND,EQ,154.55,3.51,4120.44,1.22,1.87
JPOLYINVST,EQ,1130,4.81,1187.85,0.16,1.85
FLAIR,EQ,328,1.83,3456.97,0.56,1.84
SURAJEST,EQ,242.2,2.19,1157.07,0.76,1.84
GICHSGFIN,EQ,154.77,2.16,833.45,1.19,1.84
ITETF,EQ,30.73,2.37,92.14,6.01,1.84
RELAXO,EQ,308.8,2.53,7687.22,0.59,1.84
BOROLTD,EQ,256.79,5.06,3070.75,0.72,1.83
ICEMAKE,EQ,816,3.86,1287.63,0.23,1.83
ELIN,EQ,126,0.41,626.34,1.47,1.83
GARFIBRES,EQ,630.25,0.5,6256.23,0.29,1.82
MASFIN,EQ,321,0.2,5824.65,0.56,1.81
TAC,SM,492.6,0.33,1035.75,0.37,1.81
ASMS,EQ,8.23,2.88,250.67,21.99,1.81
GROWWLIQID,EQ,108.81,0.02,94.59,1.66,1.8
DODLA,EQ,1100,0.65,6636.06,0.16,1.8
BIRLACABLE,EQ,160.1,2.5,480.3,1.13,1.8
GOPAL,EQ,278.1,1.13,3466.47,0.64,1.8
DPABHUSHAN,EQ,1114.95,0.01,2545.2,0.16,1.79
MOENERGY,EQ,41.4,3.29,71.87,4.4,1.78
IPL,EQ,151.93,1.99,1749.68,1.18,1.77
ASALCBR,EQ,901.55,1.24,1711.07,0.2,1.76
VIJAYPD,ST,94.4,4.95,184.35,1.88,1.75
INDNIPPON,EQ,814.45,3.72,1842.4,0.22,1.75
FEDDERSHOL,EQ,36,1.84,725.1,4.79,1.72
MANAKCOAT,EQ,106.25,0.32,1124.49,1.6,1.71
UNITECH,EQ,4.82,1.26,1260.25,35.34,1.71
UNIVASTU,EQ,69,0.67,248.31,2.43,1.7
QNIFTY,EQ,263.2,0.64,64,0.64,1.68
5PAISA,EQ,337,3.51,1579.93,0.5,1.67
FMGOETZE,EQ,440,2.22,2447.81,0.38,1.67
MAHSCOOTER,EQ,12425,0.46,14200,0.01,1.67
AUTOIETF,EQ,26.86,1.51,185.62,6.1,1.63
RAMCOSYS,EQ,429.9,2.56,1610.48,0.38,1.63
MAWANASUG,EQ,104.22,0.42,407.68,1.55,1.62
FOODSIN,EQ,62.15,9.15,457,2.69,1.62
CAPILLARY,EQ,563.1,0.35,4471.43,0.28,1.62
BSLNIFTY,EQ,28.01,0.47,3124.29,5.75,1.61
BCG,BE,9.65,3.54,1947.29,16.94,1.61
NIKITA,SM,126,4.61,310.82,1.24,1.59
TARSONS,EQ,218,5.33,1159.9,0.73,1.58
IFGLEXPOR,EQ,193.6,7.63,1395.44,0.83,1.58
URJA,EQ,10.85,3.04,570.12,14.51,1.57
ORIENTHOT,EQ,99.25,3.68,1772.6,1.6,1.57
ALEMBICLTD,EQ,92.26,0.92,2369.07,1.69,1.56
MAXESTATES,EQ,401,2.04,6554.36,0.39,1.55
SHOPERSTOP,EQ,296.65,0.08,3266.63,0.52,1.54
BCLIND,EQ,34.26,0.91,1011.23,4.49,1.54
VALIANTLAB,EQ,76.75,1.4,416.85,2,1.54
SANOFICONR,EQ,4630,0.76,10663.18,0.03,1.54
HATHWAY,EQ,11.11,0.82,1966.59,13.8,1.53
VSSL,EQ,273.45,3.93,2643.87,0.57,1.53
SKMEGGPROD,EQ,170.1,0.04,895.75,0.9,1.53
PURPLEUTED,SM,287.95,6.59,276.71,0.56,1.51
PSUBNKIETF,EQ,89.43,0.34,127.94,1.69,1.51
MOSILVER,EQ,237.75,1.05,1088.59,0.63,1.51
MANALIPETC,EQ,54.51,2.95,937.57,2.74,1.5
VEEDOL,EQ,1416.2,2.25,2467.59,0.11,1.49
MAMATA,EQ,405.9,3.09,998.83,0.37,1.49
GNA,EQ,444.95,3.65,1910.21,0.34,1.48
SML100CASE,EQ,10.13,1.91,73.37,14.61,1.48
VALIANTORG,EQ,275,8.04,770.54,0.56,1.47
DEFENCE,EQ,72.94,0.51,70.24,2.01,1.47
SENSEXIETF,EQ,883.09,0.66,28914.2,0.17,1.47
AGARWALEYE,EQ,445,1.57,14104.62,0.33,1.46
ONMOBILE,EQ,56.3,1.3,598.59,2.57,1.45
SRHHYPOLTD,EQ,507.6,5.49,871.29,0.29,1.45
MEIL,BE,301.4,2.43,832.77,0.48,1.44
GLOBAL,EQ,104,3.95,529.38,1.39,1.44
ARIHANTSUP,EQ,291,7.67,1258.57,0.5,1.42
SWANDEF,BE,1865,2.52,9825.22,0.08,1.42
LAOPALA,EQ,181.1,3,2010.21,0.79,1.41
MANOMAY,EQ,233.9,2.35,422.16,0.61,1.41
QGOLDHALF,EQ,124.66,0.51,714.05,1.13,1.41
NAVNETEDUL,EQ,145.95,1.86,3228.61,0.95,1.38
MAZDA,EQ,215.96,2.95,432.46,0.63,1.37
STEELCAS,EQ,297.25,3.4,3008.17,0.46,1.36
ANLON,SM,431,5.9,269.61,0.32,1.36
GANESHCP,EQ,193.5,3.42,781.99,0.71,1.36
MONTECARLO,EQ,558,2.63,1156.85,0.24,1.35
CONSUMBEES,EQ,126.98,0.73,203.11,1.06,1.35
MONIFTY500,EQ,23.22,0.69,274.69,5.76,1.34
UNITEDPOLY,EQ,30.87,3.8,708.51,4.18,1.34
HEALTHIETF,EQ,153,2.31,166.33,0.88,1.34
SILGO,EQ,77.45,1.16,247.73,1.74,1.33
BLUEWATER,SM,215,14.33,236.5,0.66,1.33
SUPREMEPWR,ST,234.6,4.99,586.29,0.57,1.33
DOLPHIN,EQ,418.1,1.54,1672.59,0.31,1.31
RITCO,EQ,216,1.91,618.25,0.6,1.31
WELSPLSOL,EQ,41.05,3.01,2720.02,3.2,1.3
SALSTEEL,EQ,57.85,1.81,602.89,2.26,1.3
ELPROINTL,EQ,114.59,5.49,1942.06,1.14,1.3
SASKEN,EQ,1305,2.93,1981.83,0.1,1.29
TVSSRICHAK,EQ,3827,0.4,2930.35,0.03,1.28
SBINMID150,EQ,22.2,1.37,8.87,5.68,1.27
TIL,EQ,202,1.98,1665.37,0.63,1.26
INFRABEES,EQ,965.4,1.14,189.67,0.13,1.26
ESAFSFB,EQ,24.3,4.07,1253.09,5.18,1.25
AVROIND,EQ,130,3.88,173.04,0.96,1.25
GROWWHOSPI,EQ,49,1.93,34.23,2.53,1.24
KESORAMIND,EQ,10.32,0.58,320.6,11.9,1.23
INDOFARM,EQ,147.49,3.4,708.71,0.84,1.23
NOVARTIND,EQ,979.9,1.86,2419.45,0.13,1.22
SCILAL,EQ,44.72,0.56,2083.05,2.7,1.22
NIFTYCASE,EQ,9.61,0.73,56.69,12.67,1.22
KUANTUM,EQ,80.85,0.77,705.53,1.49,1.21
AMANTA,EQ,134.7,2.02,523.03,0.89,1.2
IRISDOREME,EQ,36.01,1.47,685.38,3.32,1.2
KDDL,EQ,2538.1,1.11,3121.68,0.05,1.2
BFSI,EQ,27.08,0.3,440.29,4.41,1.19
SUPRAJIT,EQ,426,2.1,5843.49,0.28,1.18
ACCELYA,EQ,1188,2.39,1773.24,0.1,1.18
TOP100CASE,EQ,10.42,0.39,151.42,11.25,1.18
KSOLVES,EQ,328.6,5.37,779.45,0.36,1.17
ARIHANTCAP,EQ,70.9,1.23,777.15,1.64,1.16
IMAGICAA,EQ,47.65,1.56,2696.33,2.43,1.16
HEIDELBERG,EQ,160.78,2.66,3643.49,0.73,1.16
GROWWMETAL,EQ,12.32,1.99,38.14,9.39,1.16
HGS,EQ,412.4,0.77,1918.5,0.28,1.16
DECCANCE,EQ,659.95,4.18,924.42,0.18,1.15
SOTL,EQ,371.5,1.74,2547.02,0.31,1.15
BLKASHYAP,EQ,52.42,1.39,1181.76,2.17,1.15
TOLINS,EQ,110.4,4.66,436.18,1.05,1.14
BANSALWIRE,EQ,310,2.36,4853.23,0.37,1.14
CUBEXTUB,EQ,95.59,7.03,136.88,1.21,1.13
SANSTAR,EQ,88.15,0.25,1606.48,1.29,1.13
INDOWIND,EQ,11.05,6.05,177.91,10.24,1.13
HARSHA,EQ,392.95,2.97,3577.58,0.29,1.13
SBIETFIT,EQ,326,3.35,69.63,0.35,1.11
WAKEFIT,EQ,145,2.05,4784.52,0.77,1.11
UFLEX,EQ,395,1.1,2852.35,0.28,1.11
VAKRANGEE,EQ,7.04,1.88,762.57,15.92,1.11
ONELIFECAP,EQ,20,8.23,74.72,5.63,1.1
AXISNIFTY,EQ,265.6,0.84,1270.15,0.42,1.1
AUSOMENT,EQ,136.22,2.71,185.58,0.81,1.1
NCLIND,EQ,174.55,2.04,789.54,0.63,1.1
CEWATER,EQ,340,3.88,703.67,0.33,1.1
NIFTY100EW,EQ,34.2,1.54,17.94,3.18,1.09
PPL,EQ,216,3.34,516.64,0.51,1.08
SGBAUG28V,GB,15009.9,0.57,9530.96,0.01,1.07
BIRLANU,EQ,1435,1.92,1082.12,0.08,1.07
NIFTY1,EQ,266.01,0.75,3351.78,0.4,1.06
ARIES,EQ,378.05,2.24,491.63,0.28,1.06
FRONTSP,EQ,1470,0.26,1736.88,0.07,1.06
INDORAMA,EQ,39.8,4.43,1039.23,2.63,1.05
HILTON,EQ,24.4,1.33,125.58,4.28,1.05
ABINFRA,EQ,16,2.7,1022.06,6.65,1.04
STYL,EQ,244.9,2.11,3962.62,0.42,1.03
ZTECH,SM,623.9,1.27,902.05,0.17,1.03
TECHD,SM,533,2.8,398.67,0.19,1.02
DIFFNKG,EQ,309.6,2.22,1158.72,0.33,1.02
ELM250,EQ,16.26,1.37,137.95,6.21,1.01
KHADIM,EQ,102.9,2.67,189.11,0.99,1.01
IKIO,EQ,144.99,2.23,1120.49,0.69,1
GPTINFRA,EQ,114.51,0.54,1447,0.86,0.99
OCCLLTD,EQ,102.8,3.11,513.49,0.96,0.97
JAGRAN,EQ,66,0.2,1436.52,1.47,0.97
JAINIK,SM,144.95,5,207.97,0.67,0.97
OSELDEVICE,SM,565,0.57,999.74,0.17,0.96
DEN,EQ,28.18,1.4,1344.82,3.41,0.96
TPLPLASTEH,EQ,67.86,2.24,529.33,1.41,0.95
SPECTRUM,EQ,1140,0.56,1791.38,0.08,0.95
COMMOIETF,EQ,104.95,1.86,130.3,0.9,0.94
CORDSCABLE,EQ,182,3.77,235.29,0.52,0.94
690GS2065,GS,91.64,0.3,181447.2,1.02,0.93
INDUSINVIT,IV,129.66,0.03,5743.14,0.72,0.93
HEALTHY,EQ,15.32,2.13,74.95,6.09,0.93
TRACXN,EQ,33.35,0.91,356.13,2.84,0.93
SUDARCOLOR,EQ,365.95,5.86,844.68,0.26,0.92
MODISONLTD,EQ,152.95,6.08,496.32,0.61,0.92
THEJO,EQ,1769.8,1.67,1919.78,0.05,0.91
EVINDIA,EQ,30,1.59,158.84,3.04,0.91
VAL30IETF,EQ,16.05,1.33,50.92,5.66,0.91
ALPHAETF,EQ,25.36,1.04,413.61,3.57,0.9
DENTALKART,SM,391.5,1.42,679,0.23,0.9
MAXVOLT,SM,415,2.41,452.51,0.22,0.9
JAYBARMARU,EQ,93.48,0.55,1011.92,0.95,0.89
BMWVENTLTD,EQ,65.51,2.34,568.07,1.34,0.89
MOKSH,EQ,12.89,10.64,113.75,6.95,0.88
LAXMIINDIA,EQ,117,2.58,611.53,0.75,0.87
RSWM,EQ,161.01,3.52,758.38,0.54,0.87
DOLATALGO,EQ,78.06,0.64,1373.86,1.1,0.87
AONEGOLD,EQ,13.98,0.22,83.6,6.15,0.86
MADHAVBAUG,SM,248.25,19.99,261,0.36,0.86
YASHO,EQ,1500,1.67,1808.56,0.06,0.86
SMARTEN,SM,67.7,9.99,128.64,1.3,0.86
DBOL,BE,121,1.56,803.29,0.71,0.85
ROHLTD,EQ,347.05,1.76,951.79,0.24,0.85
SURANAT&P,EQ,19.5,5.18,264.73,4.34,0.85
20MICRONS,EQ,177.33,0.99,625.74,0.48,0.85
VIESL,SM,280,2,689.99,0.3,0.85
MUFTI,EQ,78.95,1.86,516.1,1.06,0.84
TNPETRO,EQ,90.6,2.94,815.14,0.93,0.84
KRMAYURVED,SM,235,5.17,499.63,0.36,0.84
NELCAST,EQ,131.63,2.2,1145.2,0.64,0.84
HMAAGRO,EQ,24.4,2.09,1221.88,3.45,0.83
MOBILISE,SM,93,4.49,88.46,0.9,0.83
PDMJEPAPER,EQ,85.03,0.4,807.36,0.96,0.83
ESTER,EQ,92.47,3.26,902.38,0.91,0.83
SGBJUL29IV,GB,14999,0.26,4385.35,0.01,0.83
PRIMESECU,EQ,284.9,0.69,965.82,0.29,0.82
SAURASHCEM,EQ,61.99,2.31,689.87,1.31,0.82
CONTROLPR,EQ,660.5,3.16,1056.42,0.13,0.82
DIVINEHIRA,ST,309,2.32,403.16,0.27,0.81
BODALCHEM,EQ,67.68,1.35,852.39,1.21,0.81
734GS2064,GS,97.02,0.12,231877.8,0.84,0.81
PIXTRANS,EQ,1484,0.03,2021.98,0.05,0.81
COMMITTED,SM,270,8,312.51,0.3,0.81
SARVESHWAR,BE,4.04,1.76,497.58,20.21,0.81
NHIT,IV,162,1.22,34644.52,0.5,0.81
VSTL,EQ,128.08,1.18,242.87,0.62,0.81
VINYLINDIA,EQ,258,4.44,473.1,0.31,0.8
EVERESTIND,EQ,396,2.25,627.89,0.2,0.8
DENORA,EQ,807,0.16,428.41,0.1,0.8
JINDALPHOT,EQ,1137,4.05,1166.37,0.07,0.8
SHIVALIK,EQ,265.8,0.8,418.64,0.3,0.8
MAHEPC,EQ,114.51,0.2,319.97,0.68,0.79
TCIEXP,EQ,524.15,2.18,2013.73,0.15,0.79
STCINDIA,EQ,120.3,0.82,721.8,0.65,0.79
RMC,BE,500.5,4.47,529.37,0.16,0.79
WOMANCART,SM,186.2,10.24,152.92,0.42,0.78
PILANIINVS,EQ,4757.2,0.62,5267.29,0.02,0.78
OSWALGREEN,EQ,28.36,1.14,728.31,2.74,0.77
SIGNPOST,EQ,264.7,1.19,1414.82,0.29,0.77
GROWWEV,EQ,30.1,2,268.89,2.56,0.77
PAUSHAKLTD,EQ,464.5,1.61,1145.31,0.17,0.76
ITADD,EQ,30.9,2.49,135.87,2.48,0.76
OMAXE,EQ,83.5,0.43,1527.22,0.91,0.76
GLOBECIVIL,BE,47.94,0.91,286.29,1.54,0.75
CHEMICAL,EQ,28.5,2.3,59.15,2.66,0.75
FIDEL,SM,159,13.57,218.63,0.5,0.75
INFRAIETF,EQ,96.41,1.69,408.5,0.78,0.75
BAGDIGITAL,SM,114,2.98,241.89,0.67,0.74
MANAKALUCO,EQ,35.18,9.97,230.55,2.18,0.74
SAGCEM,EQ,185,0.36,2418.09,0.4,0.74
AVANA,ST,127.7,4.97,289.18,0.58,0.73
INDOBORAX,EQ,251,2.56,805.46,0.3,0.73
SAHANA,SM,863.3,1.04,762.91,0.08,0.73
MANORG,EQ,451.25,0.65,386.47,0.16,0.73
RAMAPHO,EQ,135.3,0.68,478.78,0.53,0.72
LOKESHMACH,BE,270,1.76,539.91,0.26,0.72
GPECO,SM,377.95,5.99,447.15,0.19,0.71
BIRLAMONEY,EQ,146.35,2.91,827.01,0.49,0.71
RAMCOIND,EQ,268.25,0.23,2329.52,0.26,0.71
ONWARDTEC,EQ,238.86,0.9,543.5,0.29,0.71
THEMISMED,EQ,97.2,0.81,895.21,0.72,0.7
KAPSTON,BE,344.7,1.71,1049,0.2,0.7
NIFTYBETA,EQ,266,0.78,69811.77,0.26,0.69
JUBLCPL,EQ,1779,4.14,2695.63,0.04,0.69
INDOCO,EQ,208.1,0.85,1920.84,0.33,0.69
SGBJUN29II,GB,15050,0.47,2857.2,0,0.69
RADHIKAJWE,EQ,65.93,2.92,777.97,1.05,0.69
ZUARIIND,EQ,270.3,1.31,804.99,0.25,0.69
CIFL,EQ,28.5,5.13,1114.51,2.47,0.69
SUYOG,EQ,770,2.24,902.22,0.09,0.68
SWARAJ,SM,290,0.14,736.3,0.23,0.68
SGBJUN31I,GB,15423.97,0.05,11983.33,0,0.68
KRITINUT,BE,100.01,5,501.09,0.68,0.68
RUSHIL,EQ,17.15,5.02,503.21,3.98,0.68
MVGJL,EQ,176.92,2.01,864.21,0.38,0.67
SIS,EQ,342.85,2.13,4843.52,0.2,0.66
UNIDT,EQ,212.65,1.26,431.75,0.31,0.65
HALDYNGL,EQ,99,4.05,532.14,0.66,0.65
XCHANGING,EQ,66.9,3,745.29,0.97,0.65
ZIMLAB,EQ,86.7,3.65,464.27,0.74,0.64
SMARTWORKS,EQ,433.95,2.06,4958.4,0.15,0.64
APSISAERO,ST,233.35,4.99,281.23,0.28,0.64
SCPL,BE,340,4.99,357,0.19,0.64
TECH,EQ,31.69,2.59,43.56,2.01,0.63
NEXT50ETF,EQ,71.4,1.39,15.08,0.89,0.63
ASIANHOTNR,EQ,300.7,4.34,1281.98,0.21,0.63
UNICHEMLAB,EQ,376.6,1.14,2651.48,0.17,0.63
KOKUYOCMLN,EQ,93,2.74,932.83,0.68,0.63
SNOWMAN,EQ,42,3.37,701.77,1.5,0.62
COCKERILL,EQ,5180,0.84,2557.79,0.01,0.62
OMAXAUTO,EQ,118,4.85,252.18,0.53,0.62
FORCAS,SM,103.8,0.78,182.48,0.59,0.61
AMRUTANJAN,EQ,579.6,0.53,1675.66,0.11,0.61
LANDMARK,EQ,418,2.3,1733.23,0.15,0.61
MIDCAP,EQ,17.42,1.28,192.69,3.51,0.61
ALLETEC,SM,163,1.56,329.17,0.38,0.61
CNL,EQ,602,2.58,904,0.1,0.61
AFIL,BE,9,0.33,384.07,6.76,0.61
INDOAMIN,EQ,114.5,3.69,831.13,0.53,0.6
KRISHCA,SM,194.5,6.75,280.86,0.32,0.6
GANESHIN,ST,90.2,0.17,385.35,0.68,0.6
WINDMACHIN,EQ,285,1.62,2502.93,0.21,0.6
WANBURY,BE,260,0.69,908.42,0.23,0.6
SILVER360,EQ,237.5,1.5,49.78,0.25,0.6
NSIL,EQ,5752,1.72,2954.32,0.01,0.6
SADHAV,SM,120,6.9,193.6,0.5,0.6
MUNJALAU,EQ,81.41,2.69,814.1,0.74,0.6
ANUHPHR,EQ,82.59,1.81,827.75,0.72,0.6
PLAZACABLE,EQ,41.1,2.67,179.82,1.46,0.6
WPIL,EQ,429.85,3.59,4198.38,0.14,0.59
ANDHRAPAP,EQ,67.06,1.59,1333.49,0.88,0.59
ALICON,EQ,698,1.83,1140.31,0.08,0.59
DHARMAJ,EQ,257.55,0.79,870.45,0.23,0.59
KICL,EQ,4791,0.98,2091.42,0.01,0.58
HDFCSENSEX,EQ,87.49,1.02,951.31,0.67,0.58
ORICONENT,EQ,64.5,0.2,1012.96,0.9,0.58
ORIENTPPR,EQ,18.66,3.32,395.94,3.12,0.58
SATKARTAR,SM,198,0.66,311.75,0.29,0.58
GOLDBND,EQ,150.39,0.44,10.69,0.38,0.58
NEXT50BETA,EQ,76.2,1.22,2360.42,0.76,0.57
MAGADSUGAR,EQ,525,1.61,739.81,0.11,0.57
PASHUPATI,EQ,88.4,0.28,1395.31,0.64,0.57
RBZJEWEL,EQ,140,0.56,560,0.4,0.56
GUJAPOLLO,EQ,436,5.17,565.49,0.13,0.56
MUKKA,EQ,24.6,2.54,738,2.3,0.56
KKCL,EQ,483.5,1.76,2979.58,0.12,0.56
DEVX,EQ,42.99,2.48,387.72,1.3,0.56
TANKUP,SM,571,0.18,302.34,0.1,0.56
KMSUGAR,EQ,29.65,1.86,272.78,1.89,0.56
724GS2055,GS,98.3,0.06,76674,0.56,0.55
INTLCONV,EQ,77.45,0.85,493.98,0.71,0.55
GROWWCHEM,EQ,28.2,1.26,8.48,1.96,0.55
BVCL,EQ,45.2,11.14,100.16,1.23,0.55
WIMPLAST,EQ,383.91,1.61,460.82,0.14,0.55
SGBMAY29I,GB,15050,0.51,8005.05,0,0.55
SBINEQWETF,EQ,33,1.16,39.74,1.66,0.55
XELPMOC,EQ,104.99,1.66,154.96,0.51,0.54
DHARIWAL,ST,39.65,4.89,372.77,1.38,0.54
SPEB,SM,55,0.92,123.56,0.98,0.54
SUTLEJTEX,EQ,39,5.86,638.93,1.39,0.53
UFO,EQ,71.65,0.67,278.11,0.74,0.53
NIF100BEES,EQ,265.8,1.47,350.5,0.2,0.53
ARCIIL,SM,66,20,67.96,0.83,0.53
SAFEENTP,SM,245.3,1.66,1143.21,0.21,0.53
KALPATARU,EQ,328,0.89,6753.98,0.16,0.52
TNIDETF,EQ,81.6,1.35,167.2,0.65,0.52
SHANKARA,BE,122.45,3.74,296.93,0.43,0.52
BOROSCI,EQ,116.4,1.71,1035.34,0.45,0.52
INVPRECQ,EQ,610,0.17,610,0.09,0.52
CONSUMER,EQ,11.04,1.01,51.63,4.72,0.52
SGIL,EQ,544,2.63,845.54,0.1,0.52
GOACARBON,EQ,377.75,4.74,345.68,0.14,0.52
KILITCH,EQ,154,1.22,538.41,0.34,0.52
KCK,SM,13.25,5.16,84.27,4.05,0.52
SHANTIGEAR,EQ,481,2.5,3690.03,0.11,0.51
SBIBPB,EQ,50.95,0.3,1454.03,1,0.51
ASAHISONG,EQ,243.75,9.21,287.31,0.22,0.51
BFINVEST,EQ,420.9,1.73,1585.43,0.12,0.51
PUNJABCHEM,EQ,1069.9,3.33,1311.93,0.05,0.51
WCIL,EQ,103.9,2.57,1059.31,0.49,0.51
PANAMAPET,EQ,273.5,0.79,1654.5,0.18,0.5
MMP,EQ,257.95,2.93,655.26,0.2,0.5
AARTISURF,EQ,404,3.75,341.99,0.12,0.5
MANBA,EQ,108.15,0.96,543.34,0.46,0.5
MOGOLD,EQ,148.3,0.44,1706.24,0.34,0.5
GEEKAYWIRE,EQ,27.88,4.46,291.4,1.78,0.5
DCMSRIND,EQ,40.2,0.25,349.71,1.24,0.5
LICMFGOLD,EQ,134.85,0.41,1408.34,0.36,0.49
TEXINFRA,EQ,96.6,0.56,1230.94,0.5,0.49
RADIANTCMS,EQ,42.4,4.41,452.44,1.17,0.49
EMKAY,EQ,236.5,5.43,619.37,0.21,0.49
DPEL,SM,443,0.62,1105.95,0.11,0.49
FAZE3Q,BE,469.9,0.71,1142.75,0.11,0.49
BANKETF,EQ,571.8,0.39,304.67,0.09,0.49
SHEETAL,SM,255,1.78,292.13,0.19,0.48
ORIENTBELL,EQ,284.8,1.66,418.95,0.17,0.48
TRF,EQ,271,2.43,298.22,0.18,0.48
NV20IETF,EQ,14.1,0.07,185.21,3.39,0.48
PARTH,ST,340,1,464.71,0.14,0.48
NAMOEWASTE,SM,186,1.58,425.34,0.26,0.48
RML,EQ,775,3.67,2141.88,0.06,0.48
THOMASCOTT,EQ,264.02,1.99,387.33,0.18,0.47
PRIZOR,ST,622.9,5,665.96,0.08,0.47
BRIGHOTEL,EQ,68.04,0.65,2584.45,0.69,0.47
EXCELINDUS,EQ,945,1.89,1187.93,0.05,0.47
BLUSPRING,EQ,64.7,2.98,964.89,0.74,0.47
NOVAAGRI,EQ,28.66,1.7,265.16,1.64,0.47
KAMATHOTEL,EQ,170,2.58,501.16,0.27,0.46
QUAL30IETF,EQ,20.98,1.94,147.75,2.22,0.46
GROWWNIFTY,EQ,9.7,0.73,30.63,4.76,0.46
NITTAGELA,EQ,942.95,1.89,856.12,0.05,0.46
KAVDEFENCE,BE,66,2.45,226.87,0.7,0.46
FRESHARA,ST,212,3.31,498.18,0.22,0.46
MAYASHEEL,SM,57,8.99,125.69,0.84,0.45
KAYA,EQ,271.8,3.5,412.8,0.17,0.45
LOWVOL,EQ,202.28,1.15,46.79,0.22,0.44
SCANSTL,EQ,38.55,4.9,225.91,1.12,0.44
STUDDS,EQ,489.95,0.72,1928.12,0.09,0.44
HDFCNIFIT,EQ,31.28,2.93,113.69,1.41,0.44
DYNAMIC,SM,156.5,15.33,215.13,0.29,0.44
SRTL,EQ,50.5,2.52,201.87,0.87,0.43
VISAKAIND,EQ,66.25,2.63,572.43,0.66,0.43
WSI,EQ,72.6,3.89,550.76,0.6,0.43
DENEERS,ST,163,4.69,140.28,0.26,0.43
FINKURVE,EQ,71.5,3.89,1001.36,0.59,0.43
AFFORDABLE,BE,181.79,0.29,204.45,0.24,0.42
NV20BEES,EQ,145.92,0.66,154.46,0.29,0.42
MADRASFERT,EQ,69.09,2.49,1113.05,0.62,0.42
SUMMITSEC,EQ,1662.8,2.33,1812.75,0.03,0.42
SGBSEP28VI,GB,14990,0.33,4782.01,0,0.42
AVTNPL,EQ,68.98,2.73,1050.46,0.61,0.42
KABRAEXTRU,EQ,245.1,1.85,857.18,0.17,0.42
SURANASOL,EQ,27.6,3.41,135.81,1.47,0.41
IRIS,EQ,243.98,3.31,501.82,0.17,0.41
IVZINGOLD,EQ,13080,0.28,732.69,0,0.41
DREAMFOLKS,EQ,82.5,1.93,439.48,0.5,0.41
OMINFRAL,EQ,93,2.89,895.63,0.45,0.41
AUTOIND,EQ,66.99,2.49,303.97,0.61,0.41
CYBERTECH,EQ,127.94,3.33,398.28,0.32,0.41
MAKEINDIA,EQ,158.79,1.84,246.05,0.26,0.41
NECLIFE,EQ,12.65,7.29,245.74,3.29,0.41
APS,SM,385,2.14,776.16,0.1,0.4
PENINLAND,BE,18.98,3.94,629.62,2.17,0.4
CENTENKA,EQ,430.5,2.1,940.67,0.09,0.4
KOTHARIPET,EQ,135.4,0.5,796.78,0.29,0.4
FELIX,SM,216.45,2.27,372.43,0.18,0.4
IGCL,EQ,62.51,2.48,395.21,0.63,0.4
MIDSELIETF,EQ,18.15,1.57,102.72,2.19,0.4
SILKFLEX,ST,196.2,4.98,227.73,0.2,0.39
PRIMO,EQ,23.7,1.41,574.35,1.67,0.39
SAHAJSOLAR,SM,157.45,1.68,345.95,0.25,0.39
MOMOMENTUM,EQ,61.77,0.49,156.15,0.63,0.39
BANKADD,EQ,57.33,0.17,618.37,0.68,0.39
VASWANI,EQ,57.77,3.6,190.33,0.68,0.39
MEGASTAR,EQ,288,7,325.26,0.14,0.39
APCOTEXIND,EQ,402,1.99,2084.17,0.1,0.39
SHREERAMA,EQ,47.2,2.52,629.97,0.81,0.38
SYSTANGO,SM,275.5,2.04,404.13,0.14,0.38
NIRLON,EQ,558,1.45,5028.59,0.07,0.38
NATHBIOGEN,EQ,175,3.49,332.57,0.21,0.38
SGBJU29III,GB,15100,0.89,2233.64,0,0.38
MEDICO,EQ,41.43,1.4,343.8,0.9,0.37
FROG,SM,165,0.43,256.65,0.23,0.37
ALLDIGI,EQ,846,3.33,1289.16,0.04,0.37
MGEL,EQ,13.91,2.58,458.41,2.62,0.37
CHANDAN,SM,256.5,3.34,627.2,0.14,0.37
EVIETF,EQ,30.45,3.15,54.26,1.22,0.36
CAPITALSFB,EQ,263.75,1.89,1197.92,0.14,0.36
BSE500IETF,EQ,38.5,0.89,349.29,0.93,0.36
SHALPAINTS,EQ,50.55,0.9,423.16,0.7,0.36
SGBAUG29V,GB,15155.8,0.48,3474.84,0,0.36
AONESILVER,EQ,9.23,1.43,24.46,3.84,0.36
DIGISPICE,EQ,21.05,2.83,493.56,1.69,0.35
SURAKSHA,EQ,286.47,1.41,1491.96,0.12,0.35
TIPSFILMS,EQ,393.8,2.41,170.24,0.09,0.35
SHAH,EQ,5.33,0.57,471.82,6.48,0.35
ATL,EQ,25.86,1.69,754.75,1.34,0.35
ROSSELLIND,EQ,55.99,1.12,211.06,0.62,0.34
GOLD360,EQ,146.3,0.34,134.28,0.23,0.34
INVICTA,SM,87.25,14.5,109.69,0.4,0.34
SGBJUL28IV,GB,15010,0.59,6200.36,0,0.34
HDFCNEXT50,EQ,72,0.91,172.6,0.47,0.34
BIKEWO,SM,22.95,2.46,29.93,1.48,0.34
PVSL,EQ,105,4.17,747.58,0.33,0.34
VERTOZ,EQ,51.02,1.31,434.84,0.66,0.34
SHARIABEES,EQ,465.9,1.2,53.7,0.07,0.34
ARHAM,SM,146.95,0.44,320.53,0.23,0.34
CHEVIOT,EQ,1115,2.86,651.37,0.03,0.33
IEML,SM,84.5,1.38,154.92,0.41,0.33
UEL,EQ,166.15,6.06,2216.4,0.2,0.33
FAIRCHEMOR,EQ,566.7,2.04,713.81,0.06,0.33
SELECTIPO,EQ,43.86,1.46,19.22,0.74,0.33
TVTODAY,EQ,114,1.54,680.22,0.29,0.32
TCPLPACK,EQ,2625,0.61,2388.75,0.01,0.32
EMAPARTNER,SM,87.05,2.41,202.36,0.37,0.32
AXISVALUE,EQ,33.99,0.8,36.6,0.95,0.32
SEJALLTD,BE,804.95,5,917.64,0.04,0.32
LTGILTCASE,EQ,29.7,0.03,114.35,1.08,0.32
DONEAR,EQ,92.5,1.38,481,0.35,0.32
RPPINFRA,EQ,81.7,2.37,405.12,0.39,0.32
VIRINCHI,BE,18,1.35,193.47,1.74,0.32
SETCO,BE,24.9,3.58,333.08,1.29,0.32
EFFWA,SM,224,3.39,518.5,0.14,0.31
ZEEMEDIA,BE,8.52,2.53,532.87,3.69,0.31
BHARATGEAR,EQ,109.5,0.95,168.14,0.28,0.31
PPAP,EQ,220,4.47,310.53,0.14,0.31
AERONEU,EQ,78.45,4.02,202.37,0.4,0.31
NILKAMAL,EQ,1343,2.8,2004.1,0.02,0.31
EEPL,SM,116,3.2,150.33,0.27,0.31
SIKKO,EQ,4.82,4.56,210.54,6.42,0.31
LINC,EQ,98,0.61,582.99,0.32,0.31
915APSBC30,N0,102843.41,0.83,564.61,0,0.31
KRONOX,EQ,129.5,3.84,480.5,0.24,0.31
EQUAL50ADD,EQ,339.8,1.85,1274.3,0.09,0.31
GROWWCAPM,EQ,11.15,2.76,29.47,2.79,0.31
SINGERIND,EQ,73,0.22,454.2,0.41,0.3
FOCUS,EQ,77.8,0.32,524.72,0.39,0.3
HEALTHCARE,EQ,19.08,2.2,8.9,1.59,0.3
DCM,EQ,85,8.56,158.76,0.36,0.3
SENSEXETF,EQ,79.41,0.91,43.24,0.38,0.3
LIBERTSHOE,EQ,263.49,1.45,448.99,0.11,0.3
KANORICHEM,EQ,86,6.79,375.76,0.35,0.3
MAFATIND,EQ,135.95,0.55,981.07,0.22,0.3
SGBMR29XII,GB,14980,0.16,4839.9,0,0.3
MIRZAINT,EQ,32.74,1.17,452.47,0.9,0.3
IWARE,ST,308.7,5,330.8,0.1,0.3
DYNPRO,EQ,236,1.32,293.31,0.12,0.29
PASUPTAC,EQ,51.22,0.39,456.54,0.57,0.29
INTERNET,EQ,12.39,0.08,26.88,2.37,0.29
SIGMA,EQ,45,1.44,462.49,0.64,0.29
EXIMROUTES,SM,131.8,5.78,247.15,0.22,0.29
BBETF0432,EQ,1316.7,0.11,10527.31,0.02,0.29
MOMIDMTM,EQ,62.89,1.47,39.17,0.46,0.29
MNC,EQ,32.87,0.03,44.39,0.87,0.29
NAHARPOLY,EQ,264,3.86,649.12,0.11,0.29
WHITEFORCE,SM,50,11.11,58,0.59,0.29
MADHUSUDAN,SM,152.7,6.71,220.96,0.19,0.28
MODINATUR,EQ,380,3.23,505.64,0.08,0.28
NDL,EQ,2.87,1.06,413.7,9.81,0.28
676GS2061,GS,91.75,0.55,130376.34,0.31,0.28
76NHAI31,NA,1090.26,0.05,2916.73,0.03,0.28
APRAMEYA,SM,229.05,7.59,436.11,0.13,0.28
SGBAPR28I,GB,15000,0.33,2659.31,0,0.28
TARACHAND,EQ,64.5,2.3,508.42,0.43,0.28
SGBNV29VII,GB,15015,0.03,4877.23,0,0.28
ADVANIHOTR,EQ,55.2,2.49,510.26,0.5,0.28
AONETOTAL,EQ,11.57,1.22,42.28,2.39,0.28
HPAL,EQ,38.1,0.32,350.04,0.72,0.27
A2ZINFRA,BE,17,0.24,299.4,1.59,0.27
TERASOFT,EQ,353,2.99,441.67,0.08,0.27
MAXIND,EQ,156.05,0.85,819.62,0.17,0.27
HDFCMOMENT,EQ,30.75,0.26,127.35,0.88,0.27
NIF100IETF,EQ,27.8,0.54,160.01,0.96,0.27
MUTHOOTCAP,EQ,204.23,2.08,335.91,0.13,0.27
SGBJAN29IX,GB,14985.01,0.36,4300.53,0,0.27
CHEMBONDCH,EQ,152.7,1.7,410.71,0.17,0.26
VETO,EQ,107.8,4.4,206.06,0.25,0.26
KDL,SM,159.95,4.37,192.32,0.17,0.26
AVG,EQ,173.09,5.22,260.63,0.16,0.26
RANASUG,EQ,13.48,1.97,207.01,1.96,0.26
NIPPOBATRY,EQ,324.7,0.09,243.53,0.08,0.26
ATLANTAA,EQ,42.18,5.45,343.77,0.63,0.26
SYSTMTXC,EQ,72.6,0.83,991.27,0.35,0.26
HDFCNIF100,EQ,25.9,1.13,77.41,0.99,0.25
GOODYEAR,EQ,786.9,0.29,1815.1,0.03,0.25
BLIL,EQ,73.35,1.45,1628.17,0.35,0.25
DPWIRES,EQ,186.29,0.38,288.76,0.14,0.25
VALUE,EQ,16.77,0.84,11.88,1.51,0.25
CHEMCON,EQ,162.5,2.8,595.25,0.16,0.25
TILPP,E1,150.85,0.02,182.4,0.16,0.25
MUNJALSHOW,EQ,129.54,1.11,517.91,0.19,0.25
OAL,EQ,312.35,0.23,1051.17,0.08,0.25
GLOSTERLTD,EQ,595,3.66,651.12,0.04,0.25
DCMSIL,BE,63.3,1.43,550.66,0.4,0.25
EXXARO,EQ,7.04,1,314.98,3.54,0.25
709GS2074,GS,96.8,0.78,152944,0.26,0.25
AONENIFTY,EQ,9.95,1.12,21.39,2.49,0.25
PLASTIBLEN,EQ,157.88,3.44,410.32,0.16,0.25
ULTRAMAR,EQ,412.7,1.51,1205.08,0.06,0.24
MID150,EQ,22.31,1.04,11.89,1.09,0.24
DEVIT,EQ,34.42,2.23,194,0.71,0.24
TOP15IETF,EQ,9.91,0.92,10.15,2.45,0.24
MENONBE,EQ,119.9,0.98,671.92,0.2,0.24
SUMEETINDS,EQ,30,0.03,1578.98,0.8,0.24
930APMD32,N0,103170.11,0.07,1031.69,0,0.24
DIVOPPBEES,EQ,80.19,0.91,70.27,0.29,0.24
GROWWMOM50,EQ,10.48,1.35,25.67,2.22,0.23
DIVYADHAN,ST,43,3.86,61.52,0.56,0.23
SHRIKRISH,EQ,47.85,19.92,133.98,0.49,0.23
BAJAJST,EQ,465,1.43,967.2,0.05,0.23
SGBN28VIII,GB,15050,0.65,2368.05,0,0.23
ASHOKAMET,EQ,16.73,8.71,41.82,1.38,0.23
STARPAPER,EQ,140.8,2.89,219.77,0.16,0.23
FLEXIADD,EQ,9.78,1.45,13.17,2.34,0.23
TUNWAL,SM,31.45,0.32,181.44,0.72,0.23
MOLDTECH,EQ,131,1.64,377.35,0.17,0.23
NAHARSPING,BE,238.01,1.54,858.39,0.09,0.23
KCEIL,ST,128.65,4.98,157.26,0.17,0.22
RUCHIRA,EQ,118.45,1.95,353.51,0.19,0.22
DRONE,SM,53.25,1.33,129.93,0.41,0.22
GROWWSC250,EQ,9.63,2.23,15.64,2.3,0.22
DPSCLTD,EQ,10.09,4.24,982.55,2.21,0.22
BHADORA,SM,65,1.17,120.9,0.34,0.22
RUDRA,BE,22,0.09,220.76,1.01,0.22
SHREEOSFM,SM,71.9,0.49,110.75,0.31,0.22
ESSENTIA,EQ,1.34,0.75,143.07,16.26,0.22
GROWWNET,EQ,9.29,1.75,32.47,2.35,0.22
KOTIC,EQ,203.9,2.54,2202.56,0.11,0.21
RKDL,EQ,21.36,1.86,51.26,0.98,0.21
BELLACASA,EQ,264.72,1.52,354.39,0.08,0.21
CONNPLEX,SM,265,0.93,506.15,0.08,0.21
AFSL,EQ,205,0.02,1038.51,0.1,0.21
KCPSUGIND,EQ,25.9,1.89,293.67,0.8,0.21
EUROBOND,EQ,177,4.18,433.65,0.12,0.21
ABSLPSE,EQ,11.1,1,23.09,1.86,0.21
DIAMINESQ,EQ,278,2.29,271.99,0.07,0.21
VARDMNPOLY,BE,7.14,2.29,327.65,3.01,0.21
GVKPIL,BE,3.15,1.94,497.27,6.54,0.21
NPBET,EQ,276.64,0.27,10.82,0.07,0.2
SKP,SM,148.55,0.03,246.59,0.14,0.2
NGIL,EQ,38.16,3.22,66.93,0.53,0.2
HDFCGROWTH,EQ,115.66,2.64,21.1,0.18,0.2
AARNAV,EQ,23.2,0.91,97.99,0.85,0.2
GFLLIMITED,EQ,47.5,1.26,521.79,0.42,0.2
HTMEDIA,EQ,22.85,3.82,417.37,0.88,0.2
HDFCPVTBAN,EQ,27.16,0.3,738.01,0.73,0.2
CHEMBOND,EQ,154.98,7.83,208.42,0.13,0.2
ARIHANT,EQ,950,1.17,946.73,0.02,0.2
URBAN,SM,143,2.14,123.84,0.14,0.19
BASML,EQ,23.39,4.56,186.94,0.85,0.19
CONSUMIETF,EQ,118,1,55.9,0.16,0.19
VLSFINANCE,EQ,238.51,0.67,748.41,0.08,0.19
KRITIKA,EQ,6.62,0.61,176.28,2.89,0.19
SOFTTECH,BE,351.71,5,486.84,0.06,0.19
364D261126,TB,96.5,0.73,6230.04,0.2,0.19
K2INFRA,SM,51.9,3.18,65.49,0.38,0.19
ORIENTCER,EQ,41.2,1.5,492.91,0.46,0.19
EMAMIPAP,EQ,76.45,4.03,462.52,0.25,0.19
HDFCBSE500,EQ,36.71,1.46,22.94,0.52,0.19
EMPOWER,EQ,1.8,2.86,209.48,10.43,0.19
LANDSMILL,EQ,1.01,1,142.48,18.82,0.19
PTL,EQ,39.25,0.85,519.58,0.47,0.18
SPENCERS,EQ,34.14,3.08,307.71,0.54,0.18
BASILIC,SM,241,4.19,608.89,0.08,0.18
PHANTOMFX,SM,209,0.24,332.79,0.09,0.18
SGBSEP29VI,GB,15000,0.1,5280.51,0,0.18
TRANSWORLD,EQ,174,1.16,382.06,0.1,0.18
STARTECK,EQ,245,0.41,242.8,0.07,0.18
TAINWALCHM,EQ,207.65,5.04,194.44,0.09,0.18
OMFURN,SM,62.4,4.87,73.47,0.29,0.18
SGBMAY26,GB,15147,0.85,985.07,0,0.18
VICTORYEV,SM,16.75,3.4,40.35,1.02,0.18
SUPREMEINF,BZ,79.9,0.72,772.92,0.22,0.18
NEOCHEM,SM,77.9,2.37,133.37,0.23,0.18
NILAINFRA,EQ,8.28,1.97,326.14,2.14,0.18
GROWWRLTY,EQ,8.91,2.3,15.07,1.97,0.18
SHEKHAWATI,BE,17.95,2.81,61.87,0.98,0.17
BIGBLOC,EQ,48.66,2.85,688.91,0.36,0.17
VMSTMT,EQ,46.8,1.63,232.27,0.37,0.17
LYKALABS,BE,59,2.47,210.57,0.29,0.17
BCONCEPTS,EQ,250,1.62,312.05,0.07,0.17
ACCPL,SM,94.05,4.38,104.55,0.18,0.17
746GS2073,GS,103,0.41,120510,0.16,0.17
SGBAUG30,GB,15257,0.33,5126.97,0,0.17
NV20,EQ,14.81,0.68,84.51,1.14,0.17
SHREEKARNI,SM,440,3.41,318.06,0.04,0.17
WELINV,EQ,1475.1,3.51,539.07,0.01,0.17
ECAPINSURE,EQ,23.68,0.55,14.93,0.7,0.16
PCCL,SM,278,0.36,686.66,0.06,0.16
SBIMIDMOM,EQ,61.94,0.93,8.07,0.27,0.16
ALBERTDAVD,EQ,713,2.25,406.92,0.02,0.16
NIFTYADD,EQ,252.7,0.86,272.21,0.06,0.16
TREL,EQ,27,2.97,663.38,0.6,0.16
VIKASECO,BE,1.38,1.47,244.08,11.56,0.16
SAKUMA,BE,1.94,0.52,304.14,8.22,0.16
PRAXIS,EQ,7.57,9.87,140.66,2.13,0.16
AXISTECETF,EQ,324.5,3.67,153.35,0.05,0.16
HAWKINCOOK,EQ,7498,0.32,3964.8,0,0.16
DVL,EQ,244,1.77,854.6,0.06,0.16
CINELINE,EQ,87.5,1.47,299.83,0.18,0.15
SPCL,SM,85.4,3.58,205.95,0.18,0.15
LYPSAGEMS,EQ,5.7,8.16,16.81,2.67,0.15
DCMNVL,EQ,136.12,4.63,254.24,0.11,0.15
MHLXMIRU,EQ,188,6.93,199.66,0.08,0.15
HECPROJECT,EQ,135.06,1.59,146.38,0.11,0.15
SGBSEP27,GB,14955.96,0.04,939.07,0,0.15
AONETMMQ50,EQ,9.99,0.71,7.31,1.53,0.15
AAATECH,EQ,98.9,0.72,126.86,0.15,0.15
MULTICAP,EQ,16.13,1.51,84.34,0.94,0.15
SGBJAN29X,GB,15000,0.57,1821.07,0,0.15
TBI,SM,70.95,4.88,128.83,0.22,0.15
648GS2035,GS,97.26,0.01,219807.6,0.15,0.15
RAJTV,EQ,23.45,0.82,121.74,0.64,0.15
VISASTEEL,EQ,42,1.72,543.02,0.36,0.15
UNIVPHOTO,BE,430,3.53,470.7,0.03,0.15
NAHARCAP,EQ,250.8,0.71,419.99,0.06,0.15
ALMONDZ,EQ,16.5,1.48,286.52,0.87,0.15
LAGNAM,EQ,82,6.16,144.89,0.18,0.15
BENGALASM,EQ,6347,4.56,7238.05,0,0.14
718GS2033,GS,103.9,0.68,208839,0.14,0.14
KODYTECH,ST,722.35,0.05,932.23,0.02,0.14
DUCOL,SM,127.85,8.3,207.81,0.12,0.14
CROWN,EQ,139.99,3.88,162.25,0.1,0.14
NIRAJ,EQ,30.2,3.6,180.28,0.48,0.14
HLVLTD,EQ,8.84,4.25,582.79,1.62,0.14
VIKASLIFE,BE,1.61,1.26,299.08,8.84,0.14
SLONE,SM,202,1,106.43,0.07,0.14
PROV,SM,1286,3.49,444.11,0.01,0.14
SENSEXBETA,EQ,850.01,0.45,53837.01,0.02,0.14
ATMASTCO,SM,148.95,1.88,368.42,0.1,0.14
MADHAVIPL,EQ,9.65,1.05,260.15,1.43,0.14
ELCIDIN,EQ,125697.95,1.12,2513.96,0,0.14
DISAQ,EQ,12400,0.89,1803.21,0,0.14
CHAVDA,SM,105.4,1.44,344.19,0.13,0.14
FCSSOFT,BE,1.7,1.19,290.62,8.08,0.14
NAHARINDUS,EQ,109.49,1.85,473.06,0.12,0.14
BALAJEE,EQ,32,0.98,261.03,0.42,0.13
SGBJUN28,GB,14980,0.46,3577.72,0,0.13
VLEGOV,BE,15.41,1.65,167.12,0.88,0.13
ELIQUID,EQ,1028.28,0.01,55.5,0.01,0.13
BARFLEX,SM,60,1.78,148.49,0.22,0.13
HIGREEN,SM,138,2.53,344.86,0.1,0.13
LIQUIDSHRI,EQ,1101.81,0.01,40.01,0.01,0.13
GRPLTD,EQ,1916.5,0.16,1022.13,0.01,0.13
PRITIKAUTO,EQ,13.38,3,222.79,0.96,0.13
TCL,SM,99,3.99,240.98,0.14,0.13
BEEKAY,EQ,440,4.01,839.17,0.03,0.13
MOALPHA50,EQ,53.01,4.93,6.68,0.24,0.13
BCPL,EQ,71.94,5.3,120.31,0.18,0.12
SIGIND,EQ,50.95,2.87,149.98,0.25,0.12
FMNL,EQ,9.23,5.97,55.97,1.33,0.12
GATECH,EQ,0.48,2.13,52.93,26.36,0.12
BTML,EQ,6.29,1.62,113.53,1.96,0.12
SGBOC28VII,GB,14980,0.46,2785.56,0,0.12
PRAENG,EQ,23.5,3.94,164.35,0.52,0.12
LICNETFGSC,EQ,28.72,0.07,1877.06,0.42,0.12
MOINFRA,EQ,64.35,1.12,2.96,0.19,0.12
ESG,EQ,41.23,1.25,103.13,0.29,0.12
SOCL,SM,32.5,4.84,43.53,0.37,0.12
TCC,EQ,399,1.2,1896.37,0.03,0.12
RUBFILA,EQ,75.5,2.44,409.72,0.16,0.12
GSEC5IETF,EQ,64.85,0.61,20.29,0.18,0.12
CONSOFINVT,BE,225,2.38,727.34,0.05,0.12
S&SPOWER,BE,428,3.26,528.22,0.03,0.12
INFRA,EQ,12.05,1.52,9.15,0.98,0.12
SGBMAY28,GB,15050,0.49,3829.16,0,0.12
BANKPSU,EQ,88.7,0.16,57.89,0.13,0.12
NINSYS,BE,508,3.06,943.66,0.02,0.12
GREENLEAF,SM,71.25,2.89,42.25,0.16,0.12
DCG,SM,62.8,4.67,113.98,0.19,0.12
MIDCAPBETA,EQ,223.79,1.3,13.47,0.05,0.12
TAALTECH,EQ,3014.95,1.55,939.56,0,0.12
PRABHAPP,E1,58.86,8.9,56.9,0.2,0.11
MOM50,EQ,250.75,0.49,56.41,0.05,0.11
SMLT,EQ,70.61,0.34,96.66,0.16,0.11
MOQUALITY,EQ,202.77,0.84,23.77,0.06,0.11
WEALTH,EQ,926,0.03,986.65,0.01,0.11
CHOICEGOLD,EQ,149,0.32,54.38,0.07,0.11
SAAKSHI,SM,207.95,0.82,367.16,0.05,0.11
REFRACTORY,SM,40.95,3.8,89.27,0.29,0.11
SUPREME,EQ,52.48,3.29,202.82,0.21,0.11
BALKRISHNA,EQ,18.75,0.91,60.41,0.58,0.11
DUCON,BE,3.32,2.47,107.88,3.38,0.11
LPDC,BE,7.9,4.64,105.97,1.39,0.11
DHUNINV,EQ,932,1.06,568.26,0.01,0.11
PANACHE,BE,318.6,1.14,510.21,0.03,0.11
TRIGYN,EQ,58.35,3.77,179.63,0.18,0.11
WILLAMAGOR,EQ,26,4.59,28.49,0.39,0.11
SREEL,EQ,183.8,2.73,425.59,0.06,0.1
GOLDTECH,EQ,39.77,0.76,207.85,0.25,0.1
NIFTYBETF,EQ,246.74,0.82,172.98,0.04,0.1
EXCELLENT,ST,127.3,1.92,56.9,0.08,0.1
MURUDCERA,EQ,33.01,0.58,199.86,0.3,0.1
753IRFC30,NJ,1113.01,0.18,1195.61,0.01,0.1
GULFPETRO,EQ,32.69,1.84,166.67,0.3,0.1
EMULTIMQ,EQ,41.7,0.29,34.48,0.24,0.1
MAITREYA,SM,181.85,10.88,123.22,0.06,0.1
NAVKARURB,EQ,0.8,3.9,89.77,12.5,0.1
PARTYCRUS,SM,89,2.65,106.67,0.11,0.1
AARVI,EQ,130.99,1.98,194.01,0.08,0.1
SAKHTISUG,EQ,18.2,0.5,216.31,0.54,0.1
JMA,EQ,91,3.03,207.85,0.11,0.1
SMALLADD,EQ,16.75,1.64,5.09,0.59,0.1
BRNL,EQ,21.07,3.08,176.88,0.46,0.1
GROWWPSUBK,EQ,87.89,0.64,5.91,0.11,0.1
TNTELE,EQ,10.53,2.23,48.09,0.92,0.1
KRISHIVAL,EQ,335,0.16,858.55,0.03,0.09
MKPL,EQ,5.31,0.57,199.32,1.76,0.09
AERON,SM,102.15,3.97,173.86,0.09,0.09
CONS,EQ,11.8,1.37,34.7,0.78,0.09
MOTOUR,EQ,73.9,0.97,18.84,0.12,0.09
SRD,EQ,44.9,2.32,287.21,0.2,0.09
FCONSUMER,BZ,0.34,3.03,67.9,27.72,0.09
MOMENTUM,EQ,31.08,1.24,44.7,0.3,0.09
PATTECH,SM,101,4.99,94.91,0.09,0.09
MOLOWVOL,EQ,36.78,1.18,67.64,0.25,0.09
MANAKSIA,EQ,60.52,2.4,396.61,0.15,0.09
LOTUSEYE,EQ,122,1.34,253.72,0.07,0.09
JOCIL,EQ,131.39,2.75,116.69,0.07,0.09
CADSYS,SM,63.9,3.4,63.92,0.14,0.09
SHIGAN,ST,74.8,3.89,152.05,0.12,0.09
VHLTD,BE,138,0.31,932.59,0.06,0.09
HITECHCORP,EQ,138.99,0.06,238.73,0.06,0.09
OPTIVALUE,SM,79.75,4.38,186.71,0.11,0.09
LANCORHOL,BE,24,0.88,176.52,0.36,0.09
AKANKSHA,SM,77,5.48,150.77,0.11,0.09
ABSLNN50ET,EQ,73.97,0.78,102.93,0.12,0.09
SHIVAMILLS,EQ,61.68,3.82,53.3,0.14,0.09
OSIAHYPER,EQ,6.55,4.97,115.91,1.3,0.08
96IIFL28A,NF,996,0.06,326.71,0.01,0.08
EPWINDIA,SM,116.5,1.3,133.74,0.07,0.08
901NHB34,N6,6234,2.3,830.02,0,0.08
SCLZC26C,NB,1284,1.86,8.88,0.01,0.08
ATLASCYCLE,EQ,102.56,0.62,66.7,0.08,0.08
INVENTURE,EQ,1.01,1,106.05,8.35,0.08
BEARDSELL,EQ,26.95,5.89,106.28,0.32,0.08
GOYALALUM,EQ,7.15,1.56,102.05,1.16,0.08
VAISHALI,BE,8.14,1.37,106.2,1.01,0.08
SINCLAIR,EQ,80.2,1.17,411.11,0.1,0.08
ITBETA,EQ,305.56,2.19,6.34,0.03,0.08
BATLIBOI,EQ,81.95,0.86,386.25,0.1,0.08
888IRFC29,NE,1142,0.44,498.38,0.01,0.08
HINDCON,BE,22.81,4.97,116.77,0.36,0.08
ENIL,EQ,117,0.71,557.74,0.07,0.08
SGBJUN30,GB,15300,1.05,3913.53,0,0.08
SSDL,EQ,62.02,3.04,245.6,0.13,0.08
NECCLTD,EQ,15.8,0.13,158,0.5,0.08
UYFINCORP,EQ,14.49,2.11,275.66,0.55,0.08
JEYYAM,SM,35.75,1.13,169.8,0.22,0.08
LAHOTIOV,EQ,49.2,0.2,143.52,0.16,0.08
MUKTAARTS,EQ,50.53,2.72,114.12,0.16,0.08
STRIDERS,SM,69.5,2.21,129.39,0.11,0.08
KOTHARIPRO,EQ,73.63,0.86,439.48,0.11,0.08
AVONMORE,EQ,12.45,1.88,351.32,0.63,0.08
PRITIKA,SM,57.9,5.46,152.65,0.14,0.08
RHL,EQ,187.2,1.12,323.7,0.04,0.08
NATCAPSUQ,EQ,159.99,0.34,166.17,0.05,0.08
INCREDIBLE,EQ,34.91,0.37,163.25,0.22,0.08
HMVL,EQ,68,4.29,500.97,0.11,0.08
UMA,SM,21,5,42.58,0.36,0.08
MIDQ50ADD,EQ,240.13,0.86,95.61,0.03,0.08
ARMOUR,SM,22.6,5.12,38.13,0.32,0.08
LFIC,EQ,140.69,1.55,42.21,0.05,0.08
RUBYMILLS,EQ,231,1.85,772.46,0.03,0.08
10IIFL28,N4,1059.76,0.93,246.63,0.01,0.08
AAKASH,BE,8.19,1.49,82.92,0.92,0.07
KSHITIJPOL,BE,2.93,2.81,45.19,2.55,0.07
DAICHI,EQ,262.55,0.4,195.63,0.03,0.07
HDFCVALUE,EQ,130.5,0.41,34.6,0.06,0.07
KOTARISUG,EQ,27.11,0.33,224.71,0.27,0.07
HVAX,SM,819,2.16,227.43,0.01,0.07
GENUSPAPER,EQ,13.79,0.15,354.58,0.54,0.07
ACL,EQ,56.63,2.09,521.97,0.13,0.07
SGBOCT27VI,GB,14979.99,0.58,1038.43,0,0.07
STEELCITY,EQ,83.68,0.61,126.42,0.09,0.07
MBLINFRA,BE,26,3.3,396.58,0.28,0.07
1060ECL29,NS,1049.98,1.84,205.02,0.01,0.07
SHIVAMAUTO,EQ,19.35,2.16,254.44,0.38,0.07
ZEAL,SM,73.25,1.6,97.49,0.1,0.07
INNOMET,SM,89,7.62,115.17,0.08,0.07
NEWJAISA,ST,24.95,1.63,89.26,0.28,0.07
CPCAP,EQ,100.45,7.58,182.75,0.07,0.07
MANUFGBEES,EQ,154,0.09,9.29,0.05,0.07
RAJINDLTD,SM,79.05,0.06,175.61,0.09,0.07
RPPL,EQ,16.1,0.31,119.53,0.44,0.07
KEN,SM,34.8,0.87,85.49,0.2,0.07
IVC,EQ,7.79,2.23,244.63,0.91,0.07
SOMATEX,EQ,109,4,360.06,0.07,0.07
UHTL,SM,51.45,5,97.78,0.14,0.07
SAHYADRI,EQ,252.4,4.47,276.28,0.03,0.07
MONEXT50,EQ,69.6,0.1,3.65,0.1,0.07
SOMICONVEY,EQ,112.99,2.06,133.1,0.06,0.07
JAYAGROGN,EQ,200.15,2.26,600.45,0.03,0.07
AKSHOPTFBR,BE,6.23,0.16,101.36,1.1,0.07
ISFT,EQ,75.5,1.14,123.15,0.09,0.07
MASTER,SM,340,3.03,136,0.02,0.07
ZSARACOM,EQ,9850,3.61,1079.49,0,0.07
NETF,EQ,259.73,0.3,709.53,0.03,0.07
AHLEAST,EQ,168,0.33,290.5,0.04,0.07
SHYAMTEL,BE,19.56,4.99,22.04,0.34,0.07
UMAEXPORTS,BE,27,1.31,91.29,0.25,0.07
WOL3D,SM,168,4.12,108.39,0.04,0.07
GTL,BE,7.31,0.69,114.98,0.9,0.07
AIRAN,EQ,17.6,0.57,220.04,0.37,0.07
MOIPO,EQ,43.98,1.55,5.5,0.15,0.07
MARCO,SM,40.95,3.15,76.57,0.17,0.07
MARALOVER,EQ,45.6,2.4,189.28,0.14,0.06
TEJASCARGO,SM,322.9,4.99,771.5,0.02,0.06
KHFM,SM,53.2,0.85,122.95,0.12,0.06
GANGABATH,ST,23.9,0.84,53.08,0.27,0.06
BAIDFIN,EQ,11.22,0.81,173.78,0.57,0.06
SHYAMCENT,EQ,5.64,0.71,119.67,1.13,0.06
PODDARMENT,EQ,256,0.7,271.62,0.02,0.06
ROML,EQ,45.99,6.83,68.93,0.14,0.06
AMNPLST,EQ,166,2.89,913.33,0.04,0.06
ATAM,EQ,69.5,1,79.67,0.09,0.06
UNITEDTEA,EQ,541.85,0.17,270.74,0.01,0.06
ZENITHSTL,EQ,6.55,0.15,93.19,0.94,0.06
GRAPHISAD,ST,36.3,2.98,66.34,0.17,0.06
IL&FSENGG,BZ,27.23,4.73,357.04,0.23,0.06
NIRMAN,ST,54.2,2.17,43.41,0.11,0.06
ODIGMA,BE,27.69,0.29,86.55,0.22,0.06
PILITA,EQ,7.98,0.38,187.53,0.74,0.06
910TCAP28,NA,1086.9,0.27,371.56,0.01,0.06
GLOBE,EQ,2.55,3.24,114.86,2.37,0.06
ONDOOR,ST,151.85,0.6,85.77,0.04,0.06
1075WCAP28,N0,98000,0.1,24.5,0,0.06
ORIENTALTL,EQ,6.99,0.43,51.38,0.84,0.06
ASHWINI,SM,148,1.79,222,0.04,0.06
PRAKASHSTL,EQ,4.83,3.87,84.53,1.21,0.06
TECHNVISN,EQ,5750,0.47,3608.13,0,0.06
BLACKROSE,EQ,85,1.13,433.5,0.07,0.06
INDBANK,EQ,34.16,1.73,151.6,0.17,0.06
VARDHACRLC,EQ,36,2.36,289.31,0.16,0.06
TRANSPEK,EQ,1187,3.05,663.01,0,0.06
PATINTLOG,EQ,11.6,1.58,80.72,0.49,0.06
SICAGEN,EQ,54.45,3.32,215.47,0.1,0.06
SGBAUG27,GB,15089.99,1.08,1546.48,0,0.06
ENSER,ST,15.6,1.96,135.97,0.35,0.06
SHERA,SM,137,0.37,334.82,0.04,0.06
GREENCHEF,SM,50.4,5,117.29,0.11,0.06
EMMBI,EQ,86.3,0.37,166.04,0.06,0.06
SCML,SM,139,2.21,159.99,0.04,0.06
YASHOPTICS,SM,117,1.74,289.76,0.05,0.05
IMPAL,EQ,1009.95,0.83,1260.42,0.01,0.05
AMJLAND,EQ,42.85,2.51,175.69,0.13,0.05
SHEEL,SM,45,2.97,91.59,0.12,0.05
MAGSON,ST,183,4.57,225.55,0.03,0.05
VIGOR,SM,57,1.42,59,0.1,0.05
CUDML,SM,135,0.93,238.22,0.04,0.05
GROWWN200,EQ,11.2,0.99,16.43,0.48,0.05
ACCORD,ST,45.95,4.55,15.95,0.12,0.05
CHAMUNDA,SM,44.6,1.71,49.08,0.12,0.05
NBIFIN,EQ,2025,0.41,598.36,0,0.05
SNXT30BEES,EQ,41.73,1.16,6.02,0.13,0.05
GLOBALPET,SM,113,0.89,133.2,0.04,0.05
SUNDARAM,EQ,1.47,2.08,69.66,3.61,0.05
ARCHIDPLY,EQ,78,3.24,154.95,0.07,0.05
UNIENTER,EQ,108.1,0.33,751.79,0.05,0.05
RUCHINFRA,EQ,6.32,1.28,149.17,0.83,0.05
MAHICKRA,ST,230,0.88,224.85,0.02,0.05
M&MFIN,N3,2330.95,0.04,62.84,0,0.05
LICNMID100,EQ,60.41,1.17,639.68,0.09,0.05
ORBTEXP,EQ,166.75,2.55,442.07,0.03,0.05
CREST,EQ,363,0.71,1032.73,0.01,0.05
GROWWNXT50,EQ,70.66,0.91,8.28,0.07,0.05
71GS2034,GS,102,1.19,163200,0.05,0.05
NEUEON,BE,19.5,4.95,1102.62,0.26,0.05
NIFTYQLITY,EQ,20.95,0.62,28.51,0.24,0.05
GANGAFORGE,EQ,2.9,0.69,39.09,1.77,0.05
PAVNAIND,BE,20.7,0.1,288.83,0.25,0.05
NDGL,EQ,2655.5,0.21,265.55,0,0.05
BLBLIMITED,BE,17.85,1.83,94.36,0.28,0.05
GEECEE,EQ,298,2.37,623.17,0.02,0.05
VELJAN,EQ,1047,7.06,471.15,0,0.05
MITTAL,EQ,0.97,1.04,43.06,5.07,0.05
TOP20,EQ,8.76,1.27,11.46,0.55,0.05
AXISHCETF,EQ,152.09,2.4,22.12,0.03,0.05
SELLOWRAP,SM,74.7,1.91,102.67,0.06,0.05
21STCENMGM,EQ,36.47,1.99,38.29,0.13,0.05
SAJHOTELS,SM,46.95,13.82,75.71,0.1,0.05
SHREYANIND,EQ,171,0.83,236.41,0.03,0.05
760PFCL35,N3,1189.9,0.69,185,0,0.05
SUNTECH,SM,41.75,4.24,80.84,0.11,0.05
ANMOL,EQ,12.19,4.64,69.38,0.38,0.05
NAGREEKEXP,EQ,28,1.97,87.5,0.17,0.05
HDFCQUAL,EQ,57.74,1.46,19.99,0.08,0.05
BAGFILMS,EQ,5.35,3.68,105.8,0.85,0.05
KKJEWELS,SM,110.3,2.89,115.65,0.04,0.05
QMSMEDI,SM,91,3.41,175.97,0.05,0.04
BSLSENETFG,EQ,77.61,0.91,269.6,0.06,0.04
EQUAL200,EQ,13.44,1.13,19.24,0.33,0.04
UNIONGOLD,EQ,147.45,1.17,317.88,0.03,0.04
CYBERMEDIA,EQ,16.36,1.74,33.74,0.27,0.04
BANKBETF,EQ,57.06,0.63,398.56,0.08,0.04
BIRLAPREC,EQ,34.1,2.25,233.2,0.13,0.04
AKCAPIT,EQ,1590,3.77,1049.4,0,0.04
INDPRUD,EQ,6799.95,4.58,1139.56,0,0.04
PRITI,BE,46.32,0.65,61.85,0.09,0.04
SHYAMDHANI,SM,71.5,1.56,147.69,0.06,0.04
ESCONET,ST,135.2,4.85,178.41,0.03,0.04
NITIRAJ,EQ,205,0.65,210.15,0.02,0.04
AVATAR,SM,105,5,109.38,0.04,0.04
WINSOL,SM,137,5.38,158.03,0.03,0.04
AKASH,EQ,28.18,0.18,47.52,0.15,0.04
ADROITINFO,EQ,10.05,0.6,54.45,0.42,0.04
SHEMAROO,EQ,103.2,0.43,281.95,0.04,0.04
SBIETFCON,EQ,118.08,1.27,23.77,0.03,0.04
MONIFTY100,EQ,25.16,0.92,12.88,0.16,0.04
PURVFLEXI,ST,62.35,4.97,130.83,0.06,0.04
AMCL,SM,495,0.61,585.82,0.01,0.04
SECURKLOUD,BE,22.94,2,76.64,0.18,0.04
INDOUS,EQ,103.5,0.97,207.54,0.04,0.04
GROWWPSE,EQ,106.73,0.16,18.24,0.04,0.04
BSL,EQ,127.11,1.37,130.82,0.03,0.04
ROXHITECH,ST,36.45,3.4,83.61,0.11,0.04
ACCURACY,BE,5.1,0.39,76.79,0.77,0.04
ARVEE,EQ,167.63,1.74,184.73,0.02,0.04
925ISF28,N0,9998.99,2.63,174.98,0,0.04
9SCL27,N2,1041,0.58,10.85,0,0.04
GOKUL,EQ,40.53,2.84,401.23,0.09,0.04
EFACTOR,SM,239.85,0.36,314.96,0.02,0.04
AXISBNKETF,EQ,579.08,0.42,354.3,0.01,0.04
BABAFP,SM,27.5,1.85,44.9,0.14,0.04
CHETANA,SM,39,1.83,79.56,0.1,0.04
NIBL,EQ,31.99,5.72,77.51,0.12,0.04
CTE,BE,30.7,3.19,60.27,0.12,0.04
BONLON,EQ,49.95,0.46,70.85,0.08,0.04
ARIHANTACA,SM,480,2.13,290.65,0.01,0.04
MAHAPEXLTD,EQ,52.4,1.24,74.15,0.07,0.04
VIVIMEDLAB,BE,6.89,2.68,57.13,0.55,0.04
ZODIACLOTH,EQ,78.62,0.81,215.88,0.05,0.04
1075WCA28,N0,9788.81,0.92,19.58,0,0.04
795GS2032,GS,108.25,0.23,102837.5,0.03,0.04
HDIL,BZ,2.16,4.85,102.38,1.72,0.04
FLEXITUFF,EQ,6.88,5.2,22.58,0.53,0.04
LEXUS,BE,18.4,2.28,38.25,0.21,0.04
READYMIX,SM,90.65,0.78,99.34,0.04,0.04
PROFX,SM,75,4.17,131.28,0.05,0.04
AHLWEST,BE,312.49,5,364.09,0.01,0.04
MIDCAPADD,EQ,22.16,0.86,6.21,0.16,0.04
STUDIOLSD,ST,11.95,4.82,62.01,0.3,0.04
URAVIDEF,BE,145.25,0.1,165.59,0.02,0.04
IVZINNIFTY,EQ,2737.71,0.42,92.17,0,0.03
RTL,ST,86.5,0.58,114.17,0.04,0.03
PRATHAM,SM,144,0.28,262.26,0.02,0.03
BNAGROCHEM,EQ,246,3.73,2405.21,0.01,0.03
KANANIIND,EQ,1.72,2.38,34.03,2.03,0.03
AVIANSH,SM,114.5,1.6,160.04,0.03,0.03
VITAL,BE,64.9,3.18,155.44,0.06,0.03
NEXTMEDIA,EQ,4.42,6,29.57,0.79,0.03
HEALTHADD,EQ,150.19,2.14,13.2,0.02,0.03
MANGALAM,BE,27.8,0.11,44,0.12,0.03
AMEYA,SM,113.25,4.86,84.94,0.03,0.03
TRUST,SM,41.2,4.3,98.16,0.08,0.03
876HUDCO28,ND,1123,0.61,915.25,0,0.03
MOGSEC,EQ,64,0.27,165.06,0.05,0.03
SGBJUN27,GB,15052.5,0.36,692.1,0,0.03
UMIYA-MRO,EQ,88,2.64,164.42,0.04,0.03
HGM,EQ,53.06,1.57,66.83,0.06,0.03
SAGARDEEP,EQ,25.59,8.52,43.65,0.13,0.03
JAINAM,SM,211.4,4.99,247.57,0.01,0.03
SNEHAA,ST,45,4.9,45.81,0.07,0.03
1018GS2026,GS,102.5,0.24,15375,0.03,0.03
885SCL26,N9,1036.5,0.1,1026.92,0,0.03
IVP,EQ,143.25,0.27,147.92,0.02,0.03
RRIL,EQ,16.6,2.79,201.22,0.19,0.03
AGRITECH,EQ,115.68,3.3,68.71,0.03,0.03
719GS2060,GS,98.3,1.87,62912,0.03,0.03
LIBAS,EQ,12.24,1.07,32.25,0.25,0.03
ATLPP,E1,9.8,7.69,39,0.32,0.03
BLUECOAST,EQ,31.59,6.83,54.31,0.1,0.03
865IRFC29,NA,1090,0.43,750.31,0,0.03
MSCIADD,EQ,29.24,1.56,3.3,0.1,0.03
TARAPUR,EQ,25.07,3.04,48.89,0.12,0.03
AGROPHOS,EQ,32.75,0.99,66.4,0.09,0.03
CORALFINAC,EQ,35,1.16,141.06,0.09,0.03
SHUBHSHREE,SM,330,3.13,172.99,0.01,0.03
MSCIINDIA,EQ,29.7,1.64,1600.51,0.1,0.03
SNXT50BETA,EQ,91.6,1.31,32.66,0.03,0.03
HEXATRADEX,EQ,169.87,1.4,938.44,0.02,0.03
BANKA,BE,71.01,1.44,77.56,0.04,0.03
RILINFRA,SM,34.15,0.15,63.54,0.09,0.03
HEADSUP,EQ,7.3,0.14,16.12,0.4,0.03
ESPRIT,SM,61,1.67,133.87,0.05,0.03
AHLADA,EQ,46.46,1.71,60.03,0.06,0.03
364D300726,TB,98.45,0.04,5073.07,0.03,0.03
SFML,SM,22,4.51,54.62,0.13,0.03
SENSEXADD,EQ,79.39,0.6,3.43,0.04,0.03
SAPPL,EQ,303,2.89,268.18,0.01,0.03
TCIFINANCE,EQ,14.53,1.18,18.7,0.19,0.03
COMPUSOFT,EQ,14,0.29,110.78,0.2,0.03
ACEINTEG,EQ,20.35,1.09,20.76,0.14,0.03
GVPTECH,EQ,6.99,2.49,128.64,0.39,0.03
SGBJAN27,GB,14939,0.17,363.92,0,0.03
ALPHAGEO,EQ,220,1.28,140.02,0.01,0.03
PIONEEREMB,EQ,26.99,2.7,83.15,0.1,0.03
CEDAAR,SM,33.4,2.14,46.35,0.08,0.03
ASPINWALL,EQ,230,1.63,179.82,0.01,0.03
JHS,BE,9.17,0.44,78.5,0.28,0.03
PML,EQ,604.9,3.7,186.55,0,0.03
INDIANCARD,EQ,209.92,1.23,124.72,0.01,0.03
769HUDCO31,N9,1119.9,0.66,683.19,0,0.03
WTICAB,SM,102.9,2.13,245.02,0.03,0.03
DOLLEX,SM,31.9,0.95,127.44,0.08,0.02
AKI,EQ,5.18,0.39,53.46,0.48,0.02
DNAMEDIA,EQ,3.03,0.66,35.67,0.81,0.02
891NTPC33,N6,1245,0.05,497.96,0,0.02
MUNISH,SM,67.95,4.46,163.56,0.04,0.02
903SFL28,YI,1049,1.84,52.37,0,0.02
DIVIDEND,EQ,36.98,1.73,9.93,0.06,0.02
AILIMITED,SM,41.4,4.68,24.93,0.06,0.02
AGARWALFT,ST,39,4,28.25,0.06,0.02
943ECL28,NJ,999,0.4,59.07,0,0.02
MOPSE,EQ,108.85,1.13,1.96,0.02,0.02
BGLOBAL,BZ,3.1,4.73,4.91,0.74,0.02
RADAAN,EQ,3.38,1.2,18.31,0.66,0.02
BAFNAPH,BE,136.32,0.22,322.48,0.02,0.02
SIDDHIKA,SM,225,1.37,139.03,0.01,0.02
PEARLPOLY,BE,20.99,0.91,35.34,0.11,0.02
AKSHARCHEM,EQ,198,2.27,159.06,0.01,0.02
885IHL26,N1,1015,0.39,278.62,0,0.02
APCL,EQ,116,2.29,340.75,0.02,0.02
RACE,BE,125,0.9,215.72,0.02,0.02
KARMAENG,EQ,52.8,2.84,61.09,0.04,0.02
SATIPOLY,SM,34.3,0.88,16.97,0.06,0.02
932AEL27,N3,1025,0.98,45.3,0,0.02
ARCHIES,EQ,14.41,0.84,48.68,0.14,0.02
GROWWMC150,EQ,222.81,1.27,5.87,0.01,0.02
ZENITHEXPO,EQ,225.87,3.6,121.89,0.01,0.02
APOLSINHOT,EQ,1136.8,1.26,295.61,0,0.02
SHRENIK,BZ,0.4,2.56,24.48,5.14,0.02
SBIETFQLTY,EQ,218.58,0.58,78.08,0.01,0.02
116VCCL26A,N0,99692,0.68,14.95,0,0.02
HISARMETAL,EQ,155.5,2.61,83.97,0.01,0.02
SALONA,EQ,280,1.91,147.35,0.01,0.02
GIRIRAJ,ST,194.1,0.08,464.3,0.01,0.02
MYMUDRA,SM,84,5,95.69,0.02,0.02
FONEBOX,SM,66,3.13,67.72,0.03,0.02
KEL,SM,81,2.53,83.2,0.02,0.02
EQUIPPP,BE,17.01,3.15,175.36,0.12,0.02
LASA,BE,8.17,1.62,40.93,0.24,0.02
9MMFSML,N2,1077,0.12,0,0,0.02
IIFLZC28B,Y1,1231,1.02,46.18,0,0.02
PHOGLOBAL,SM,19.5,7.14,37.72,0.1,0.02
ABSL10BANK,EQ,167.4,0.59,154.64,0.01,0.02
GUJRAFFIA,EQ,42.5,2.61,22.97,0.05,0.02
ABMKNO,EQ,234,0.6,468.05,0.01,0.02
HRHNEXT,SM,31.6,4.98,41.73,0.06,0.02
EUROTEXIND,EQ,16,2.83,14,0.12,0.02
BOHRAIND,BE,18.56,1.98,39.3,0.1,0.02
JYOTIGLOBL,ST,44.9,3.22,88.99,0.04,0.02
SATECH,ST,44.75,4.07,58.43,0.04,0.02
DGCONTENT,EQ,30.19,6.91,175.67,0.06,0.02
SELMC,EQ,32.71,0.43,108.38,0.05,0.02
BBTCL,EQ,202.85,3.05,416.07,0.01,0.02
BANG,EQ,38.89,0.08,52.73,0.05,0.02
ANYA,SM,17.5,2.04,210,0.1,0.02
ALUWIND,SM,58,3.57,144.12,0.03,0.02
QUALITY30,EQ,20.4,1.14,2.58,0.08,0.02
GLFL,BE,7.29,4.89,19.77,0.24,0.02
KREBSBIO,BE,59.43,0.17,128.13,0.03,0.02
897MOFSL29,N4,1021,0.59,97.14,0,0.02
SGBFEB29XI,GB,15033.91,0.78,1846.04,0,0.02
GOLDENTOBC,BZ,28,4.87,49.3,0.06,0.02
NKIND,EQ,69,2.99,41.47,0.02,0.02
AGNI,SM,22,1.38,42.98,0.07,0.02
WEIZMANIND,EQ,83.4,1.26,129.22,0.02,0.02
MACOBSTECH,SM,201,0.32,196.88,0.01,0.02
KRIDHANINF,EQ,2.63,3.14,24.93,0.62,0.02
LAL,EQ,7.39,5.42,127.65,0.22,0.02
MAGNUM,BE,21.88,1.3,149.68,0.07,0.02
ABANSENT,EQ,27.5,4.76,191.81,0.06,0.02
862AEL31,NM,1019.5,0.34,51.96,0,0.02
NEXT30ADD,EQ,42.2,2.23,45.75,0.04,0.02
IDFNIFTYET,EQ,264.91,0.9,3.79,0.01,0.01
AVAILFC,EQ,157.9,0.64,161.12,0.01,0.01
NIDOZC26,N7,2520,0.4,15.08,0,0.01
GKWLIMITED,EQ,1584,3.34,945.09,0,0.01
MOMNC,EQ,31.96,1.08,2.4,0.05,0.01
AROGRANITE,EQ,26.66,0.64,40.79,0.05,0.01
SUPERSPIN,EQ,5.47,1.3,30.09,0.27,0.01
RITEZONE,SM,22.3,4.94,9.43,0.06,0.01
KONTOR,SM,79,2.53,48.82,0.02,0.01
BANK10ADD,EQ,16.76,0.3,151.43,0.08,0.01
NOIDATOLL,EQ,3.78,0.8,70.38,0.37,0.01
AXSENSEX,EQ,79.93,1.28,128.05,0.02,0.01
DELTIC,ST,46.4,1.09,70.94,0.03,0.01
KIRANVYPAR,EQ,202,3.59,551.14,0.01,0.01
DELAPLEX,SM,110.8,1.65,100.94,0.01,0.01
SVPGLOB,EQ,3.38,4.97,42.76,0.4,0.01
FIBERWEB,BE,38.4,1.83,110.56,0.03,0.01
91MOFSL27,N2,1006,0.61,451.22,0,0.01
ORCHASP,EQ,2.06,0.49,71.36,0.63,0.01
RULKA,SM,109.6,4.33,46.67,0.01,0.01
REGENCERAM,EQ,46.25,4.14,122.29,0.03,0.01
PKTEA,EQ,760,1.79,235.29,0,0.01
HBSL,EQ,64.44,0.39,46,0.02,0.01
BIOFILCHEM,EQ,33.82,1.81,55.04,0.04,0.01
DBSTOCKBRO,EQ,27.4,0.33,95.9,0.05,0.01
LICNETFN50,EQ,269.43,0.82,863.14,0,0.01
706GS2028,GS,101.8,0.08,112998,0.01,0.01
SHRITECH,SM,60.9,3.05,151.95,0.02,0.01
SGL,EQ,12.13,1.17,32.74,0.1,0.01
ANTGRAPHIC,EQ,0.9,1.12,13.95,1.35,0.01
SGBMAR28X,GB,14965.95,0.41,1133.43,0,0.01
MEDISTEP,ST,19.95,5,28.35,0.06,0.01
1225IFL27,N0,9150,0.43,18.28,0,0.01
MEP,BZ,0.97,1.04,17.79,1.24,0.01
BAWEJA,SM,37.25,1.22,68.64,0.03,0.01
ARSHIYA,BZ,1.36,3.82,35.83,0.87,0.01
OSWALSEEDS,EQ,12.94,1.33,118.36,0.09,0.01
SILLYMONKS,EQ,17.39,2.29,21.67,0.07,0.01
PREMIUM,SM,38,2.7,72.57,0.03,0.01
IWP,EQ,34.4,0.58,220.07,0.03,0.01
SERVICE,ST,56,2.75,74.64,0.02,0.01
MADHUCON,BE,5.09,1.8,37.56,0.22,0.01
SIDDHICOTS,ST,31.1,3.67,75.9,0.04,0.01
CELEBRITY,EQ,7.51,0.81,44.82,0.15,0.01
DKEGL,SM,73.5,0.96,55.18,0.01,0.01
1050UCL28,NH,1033,2.02,56.75,0,0.01
GURUNANAK,SM,33.5,3.08,40.2,0.03,0.01
JISLDVREQS,EQ,23.53,1.64,45.4,0.04,0.01
INFINIUM,SM,212,0.95,330.36,0.01,0.01
SGBOCT27,GB,14950,0.21,681.39,0,0.01
SGBOCT26,GB,15050,1.01,470.4,0,0.01
INM,SM,175,2.94,244.84,0.01,0.01
704REC28,N4,1165,11.89,57.91,0,0.01
TOUCHWOOD,EQ,75.86,0.73,84.06,0.01,0.01
915APSBC29,N0,103859.27,0.06,570.19,0,0.01
KAUSHALYA,EQ,895.1,0.44,31,0,0.01
12VCCL27D,N0,99500,0.51,24.88,0,0.01
115VCCL31,N0,97500,0.52,39,0,0.01
FLFL,BZ,1.53,4.79,30.87,0.66,0.01
TRIDHYA,SM,10.85,4.33,25.27,0.09,0.01
ELDEHSG,EQ,867,2.81,852.52,0,0.01
SHIVAUM,BE,362,4.47,492.33,0,0.01
HDFCLOWVOL,EQ,20.12,0.6,33.95,0.05,0.01
SHKSIL,SM,47,0.64,90.2,0.02,0.01
ICDSLTD,BE,48.35,3.49,62.98,0.02,0.01
ABHAPOWER,SM,29,1.75,53.9,0.03,0.01
CAPTRUST,BE,13.15,1.23,44.74,0.07,0.01
EASTSILK,BE,59.1,0.15,29.55,0.02,0.01
HALDER,EQ,248,1.64,308.47,0,0.01
QUINT,EQ,39.7,4.06,187.42,0.02,0.01
SGBDEC26,GB,15000,0.33,311.83,0,0.01
SECMARK,BE,119.98,1.68,125.34,0.01,0.01
SONAMAC,ST,44.25,3.51,60.73,0.02,0.01
MALUPAPER,EQ,32.89,3.23,56.11,0.03,0.01
GILT5BETA,EQ,65.51,0.18,25.83,0.01,0.01
732GS2030,GS,105.08,1.03,73556,0.01,0.01
AESTHETIK,SM,82.6,3.25,142.24,0.01,0.01
830CIFC26,N2,1003,0.3,187.77,0,0.01
MMEL,SM,39.85,3.51,74.94,0.02,0.01
AMDIND,EQ,45.48,2.32,87.17,0.02,0.01
NEXT50ADD,EQ,70.62,0.71,8.98,0.01,0.01
3PLAND,EQ,36,2.42,64.8,0.02,0.01
DIGIDRIVE,EQ,22.84,2.47,88.08,0.03,0.01
890NHB34,N7,6500,3.17,62.86,0,0.01
SWASTIK,ST,21.75,2.84,50.53,0.04,0.01
EMMIL,SM,155,0.75,175.56,0.01,0.01
WALPAR,SM,38.1,0.26,35.78,0.02,0.01
GOYALSALT,SM,126.95,4.92,227.24,0.01,0.01
ASTAR,EQ,660,6.54,1056.45,0,0.01
MONOPHARMA,SM,13.1,1.55,23.15,0.06,0.01
957ICCL25,YW,1086.3,1.05,28.66,0,0.01
SHARDUL,EQ,29,4.69,253.73,0.03,0.01
764TN29,SG,100,0.34,1500,0.01,0.01
BANARBEADS,EQ,113,1.59,74.99,0.01,0.01
EQUAL50,EQ,326.9,0.96,148.82,0,0.01
875NHAI29,N6,1101,0.09,1309.98,0,0.01
IL&FSTRANS,BZ,2.45,1.66,80.6,0.29,0.01
ABGSEC,EQ,111.99,0.76,11.52,0.01,0.01
GROWWLOVOL,EQ,10.35,0.88,4.2,0.06,0.01
SIGNORIA,SM,64.3,3.54,30.59,0.01,0.01
704IRFC28,N6,1060,0.93,279.72,0,0.01
1015ECL29,NR,1020.55,0.45,113.38,0,0.01
11UCL26,NC,1050,5,48.74,0,0.01
VISHWAS,SM,39.25,3.15,39.25,0.02,0.01
RICHA,SM,60.35,1.94,81.49,0.01,0.01
RSDFIN,EQ,87.55,7.09,113.35,0.01,0.01
PNC,BE,21.8,0.97,31.54,0.03,0.01
MOMGF,EQ,155.97,1.76,1.56,0,0.01
CREATIVEYE,EQ,7.07,1.29,14.18,0.08,0.01
WIPL,EQ,158,0.55,134.1,0,0.01
810IRFC27,N2,1068.9,1.04,3308.72,0,0.01
105IIFL29,N7,1050,0.29,16.22,0,0.01
MOSERVICE,EQ,30.7,0.62,5.3,0.02,0.01
ANIKINDS,BE,44.11,1.99,122.42,0.01,0.01
KHANDSE,EQ,16.49,0.18,25.15,0.03,0.01
901HUDCO34,NE,1262.99,0.55,847.66,0,0.01
GTECJAINX,EQ,19.9,4.79,20.28,0.03,0.01
1050NFL26,N7,1007,1.21,67.97,0,0.01
895AEL27,N9,1065.8,2.26,86.85,0,0.01
91D280526,TB,99.43,0.45,15430.94,0.01,0
1039UCL26,NE,1010,1,28.27,0,0
GAJANAND,SM,8.75,2.34,16.48,0.06,0
RETAIL,EQ,20.2,1.1,16.57,0.02,0
LICNETFSEN,EQ,870.37,1.02,717.89,0,0
QUADPRO,SM,1.95,2.63,9.86,0.24,0
ORIENTLTD,EQ,63.84,1.67,63.84,0.01,0
AXISCETF,EQ,117.64,0.99,13.58,0,0
AUSL,SM,22.3,1.13,55.38,0.02,0
HOMESFY,SM,147.5,0.34,47.59,0,0
SANCO,BZ,2.61,4.82,3.41,0.17,0
MOBANK10,EQ,16.74,0.12,5.78,0.03,0
EDUCOMP,BZ,0.96,4.35,11.76,0.45,0
UMESLTD,BE,5.98,1.7,15.8,0.07,0
CELLPOINT,SM,17.05,0.29,31.86,0.02,0
950ISF27C,N0,9950,2.57,298.5,0,0
MTEDUCARE,BE,1.46,3.55,10.55,0.25,0
CRAYONS,SM,36.6,4.42,89.41,0.01,0
GILT10BETA,EQ,26.14,0.38,23.51,0.01,0
ESENSEX,EQ,77.5,0.73,14.72,0,0
ISHAN,ST,0.7,7.69,15.14,0.48,0
ASPIRE,SM,16.5,2.17,25.04,0.02,0
ANKITMETAL,BZ,1.63,3.82,23,0.2,0
MIEL,SM,15.75,0.32,27.71,0.02,0
SSFLPP,E1,109.65,0.64,190.07,0,0
723GJ27,SG,100.5,0.5,2010,0,0
697GR2034,GS,98.62,0.01,1673.97,0,0
TEAMGTY,EQ,262,1.16,235.62,0,0
BALCO,SM,22.9,0.66,10,0.01,0
PERFECT,SZ,1.8,2.86,3.15,0.15,0
935LTF29,N5,1061.1,0.1,117.69,0,0
DECCANTRAN,SM,21.5,1.18,48.86,0.01,0
875AEL29,NK,1029,0.88,407.85,0,0
891IIFCL34,N4,1253,1.38,746.66,0,0
HBESD,EQ,78,3.31,179.09,0,0
699GS2051,GS,96.74,0.77,141748.29,0,0
820IIFL27,N9,990,0.08,52.13,0,0
ENIFTY,EQ,25.25,5.21,16.59,0.01,0
TWCGOLDETF,EQ,149.5,0.39,23.7,0,0
84TCHF28,NA,1047.9,1.74,94.91,0,0
875PCHFL26,N8,1069,0.66,86.45,0,0
KRISHPP,E1,110.15,1.99,36.71,0,0
865LTF26,NN,1057.75,3.08,421.18,0,0
SRGHFL,EQ,282,0.94,442.79,0,0
IMC1,N2,253.02,0.2,61.74,0,0
QUINTEGRA,BE,1.42,4.41,3.81,0.15,0
MERCANTILE,EQ,23,6.24,257.41,0.01,0
852IIFL29,Y5,1006,0.6,35.96,0,0
COMPINFO,BZ,1.42,1.43,12.18,0.14,0
PREMIER,BE,2.9,2.11,8.81,0.06,0
930SFL28,YP,1056,0.28,34.15,0,0
SHIVATEX,EQ,156,1.29,202.22,0,0
SGBJUL27,GB,14912,0.08,799.2,0,0
NIRAJISPAT,BE,242,3.07,14.52,0,0
1003ISFL28,N4,1011,0.01,81.27,0,0
925SCL2028,N8,1094.99,6.95,14.99,0,0
837IIFL28,Y4,985.5,0.56,87.29,0,0
925ECL28,N2,983.8,0.03,47.57,0,0
865TCAPS27,N8,1080,2.65,648.42,0,0
81TCHF28,N8,1050,3.75,40.19,0,0
865SCL26,N8,1014.99,1.6,13.9,0,0
91D070526,TB,99.65,0.06,11400.12,0,0
91D110626,TB,99,0.05,15345,0,0
735TN43,SG,96.05,5,1921,0,0
IMPEXFERRO,BZ,1.65,0.61,14.51,0.05,0
FELDVR,BZ,3.06,2,12.05,0.02,0
AMBICAAGAR,EQ,24.05,0.54,41.31,0,0
WINSOME,BZ,1.79,1.7,12.66,0.03,0
SAYAJIHOTL,EQ,288,2.86,504.52,0,0
ORTEL,BZ,1.85,1.09,6.1,0.02,0
ABMINTLLTD,BE,43.55,0.81,40.97,0,0
935PFL33,N3,1098,5.07,61.37,0,0
68GS2060,GS,94.5,3.58,80251.04,0,0
SFLZC26A,ZC,1864,0.25,26.52,0,0
ABSLMSCIN,EQ,29.2,1.04,10.14,0,0
GVPTECHPP,E1,3.13,5.39,6.63,0.01,0
769NHAI31,NE,1133.9,0.37,1278.66,0,0
764HUDCO31,N8,1108.75,0.16,616.63,0,0
1119NFL27,ND,1060,5.47,52.79,0,0
692GS2039,GS,100.5,1.52,122610,0,0
9IIFL31,Y9,1002,0.96,112.47,0,0
SEYAIND,BE,13.1,1.95,34.81,0,0
737GR2054,GS,102,0.99,10200,0,0