Symbol ,Series ,LTP ,%chng ,Mkt Cap (₹ Crores),Volume (Lakhs),Value (₹ Crores)
HDFCBANK,EQ,817.5,5.89,1258407.86,702.7,5690.92
BSE,EQ,3168.1,7.36,129221.75,104.19,3287.17
ICICIBANK,EQ,1309.1,5.11,937412.71,251.49,3286.98
SBIN,EQ,1065,3.36,983060.77,285.34,3048.94
LT,EQ,4010,7.7,551628.51,73.68,2943.63
RELIANCE,EQ,1349.4,3.43,1826071.86,218.18,2930.14
INDIGO,EQ,4614,8.09,178383.24,55.39,2581.69
INFY,EQ,1346.9,0.56,546247.65,160.3,2154.56
BHARTIARTL,EQ,1861,1.68,1133926.62,115.88,2153.29
GALLANTT,EQ,666.25,3.75,16075.34,301.69,2076.81
SHRIRAMFIN,EQ,1025,10.14,192860.45,182.57,1856.6
AXISBANK,EQ,1333.4,6.66,414443.74,135.2,1784.68
ASHOKLEY,EQ,172.3,12.67,101206.51,1023.03,1738.74
TITAN,EQ,4485,6.01,398172.09,38.35,1706.06
ADANIGREEN,EQ,1035,11.85,169884.26,160.43,1634.96
TMCV,EQ,436.1,10.11,160586.47,347.83,1509.19
ETERNAL,EQ,244.4,5.36,235854.57,618.02,1508.64
MARUTI,EQ,13570,6.03,426644.29,10.26,1398.43
M&M,EQ,3212.5,6.85,399483.64,42.28,1354.53
BAJFINANCE,EQ,917,7.24,570570.41,138.26,1263.3
TCS,EQ,2561.1,0.84,926628.39,47.69,1219.58
VEDL,EQ,723.2,1.4,282799.26,163.94,1186.86
BLS,EQ,295.5,9.61,12166.94,391.98,1165.71
KOTAKBANK,EQ,379.5,4.56,377468.34,301.62,1136.03
ADANIPOWER,EQ,169.34,3.66,326567.02,663.18,1124.95
ADANIPORTS,EQ,1452,5.14,334534.86,76.36,1121.35
MCX,EQ,2598,2.21,66246.88,41.27,1074.92
GROWW,EQ,181.61,9,113934.79,581.59,1037.49
DIXON,EQ,10699,5.76,65051.95,9.79,1035.48
SILVERBEES,EQ,230.4,4.71,31651.14,445.4,1026.52
HINDPETRO,EQ,364.95,10.12,77654.88,259.75,936.26
BEL,EQ,434.15,1.48,317354.05,200.54,866.86
ATGL,EQ,557.5,7.3,61314.41,152.9,862.36
ADANIENT,EQ,2044.9,8.65,264127.29,41.98,852.72
DLF,EQ,572.75,7.24,141773.67,147.22,834.95
HINDUNILVR,EQ,2145,1.63,503987.33,37.94,818.61
FORCEMOT,EQ,22131,11.1,28843.14,3.8,817.33
OLAELEC,EQ,30.5,5.79,13453.03,2607.46,796.06
BPCL,EQ,298.75,7.68,129610.68,266.47,791.88
TATASTEEL,EQ,204.25,3.09,254976.04,370.18,757.14
GRSE,EQ,2490,8.01,28523.45,30.32,744.41
CHOLAHLDNG,EQ,1621.9,16.13,30455.63,45,728.39
NTPC,EQ,373,1.13,361685.65,194.91,724.2
ULTRACEMCO,EQ,11590,5.98,341533.16,6.13,713.23
TMPV,EQ,335.7,8.75,123625.74,209.3,694.04
GOLDBEES,EQ,124.24,2.02,55633.13,550.49,687.35
ITC,EQ,302.3,1.29,378842.88,223.1,676.11
ASIANPAINT,EQ,2288,4.66,219464.45,29.15,664.19
IOC,EQ,143.58,6.8,202752.74,458.08,653.9
EICHERMOT,EQ,7170,8.55,196683.28,9.17,646.58
KAYNES,EQ,3926.7,4.68,26322.5,16.58,642.53
CHOLAFIN,EQ,1555.1,9.9,132500.3,40.55,624.84
HCLTECH,EQ,1453.9,0.85,394539.77,42.39,614.8
PFC,EQ,418,2.6,137944.25,146.46,611.64
IDEA,EQ,9.24,7.07,100108.96,6408.95,583.21
SAIL,EQ,164.31,2.3,67868.66,349.41,576.84
CDSL,EQ,1291,7.27,26981.9,44.49,566.95
TVSMOTOR,EQ,3702,6.67,175877.25,15.33,566.29
TRENT,EQ,3909,2.25,138960.05,14.26,561.39
JUBLFOOD,EQ,435.5,5.41,28736.26,128.66,560.47
WAAREEENER,EQ,3128,1.43,89974.08,17.59,549.27
NIFTYBEES,EQ,272,4.03,62156.53,202.03,546.78
ITCHOTELS,EQ,152.5,3.9,31765.39,356.31,543.95
POLYCAB,EQ,7606,5.24,114510.34,7.14,541.25
HINDCOPPER,EQ,527.45,4.57,51005.68,101.95,537.66
CUMMINSIND,EQ,4790.8,3.27,132800.98,11.02,525.85
HAL,EQ,3912,3.05,261624.78,13.45,522.91
COFORGE,EQ,1270.8,3.27,42669.51,41.24,516.23
HDFCAMC,EQ,2549,8.69,109199.21,20.35,513.76
LIQUIDCASE,EQ,113.53,0.03,9014.42,446.41,506.73
MOTHERSON,EQ,118.1,8.91,124642.9,422.83,497.25
JIOFIN,EQ,248,5.38,157557.91,199.12,488.04
ADANIENSOL,EQ,1076,9.1,129258.01,44.75,475.14
CANBK,EQ,139.38,7.62,126426.74,341.86,469.51
AUBANK,EQ,969.9,9.17,72574.43,48.95,468.17
BHEL,EQ,265.96,4.88,92608.96,175.1,464.05
PAYTM,EQ,1116,8.51,71429.1,42.34,463.46
MAZDOCK,EQ,2396.3,2.93,96661.95,19.27,461.99
ARVSMART,EQ,583,10.11,2674.04,77.14,456
KALYANKJIL,EQ,445,7.4,45956.94,103.91,454.38
MUTHOOTFIN,EQ,3503,8.07,140634.41,12.9,446.8
BAJAJ-AUTO,EQ,9376,3.61,262057.17,4.74,445.54
AUROPHARMA,EQ,1335.2,0.39,77548.63,32.56,434.95
SUZLON,EQ,44.33,6.69,60796.97,988.04,431.58
BANKBARODA,EQ,276.31,7.06,142889.91,157.61,430.9
ANGELONE,EQ,267.5,8.7,24365.48,163.38,427.14
BANDHANBNK,EQ,164.95,10.61,26572.99,263.85,425.46
SWIGGY,EQ,279.55,3.81,77164.57,151.85,425.32
LODHA,EQ,780.3,8.73,77945.35,54.4,420.56
HEROMOTOCO,EQ,5285,4.63,105747.45,7.91,419.51
NETWEB,EQ,3315,2.31,18875.84,12.33,413.63
PGEL,EQ,483.45,9.71,13794.89,87.06,413.54
ABB,EQ,6569,4.79,139202.61,6.26,407.75
MTARTECH,EQ,4102,4.47,12617.58,9.54,389.86
POWERINDIA,EQ,25955,3.7,115687.57,1.51,389.68
HINDZINC,EQ,558.85,3.73,236131.95,69.04,386.22
BOSCHLTD,EQ,35855,7.21,105749.45,1.07,380.94
UNIONBANK,EQ,186,8.22,141985.06,206.6,379.84
BAJAJFINSV,EQ,1787.5,6.12,286098.31,20.59,367.77
LICI,EQ,794.85,6.95,502742.44,45.26,357.46
GODREJCP,EQ,1072.35,4.2,109727.63,33.15,357.4
HDFCLIFE,EQ,597.5,2.72,128929.72,59.11,355.73
AMBUJACEM,EQ,448,6.55,110737.69,78.52,353.52
BHARATFORG,EQ,1782.9,6.68,85225.95,19.61,347.42
SAMMAANCAP,EQ,152.5,5.04,12637.17,228.79,344.27
KEI,EQ,4500,6.22,43020.27,7.59,342.66
ABREL,EQ,1263.3,6.77,14110.52,26.19,339.89
PRESTIGE,EQ,1324.9,8.41,57067.45,25.14,333.61
ICICIAMC,EQ,3140,4.31,155197.18,10.32,323.62
GAIL,EQ,153.3,5.45,100796.28,210.95,323.45
MAXHEALTH,EQ,940.55,0.87,91528.22,33.51,316.62
PINELABS,EQ,173.8,11,19957.04,175.34,314.87
PNB,EQ,111.38,6.5,128008.4,285.65,314.7
CIPLA,EQ,1216.6,1.18,98274.83,24.77,300.86
AMBER,EQ,6940,7.87,24423.02,4.32,298.04
INDUSINDBK,EQ,836,6.52,65133.27,35.72,297.18
360ONE,EQ,975.5,4.98,39618.8,30.01,291.9
VBL,EQ,423.8,5.86,143333.16,69.26,290.16
TATAPOWER,EQ,395.5,2.01,126375.68,73.24,289
FIRSTCRY,EQ,244,0.39,12737.82,115.96,286.59
APOLLOHOSP,EQ,7396,0.95,106343.13,3.87,286.51
JSWSTEEL,EQ,1195.1,3.75,292256.2,23.84,284.14
AGIIL,EQ,342,9.21,4274.91,82.62,282.61
ZEEL,EQ,79.35,7.86,7621.72,359.2,280.5
TATSILV,EQ,23.43,4.79,5557.72,1191.86,279.13
IDFCFIRSTB,EQ,66.13,8.07,56883.04,427.36,276.5
PHOENIXLTD,EQ,1710.6,7.11,61176.98,15.91,272.31
BRITANNIA,EQ,5599,1.03,134862.16,4.82,270.78
CHENNPETRO,EQ,990.25,2.28,14745.95,26.09,260.53
BANKINDIA,EQ,146.55,6.54,66719.35,175.53,255.94
SOLARINDS,EQ,13665,1.93,123654.66,1.86,254.11
PIDILITIND,EQ,1352,4.39,137602,18.56,253.2
GVT&D,EQ,3739.9,1.82,95758.84,6.58,246.7
BLUESTARCO,EQ,1620,5.16,33309.6,15.06,243.58
IDBI,EQ,73.75,5.9,79298.97,328.53,242.98
ABCAPITAL,EQ,338.4,9.67,88647.47,72.44,241.28
MFSL,EQ,1587.9,6.48,54800.77,15.11,240.9
LTF,EQ,276.47,8.61,69247.41,86.23,237.14
INDIANB,EQ,957.3,5.75,128944.86,24.94,237.11
PETRONET,EQ,271,6.24,40650,87.49,235.69
TITAGARH,EQ,710,2.12,9561.84,32.73,234.25
RECLTD,EQ,343.2,4.21,90372.25,68.41,233.26
RPOWER,EQ,24.86,6.24,10281.53,946.08,232.73
HYUNDAI,EQ,1781,4.39,144713.57,13.01,230.74
GODREJPROP,EQ,1705,6.23,51355.92,13.33,226.95
COCHINSHIP,EQ,1381,2.45,36331.46,16.28,226.13
GRASIM,EQ,2767.2,5.58,188314.69,8.17,225.61
FEDERALBNK,EQ,284,3.22,69957.4,78.11,222.51
YESBANK,EQ,19.09,5.3,59903.96,1177.41,222.41
IRFC,EQ,99.3,6.85,129770.26,225.87,220.99
NAM-INDIA,EQ,904,8.78,57685.69,24.31,219.68
SRF,EQ,2440,1.84,72327.66,8.95,219.59
LUXIND,EQ,1326,9.87,3987.5,17.04,219.48
DELHIVERY,EQ,457.8,3.57,34271.28,47.02,214.74
VMM,EQ,116.99,3.97,54672.09,183.98,213.07
INDHOTEL,EQ,638.95,6.42,90950.2,33.18,211.24
BIOCON,EQ,350.5,3.07,56812.82,60.53,211.07
SBILIFE,EQ,1912.3,3.85,191821.31,11.04,210.39
CGPOWER,EQ,726,4.63,114339.28,28.87,209.13
TATACONSUM,EQ,1069,0.66,105742.01,19.5,208.85
MAHABANK,EQ,70.3,5.65,54071.53,295.88,206.26
UPL,EQ,643.05,5.84,54284.3,32.42,205.01
CUPID,EQ,91.7,6.21,12330.54,224.4,204.72
M&MFIN,EQ,298.3,7.5,41462.84,68.93,203.79
BDL,EQ,1292.9,4.61,47392.87,15.91,203.24
KARURVYSYA,EQ,281.95,7.59,27250.3,72.58,202.28
PCJEWELLER,EQ,9.45,12.1,7474.49,2169.8,200.06
NATCOPHARM,EQ,1116.95,3.19,20005.68,17.94,197.95
RBLBANK,EQ,322.75,3.25,19949.55,60.89,196.48
VOLTAS,EQ,1265,3.67,41856.92,15.49,196.21
RVNL,EQ,275.62,5.5,57467.32,71.53,195.84
NMDC,EQ,83.08,1.64,73042.42,234.23,194.74
LTM,EQ,4535,2.08,134459.72,4.25,191.26
JINDALSTEL,EQ,1215,4.01,123940.7,15.73,190.62
KFINTECH,EQ,920.7,1.5,15884.29,20.3,188.54
GODFRYPHLP,EQ,2011,4.19,31367.93,9.38,188.12
JPPOWER,EQ,16.52,8.68,11321.91,1165.82,187.81
KPITTECH,EQ,720.4,1.77,19749.32,25.96,186.63
BANKBEES,EQ,577,6.07,8061.8,32.65,186.52
HSCL,EQ,463.5,1.62,23385.5,38.74,181.54
KTKBANK,EQ,243.59,6.39,9212.12,75.6,181.31
POLICYBZR,EQ,1500,2.76,69403.96,12.02,180.49
NAUKRI,EQ,1033,2.71,66981.85,17.47,179.53
MRF,EQ,132810,4.43,56326.62,0.13,179.39
TEJASNET,EQ,441.5,5.43,7843.84,40.79,178.87
DIVISLAB,EQ,5888.5,0.66,156321.17,3.02,178.8
MPHASIS,EQ,2350,0.94,44842.6,7.66,178.44
FORTIS,EQ,843,0.35,63642.97,21.09,178.19
LAURUSLABS,EQ,1082,2.32,58412.48,16.46,177.86
ATHERENERG,EQ,774,1.71,29595.91,22.44,174.37
TDPOWERSYS,EQ,892.9,1.44,13948.42,19.19,172.65
TATAGOLD,EQ,14.57,1.96,5846.55,1164.58,170.61
IIFL,EQ,450.95,5.26,19178.43,38.2,170.08
MANINDS,EQ,434.2,13.89,3256.92,39.68,170.06
HFCL,EQ,75.34,3.72,11531.56,224.43,169.02
JTLIND,EQ,58.51,20,2299.92,301.96,166.38
APLAPOLLO,EQ,2050.6,8.46,56932.04,8.11,163.62
MANAPPURAM,EQ,270.65,5.7,22908.76,60.22,161.1
PREMIERENE,EQ,961,1.88,43532.76,16.63,158.97
SILVERIETF,EQ,240.25,4.51,14997.35,64.57,155.03
DATAPATTNS,EQ,3278,2.15,18351.55,4.68,153.88
JSWINFRA,EQ,256.1,9.3,53781.04,61.13,152.65
UNOMINDA,EQ,1090.1,6.73,62944.62,13.92,151.5
SONACOMS,EQ,535,3.85,33268.81,28.02,150.26
JKTYRE,EQ,422,7.34,12165.82,34.54,146.82
TARIL,EQ,281.75,4.95,8457.17,52.1,146.55
OBEROIRLTY,EQ,1638,4.98,59558.05,8.82,144.55
INDUSTOWER,EQ,441.6,4.36,116501.27,32.96,144.21
ANANDRATHI,EQ,3408,3.5,28293.43,4.22,142.21
TBOTEK,EQ,1160.1,7.15,12597.27,11.84,140.68
FIVESTAR,EQ,406.1,8.52,11962.33,34.86,139.08
HBLENGINE,EQ,721.95,6.08,20012.09,19.58,138.83
GMRAIRPORT,EQ,96.35,5.96,101735.73,145.29,138.45
IREDA,EQ,122.9,6.24,34525.45,112.47,136.43
APOLLO,EQ,208.69,5.39,7456.34,64.22,133.53
INOXWIND,EQ,86.86,7.19,15011.47,154.28,132.43
MANKIND,EQ,2045,0.24,84423.39,6.4,132.4
MRPL,EQ,180,0.37,31546.78,71.87,130.78
EASEMYTRIP,EQ,8,19.05,2909.48,1616.41,127.7
LLOYDSENT,EQ,58.99,14.32,8812.34,222.6,127.53
SIEMENS,EQ,3231,5.06,115062.54,3.98,127.15
WELCORP,EQ,940,6.92,24796.32,13.69,126.61
LLOYDSME,EQ,1484,2.92,80902.42,8.56,126.54
STLTECH,EQ,200.7,5.67,9796.82,62.77,126.28
GUJALKALI,EQ,585.5,1.03,4299.73,21.11,124.37
GMDCLTD,EQ,600.9,1.32,19108.62,20.5,123.56
LGEINDIA,EQ,1429,3.61,96996.57,8.59,123.31
RADICO,EQ,2762,5.06,36982.61,4.49,122.99
ICICIGI,EQ,1758.6,1.85,87665.33,6.98,122.71
HDFCSILVER,EQ,231.05,4.82,7580.55,53.02,122.39
CRAFTSMAN,EQ,7301,8.25,17416.96,1.67,122.09
CREDITACC,EQ,1233,0.84,19752.17,9.74,121.75
SCI,EQ,237.95,2,11083.69,50.18,120.77
TATACAP,EQ,327,6.01,138807.22,37.1,119.73
MOTILALOFS,EQ,759.95,8.74,45738.36,16.02,119.56
DALBHARAT,EQ,1920,4.6,36012.66,6.18,119.24
ENRIN,EQ,2695,2.51,95974.48,4.38,118.09
GLENMARK,EQ,2174.6,2.86,61367.39,5.45,117.42
SBICARD,EQ,673.75,5.33,64114.07,17.34,116.03
NAZARA,EQ,245.98,1.88,9112.7,46.89,115.63
LENSKART,EQ,506.55,1.18,87958.15,22.73,115.55
GOLDIETF,EQ,128.7,1.96,25080.79,89.08,115.29
OLECTRA,EQ,1084,5.65,8897.55,10.64,114.5
QPOWER,EQ,912,6.42,7062.9,12.26,110.52
JSWENERGY,EQ,502.9,3.1,88374.23,21.94,110.34
LIQUID1,EQ,1098.93,0.01,1779.34,10,109.9
BELRISE,EQ,195.24,2.7,17374,55.75,108.11
NBCC,EQ,89,5.75,24030,121.93,107.77
ACUTAAS,EQ,2340,5.69,19157.84,4.69,107.56
ANANTRAJ,EQ,487,6,17526.01,22.23,107.16
ZAGGLE,EQ,250.57,8.78,3369.13,43.01,105.69
NYKAA,EQ,253.91,2.41,72700.21,41.46,105.2
APOLLOTYRE,EQ,437,5.85,27753.91,24.1,105.1
HDFCGOLD,EQ,128.23,1.95,21841.96,81.38,104.77
SETFGOLD,EQ,128.04,1.95,24477.31,81.32,104.55
REDINGTON,EQ,218.25,5.49,17062.23,47.58,103.59
SAGILITY,EQ,42.82,2.2,20045.45,240.63,103.52
CUB,EQ,256.6,3.25,19066.59,39.95,102.37
SUPREMEIND,EQ,3796.1,0.63,48220.67,2.64,101.43
AVANTIFEED,EQ,1287.3,3.71,17538.9,7.74,100.74
BAJAJHLDNG,EQ,10000,8.26,111293.51,1.01,100.27
SENCO,EQ,334.85,5.98,5485.07,30.02,99.3
WOCKPHARMA,EQ,1350,4.04,21935.55,7.37,99.02
CAMS,EQ,707,5.1,17525.7,13.93,97.77
LICHSGFIN,EQ,530,3.34,29153.34,18.35,96.57
TIINDIA,EQ,2745.4,6.07,53135.82,3.54,96.02
SHAKTIPUMP,EQ,519.6,2.42,6411.76,18.46,95.93
NTPCGREEN,EQ,97.1,0.4,81819.66,97.61,95.75
NHPC,EQ,76.82,1.52,77165.96,124.87,95.75
POONAWALLA,EQ,415.55,2.67,33776.64,22.78,95.41
CROMPTON,EQ,245.5,4.66,15808.11,38.72,95.21
HAVELLS,EQ,1245,0.88,78093.48,7.56,94.99
OMNI,EQ,342.51,20,4235.68,29.89,94.7
HUDCO,EQ,183.4,6.52,36714.85,52.12,94.34
THERMAX,EQ,3280,2.06,39083.27,2.87,93.71
TIMETECHNO,EQ,180.26,8.32,8898.27,51.35,92.01
PNBHOUSING,EQ,875.5,7.16,22811.12,10.56,91.66
IRCTC,EQ,537.7,4.17,43016,17.1,91.33
NAVINFLUOR,EQ,6070,4.27,31097.81,1.49,90.18
TATAELXSI,EQ,4440.2,1.9,27644.26,2.03,90.05
SMLMAH,EQ,4319,8.9,6250.3,2.09,89.57
UNITDSPR,EQ,1248.1,0.81,90780.66,7.13,89.53
CPPLUS,EQ,1905,4.01,22440.54,4.73,89.42
HEG,EQ,564.5,3.64,10893.58,15.8,89.16
EXIDEIND,EQ,314.75,5.89,26753.75,28.26,88.54
HDBFS,EQ,629.85,8.18,52298.16,14.08,87.92
NUVAMA,EQ,1284.9,9.23,23390.51,6.88,87.44
ENGINERSIN,EQ,207,4.16,11634.28,41.92,86.57
COLPAL,EQ,1907,3.06,51867.66,4.54,86.06
NEULANDLAB,EQ,14100,7.01,18090.14,0.62,85.16
UTIAMC,EQ,965,3.57,12402.18,8.65,83.46
UJJIVANSFB,EQ,58.57,3.79,11378.48,140.99,82.84
KEC,EQ,572.75,7.8,15246.6,14.68,82.62
ANTHEM,EQ,690.65,3.51,38794.77,11.93,82.42
PCBL,EQ,270.36,3.98,10637.65,30.07,81.9
THANGAMAYL,EQ,4050,4.85,12588.22,2.03,81.76
BAJAJHFL,EQ,84.59,5.05,70483.22,97.38,81.75
PIIND,EQ,2876,1.81,43634.13,2.8,81.32
COROMANDEL,EQ,2113,5.08,62336.59,3.86,81.05
KIRLOSENG,EQ,1457,4.2,21178.84,5.52,80.53
SYRMA,EQ,848,4.89,16352.03,9.44,79.28
SETFNIF50,EQ,257.39,4.03,208022.69,30.88,79.19
ARSSBL,EQ,532.1,12.64,3337.61,15.23,79.02
APARINDS,EQ,10499.5,3.42,42174.72,0.75,78.79
GRAPHITE,EQ,643.5,2.18,12572.42,12.13,78.78
IRCON,EQ,134.55,7.02,12654.64,59.22,78.7
ITBEES,EQ,34.8,0.58,3634.92,222.83,77.43
SHREECEM,EQ,24205,3.66,87333.45,0.32,76.95
LIQUIDADD,EQ,1121.09,0.01,1598.21,6.83,76.53
ALKEM,EQ,5237.5,1.26,62622.17,1.46,76.53
GOLDIAM,EQ,336.55,10.67,3800.25,22.54,75.7
FACT,EQ,813,2.81,52606.95,9.19,75.64
MGL,EQ,1015,6.28,10025.94,7.46,74.49
STALLION,EQ,134.85,11.07,1565.42,54.85,74.49
DCBBANK,EQ,186.55,6.99,6005.08,39.77,74.34
RELIGARE,EQ,224.97,0.67,7489.04,33.32,74.31
ASTRAMICRO,EQ,1012,1.51,9608.43,7.27,74.02
LATENTVIEW,EQ,301.15,2.76,6231.55,24.65,73.82
JWL,EQ,272.8,2.42,11658.66,26.99,73.82
VIKRAN,EQ,67.45,12.7,1739.61,111.46,73.73
HDFCSML250,EQ,156.14,3.88,2204.72,47.18,73.28
IEX,EQ,129.49,1.98,11546.53,56.15,72.66
IFCI,EQ,55.55,5.39,14966.92,131.35,72.35
SHARDACROP,EQ,1058,8.22,9545.33,6.98,72.32
APTUS,EQ,212,6.13,10615.75,34.22,72
BALKRISIND,EQ,2230,4.82,43109.73,3.24,71.87
PARADEEP,EQ,121.9,5.41,12655.3,59.49,71.83
BRIGADE,EQ,722,4.41,17659.65,9.9,71.73
DEEPAKFERT,EQ,1051,6.73,13267.6,6.86,70.85
DABUR,EQ,429.15,3.6,76117.91,16.51,70.46
SYNGENE,EQ,399.05,2.08,16079.3,17.59,69.93
SANSERA,EQ,2243.2,4.31,13982.33,3.1,69.84
KRN,EQ,954,6.11,5929.74,7.36,69.5
SOUTHBANK,EQ,38.44,4.03,10061.93,181.01,69.18
MON100,EQ,257,4.75,12956.26,27,68.93
MEESHO,EQ,153.09,3.4,69871.12,45.04,68.58
NIFTYIETF,EQ,270.57,3.89,39829.73,25.24,68.09
CELLO,EQ,422,4.81,9321.35,16.41,67.69
LALPATHLAB,EQ,1381,1.31,23139.35,4.93,67.64
CONCOR,EQ,474.8,4.67,36161.62,14.36,67.53
BLISSGVS,EQ,253.6,6.99,2682.81,27.09,67.4
HONAUT,EQ,27500,1.05,24314.19,0.24,66.6
J&KBANK,EQ,123.45,5.65,13594.1,54.56,66.6
SILVER,EQ,240.39,4.75,3125.48,27.72,66.57
ZYDUSLIFE,EQ,892.95,2.23,89851.66,7.48,66.39
JMFINANCIL,EQ,129.01,6.94,12338.05,52.1,66.33
PAISALO,EQ,37.84,1.28,3441.63,166.73,63.42
JBMA,EQ,581.1,3.7,13742.68,10.9,63.34
APOLLOPIPE,EQ,442.5,4.14,1949.13,14.21,62.82
PAGEIND,EQ,35405,1.04,39490.29,0.18,62.57
GRANULES,EQ,644,0.81,15627.87,9.74,62.48
RCF,EQ,125.79,6.96,6939.68,49.89,62.35
CEMPRO,EQ,604,7.44,10375.97,10.45,62.17
AXISGOLD,EQ,125.5,2.38,5239.72,49.06,62.03
JUNIORBEES,EQ,714.95,5.01,7463.88,8.73,61.93
EDELWEISS,EQ,113.68,5.77,10760.17,54.96,61.86
GOKEX,EQ,670,8.54,4907.56,9.26,61.3
SCHAEFFLER,EQ,3871,4.44,60505.15,1.55,60.64
JINDALSAW,EQ,200.25,4.9,12806.15,30.33,60.16
SBISILVER,EQ,236,4.77,6039.97,25.44,60
CHOICEIN,EQ,678,5.3,15104.25,8.86,59.48
AEROFLEX,EQ,261.7,6.51,3463.1,22.63,59.13
HAPPSTMNDS,EQ,381.75,1.05,5813.09,15.46,59.13
INDSWFTLAB,EQ,153.85,11.19,1255.59,40.34,58.98
TECHNOE,EQ,1082,3.47,12583.61,5.38,58.09
PIRAMALFIN,EQ,1736,2.03,39351.25,3.35,58
KPIL,EQ,1137.7,4.15,19428.79,5.12,57.94
PRAJIND,EQ,342.8,0.66,6301.11,16.85,57.67
OSWALPUMPS,EQ,364.95,6.11,4159.61,16.11,57.65
CARTRADE,EQ,1872,6.12,8962.77,3.09,57.43
KAJARIACER,EQ,1061,6.29,16898.79,5.4,57.28
WABAG,EQ,1332.7,5.69,8304,4.34,57.27
AEGISLOG,EQ,609.6,3.67,21396.96,9.35,57.12
LIQUIDPLUS,EQ,1080.1,0.02,620.47,5.29,57.12
LUMAXTECH,EQ,1695.2,3.72,11554.09,3.4,57.1
HCC,EQ,16.77,7.23,4392.85,341.1,56.52
PVRINOX,EQ,955,0.91,9378.1,5.85,56.51
LEMONTREE,EQ,114.01,4.07,9032.4,48.71,55.38
PSUBNKBEES,EQ,97.43,5.94,4086.46,56.85,54.85
TORNTPOWER,EQ,1452.2,3.77,73176.87,3.76,54.61
LTFOODS,EQ,408.5,6.19,14185.28,13.39,54.46
GRAVITA,EQ,1501,7.64,11078.65,3.68,54.28
IPCALAB,EQ,1448,0.4,36736.37,3.75,54.22
TATACHEM,EQ,649.8,4.22,16554.06,8.27,53.61
RAIN,EQ,118.35,7.23,3980.65,45.38,53.33
WEBELSOLAR,EQ,79.6,5.01,3359.63,67.21,53.12
BSOFT,EQ,370,0.6,10341.73,14.1,52.79
ASIANTILES,EQ,60.85,6.27,1411.18,87.87,52.76
KSCL,EQ,905.9,4.53,4659.87,5.96,52.66
TFCILTD,EQ,67.45,4.2,3122.78,77.8,52.29
SILVERCASE,EQ,24.38,4.46,1230.2,212.77,51.98
NH,EQ,1717.3,1.02,35094.88,3.01,51.96
ESCORTS,EQ,3073.9,5.64,34390.1,1.7,51.72
BHARTIHEXA,EQ,1537.6,0.99,76880,3.33,51.43
KPIGREEN,EQ,407,4.84,8031.78,12.6,51.21
APEX,EQ,405,6.45,1265.63,12.45,51.2
PARAS,EQ,667.5,4.18,5379.2,7.71,51.04
GUJGASLTD,EQ,323.4,3.36,22262.54,15.49,50.19
3MINDIA,EQ,31650,8.17,35653.95,0.16,50.13
STOVEKRAFT,EQ,542,11.48,1794.42,9.46,50.13
LINDEINDIA,EQ,7180,1.18,61234.07,0.7,50.04
JAINREC,EQ,444.6,0.32,15342.52,11.17,49.76
CRISIL,EQ,3860,2.37,28228.19,1.27,49.56
ENDURANCE,EQ,2379.9,7.32,33476.35,2.11,49.5
ZENTEC,EQ,1451.6,1.92,13106.55,3.41,49.46
DEEDEV,EQ,320.45,2.12,2219.54,15.26,49.41
PNGJL,EQ,615,2.65,8346.06,7.96,49.33
SANDUMA,EQ,194.65,5.7,9462.03,25.2,48.55
NEWGEN,EQ,460,2.8,6546.62,10.32,47.53
IGL,EQ,154.55,4.29,21637.02,30.89,47.48
KITEX,EQ,168.5,8.09,3361.57,27.76,46.92
ZFCVINDIA,EQ,14365,5.25,27246.93,0.32,46.65
EQUITASBNK,EQ,61.02,9.32,6962.64,77.17,46.52
SEPC,EQ,7.02,20,1326.82,678.4,46.2
MOSCHIP,EQ,176.1,6.37,3413.99,26.39,46.19
ABFRL,EQ,59.6,3.36,7274.24,76.1,45.42
SUNDARMFIN,EQ,4886.5,4.56,54290.9,0.93,45.29
CHAMBLFERT,EQ,465.15,3.63,18636.26,9.78,45.21
SHRIPISTON,EQ,3135,5.33,13809.62,1.43,45.11
ICICIPRULI,EQ,542,4.91,78550.88,8.28,44.74
WHIRLPOOL,EQ,845.7,2.98,10729.55,5.28,44.56
SJVN,EQ,70.71,4.71,27787.58,63.61,44.53
RAILTEL,EQ,285.85,6.32,9174.02,15.74,44.24
ACC,EQ,1413,5.45,26534.34,3.12,44.22
JSL,EQ,757.65,5.16,62462.15,5.83,43.93
TATAINVEST,EQ,619.9,4.47,31363.89,7.11,43.83
PPLPHARMA,EQ,144.2,2.24,19167.76,29.89,43.21
BEML,EQ,1590,4.63,13242.95,2.73,43.2
KNRCON,EQ,118.9,4.16,3343.88,36.47,43.16
SKYGOLD,EQ,381.55,3.32,5909.21,11.29,43.1
URBANCO,EQ,124.84,2.19,19252.58,34.3,43.04
TANLA,EQ,452,6.08,5994.3,9.55,42.86
LLOYDSENGG,EQ,49.01,7.24,6852,88.15,42.85
NCC,EQ,147.19,4.93,9241.27,29.35,42.8
DEVYANI,EQ,105.81,6.43,13045.74,40.17,42.63
ABSLAMC,EQ,974,4.71,28129.72,4.37,42.52
RAMCOCEM,EQ,995,5.34,23511.09,4.31,42.4
SHADOWFAX,EQ,124.2,5.02,7220.08,34.03,42.36
LIKHITHA,EQ,242,14.87,954.69,17.51,41.88
TATATECH,EQ,562.5,2.54,22836.34,7.41,41.44
ARE&M,EQ,751.95,3.9,13762.59,5.51,41.3
HEXT,EQ,464.5,1.23,28381.69,8.97,41.29
SJS,EQ,1729.5,7.46,5533.84,2.44,41.14
SHYAMMETL,EQ,840,2.21,23447.08,4.88,40.93
CEATLTD,EQ,3540,4.33,14319.33,1.13,40.47
NACLIND,EQ,166,9,3884.62,24.37,40.4
CGCL,EQ,179.83,5.77,17302.41,22.54,40.11
SAILIFE,EQ,970.1,2.59,20544.7,4.1,39.86
JAYNECOIND,EQ,80.86,2.78,7851.49,49.37,39.84
MOIL,EQ,298.35,0.03,6070.98,13.16,39.76
JSWCEMENT,EQ,127,5.71,17314.73,31.7,39.75
MSUMI,EQ,38.9,5.11,25797.16,102.62,39.73
TRANSRAILL,EQ,535.75,5.74,7192.77,7.41,39.49
PACEDIGITK,EQ,147,3.09,3173.01,26.58,39.44
LTTS,EQ,3381,1.16,35837.97,1.15,39.07
RSYSTEMS,EQ,279.7,4.64,3313.94,13.55,39.01
CASTROLIND,EQ,179.8,0.76,17783.39,21.57,38.82
AETHER,EQ,1130,4.17,14992.2,3.45,38.72
JAMNAAUTO,EQ,121.01,5.39,4836.9,32.27,38.71
ELLEN,EQ,225,1.18,3171.05,17.42,38.69
SWSOLAR,EQ,177,6.99,4133.51,21.97,38.4
SWANCORP,EQ,331.5,5.74,10391.1,11.56,38.3
ZENSARTECH,EQ,550.95,0.56,12533.81,6.87,37.91
SUDEEPPHRM,EQ,615,2.11,6946.34,6.05,37.89
BANKIETF,EQ,57.1,5.74,2894.92,66.04,37.52
RRKABEL,EQ,1397.2,5.7,15803.1,2.72,37.41
RAINBOW,EQ,1263,2.91,12826.92,3.01,37.4
INOXINDIA,EQ,1233,0.62,11191.14,3.02,37.1
LIQUIDBETF,EQ,1076.5,0.01,609.08,3.44,36.98
MODEFENCE,EQ,88.75,3.7,1293.53,41.87,36.87
KERNEX,EQ,1125,7.04,1890.27,3.25,36.85
INOXGREEN,EQ,155.3,7.37,6235.17,23.69,36.63
SHRIRAMPPS,EQ,75,9.75,1279.91,47.75,36.58
PWL,EQ,99.02,4.22,28316.68,37.12,36.57
UCOBANK,EQ,25.93,6.58,32515.08,142.35,36.54
MID150BEES,EQ,217.2,4.44,3118.24,16.78,36.2
ASHAPURMIN,EQ,533.45,9.06,5095.84,6.91,36.06
CASHIETF,EQ,1056.92,0.01,797.25,3.4,35.93
NFL,EQ,74.04,5.37,3632.24,48.34,35.48
POWERICA,EQ,403,2.03,5100.04,8.84,35.46
PNCINFRA,EQ,184.2,7.26,4725.45,19.24,35.39
CESC,EQ,156.1,1.81,20692.15,22.47,35.1
GOLD1,EQ,125.45,2.07,12173.88,27.86,35.06
IXIGO,EQ,178.2,4.44,7808.43,19.33,34.94
RAYMOND,EQ,369.5,4.6,2459.9,9.59,34.86
RATEGAIN,EQ,555,9.4,6555.89,6.41,34.81
BBTC,EQ,1477.9,3.27,10311.59,2.37,34.75
EMBASSY,RR,438,1.9,41517.75,7.93,34.62
YATRA,EQ,104.5,6.81,1639.77,32.68,34.31
EQUAL50ADD,EQ,324.04,1.52,1116.21,10.34,33.98
AFFLE,EQ,1420,0.9,19987.55,2.37,33.86
JYOTICNC,EQ,810,5.69,18421.27,4.22,33.85
JAIBALAJI,EQ,62.9,8.8,5738.1,53.33,33.51
BAJAJCON,EQ,395,1.82,5159.42,8.43,33.35
BALUFORGE,EQ,481,6.87,5531.11,7.03,33.35
SPARC,EQ,136.9,8.32,4442.4,24.71,33.2
GOLDCASE,EQ,23.5,1.51,2232.61,139.37,33.07
DBREALTY,EQ,100.8,7.65,5467.46,32.91,32.95
TTML,EQ,40.52,6.69,7921.37,81.58,32.94
JINDWORLD,EQ,24.15,17.35,2421.28,137.17,32.77
CENTRALBK,EQ,35.47,4.88,32105.32,92.52,32.65
EPL,EQ,228.9,6.99,7331.78,14.54,32.63
IGIL,EQ,337.85,6.43,14600.52,9.85,32.59
MUFIN,EQ,104.65,4.7,1812.87,31.3,32.56
TEXRAIL,EQ,97.56,7.67,3969.37,33.83,32.51
DAMCAPITAL,EQ,139.7,6.35,987.48,23.18,32.47
HONASA,EQ,313.05,3.44,10185.7,10.39,32.44
TATACOMM,EQ,1469.2,5.06,41872.2,2.23,32.44
EPACKPEB,EQ,174.3,11.94,1750.88,18.71,32.31
UBL,EQ,1486,1.29,39290.61,2.15,32.25
KRBL,EQ,329.5,5.8,7541.92,9.71,32.22
PARKHOSPS,EQ,206.98,5.57,8940.11,15.61,32.05
THELEELA,EQ,425,2.63,14193.21,7.41,31.98
JSLL,EQ,656.95,5.99,8165.94,4.93,31.91
GOLDETF,EQ,145.34,1.22,3188.94,21.74,31.8
SBC,EQ,31.65,0.03,1507.14,99.55,31.74
MOMOMENTUM,EQ,60.99,6.48,124.3,52.4,31.74
BORORENEW,EQ,449,6.47,6294.48,7.17,31.66
CIEINDIA,EQ,467.5,1.93,17735.19,6.7,31.61
KROSS,EQ,185.85,12.43,1198.91,17.36,31.56
RICOAUTO,EQ,115.8,7.04,1566.6,27.46,31.49
AAVAS,EQ,1210,7.57,9593.21,2.64,31.39
BHARATCOAL,EQ,33.79,3.59,15736,93.57,31.35
CLEAN,EQ,731.25,5.6,7771.53,4.33,31.27
ELECON,EQ,419.9,6.32,9422.55,7.42,30.92
IOB,EQ,34.45,4.58,66338.95,89.35,30.66
TEMBO,EQ,552,14.2,853.79,6,30.62
CARBORUNIV,EQ,858.05,0.25,16345.21,3.52,30.4
PTC,EQ,168.35,3.44,4983.3,18.06,30.13
FRACTAL,EQ,815,2.63,14015.16,3.71,30.06
VIKRAMSOLR,EQ,192.32,3.46,6968.33,15.74,30.05
CLSEL,EQ,263,10.57,1307.78,11.23,29.98
ELECTCAST,EQ,82.55,6.35,5103.11,36.67,29.92
AEGISVOPAK,EQ,191.98,10,21271.22,15.84,29.85
AZAD,EQ,1637,4.15,10572.03,1.82,29.8
ANURAS,EQ,1256.8,1.02,14308.46,2.36,29.8
MANORAMA,EQ,1309.1,7.23,7816.44,2.29,29.78
AXISCADES,EQ,1682.6,4.45,7153.98,1.77,29.62
GRMOVER,EQ,167.78,0.41,3088.09,17.6,29.51
ARFIN,EQ,86.75,12.88,1463.67,34.58,29.5
JYOTHYLAB,EQ,225.2,5.55,8269.67,13.14,29.5
WALCHANNAG,EQ,166.95,6.79,1132.62,17.63,29.43
TRITURBINE,EQ,464.5,1.67,14766.08,6.31,29.42
HOMEFIRST,EQ,1060,5.95,11058.77,2.78,29.36
PRUDENT,EQ,2336.4,3.77,9674.26,1.25,29.25
GSPL,EQ,241.94,2.54,13650.53,12.08,29.2
SIGNATURE,EQ,834.9,7.67,11731.24,3.54,29.2
IKS,EQ,1461.2,3.5,25070.27,2,29.18
CMSINFO,EQ,295,1.95,4856.81,9.8,29.11
DEEPAKNTR,EQ,1425,2.55,19436.01,2.02,29.03
TENNIND,EQ,563.2,3.05,22730.99,5.09,29
SMALLCAP,EQ,41.19,4.07,906.91,70.64,28.95
KRISHANA,EQ,599,4.58,3703.47,4.86,28.93
EPACK,EQ,239.8,8.59,2307.56,12.22,28.87
BLACKBUCK,EQ,581.7,3.53,10575.11,4.93,28.81
ABDL,EQ,456.7,8.71,12774.36,6.47,28.8
CYIENT,EQ,861.8,3.54,9576.85,3.39,28.77
VOLTAMP,EQ,9137,1.73,9244.01,0.31,28.68
PDSL,EQ,297.1,2.96,4202.25,9.61,28.62
LOTUSDEV,EQ,137.5,8.92,6719.95,21.38,28.53
DREDGECORP,EQ,887.95,5.87,2486.26,3.17,28.39
CAPLIPOINT,EQ,1663,3.26,12640.75,1.71,28.18
FINCABLES,EQ,848,4.63,12969.26,3.32,28.01
MARSONS,EQ,141.95,4.11,2442.96,19.88,27.91
AXISILVER,EQ,239.3,4.09,1916.72,11.64,27.91
IRB,EQ,20.94,1.9,25291.33,133.03,27.9
EIHOTEL,EQ,306.3,2.96,19154.9,9.03,27.7
ASHOKA,EQ,122.45,8.88,3437.46,22.97,27.57
GTLINFRA,EQ,1.26,16.67,1602.3,2258.44,27.55
SHRINGARMS,EQ,194.6,7.49,1876.57,14.39,27.51
AARTIIND,EQ,422.5,4.98,15319.61,6.49,27.42
COHANCE,EQ,309.5,2.98,11840.45,8.92,27.38
EIEL,EQ,171.13,3.69,3003.84,15.98,27.33
SAREGAMA,EQ,323,3.83,6227.75,8.49,27.24
RTNPOWER,EQ,8.74,5.81,4693.47,315.24,27.21
LXCHEM,EQ,125,6.1,3464.35,21.13,26.75
CANHLIFE,EQ,146.5,1.01,13917.5,18.31,26.67
CONCORDBIO,EQ,1050,1.69,10984.7,2.52,26.63
SAMHI,EQ,159.5,8.93,3528.24,16.94,26.56
BBOX,EQ,501,6.23,8541.59,5.39,26.47
NSLNISP,EQ,40.12,1.78,11757.59,65.76,26.42
INDIAMART,EQ,2095,2.02,12588.26,1.25,26.34
BERGEPAINT,EQ,436,1.43,50837.72,5.99,26.27
ITI,EQ,267.05,3.98,25660.49,9.82,26.12
GPPL,EQ,154,4.27,7444.97,16.92,25.96
WAAREERTL,EQ,893,4.24,9318.08,2.9,25.77
PHARMABEES,EQ,22.65,0.98,1233.93,113.88,25.74
ICIL,EQ,251,1.72,4971.16,10.19,25.74
KSB,EQ,852.5,2.36,14836.84,3.01,25.64
CHALET,EQ,765.8,3.65,16770.57,3.35,25.61
BANK10ADD,EQ,17.8,12.66,68.27,152.13,25.18
ASTERDM,EQ,666.3,1.61,34522.4,3.77,25.14
POLYMED,EQ,1440,3.6,14595.77,1.75,25.07
TMB,EQ,656.6,7.19,10397.36,3.9,25.03
EMCURE,EQ,1565,0.65,29670.76,1.59,25.02
KIMS,EQ,661,3.33,26449.18,3.72,24.88
TIMKEN,EQ,3420,4.32,25724.81,0.73,24.79
MEDPLUS,EQ,869.9,3.16,10443.55,2.89,24.76
AIIL,EQ,442.6,7.36,37586.72,5.67,24.74
GMBREW,EQ,1035.5,1.02,2365.8,2.39,24.69
VINCOFE,EQ,141,3.64,2036.58,17.56,24.62
GABRIEL,EQ,923.8,3.86,13269.83,2.66,24.57
BANKNIFTY1,EQ,57.73,5.85,4668.01,42.6,24.54
EMAMILTD,EQ,418.7,2.05,18276.26,5.85,24.52
CYIENTDLM,EQ,305.3,7.46,2423,8.11,24.5
INTELLECT,EQ,687.2,2.97,9598.61,3.58,24.46
ABBOTINDIA,EQ,25860,0.76,54950.69,0.09,24.37
PRECWIRE,EQ,307,4.6,5612.2,7.99,24.32
RMDRIP,EQ,47.58,0.51,1188.55,50.52,24.29
SOBHA,EQ,1296,5.48,13858.49,1.87,24.23
INFOBEAN,EQ,153.8,8.52,1501.18,15.71,24.2
DYNAMATECH,EQ,9927,4.43,6741.87,0.24,23.96
BANCOINDIA,EQ,576,7.52,8238.95,4.15,23.71
MOBIKWIK,EQ,178.55,6.96,1405.73,13.41,23.7
AEQUS,EQ,125.56,2.03,8420.88,18.68,23.7
SILVER1,EQ,23.39,4.65,1567.35,101.16,23.68
CSBBANK,EQ,406.3,8.68,7048.73,5.97,23.68
BLUESTONE,EQ,458,8.3,6972.2,5.21,23.43
YATHARTH,EQ,704.9,4.48,6792.02,3.36,23.35
CPSEETF,EQ,102.5,0.19,21104,22.74,23.23
JPOLYINVST,EQ,1144,6.25,1202.56,1.99,23.21
BANKBETA,EQ,57.56,5.96,3697.08,40.29,23.15
JKCEMENT,EQ,5540.5,5.2,42810.47,0.41,22.97
MANYAVAR,EQ,398.95,2.77,9693.41,5.79,22.94
GICRE,EQ,386.5,1.19,67807.56,5.93,22.94
REGAAL,EQ,77.95,12.97,800.73,29.49,22.83
JYOTISTRUC,EQ,11.9,13.98,1420.46,197.67,22.53
SAPPHIRE,EQ,166,4.7,5334.96,13.48,22.48
TVSHLTD,EQ,13841,0.74,28003.26,0.16,22.43
SPORTKING,EQ,141.9,8.54,1803.15,16.05,22.37
NETWORK18,EQ,32.19,6.03,4963.7,69.18,22.14
GILLETTE,EQ,7699.5,2.57,25088.99,0.29,22.13
INDIGOPNTS,EQ,815.65,6.67,3888.67,2.7,21.93
AVANTEL,EQ,143.96,5.83,3825.17,15.35,21.81
VIDYAWIRES,EQ,56,4.65,1191.08,38.8,21.8
SAMBHV,EQ,114.5,1.57,3373.99,18.86,21.71
VTL,EQ,553.5,1.16,16011.75,3.93,21.7
POCL,EQ,1167,5.94,3560.67,1.88,21.7
ACE,EQ,859.95,2.99,10240.56,2.52,21.65
GREAVESCOT,EQ,147.11,6.68,3426.28,14.93,21.61
AYE,EQ,100.2,11.25,2472.78,21.74,21.58
TI,EQ,435.3,4.49,10759.35,4.99,21.51
VIYASH,EQ,210,8.05,9173.87,10.58,21.5
WELSPUNLIV,EQ,123.45,3.47,11840.74,17.32,21.36
ECLERX,EQ,1542,3.13,14502.62,1.37,21.24
MBAPL,EQ,544.05,1.33,4767.34,3.88,21.06
PROSTARM,EQ,140.6,7.5,827.78,14.7,21.01
CCAVENUE,EQ,15.65,4.19,5459.08,133.17,20.9
POWERMECH,EQ,2064,5.95,6525.6,1.01,20.7
BAJAJHIND,EQ,17.26,0.58,2204.72,119.62,20.61
UNIVCABLES,EQ,760,9.09,2636.85,2.72,20.6
WELENT,EQ,448,2,6200.94,4.57,20.51
SARDAEN,EQ,542.5,2.73,19116.68,3.77,20.47
INTERARCH,EQ,1925.6,6.28,3229.59,1.07,20.46
WEL,EQ,79,1.69,1058.66,25.83,20.42
METALIETF,EQ,12.13,2.71,1019.83,168.46,20.4
GOLDBETA,EQ,125.95,1.78,4228.9,16.01,20.32
JUBLPHARMA,EQ,876,0.76,13953.03,2.29,20.11
IDEAFORGE,EQ,419.35,4.37,1814.78,4.83,20.06
AWHCL,EQ,443,5.33,1257.33,4.46,19.91
HGINFRA,EQ,518.6,6.99,3379.77,3.89,19.8
NEOGEN,EQ,1331.7,9.32,3513.25,1.5,19.77
IMFA,EQ,1350,2.68,7283.8,1.46,19.68
AUTOBEES,EQ,268.22,7.21,418.49,7.4,19.63
SCHNEIDER,BE,973.8,5,23283.95,2.04,19.58
MIDHANI,EQ,320.8,3.32,6009.87,6.11,19.57
AQYLON,EQ,43.24,4.65,1097.13,46.93,19.43
ORIANA,SM,1987,5.67,4037.42,0.98,19.39
SBCL,EQ,469.65,9.49,2705.38,4.24,19.39
KWIL,EQ,24.51,3.29,5758.85,79.21,19.35
SILVERBETA,EQ,232.85,4.85,1403.69,8.29,19.3
BASF,EQ,3575,7.71,15474.62,0.54,19.12
METROPOLIS,EQ,455.2,4.79,9437.56,4.26,19.06
RAYMONDLSL,EQ,810,2.92,4934.81,2.36,19.05
FIEMIND,EQ,2160,6.35,5685.05,0.88,18.96
DCXINDIA,EQ,173.55,2.18,1933.11,10.76,18.72
NAVA,EQ,583,3.52,16498.97,3.23,18.71
GSFC,EQ,160.7,4.56,6403.53,11.69,18.67
AGI,EQ,540,8.02,3493.66,3.51,18.66
EIDPARRY,EQ,842,2.53,14976.88,2.22,18.55
GMRP&UI,EQ,104.65,7.51,8173.35,17.85,18.52
BALAJITELE,EQ,90.55,6.44,1103.01,20.25,18.52
CRAMC,EQ,256.33,8.17,5111.67,7.32,18.52
TRIDENT,EQ,25.1,4.28,12790.85,73.79,18.46
CAMLINFINE,EQ,109.8,5.72,2109.17,16.76,18.39
SANOFI,EQ,3421,1.17,7878.78,0.53,18.32
GARUDA,EQ,167.9,9.23,1562.17,11.08,18.28
BBL,EQ,2400,3.03,2712.75,0.75,18.28
TARC,EQ,125,8.91,3688.7,14.84,18.27
PENIND,EQ,161.65,6.86,2181.41,11.52,18.24
BLUEJET,EQ,375,4.88,6504.95,4.89,18.23
PNGSREVA,EQ,375.05,0.25,1188.85,4.8,18.12
BECTORFOOD,EQ,189.2,0.36,5808.26,9.49,18.09
SHILPAMED,EQ,406,3.74,7940.62,4.5,18.01
RKFORGE,EQ,532.05,5.01,9631.73,3.4,17.99
GRINFRA,EQ,842.05,2.17,8147.72,2.12,17.98
MOREALTY,EQ,74.64,7.13,282.21,24.22,17.97
PRICOLLTD,EQ,571,5.92,6959.43,3.16,17.8
KPRMILL,EQ,860,2.28,29396,2.06,17.74
BALAMINES,EQ,1074.5,3.83,3481.49,1.64,17.7
AADHARHFC,EQ,472,3.44,20565.22,3.74,17.67
MIDCAPETF,EQ,21.39,4.29,1577.12,82.91,17.65
HPL,EQ,322,8.75,2070.48,5.59,17.61
HEMIPROP,EQ,125,5,3562.5,14.12,17.58
PARAGMILK,EQ,202,5.3,2527.21,8.77,17.57
CERA,EQ,5050,5.01,6513.26,0.34,17.39
EBGNG,EQ,375.5,0.29,4281.13,4.48,17.38
MIRCELECTR,EQ,30.75,8.12,1135.88,55.65,17.37
CMPDI,EQ,156.25,3.16,11156.25,11.17,17.37
AARTIPHARM,EQ,689,6.05,6246.32,2.53,17.22
SURYAROSNI,EQ,217.51,4.33,4733.8,7.94,17.14
V2RETAIL,EQ,198.1,4.07,7223.47,8.62,17.08
VARROC,EQ,501,5.89,7654.6,3.38,16.99
AVL,EQ,478,3.36,6172.8,3.57,16.98
GENESYS,EQ,242.5,3.55,1013.42,6.9,16.97
CAPACITE,EQ,230,9.1,1945.89,7.51,16.95
CLEANMAX,EQ,849,0.49,9940.02,1.96,16.83
GODREJIND,EQ,885.1,3.98,29810.6,1.89,16.73
RGL,EQ,107,3.78,1148.38,15.62,16.72
AGARIND,EQ,405,11.13,605.79,4.11,16.72
REFEX,EQ,224.4,5.35,3078.75,7.48,16.69
MOREPENLAB,EQ,40.22,4.99,2203.87,41.66,16.63
MAHLOG,EQ,384.4,8.31,3814.11,4.34,16.6
SONATSOFTW,EQ,247.9,5.02,6951.73,6.81,16.55
ATALREAL,EQ,24.5,0.86,303.55,68.42,16.44
AURIONPRO,EQ,840,5.79,4637.94,1.97,16.44
SANGHVIMOV,EQ,291.84,4.91,2526.63,5.63,16.41
JISLJALEQS,EQ,32,8.59,2286.75,52.3,16.4
INDIGRID,IV,170.38,1.62,16229.8,9.7,16.4
SENORES,EQ,784,1.51,3610.6,2.08,16.33
ROUTE,EQ,490,4.86,3087.15,3.36,16.22
DIACABS,EQ,134,4.65,7061.41,12.02,16.06
IIFLCAPS,EQ,281.05,6.85,8752.87,5.79,15.97
ATLANTAELE,EQ,1244,3.25,9565.94,1.28,15.93
BATAINDIA,EQ,706.85,5.58,9084.97,2.28,15.92
SUNTECK,EQ,315.6,4.9,4634.33,4.94,15.85
PROTEAN,EQ,523.9,4.28,2127.91,3.05,15.82
ACI,EQ,608,5.79,7506.27,2.63,15.82
MEDANTA,EQ,1059.1,2.49,28467.59,1.5,15.8
MMTC,EQ,58.8,3.56,8820,26.79,15.75
SKIPPER,EQ,377.05,4.62,4257.05,4.17,15.7
FINOPB,EQ,136.99,8.47,1140.01,11.85,15.64
ISGEC,EQ,922,0.96,6779.42,1.67,15.62
AWFIS,EQ,304,8.04,2174.83,5.23,15.61
HDFCNIFTY,EQ,269.67,4.06,4886.81,5.81,15.61
STYLEBAAZA,EQ,292,2.69,2178.83,5.29,15.53
GOKULAGRO,EQ,198.74,0.9,5864.55,7.81,15.52
GNFC,EQ,420.9,3.59,6184.73,3.68,15.43
LUMAXIND,EQ,5245,9.27,4902.89,0.3,15.41
ALPHA,EQ,46.66,4.76,761.15,32.97,15.26
RSL,EQ,123.9,0.95,1035.4,12.13,15.14
NIF100BEES,EQ,261.6,4.36,330.58,5.77,15.04
SUYOG,EQ,760,12.87,890.5,2.02,15.02
USHAMART,EQ,422.6,4.22,12878.39,3.5,14.75
JUSTDIAL,EQ,566.6,6.71,4818.63,2.6,14.6
VIVIDEL,ST,580,3.01,515.49,2.58,14.59
SHARDAMOTR,EQ,803.2,5.7,4610.99,1.8,14.55
MAHSEAMLES,EQ,611,1.17,8187.35,2.38,14.55
RITES,EQ,200.75,4.7,9648.12,7.28,14.5
KRT,RR,114.5,0.03,50773.87,12.65,14.48
CEINSYS,EQ,1077.65,6.09,1922.65,1.34,14.43
KALAMANDIR,EQ,95,3.36,1456.98,15.07,14.33
SHILCTECH,EQ,4297.6,4.93,4916.54,0.34,14.31
RUBICON,EQ,795,2.09,13097.65,1.8,14.31
VIJAYA,EQ,958.6,3.2,9847.21,1.48,14.3
GULFOILLUB,EQ,923,4.93,4559.63,1.55,14.3
JASH,EQ,407.55,6.56,2563.7,3.48,14.28
OPTIEMUS,EQ,363.9,12.75,3227.38,4.07,14.22
LIQGRWBEES,EQ,1034.67,0.01,133.36,1.37,14.2
GOLDADD,EQ,145.75,1.99,2234.09,9.68,14.18
ELGIEQUIP,EQ,501.15,3.83,15881.9,2.82,14.12
VENUSPIPES,EQ,1124.2,6.92,2328.91,1.26,14.1
KOPRAN,EQ,146.7,9.22,708.38,9.87,14.04
GENUSPOWER,EQ,257.98,7.37,7848.21,5.51,14.02
DSSL,EQ,999.95,8.92,1273.64,1.42,14.01
HITECH,EQ,85.3,7.74,1732.51,16.54,13.97
SILVERADD,EQ,232.7,5,1736.07,6.01,13.96
63MOONS,EQ,547.1,8.86,2520.96,2.6,13.95
NOCIL,EQ,165.3,2.52,2760.92,8.47,13.95
SAIPARENT,EQ,419,2.38,1851.11,3.26,13.93
WHEELS,EQ,991.3,3.22,2422.04,1.39,13.85
MINDACORP,EQ,530.2,4.95,12675.99,2.61,13.8
ARIS,EQ,115,6.3,940.25,12.17,13.72
ONEPOINT,EQ,49.3,5.07,1296.2,27.93,13.66
PSPPROJECT,EQ,684.8,6.64,2714.67,2.01,13.65
STERTOOLS,EQ,243.2,13.41,883.9,5.65,13.5
AONELIQUID,EQ,1054.33,0.01,93.53,1.28,13.5
VENKEYS,EQ,1452,6.39,2045.48,0.94,13.47
RATNAVEER,EQ,144.2,3.51,978.69,9.36,13.45
GLAXO,EQ,2350.1,0.72,39812.11,0.57,13.39
JNKINDIA,EQ,269.1,2.09,1505.72,4.96,13.36
PVP,EQ,30.4,16.61,791.63,44.99,13.36
DYCL,EQ,309.2,13.94,1498.34,4.62,13.34
KPEL,EQ,302,4.73,2041.39,4.44,13.33
GAEL,EQ,148,2.94,6788.33,9.05,13.33
AVALON,EQ,999.4,3.51,6672.61,1.34,13.32
PATELENG,EQ,26.52,4.91,2631.16,50.16,13.23
ARVIND,EQ,380,1.31,9960.36,3.46,13.17
ICICIB22,EQ,121.32,2.72,10467.31,10.87,13.16
SGMART,EQ,524,4.5,6602.4,2.51,13.16
MSTCLTD,EQ,414,3.79,2914.56,3.18,13.12
KRISHNADEF,EQ,927,5.45,1384.21,1.4,12.9
RTNINDIA,EQ,31.7,8.6,4381.79,41.14,12.81
TEGA,EQ,1736.8,2.85,13048.18,0.74,12.78
AJMERA,EQ,118.95,4.53,2340.88,10.61,12.74
EPIGRAL,EQ,1020.8,7.35,4403.87,1.29,12.73
STYLAMIND,EQ,2228.3,0.47,3776.54,0.57,12.65
INDIAGLYCO,EQ,913,1.94,6119.54,1.38,12.64
BAYERCROP,EQ,4820,3.63,24151.69,0.26,12.55
JUBLINGREA,EQ,635,4.78,10114.35,2.01,12.54
UTLSOLAR,EQ,223,0.01,6832.96,5.54,12.54
DELTACORP,EQ,58.6,3.92,1569.14,21.5,12.54
CANTABIL,EQ,231.45,1.28,1935.8,5.37,12.53
RALLIS,EQ,258.08,1.95,5018.85,4.82,12.46
KIRIINDUS,EQ,396.6,4.67,2380.49,3.17,12.45
RAYMONDREL,EQ,438.9,5.77,2921.92,2.84,12.36
JKLAKSHMI,EQ,624.75,3.62,7755.92,1.96,12.32
GODAVARIB,EQ,314.6,3.2,1610,3.88,12.3
HAPPYFORGE,EQ,1280,5.88,12076.86,0.96,12.21
ALOKINDS,EQ,13.58,8.04,6742.8,90.91,12.18
QUADFUTURE,EQ,302.6,4.56,1210.4,4.05,12.17
E2E,BE,2463.3,5,5063.68,0.49,12.1
MCLOUD,EQ,26.05,12.19,1534.52,46.15,12.07
KIRLOSBROS,EQ,1530,6.66,12149.57,0.79,12.06
NITCO,EQ,86.41,0.01,1979.79,13.76,12.03
INDIASHLTR,EQ,768,1.21,8352.65,1.58,12.03
JAICORPLTD,EQ,104.03,6.45,1825.78,11.6,11.96
BIRLACORPN,EQ,928,6.18,7146.1,1.29,11.91
INDIACEM,EQ,378.3,3.89,11723.41,3.15,11.88
ESILVER,EQ,241.8,5.07,1577.19,4.89,11.81
BHARATSE,EQ,176.7,8.39,1109.68,6.57,11.64
SPMLINFRA,EQ,186,7.81,1424.78,6.35,11.63
NIFTYETF,EQ,259.71,4,5184.35,4.49,11.61
NEXT50IETF,EQ,69.82,4.91,2276.24,16.72,11.6
FLUOROCHEM,EQ,3330,2.9,36580.05,0.35,11.59
SUMICHEM,EQ,410.05,4.27,20467.47,2.84,11.58
PVTBANIETF,EQ,26.97,5.6,2827.31,43.33,11.57
SHREEJISPG,EQ,352.05,3.01,5735.54,3.27,11.56
EMUDHRA,EQ,490,8.86,4057.77,2.44,11.51
IOLCP,EQ,80.73,2.71,2369.65,14.21,11.45
ORIENTELEC,EQ,159.61,3,3405.53,7.13,11.42
LGBBROSLTD,EQ,1754,4.18,5593.93,0.66,11.39
APLLTD,EQ,734,6.36,14427.73,1.58,11.37
KMEW,EQ,1720.2,3.58,4204.88,0.66,11.33
NIFTY1,EQ,264.7,4.01,3340.24,4.29,11.31
HCG,EQ,556,4.35,8301.2,2.07,11.29
TVSMNCRPS,P1,10.15,0.5,1928.85,111.67,11.28
SURAJLTD,EQ,260,1.3,477.47,3.85,11.26
MARKSANS,EQ,174.32,2.54,7899.55,6.46,11.24
SIRCA,EQ,416,3.44,2362.58,2.71,11.22
HERITGFOOD,EQ,328.2,4.32,3045.56,3.41,11.16
MANGLMCEM,EQ,867,3.93,2384.02,1.29,11.14
SHK,EQ,134.7,9.09,1864.53,8.52,11.14
MAPMYINDIA,EQ,939.95,6.37,5147.27,1.2,11.13
SBFC,EQ,88.37,4.7,9777.38,12.52,11.11
LMW,EQ,13575,4.75,14502.17,0.08,10.97
SUNTV,EQ,601,1.87,23684.49,1.81,10.97
HDFCPVTBAN,EQ,27.46,6.72,735.25,40.55,10.97
INDGN,EQ,482,3.73,11611.45,2.27,10.9
INDRAMEDCO,EQ,427.45,2.88,3918.56,2.55,10.89
VIPIND,EQ,329.7,5.22,4683.45,3.37,10.88
VAIBHAVGBL,EQ,209.5,8.71,3500.07,5.28,10.88
ORIENTTECH,EQ,272.89,7.19,1250,4.02,10.86
PREMEXPLN,EQ,449,3.89,2413.88,2.42,10.85
ALIVUS,EQ,1040.1,0.03,12765.81,1.04,10.83
JKIL,EQ,475,2.89,3594.11,2.27,10.78
GLOBUSSPR,EQ,945.5,2.74,2748.38,1.12,10.7
AKUMS,EQ,504,2.95,7932.66,2.11,10.64
SERVOTECH,EQ,77.6,9.81,1752.56,14.04,10.63
ASAHIINDIA,EQ,850.2,5.56,21673.91,1.25,10.62
FINPIPE,EQ,163.99,3.18,10175.2,6.49,10.61
SOLARWORLD,EQ,179,6.16,1551.44,5.97,10.59
ENTERO,EQ,1166,0.43,5073.38,0.9,10.52
ASKAUTOLTD,EQ,440,1.58,8674.27,2.38,10.52
MARINE,EQ,191.88,7.05,2653.59,5.54,10.51
EXCELSOFT,EQ,87,5.88,1001.23,12.12,10.5
VADILALIND,EQ,4600,5.33,3306.4,0.23,10.47
VENTIVE,EQ,602.2,4.88,14063.88,1.75,10.42
SETFNIFBK,EQ,571.5,5.94,3778.46,1.83,10.32
ALPEXSOLAR,SM,904.45,2.35,2310.24,1.13,10.31
ETHOSLTD,EQ,2440,6.03,6528.88,0.43,10.3
UFBL,EQ,265,18.97,1035.79,4.19,10.3
GKENERGY,EQ,105.49,10,2139.52,9.75,10.2
NIACL,EQ,131.71,6,21705.81,7.84,10.2
GULPOLY,EQ,171.1,7.77,1067.16,6.01,10.17
EMIL,EQ,102,7.47,3924.44,10.05,10.17
SAFARI,EQ,1551,4.78,7598.96,0.65,10.16
MAHSCOOTER,EQ,12927,6.13,14773.71,0.08,10.12
HNGSNGBEES,EQ,523.77,3.42,1235.4,1.94,10.11
NUVOCO,EQ,304,4.06,10857.55,3.31,10.1
RAJOOENG,EQ,61.5,8.12,1098.85,16.45,10.06
TIPSMUSIC,EQ,547.7,1.14,7001.34,1.82,10.02
SIGACHI,EQ,20.9,8.91,798.62,48.47,9.96
VIMTALABS,EQ,445.45,6.1,1989.8,2.26,9.91
LAXMIINDIA,EQ,89.6,13.1,468.32,11.17,9.86
UTKARSHBNK,EQ,12.59,5.62,2240.42,78.94,9.84
BOMDYEING,EQ,107,4.87,2209.92,9.23,9.83
DIGITIDE,EQ,90.88,3.61,1354.22,10.96,9.8
CANFINHOME,EQ,836,2.22,11131.68,1.17,9.8
MASTEK,EQ,1588,3.76,4922.38,0.62,9.78
DCW,EQ,43.3,5.64,1278.02,22.61,9.72
GROWWSLVR,EQ,23.56,4.53,338.78,41.12,9.71
ARKADE,EQ,114,6.13,2116.57,8.63,9.67
WAAREEINDO,EQ,416.95,0.74,1734.67,2.24,9.63
WSTCSTPAPR,EQ,446,0.15,2945.78,2.13,9.57
ORIENTCEM,EQ,140.29,5.36,2882.4,6.81,9.55
TIL,EQ,195.95,11.88,1378.55,5.06,9.54
EMSLIMITED,EQ,308.05,6.32,1710.63,3.09,9.49
CAMPUS,EQ,241.73,4.09,7387.1,3.9,9.43
CARERATING,EQ,1574.5,1.41,4730.9,0.59,9.4
NORTHARC,EQ,237.5,3.96,3837.33,3.95,9.38
KANSAINER,EQ,188.95,5.94,15279.6,4.99,9.38
TIRUMALCHM,EQ,185,6.81,2230.23,5.13,9.37
PICCADIL,EQ,565,5.13,5565.12,1.68,9.35
REPCOHOME,EQ,389.8,3.35,2438.64,2.4,9.29
STARHEALTH,EQ,470,1.99,27654.96,1.97,9.24
WENDT,EQ,6645,3.76,1329,0.14,9.24
DCAL,EQ,161.7,7.29,2535.18,5.77,9.23
FEDFINA,EQ,141.3,4.11,5287.53,6.56,9.22
MHRIL,EQ,255,2.43,5152.11,3.6,9.19
TTKPRESTIG,EQ,482.2,2.46,6603.78,1.89,9.11
SUDARSCHEM,EQ,812,5.38,6383.29,1.14,9.09
JSFB,EQ,401.95,2.19,4233.52,2.25,9.06
FMCGIETF,EQ,51.26,1.97,743.04,17.64,9.04
UNIMECH,EQ,779.5,4.75,3964.29,1.17,9.04
AFCONS,EQ,307,6.25,11290.99,3,9
DATAMATICS,EQ,709,1.68,4190.64,1.27,8.99
ORKLAINDIA,EQ,620.1,2.84,8494.7,1.45,8.99
SUNFLAG,EQ,239.87,3.18,4322.92,3.72,8.88
MOCAPITAL,EQ,48.15,5.8,152.39,18.49,8.86
SYMPHONY,EQ,754.5,4.92,5181.26,1.17,8.75
C2C,SM,463.9,2,787.17,1.85,8.73
RBA,EQ,62,1.74,3613.83,14.04,8.69
SWARAJENG,EQ,3775,3.15,4586.57,0.23,8.69
CEIGALL,EQ,291,4.56,5069.36,3.04,8.69
BLUEDART,EQ,5030,2.46,11935.15,0.17,8.66
SMSPHARMA,EQ,399.9,2.53,3745.14,2.17,8.63
SPLPETRO,EQ,743,2.83,13971.47,1.16,8.63
ARVINDFASN,EQ,461,7.53,6160.35,1.91,8.62
RIIL,EQ,706.1,4,1066.21,1.21,8.61
KIOCL,EQ,352,2.95,21392.84,2.43,8.57
HUBTOWN,EQ,202,3.93,2870.43,4.24,8.52
HARIOMPIPE,EQ,281,4.02,870.18,3.01,8.42
ALGOQUANT,EQ,54,4.31,1517.92,15.67,8.41
CARYSIL,EQ,831.15,3.27,2364.01,1.01,8.41
POLYPLEX,EQ,858,6.55,2693.47,1,8.4
GAUDIUMIVF,EQ,79.06,0.43,575.45,10.48,8.4
STANLEY,EQ,132.05,3.26,754.34,6.33,8.39
PRECAM,EQ,132.45,9,1258.09,6.47,8.39
THYROCARE,EQ,391.3,3.31,6228.14,2.16,8.34
ATULAUTO,EQ,437.6,6.14,1214.4,1.92,8.31
MBEL,EQ,309.75,4.13,1770.17,2.67,8.3
ADVAIT,EQ,1835,3.44,2006.9,0.45,8.28
THOMASCOOK,EQ,102.83,6.11,4836.92,8.11,8.28
IONEXCHANG,EQ,367.35,5.12,5387.8,2.27,8.25
DOMS,EQ,2370,1.04,14383.14,0.35,8.25
SHAREINDIA,EQ,139.35,5.23,3030.75,5.94,8.21
DBL,EQ,428.6,4.86,6962.39,1.95,8.2
MTNL,EQ,28.15,9.62,775.88,29.68,8.17
ALLCARGO,EQ,8.38,6.21,1255.14,98.35,8.15
TRAVELFOOD,EQ,1309,2.25,17236.84,0.62,8.13
SILVERAG,EQ,234.9,5.21,1000.04,3.46,8.1
ZOTA,EQ,1225,7.26,4172.43,0.67,8.05
STEELCAS,EQ,261.86,7.52,2650.02,3.03,7.98
MSPL,EQ,34.86,3.72,1975.85,22.78,7.97
DDEVPLSTIK,EQ,223,4.97,2307.53,3.5,7.87
RAJESHEXPO,BZ,100.98,4.99,2981.54,7.78,7.85
METAL,EQ,12.16,2.7,469.81,64.65,7.85
BHAGCHEM,EQ,229,5.53,2969.42,3.48,7.85
BIKAJI,EQ,640,1.85,16047.13,1.22,7.81
MOMENTUM50,EQ,50.39,6.62,330.26,15.63,7.79
PDMJEPAPER,EQ,83.29,10.76,790.84,9.2,7.75
FUSION,EQ,158.2,4.67,2552.87,4.9,7.73
RISHABH,EQ,437,7.25,1684.33,1.75,7.69
AHLUCONT,EQ,770,6.07,5158.04,1,7.69
GOCOLORS,EQ,282.5,5.48,1485.84,2.71,7.65
ERIS,EQ,1354.3,2.96,18762.86,0.57,7.62
NESCO,EQ,1121,3.66,7898.56,0.68,7.61
ATUL,EQ,6400,3.03,18842.72,0.12,7.58
ROLEXRINGS,EQ,128.8,7.55,3507.65,6.02,7.58
IT,EQ,34.74,0.72,416.75,21.86,7.56
ANDHRAPAP,EQ,62,1.79,1232.87,12.14,7.53
PFIZER,EQ,4830,1.06,22096.15,0.16,7.53
DIFFNKG,EQ,283,3.72,1059.16,2.67,7.52
SUVEN,EQ,169,1.28,3919.99,4.41,7.5
GODREJAGRO,EQ,592,3.13,11385.88,1.27,7.49
JKPAPER,EQ,343.5,3.12,5818.97,2.18,7.48
NELCO,EQ,639,5.18,1458.1,1.18,7.45
DHANBANK,EQ,25.49,5.29,1006.09,29.38,7.34
INA,EQ,99.6,6.98,2195.13,7.29,7.24
NDTV,EQ,74.6,7.79,841.67,9.59,7.2
UNIECOM,EQ,92.9,2.94,1044,7.69,7.19
MOTISONS,EQ,13.45,7.6,1324.1,53.8,7.16
GNA,EQ,410,7.98,1760.16,1.76,7.15
TAC,SM,587.9,1.05,1236.13,1.19,7.14
BUILDPRO,EQ,1118,3.73,2711.07,0.65,7.12
SOMANYCERA,EQ,409,3.07,1677.42,1.74,7.1
MAYURUNIQ,EQ,570,6.5,2476.8,1.26,7.09
RHIM,EQ,388.35,3.49,8019.48,1.82,7.09
ANUP,EQ,1830,5.31,3665.76,0.39,7.07
ARMANFIN,EQ,1621,4.71,1704.14,0.44,7.05
GANESHHOU,EQ,587,5.64,4894.82,1.22,7.05
KIRLPNU,EQ,1170,1.74,7600.11,0.6,7.04
HIKAL,EQ,174.95,5.91,2157.15,4.07,7.03
SENSEXIETF,EQ,888,4.11,28548.38,0.79,7.03
ABLBL,EQ,100.7,2.8,12290.65,6.96,7
NEPHROPLUS,EQ,542.5,2.38,5443.48,1.29,7
GLAND,EQ,1729.9,0.79,28501.21,0.4,7
BEPL,EQ,89.1,3.75,2217.33,7.73,6.95
NXST,RR,155.4,2.53,23543.1,4.48,6.95
VSTTILLERS,EQ,5250,4.74,4537.76,0.13,6.94
GALAXYSURF,EQ,1778.5,6,6305.63,0.39,6.94
ROSSTECH,EQ,791,3.25,2981.79,0.87,6.91
WEWORK,EQ,472.5,4.43,6396.61,1.48,6.91
EBBETF0430,EQ,1559.8,0.48,24796.22,0.44,6.91
EXICOM,EQ,96.75,8.17,1345.6,7.26,6.89
PRAKASH,EQ,131.4,3.85,2353.14,5.23,6.88
ROHLTD,EQ,337,9.58,924.23,2.08,6.88
SDBL,EQ,76.75,7.76,1514.1,9.1,6.86
MOSMALL250,EQ,15.58,4.21,203.79,44.22,6.84
MINDSPACE,RR,472,2.07,30601.79,1.44,6.81
ALKYLAMINE,EQ,1385,3.81,7083.45,0.49,6.73
ADVENZYMES,EQ,293.05,4.14,3280.01,2.28,6.71
PSB,EQ,24.49,6.48,17377.09,27.72,6.71
SUNDRMFAST,EQ,781,4.13,16411.03,0.85,6.66
SFL,EQ,526.9,5.24,5727.97,1.27,6.6
GREENPOWER,EQ,9.9,7.03,1161.3,67.7,6.6
GROWWLIQID,EQ,108.56,0.02,89.29,6.05,6.57
IFBAGRO,EQ,874,4.7,818.69,0.74,6.55
RELAXO,EQ,280.55,3.96,6983.97,2.33,6.51
INDOFARM,EQ,143.8,7.67,690.98,4.55,6.5
NITINSPIN,EQ,389.8,1.06,2191.46,1.65,6.46
EFCIL,EQ,199.9,3.56,2744.29,3.22,6.46
MAHLIFE,EQ,345.2,0.1,7364.59,1.84,6.41
MICEL,EQ,37.92,9.98,913.92,17.08,6.41
MIDWESTLTD,EQ,1329.1,5.78,4806.13,0.48,6.41
SUPRIYA,EQ,639,4.63,5142.85,1.01,6.4
UGROCAP,EQ,96.22,3.92,1397.51,6.62,6.4
TBZ,EQ,139.03,4.88,927.76,4.62,6.4
SIYSIL,EQ,536.5,4.82,2434.11,1.2,6.39
SOLARA,EQ,483.35,3.03,1748.41,1.33,6.34
NPST,EQ,1205.2,6.4,2512.92,0.53,6.3
ARTEMISMED,EQ,230,2.38,3640.29,2.73,6.3
UNITECH,EQ,4.91,4.91,1283.79,126.87,6.28
GOODLUCK,EQ,1082,2.09,3596.41,0.58,6.28
SALASAR,EQ,7.15,9.33,1249.78,88.97,6.25
HDFCMID150,EQ,21.2,4.38,172.22,29.68,6.25
MALLCOM,EQ,1090,3.84,680.16,0.56,6.23
PURVA,EQ,189.88,9.04,4503,3.31,6.21
PNBGILTS,EQ,70.3,8.5,1265.47,8.94,6.21
IBULLSLTD,EQ,11.19,7.29,2600.98,55.67,6.2
NIVABUPA,EQ,73.93,1.48,13658.25,8.39,6.18
UNIPARTS,EQ,510,3.55,2302.3,1.21,6.15
REDTAPE,EQ,121,6.12,6688.97,5.13,6.12
CIGNITITEC,EQ,1258,3.51,3465.41,0.49,6.11
MASFIN,EQ,309.8,3.51,5621.43,1.96,6.1
MANINFRA,EQ,93.15,4.18,3760.15,6.46,6.08
PARACABLES,EQ,37.31,11.87,1138.74,16.83,6.06
SKFINDIA,EQ,1604.2,4.64,7930.84,0.38,6.05
VPRPL,EQ,38.38,4.01,478.38,15.89,6.05
MOM100,EQ,61.39,4.25,793.64,9.85,6.02
GVPIL,BE,443.8,3.89,2983.56,1.36,5.99
LTGILTBEES,EQ,29.12,0.66,2497.82,20.57,5.98
DHANUKA,EQ,1014.7,0.9,4574.1,0.58,5.96
SGBOC28VII,GB,15015,2.45,2792.07,0.04,5.93
BAJEL,EQ,162.84,5.4,1884.01,3.67,5.9
KCP,EQ,156,1.49,2011.17,3.77,5.87
SRM,EQ,430.6,3.19,987.98,1.36,5.85
VISHNU,EQ,522.95,1.32,3520.25,1.12,5.85
PSUBANK,EQ,874,5.8,2412.45,0.68,5.84
BIL,EQ,750,1.44,1005.78,0.69,5.83
SPIC,EQ,66.48,6.3,1353.8,8.87,5.83
NIITLTD,EQ,62,6.09,845.58,9.45,5.8
AARTIDRUGS,EQ,362.5,1.57,3308.54,1.6,5.79
GATEWAY,EQ,56.6,2.8,2827.98,10.16,5.73
GROWWGOLD,EQ,14.71,2.37,445.36,38.84,5.73
BUTTERFLY,EQ,625.05,0.99,1117.56,0.92,5.72
SWANDEF,BE,1823,2.62,9603.96,0.31,5.7
STEELXIND,EQ,8.92,8.78,1112.52,63.61,5.69
SULA,EQ,164.29,4.92,1387.38,3.51,5.69
BLSE,EQ,165.1,5.09,1500.04,3.45,5.68
GRINDWELL,EQ,1490,1.98,16497.28,0.38,5.65
FCL,EQ,23,4.31,2666.85,24.52,5.65
VESUVIUS,EQ,462.95,2.31,9396.07,1.21,5.64
VGL,EQ,63.93,6.78,329.42,8.59,5.63
BSLGOLDETF,EQ,132.12,1.98,2820.28,4.25,5.62
MAXVOLT,SM,329.95,2.03,359.78,1.63,5.62
ASTRAZEN,EQ,7934.5,1.84,19836.25,0.07,5.62
BAJAJELEC,EQ,360.95,2.41,4165.03,1.56,5.62
SETFNN50,EQ,710,5.13,2852.96,0.8,5.61
SOLEX,EQ,1110,5.19,1199.08,0.51,5.6
SOUTHWEST,EQ,223.5,2.53,666.7,2.5,5.59
IFBIND,EQ,1040,6.23,4213.95,0.55,5.58
ZUARI,EQ,216.4,4.8,910.14,2.59,5.57
NAVKARCORP,EQ,92.65,7.43,1394.56,6,5.53
GREENPLY,EQ,210.58,5.48,2629.89,2.66,5.53
EUREKAFORB,EQ,473,2.43,9147.99,1.17,5.53
SMCGLOBAL,EQ,63,5.14,1319.22,8.7,5.46
PRINCEPIPE,EQ,241.99,5.95,2675.47,2.29,5.44
RATNAMANI,EQ,2310,4.67,16191.25,0.24,5.44
INSECTICID,EQ,645,3.66,1876.81,0.85,5.43
JGCHEM,EQ,357,4.54,1398.94,1.51,5.38
ORISSAMINE,EQ,3702,4.58,2221.2,0.14,5.35
ASTEC,EQ,551.9,2.44,1229.76,0.97,5.32
DOLLAR,EQ,249.22,2.53,1413.48,2.13,5.32
TATVA,EQ,1203.3,5.06,2814.77,0.44,5.29
MEDIASSIST,EQ,360.7,6.12,2691.16,1.49,5.29
AUTOIETF,EQ,26.8,6.73,179.65,19.89,5.28
FINEORG,EQ,4492,1.93,13772.46,0.12,5.26
QUESS,EQ,188.5,3.36,2814.9,2.78,5.25
SAATVIKGL,EQ,414,1,5262.15,1.24,5.2
IRMENERGY,EQ,195,6.16,800.66,2.67,5.15
ECOSMOBLTY,EQ,131.6,5.52,789.6,3.94,5.15
EUROPRATIK,EQ,233,3.22,2381.26,2.22,5.14
AMAGI,EQ,337.5,5.4,7301.44,1.55,5.12
DBOL,EQ,117.99,3.33,783.31,4.47,5.11
GEOJITFSL,EQ,62.59,6.66,1747.03,8.29,5.11
NIMBSPROJ,EQ,200.4,1.79,387.15,2.54,5.11
MUTHOOTMF,EQ,167,7.93,2847.22,3.08,5.08
HIMATSEIDE,EQ,87.7,6.95,1102.76,5.83,5.08
GOCLCORP,EQ,273.6,2.7,1356.3,1.84,5.07
UFLEX,EQ,366.5,5.59,2646.55,1.39,5.06
GREENPANEL,EQ,197.5,5.67,2421.89,2.53,5.02
SETL,EQ,133.9,5.71,2671.19,3.73,5.01
SKMEGGPROD,EQ,176.9,7.84,931.56,2.88,5
COFFEEDAY,EQ,25.73,9.49,543.55,19.67,4.99
SANDHAR,EQ,488.85,3.44,2942.42,1.02,4.99
GIPCL,EQ,137,3.47,2126.46,3.66,4.98
BIRET,RR,334.85,2.54,25093.17,1.49,4.96
SYNCOMF,EQ,13.1,6.94,1231.4,37.99,4.95
SUBROS,EQ,729,5.71,4755.69,0.69,4.95
VASCONEQ,EQ,35.29,7.46,817.66,14.18,4.91
PGIL,EQ,1539.5,0.88,7103.48,0.32,4.91
DENTA,EQ,258,4.53,688.86,1.9,4.87
POKARNA,EQ,923.5,2.58,2863.22,0.52,4.86
XPROINDIA,EQ,1045,2.45,2452.65,0.47,4.86
ANONDITA,SM,821,5.26,1484.91,0.59,4.84
SADHNANIQ,EQ,1.75,6.71,518.82,274.78,4.84
TAJGVK,EQ,340.7,6.57,2136.24,1.45,4.84
RAMCOSYS,EQ,423.05,3.35,1584.81,1.14,4.8
SAKAR,EQ,537,1.55,1194.82,0.89,4.78
NIFTYBETA,EQ,264.65,3.68,68982.41,1.81,4.78
GPTINFRA,EQ,113.5,8.22,1434.24,4.33,4.78
SURYODAY,EQ,138.51,8.14,1472.22,3.5,4.75
GHCL,EQ,472.55,3.31,4344.35,1,4.74
HDFCLIQUID,EQ,1055.38,0.01,52.71,0.45,4.71
DLINKINDIA,EQ,415.5,2.87,1475.23,1.13,4.69
FISCHER,EQ,41,1.36,2658.91,11.45,4.67
IMAGICAA,EQ,46.65,4.04,2639.74,10.09,4.67
SHANTIGOLD,EQ,184.3,6.49,1328.73,2.56,4.66
DODLA,EQ,1056.05,4.23,6370.92,0.44,4.64
AJAXENGG,EQ,458.55,2.69,5246.12,1.02,4.63
VRLLOG,EQ,249,5.64,4355.93,1.88,4.61
RACLGEAR,EQ,1315,5.39,1550.13,0.35,4.59
GMMPFAUDLR,EQ,900,4.05,4046.15,0.51,4.58
HIRECT,EQ,714.8,5.52,2456.6,0.65,4.58
RPTECH,EQ,378,2.41,2491.01,1.21,4.58
JSWHL,EQ,12499,5,13873.42,0.04,4.56
SGBFEB32IV,GB,15140,2.69,19359.24,0.03,4.52
ASALCBR,EQ,815,4.04,1546.8,0.55,4.46
GANDHAR,EQ,134.6,6.1,1317.46,3.3,4.43
ARIHANTCAP,EQ,69.65,8.81,763.45,6.4,4.43
NIBE,EQ,961,4.64,1393.57,0.46,4.4
STYRENIX,EQ,1925,1.27,3385.23,0.23,4.39
KESORAMIND,EQ,11.39,9.94,353.85,38.62,4.36
CRIZAC,EQ,213.07,6.4,3728.35,2.05,4.33
GICL,EQ,41,0.22,459.01,10.65,4.33
MIDCAPIETF,EQ,21.65,4.09,656.17,19.99,4.31
NSIL,EQ,5549,6.09,2850.06,0.08,4.3
INDOTECH,EQ,1362,9.43,1446.44,0.32,4.3
AUTOAXLES,EQ,1719.7,3.37,2598.81,0.25,4.29
EMKAY,EQ,217,11,568.3,1.98,4.26
SHOPERSTOP,EQ,299.85,4.42,3301.87,1.43,4.24
BLUSPRING,EQ,64,7.98,954.45,6.78,4.24
SIMPLEXINF,EQ,183.75,7.12,1453.38,2.3,4.23
OILIETF,EQ,11.35,4.03,266.53,37.55,4.22
COSMOFIRST,EQ,649.5,4.21,1704.92,0.65,4.21
HLEGLAS,EQ,299.75,7.44,2081.91,1.42,4.19
FLYSBS,SM,435,2.69,752.71,0.92,4.15
FABTECH,EQ,153.89,4.11,684.05,2.7,4.13
VAKRANGEE,EQ,6.44,5.4,697.58,64.07,4.13
ITIETF,EQ,34.87,0.84,472.52,11.86,4.12
LICMFGOLD,EQ,135,1.81,1398.57,3.03,4.12
LINCOLN,EQ,552,0.37,1105.64,0.74,4.11
INDOSTAR,EQ,213.01,8.47,3441.63,1.94,4.1
VGUARD,EQ,324.15,1.61,14159,1.26,4.07
SCODATUBES,EQ,139.2,2.33,833.93,2.89,4.05
SARVESHWAR,EQ,3.97,14.08,487.8,104.32,4.04
ADSL,EQ,112.85,7.34,637.76,3.61,4.04
SURAJEST,EQ,210,9.98,1003.24,1.98,4.04
RAMRAT,EQ,323.15,3.94,3015.02,1.24,4
ROSSARI,EQ,453,2.02,2508.87,0.88,4
JARO,EQ,439,3.04,973.54,0.91,4
VSTIND,EQ,220.1,3.3,3738.64,1.82,4
SML100CASE,EQ,9.32,3.67,63.17,42.81,3.99
SILGO,EQ,77,4.07,246.29,5.19,3.98
SAKSOFT,EQ,137.6,7.09,1823.91,2.93,3.98
ADOR,EQ,870,2.14,1514.04,0.45,3.96
SALZERELEC,EQ,579,8.18,1023.83,0.7,3.96
MAXESTATES,EQ,360.3,3.53,5888.94,1.08,3.92
AIMTRON,SM,872.9,3.31,1798.98,0.45,3.9
BAJAJHCARE,EQ,327.4,4.1,1034.04,1.2,3.88
DBCORP,EQ,211,2.2,3760.99,1.83,3.86
TALBROAUTO,EQ,254,1.93,1567.9,1.48,3.84
EKC,EQ,111.5,4.35,1251.12,3.47,3.83
GARFIBRES,EQ,610,2.19,6055.22,0.63,3.83
QUICKHEAL,EQ,159.35,8.27,864.4,2.44,3.81
KRSNAA,EQ,599,5.29,1943.08,0.64,3.8
MOM30IETF,EQ,30.46,5.76,547.74,12.53,3.79
MAMATA,EQ,368.8,4.4,907.54,1.03,3.79
TAKE,BE,43.72,1.98,646.77,8.63,3.77
GROWWDEFNC,EQ,80.33,2.65,285.03,4.69,3.76
PATELRMART,EQ,182.25,3.73,608.72,2.07,3.76
CENTURYPLY,EQ,742,3.57,16485.24,0.51,3.75
JAYKAY,EQ,155.2,10.84,2022.06,2.46,3.74
MID150CASE,EQ,10.53,4.46,232.94,35.63,3.72
WONDERLA,EQ,532.3,1.29,3375.99,0.69,3.7
SILVERTUC,EQ,128.48,4.07,1629.25,2.91,3.69
DISHTV,EQ,3.07,1.66,565.27,118.52,3.67
ROTO,EQ,56.2,4.44,1059.06,6.6,3.67
EIHAHOTELS,EQ,316.05,5.46,1925.89,1.16,3.67
SHREEPUSHK,EQ,349,4.85,1128.59,1.04,3.66
KAMDHENU,EQ,21.55,5.95,607.46,17.04,3.65
SGBDE31III,GB,15000,2.52,18160.21,0.02,3.65
MARATHON,EQ,448,6.2,3020.44,0.82,3.65
MEIL,EQ,255,3.5,704.57,1.42,3.64
PARKHOTELS,EQ,114.7,2.93,2447.4,3.15,3.63
SAFEENTP,SM,236.05,9.77,1100.1,1.56,3.61
FINKURVE,EQ,62.9,1.76,880.92,5.41,3.59
NEXT50,EQ,682.57,5.17,1171.05,0.53,3.59
KINGFA,EQ,4231,1.09,5733.59,0.08,3.59
BHARATWIRE,EQ,170.1,5.58,1166.62,2.11,3.58
VINDHYATEL,EQ,1140,3.72,1351,0.31,3.57
VERANDA,EQ,144.5,4.61,1389.65,2.48,3.57
BALMLAWRIE,EQ,167.99,4.45,2872.69,2.15,3.56
RIIT,IV,109.5,0.1,6570,3.25,3.56
MAITHANALL,EQ,943.05,3.06,2745.36,0.38,3.56
SUNDROP,EQ,628,2.89,2367.36,0.58,3.56
INGERRAND,EQ,3820,2.78,12058.98,0.09,3.55
HATSUN,EQ,911.65,1.95,20306.85,0.39,3.54
KECL,EQ,98.9,3.02,656.84,3.56,3.52
GREENLAM,EQ,226.1,3.02,5768.89,1.56,3.49
SPANDANA,EQ,216.89,6.74,1546.54,1.63,3.49
NDRAUTO,EQ,718.9,7.67,1709.93,0.49,3.48
BHARATRAS,EQ,1449,4.29,2408.39,0.24,3.46
MOL,EQ,49.5,3.15,1258.86,6.99,3.45
NIFTYCASE,EQ,9.55,3.92,59.01,35.98,3.42
SATIN,EQ,156.5,6.58,1728.87,2.23,3.42
ADFFOODS,EQ,185,5.25,2032.48,1.84,3.41
PITTIENG,EQ,800,3.9,3012.29,0.43,3.4
BHAGYANGR,EQ,162.5,4.85,519.92,2.1,3.4
DPABHUSHAN,EQ,1082.1,6.58,2470.21,0.31,3.33
RNPL,SM,137.5,2.31,156.73,2.48,3.32
TSFINV,EQ,373,6.94,8284.47,0.9,3.3
ACCENTMIC,SM,427,5.76,1024.33,0.78,3.28
RHETAN,EQ,25.27,3.06,2013.7,12.9,3.28
OBSCP,SM,316.05,10.91,772.82,1.04,3.28
KDDL,EQ,2316,4.19,2848.51,0.14,3.27
HATHWAY,EQ,10.63,5.04,1881.62,31.09,3.26
GUJTHEM,EQ,283,7.55,3083.72,1.17,3.26
MAANALU,EQ,138.47,7.65,830.61,2.37,3.25
FILATEX,EQ,44.5,6.56,1976.06,7.43,3.25
ORIENTHOT,EQ,97.4,7.49,1739.56,3.37,3.25
INFRABEES,EQ,932,3.63,182.18,0.35,3.25
HEIDELBERG,EQ,152,3.63,3444.52,2.15,3.25
FMGOETZE,EQ,444,3.02,2470.07,0.73,3.23
PFS,EQ,28.33,4.19,1819.59,11.43,3.22
RAJRATAN,EQ,392,5.96,1990.22,0.83,3.22
AEROENTER,EQ,78.3,3.83,885.46,4.12,3.21
HDFCNIFBAN,EQ,57.35,6.16,5435.42,5.68,3.21
MACPOWER,EQ,970,5.52,970.4,0.33,3.21
754GS2036,GS,106.9,0.56,159281,2.99,3.2
SSWL,EQ,202,5.66,3175.04,1.6,3.19
EIMCOELECO,EQ,1660,3.3,957.55,0.19,3.19
TINNARUBR,EQ,662,7.99,1192.64,0.48,3.17
SMALL250,EQ,15.54,4.23,56.47,20.48,3.16
MONARCH,EQ,295.51,1.43,2342.46,1.06,3.16
MOVALUE,EQ,114,4.08,158.65,2.78,3.16
KRMAYURVED,SM,199.8,7.28,424.79,1.61,3.14
TVSSCS,BE,105.16,4.99,4639.45,3,3.14
DREAMFOLKS,EQ,77.5,8.29,412.84,4.11,3.14
SUPRAJIT,EQ,427.8,2.3,5868.18,0.73,3.12
STARCEMENT,EQ,215,2.56,8867.22,1.44,3.11
ADVENTHTL,EQ,153.99,7.63,830.67,2.02,3.09
MIDSMALL,EQ,46.75,4.07,414.05,6.62,3.09
STYL,EQ,244.4,3.98,3954.53,1.26,3.08
MONIFTY500,EQ,22.61,3.91,258.43,13.59,3.06
BCG,BE,9.48,4.98,1912.99,32.16,3.05
PSUBNKIETF,EQ,90,7.54,126.24,3.47,3.04
MADRASFERT,EQ,65.7,9.12,1058.44,4.69,3.02
JLHL,EQ,1219,1.17,7992.5,0.25,3.02
FDC,EQ,345,1.71,5616.95,0.88,3.02
STLNETWORK,EQ,19.42,3.63,947.76,15.49,3.01
PANACEABIO,EQ,332.85,3.68,2038.73,0.91,3.01
UNIHEALTH,ST,413.7,5,649.51,0.73,3.01
NV20BEES,EQ,146.01,2.1,152.36,2.05,2.99
ARROWGREEN,EQ,537.65,0.99,811.2,0.54,2.97
RUPA,EQ,134.5,4.03,1069.61,2.21,2.96
NRBBEARING,EQ,254.4,7.09,2465.71,1.18,2.95
GICHSGFIN,EQ,146.5,2.1,788.92,2,2.94
KSL,EQ,662,4.5,2889.83,0.44,2.93
VENUSREM,EQ,961.1,5,1284.7,0.31,2.92
IZMO,BE,726.95,3.95,1087.7,0.4,2.91
ORCHPHARMA,EQ,540,4.17,2738.83,0.54,2.9
UMAEXPORTS,EQ,28.42,9.81,96.09,9.74,2.9
FINIETF,EQ,30.87,6.41,275.25,9.48,2.9
WAKEFIT,EQ,151.1,3.57,4985.8,1.92,2.89
UDS,EQ,157.7,8.8,1055.85,1.86,2.86
ENERGY,EQ,36.7,2.69,251.8,7.81,2.84
VSSL,EQ,232,1.33,2243.11,1.2,2.82
CAPILLARY,EQ,516,2.07,4097.42,0.54,2.8
VALIANTORG,EQ,262.45,0.33,735.37,1.05,2.8
WESTLIFE,EQ,458.15,2.45,7130.82,0.61,2.78
RPEL,EQ,670,5.17,3076.1,0.41,2.78
OMAXE,EQ,75.48,4.99,1380.53,3.66,2.77
MPSLTD,EQ,1740,3.78,2976.41,0.16,2.76
ALEMBICLTD,EQ,85.5,5.87,2195.48,3.27,2.76
MCLEODRUSS,EQ,38.9,9.92,406.33,7.12,2.74
733GS2026,GS,103.7,0.94,47702,2.65,2.73
IPL,EQ,146.7,4.74,1689.45,1.86,2.7
RESPONIND,EQ,141,6.14,3759.18,1.94,2.7
NIITMTS,EQ,304.25,4.52,4184.06,0.9,2.7
TVSELECT,EQ,398,2.33,742.28,0.67,2.69
DAVANGERE,EQ,3.76,0.53,537.68,70.97,2.68
ELIN,EQ,114.24,5.42,567.88,2.35,2.67
HNDFDS,EQ,500,2.53,5974.09,0.53,2.67
RAMKY,EQ,478.15,2.2,3308.69,0.56,2.67
BANSALWIRE,EQ,268.17,5.7,4198.36,0.99,2.67
HINDWAREAP,EQ,208.35,5.73,1742.77,1.29,2.65
ICRA,EQ,5349,4.56,5162.44,0.05,2.64
JAGSNPHARM,EQ,193,1.15,1292.37,1.36,2.64
SUNLITE,SM,383.5,5.13,529.45,0.68,2.64
TCI,EQ,1007.35,3.57,7730.79,0.26,2.6
CARRARO,EQ,488.45,2.71,2776.91,0.53,2.6
TOP10ADD,EQ,89.95,2.4,767.16,2.88,2.59
IKIO,EQ,133.2,7.46,1029.38,1.98,2.57
TOP100CASE,EQ,10.35,4.33,145.65,24.86,2.56
ESAFSFB,EQ,23.91,1.92,1232.95,10.62,2.56
BSLNIFTY,EQ,27.9,3.72,3082.56,9.16,2.55
SENSEXBETA,EQ,855.85,4.1,53776.06,0.3,2.55
DPEL,SM,466.7,4.99,1165.12,0.55,2.54
SUBEXLTD,EQ,8.92,9.72,501.31,28.86,2.52
LAXMIDENTL,EQ,192.69,4.28,1059.07,1.32,2.51
GHCLTEXTIL,EQ,79,2.8,755.13,3.18,2.49
OSWALAGRO,EQ,53.9,19.99,723.53,4.78,2.49
ITETF,EQ,33.22,0.67,99.21,7.49,2.49
CONSUMBEES,EQ,123.4,3.7,197.38,2.01,2.47
MMFL,EQ,435.2,6.59,2101.22,0.57,2.47
JUNIPER,EQ,215,5.32,4783.8,1.15,2.46
CORONA,EQ,1555,2.56,9510.39,0.16,2.46
ITDC,EQ,440.1,6.59,3774.71,0.56,2.45
GANESHCP,EQ,203.5,2.71,822.4,1.2,2.45
RADHIKAJWE,EQ,63.8,8.36,752.84,3.9,2.44
MANALIPETC,EQ,49.4,6.53,849.68,5,2.43
SCILAL,EQ,42.12,1.89,1961.95,5.72,2.42
BIRLANU,EQ,1445.5,3.46,1090.04,0.17,2.41
BCLIND,EQ,32.65,2.42,963.71,7.42,2.39
DEN,EQ,26.32,3.7,1256.05,9.07,2.39
CEWATER,EQ,319.5,4.96,661.24,0.76,2.38
STUDDS,EQ,456,2.37,1794.52,0.52,2.38
THEJO,EQ,1610,2.93,1746.44,0.15,2.36
ENCOMPAS,SM,279,3.05,395.72,0.84,2.36
DHARMAJ,EQ,261.8,2.57,884.81,0.9,2.35
BOSCH-HCIL,EQ,1276.8,9.99,3471.73,0.19,2.33
SHREDIGCEM,EQ,70.2,3.13,1038.04,3.34,2.32
NCLIND,EQ,187.89,7.56,849.88,1.26,2.32
ICEMAKE,EQ,757.95,4.99,1196.03,0.31,2.32
CKKRETAIL,ST,137.8,4.99,266.89,1.75,2.29
HEALTHIETF,EQ,144.59,0.59,158.63,1.59,2.29
THOMASCOTT,EQ,255.47,3.06,374.78,0.87,2.29
LOWVOLIETF,EQ,21.35,3.19,3508.09,10.7,2.28
PRSMJOHNSN,EQ,125.59,2.42,6321.66,1.81,2.27
EMBDL,BE,50.34,4.98,7000.45,4.46,2.25
MWL,EQ,263.9,0.04,783.8,0.84,2.23
URJA,EQ,9.94,7,522.3,22.72,2.22
ELECTHERM,EQ,650.25,8.1,828.6,0.34,2.21
SUPREME,EQ,54.66,0.55,211.24,3.97,2.21
VMARCIND,SM,723,6.85,1765.62,0.31,2.2
INDNIPPON,EQ,764,6.47,1728.28,0.29,2.18
SETCO,EQ,24,0.97,321.04,9.18,2.18
BOROSCI,EQ,114.9,1.4,1022,1.88,2.18
TECHD,SM,535,6.47,400.17,0.4,2.17
MUFTI,EQ,78.51,6.71,513.22,2.78,2.15
TNPL,EQ,133.22,1.08,922.02,1.61,2.15
BSE500IETF,EQ,37.32,3.64,334.48,5.78,2.15
GROWWMETAL,EQ,11.45,2.78,35.96,18.71,2.14
SILVER360,EQ,236,4.19,49.47,0.9,2.14
WINDLAS,EQ,794,3.01,1675.83,0.27,2.12
AMBIKCO,EQ,1382,5.88,791.2,0.15,2.11
ALPHAETF,EQ,24.25,4.84,392.12,8.74,2.1
DANISH,SM,660,4.8,1299.65,0.32,2.1
BLKASHYAP,EQ,48.55,6.28,1094.51,4.36,2.09
SSEGL,SM,396.15,6.55,1029.14,0.53,2.08
EVEREADY,EQ,290.5,4.14,2111.56,0.72,2.07
ZODIAC,EQ,278,11.63,420.44,0.75,2.07
ANDHRSUGAR,EQ,75.1,1.04,1017.87,2.75,2.07
RBZJEWEL,EQ,139,3.41,556,1.5,2.07
IGARASHI,EQ,318,4.52,1000.91,0.65,2.07
VIVIANA,SM,762.9,5.72,772.42,0.27,2.06
BRIGHOTEL,EQ,63.79,6.35,2423.02,3.25,2.06
KHAICHEM,EQ,55.9,8.73,542.17,3.79,2.06
DURLAX,SM,49.2,2.5,142.35,4.38,2.05
EXPLEOSOL,EQ,768,2.85,1191.92,0.27,2.05
ZUARIIND,EQ,249,5.26,741.55,0.83,2.05
PLATIND,EQ,212,4.88,1164.41,0.97,2.05
QNIFTY,EQ,262.49,3.9,79.57,0.78,2.04
LANDMARK,EQ,422.5,1.81,1751.89,0.48,2.04
GALAPREC,EQ,735.9,2.07,941.77,0.28,2.04
HUHTAMAKI,EQ,175.75,4.19,1327.3,1.17,2.03
MONTECARLO,EQ,536,6.17,1111.24,0.38,2.01
XCHANGING,EQ,62.35,8.98,694.6,3.27,2
BAJAJINDEF,EQ,262.99,5.75,841.57,0.76,2
BOROLTD,EQ,250,5.08,2989.55,0.8,1.99
PPL,EQ,205.8,8.15,492.24,0.97,1.96
ARIES,EQ,374.05,3.36,486.43,0.53,1.96
JAGRAN,EQ,66.05,1.8,1437.61,2.97,1.95
SJLOGISTIC,SM,309,1.51,472.56,0.62,1.95
MIDCAP,EQ,16.69,5.03,183.61,11.75,1.94
GPTHEALTH,EQ,135.7,3.68,1113.48,1.46,1.94
ABSLBANETF,EQ,56.83,5.57,2528.91,3.43,1.93
GROWWRAIL,EQ,30.67,4.75,133.91,6.36,1.93
ONMOBILE,EQ,44.68,6.15,475.04,4.34,1.92
BMWVENTLTD,EQ,58.17,6.85,504.42,3.3,1.92
VEEDOL,EQ,1381.7,4.11,2407.47,0.14,1.92
SMARTWORKS,EQ,404,5.51,4616.19,0.48,1.91
RUSTOMJEE,EQ,405,2.71,5112.6,0.47,1.91
FOSECOIND,EQ,4645,2.8,3501.06,0.04,1.9
NAVNETEDUL,EQ,133.65,4.22,2956.51,1.43,1.9
AFFORDABLE,EQ,167,6.27,187.81,1.15,1.9
SHETHJI,SM,123.95,1.52,282.11,1.53,1.89
RAMASTEEL,EQ,4.95,4.87,809.57,38.2,1.89
RELINFRA,BE,84.85,5,3467.24,2.21,1.88
RAMCOIND,EQ,265.89,3.66,2309.03,0.7,1.87
UNITEDPOLY,EQ,28.61,6.95,656.64,6.15,1.87
IVALUE,EQ,241.55,1.2,1319.6,0.77,1.86
EXCELINDUS,EQ,914,3.5,1148.96,0.2,1.85
SGBMR29XII,GB,14600,2.11,4717.12,0.01,1.85
KHADIM,EQ,90.5,7.11,166.32,2.08,1.83
WCIL,EQ,93,7.68,948.18,2,1.83
KIRLOSIND,EQ,2921,3.82,3069.79,0.06,1.83
GOLDBND,EQ,150.52,2.39,10.7,1.21,1.82
MOGOLD,EQ,148.65,1.78,1690.35,1.21,1.8
APCOTEXIND,EQ,383,5.64,1985.66,0.48,1.8
YASHO,EQ,1467.7,1.12,1769.62,0.12,1.8
INFLUX,SM,234.5,7.13,542.88,0.79,1.79
GILT5YBEES,EQ,64.19,0.36,248.13,2.78,1.79
VIKASLIFE,EQ,1.59,7.43,295.37,114.33,1.78
NELCAST,EQ,126.54,1.88,1100.91,1.4,1.78
GKSL,EQ,110,1.98,867.28,1.63,1.78
RAMAPHO,EQ,130,8.32,460.02,1.38,1.78
ATL,EQ,25.4,7.22,741.32,7.03,1.78
TARSONS,EQ,193.61,1.14,1030.13,0.91,1.77
TPLPLASTEH,EQ,66,9.43,514.82,2.75,1.77
KSOLVES,EQ,315.5,7.45,748.38,0.58,1.77
CAPITALSFB,EQ,265,8.44,1203.6,0.67,1.77
SBILIQETF,EQ,1033.89,0.01,153.71,0.17,1.76
TNPETRO,EQ,88.6,2.34,797.15,2,1.76
MARUSHIKA,SM,98,7.28,83.66,1.81,1.76
TECHERA,SM,189.2,4.99,312.58,0.93,1.75
EBBETF0433,EQ,1258.1,0.16,6277.8,0.14,1.75
BANKETF,EQ,566.28,5.91,300.59,0.31,1.74
MAKEINDIA,EQ,151.09,3.57,244.69,1.16,1.74
SINDHUTRAD,EQ,22.99,3.93,3544.89,7.56,1.74
INFRAIETF,EQ,93.16,4.03,390.12,1.86,1.73
MOMENTUM30,EQ,30.5,8,23.37,5.76,1.72
GGBL,SM,270,8.19,669.63,0.63,1.72
ACCELYA,EQ,1140,1.5,1701.59,0.15,1.71
SGBAUG28V,GB,14601,2.25,9271.32,0.01,1.71
SPAL,EQ,771.6,4.26,1939.72,0.22,1.71
GROWWPOWER,EQ,10.67,3.39,154.31,16.09,1.7
AONEGOLD,EQ,14.03,1.74,83.9,12.07,1.7
PARSVNATH,EQ,6.38,5.11,277.65,26.36,1.69
APS,SM,374.75,8.78,755.5,0.46,1.69
MOMIDMTM,EQ,61,6.35,34.92,2.8,1.68
AXISNIFTY,EQ,264.58,4.08,1259.98,0.64,1.67
TVSSRICHAK,EQ,3643,3.68,2789.46,0.05,1.66
MINDTECK,EQ,184,8.13,587.96,0.92,1.65
DIAMONDYD,EQ,983,1.07,2349.72,0.17,1.65
NOVAAGRI,EQ,29.9,16.39,276.63,5.71,1.65
ALLTIME,EQ,218.51,7.61,1431.41,0.77,1.65
GOPAL,EQ,276.5,4.42,3446.53,0.6,1.65
SWARAJ,SM,296.75,0.17,653.39,0.55,1.64
SINTERCOM,EQ,81,13.46,222.98,2.32,1.63
BIRDYS,SM,111,4.72,70.02,1.5,1.63
JAYBARMARU,EQ,89.43,6.43,968.08,1.82,1.61
NUCLEUS,EQ,870,4.28,2290.3,0.19,1.61
BFSI,EQ,26.96,5.68,435.11,5.98,1.6
725GS2063,GS,97.2,0.78,233280,1.65,1.6
5PAISA,EQ,302,4.46,943.9,0.53,1.6
SHIVALIK,EQ,273,10.04,429.98,0.6,1.6
INDIANHUME,EQ,335,2.38,1764.84,0.47,1.59
GEMAROMA,BE,157.8,2.79,824.3,1,1.57
BORANA,BE,341.25,5,909.27,0.46,1.57
SRTL,EQ,47.25,2.58,188.88,3.29,1.56
METROBRAND,EQ,981.5,1.84,26750.46,0.16,1.56
VINYAS,SM,991.8,14.85,1248.15,0.17,1.56
HECPROJECT,EQ,131.58,20,142.61,1.24,1.55
MUNJALAU,EQ,76.78,5.58,767.8,2.04,1.55
FLAIR,EQ,310,4.64,3267.26,0.51,1.55
DOLATALGO,EQ,74.5,4.21,1311.2,2.08,1.55
732GS2030,GS,104,0.78,72800,1.5,1.55
CUBEXTUB,EQ,91.69,5.93,131.29,1.7,1.54
CONTROLPR,EQ,645,6.31,1031.63,0.24,1.54
SKFINDUS,EQ,2290,3.07,11321.29,0.07,1.54
OSELDEVICE,SM,573,0.87,1013.9,0.26,1.54
HERANBA,EQ,187,4.15,748.25,0.82,1.53
SAHANA,SM,934,4.25,825.39,0.17,1.52
SBIBPB,EQ,51.75,8.79,1458.02,3.03,1.52
E2ERAIL,SM,200,0.6,345.15,0.74,1.51
AMANTA,EQ,110,1.91,427.12,1.36,1.5
JINDALPHOT,EQ,1125.05,4.21,1154.11,0.13,1.5
CHANDAN,SM,269.95,6.18,660.08,0.55,1.49
DENTALKART,SM,395,1.7,685.07,0.38,1.49
NILKAMAL,EQ,1300,6.57,1939.93,0.12,1.49
20MICRONS,EQ,161.6,4.51,570.23,0.92,1.48
AFIL,BE,9.1,3.17,388.34,16.42,1.48
ASMS,EQ,8.67,6.91,264.07,17.27,1.48
BIRLAMONEY,EQ,123.33,8.47,696.93,1.19,1.48
TOLINS,EQ,105.86,8.67,418.24,1.41,1.47
BAHETI,SM,563.8,6.21,584.58,0.27,1.47
SHALBY,EQ,152.5,4.9,1647.15,0.96,1.46
ONELIFECAP,EQ,15.38,2.26,57.46,9.69,1.46
SARTELE,SM,171,6.61,839.23,0.85,1.45
ADVANCE,EQ,101.55,6.54,652.82,1.44,1.44
ZEELEARN,EQ,5.03,0.6,164.51,28.58,1.44
KRITI,EQ,85.65,19.99,451.34,1.73,1.44
SAURASHCEM,EQ,58.01,5.97,645.58,2.48,1.44
AURUM,EQ,172.5,4.84,1315.22,0.84,1.44
VILAS,SM,419.95,7.06,1028.04,0.34,1.43
ONWARDTEC,EQ,253.5,6.11,576.81,0.57,1.43
TIIL,EQ,2333.3,3.5,5290.24,0.06,1.43
CENTRUM,EQ,28.4,6.09,1305.2,5.1,1.43
UNIDT,EQ,207,1.75,420.27,0.7,1.43
FAIRCHEMOR,EQ,516.5,3.78,650.58,0.27,1.4
SGBSEP31II,GB,14813,2.48,17292.64,0.01,1.4
AXISVALUE,EQ,33.88,7.18,33.23,4.27,1.39
NIFTYQLITY,EQ,20.7,3.6,27.34,6.82,1.38
MVGJL,EQ,165.5,7.76,808.43,0.85,1.38
SGBMAY29I,GB,14760,2.28,7850.8,0.01,1.37
KOLTEPATIL,EQ,318,4.62,2820.03,0.43,1.36
SASKEN,EQ,1238,2.07,1880.09,0.11,1.35
KAYA,EQ,261,3.12,396.4,0.51,1.35
ABSLPSE,EQ,10.41,2.56,22.28,13,1.35
TRANSTEEL,SM,150,2.53,331.38,0.89,1.34
MUKANDLTD,EQ,130.25,1.27,1882.05,1.02,1.34
ZEEMEDIA,BE,7.55,4.28,472.2,17.56,1.33
SARLAPOLY,EQ,83.6,7.1,698.09,1.59,1.33
JUBLCPL,EQ,1775,7.77,2689.57,0.07,1.31
ALICON,EQ,639,4.62,1043.92,0.21,1.31
RELTD,EQ,136.99,1.25,2446.98,0.94,1.31
MIDQ50ADD,EQ,228.44,3.03,92.1,0.57,1.3
TASTYBITE,EQ,7091,4.36,1819.55,0.02,1.3
GOACARBON,EQ,332,7.15,303.81,0.4,1.3
SGBSEP28VI,GB,14610,2.4,4660.78,0.01,1.3
SACHEEROME,SM,353,4.04,789.76,0.37,1.3
MOSILVER,EQ,238.5,4.81,1046.18,0.54,1.29
RML,EQ,713,4.26,1970.53,0.18,1.29
VGINFOTECH,SM,144.45,6.72,359.23,0.9,1.28
DECCANCE,EQ,651,4.84,911.89,0.2,1.28
PSRAJ,SM,256,2.4,192.98,0.51,1.28
SUMMITSEC,EQ,1655,6.62,1804.24,0.08,1.28
HDFCSENSEX,EQ,87.23,3.46,945.86,1.46,1.27
AMRUTANJAN,EQ,530,3.56,1532.26,0.24,1.27
DEFENCE,EQ,66.6,4.03,58.5,1.91,1.27
SANSTAR,EQ,81.4,4.28,1483.47,1.57,1.27
AHCL,EQ,119.8,2.08,636.75,1.05,1.25
SATKARTAR,SM,181.5,9.6,285.77,0.7,1.25
LOKESHMACH,EQ,220,1.83,439.93,0.56,1.24
TIRUPATIFL,BE,44.02,3.26,552.58,2.83,1.24
ALLDIGI,EQ,811.8,0.95,1237.05,0.15,1.24
KAMATHOTEL,EQ,174.09,5.48,513.22,0.71,1.24
OSWALGREEN,EQ,27.5,11.7,706.23,4.61,1.23
JAYBEE,SM,123.6,16.66,278.94,1.02,1.23
AGARWALTUF,SM,112,9.75,197.96,1.14,1.23
APTECHT,EQ,82.1,5.47,476.2,1.51,1.23
FOODSIN,EQ,59.99,7.14,441.12,2.05,1.21
GROWWNIFTY,EQ,9.6,3.67,28.94,12.61,1.21
GLOTTIS,EQ,48.35,6.36,446.77,2.53,1.2
GLOBECIVIL,EQ,42.74,3.81,255.24,2.76,1.2
IGPL,EQ,380,0.93,1170.2,0.31,1.19
QGOLDHALF,EQ,124.42,2.14,705.21,0.95,1.19
PIXTRANS,EQ,1452.2,0.39,1978.65,0.08,1.19
ALLETEC,SM,196,3,395.81,0.6,1.19
INDUSINVIT,IV,125.74,1.08,5569.51,0.95,1.19
PRECOT,BE,549.9,4.99,659.88,0.22,1.19
DIVGIITTS,EQ,670,4.35,2049.06,0.18,1.18
ABSMARINE,SM,203.2,1.68,498.86,0.57,1.17
ESABINDIA,EQ,5354.7,3.06,8242.5,0.02,1.17
RNFI,SM,301,10.58,754.33,0.4,1.16
BFINVEST,EQ,384.75,7.56,1449.26,0.31,1.16
EVERESTIND,EQ,337.05,5.49,534.42,0.34,1.15
HGS,EQ,388,4.57,1804.99,0.3,1.15
HEALTHY,EQ,14.59,1.6,73.95,7.89,1.14
URAVIDEF,EQ,141.9,4.41,161.77,0.81,1.14
OMINFRAL,EQ,91,4.06,876.36,1.25,1.13
GUFICBIO,EQ,298,3.24,2988.42,0.38,1.13
AONESILVER,EQ,9.19,4.2,22.87,12.33,1.13
MOGSEC,EQ,63.35,0.11,157.05,1.76,1.12
CCCL,EQ,16.53,6.37,738.49,6.81,1.12
ESTER,EQ,86.47,5.37,843.83,1.3,1.12
GANESHIN,SM,74.8,2.33,319.56,1.47,1.12
INDOWIND,EQ,8.61,3.86,138.62,12.66,1.11
NIFTY100EW,EQ,32.83,4.09,13.61,3.4,1.11
MAFANG,EQ,155.94,0.46,3856.45,0.71,1.1
SUNCLAY,EQ,1310,4.56,2888.05,0.09,1.1
IITL,EQ,137,5.46,308.9,0.82,1.1
SWELECTES,EQ,544,3.61,824.64,0.2,1.1
ELGNZ,SM,84.5,6.42,190.97,1.26,1.1
CONNPLEX,SM,259,0.54,494.69,0.42,1.1
PUNJABCHEM,EQ,995,4.66,1220.09,0.11,1.09
HDFCNIFIT,EQ,33.9,2.14,122.2,3.27,1.09
KOTYARK,EQ,380,3.51,390.61,0.29,1.09
RUSHIL,EQ,16.38,6.16,480.62,6.76,1.09
KALPATARU,EQ,302.5,5.07,6228.9,0.36,1.08
LICNETFGSC,EQ,28.6,0.78,2278.2,3.78,1.08
WINDMACHIN,EQ,249,2.02,2168.4,0.44,1.08
SGBJU29III,GB,14740,2.74,2180.39,0.01,1.08
EVINDIA,EQ,28.86,5.44,151.07,3.74,1.07
HONDAPOWER,EQ,2087,3.14,2116.86,0.05,1.07
PUSHPA,SM,128,4.07,310.05,0.85,1.07
UFO,EQ,67.65,4.45,262.58,1.56,1.07
SILVERBND,EQ,240.04,4.08,12.65,0.44,1.06
SHYAMDHANI,SM,73,2.74,150.79,1.42,1.06
MASTERTR,EQ,73.9,4.04,909.09,1.41,1.05
CGRAPHICS,SM,180,1.69,437.15,0.56,1.04
SNOWMAN,EQ,38.25,5.72,639.11,2.75,1.04
NV20IETF,EQ,14.18,2.31,185.37,7.32,1.04
IRISDOREME,EQ,32.94,3.32,626.95,3.19,1.04
HDFCNEXT50,EQ,67.8,5.23,161.18,1.54,1.03
HARSHA,EQ,352.9,3.08,3212.95,0.3,1.03
ALPL30IETF,EQ,26.18,3.56,1484.49,3.94,1.03
PILANIINVS,EQ,4545,3.46,5032.34,0.02,1.03
NEXT50BETA,EQ,74.3,9.25,2297.85,1.45,1.03
UTSSAV,SM,219,4.91,528.84,0.47,1.02
HILINFRA,EQ,50.15,4.72,359.68,2.05,1.02
VAL30IETF,EQ,15.5,4.59,49.18,6.67,1.02
SGBOCT27VI,GB,15000,2.11,1039.82,0.01,1.02
BANKADD,EQ,56.96,5.81,650.72,1.81,1.02
MOENERGY,EQ,36.9,3.48,60.81,2.8,1.02
VIDHIING,EQ,325.1,0.28,1623.71,0.31,1.02
NECLIFE,EQ,10.8,8.22,209.8,9.37,1.01
JTEKTINDIA,EQ,132.8,4.17,3682.7,0.76,1.01
KCK,SM,14.25,2.52,90.63,7.2,1.01
GTL,EQ,7.23,13.32,113.73,14.27,1.01
CUDML,SM,96,3.11,169.4,1.08,1
AVANA,SM,80.7,7.03,182.75,1.28,1
WANBURY,BE,234.17,5,818.18,0.43,1
SHARIABEES,EQ,478,3.24,54.14,0.21,1
NGLFINE,EQ,2344,5.98,1448.13,0.04,0.99
KRISHCA,SM,169,9.92,244.04,0.57,0.99
ASAL,EQ,447,4.94,709.14,0.22,0.99
INDIQUBE,EQ,151.1,1.29,3203.28,0.64,0.99
NILASPACES,EQ,13.78,4.24,542.78,7.15,0.99
MEDICAMEQ,EQ,242,7.28,328.22,0.41,0.98
BFUTILITIE,BZ,438.4,4.99,1651.35,0.22,0.98
GLOBAL,EQ,101.45,3.85,516.4,0.97,0.98
VIESL,SM,275.1,2.46,677.91,0.35,0.98
PAUSHAKLTD,EQ,457.5,6.11,1128.05,0.22,0.97
SGBJUN31I,GB,14757.01,2.39,11465.15,0.01,0.97
RELIABLE,EQ,118.05,3.02,121.83,0.82,0.97
SAWALIYA,SM,304.5,0.05,302.01,0.31,0.96
SGBMAY28,GB,14730,2.61,3747.75,0.01,0.96
KABRAEXTRU,EQ,221.9,5.83,776.05,0.44,0.96
OAL,EQ,253.6,4.75,853.45,0.38,0.95
BASILIC,SM,242.2,9.17,611.92,0.39,0.95
NAHARSPING,EQ,230.55,3.05,831.49,0.4,0.94
GROWWEV,EQ,28.9,5.55,255.94,3.26,0.94
SUBAHOTELS,SM,127,1.93,307.88,0.73,0.93
KKCL,EQ,475.6,4.78,2930.89,0.2,0.93
SURAKSHA,EQ,262,3.36,1364.52,0.35,0.92
IFGLEXPOR,EQ,154,3.64,1110.01,0.59,0.92
HDFCMOMENT,EQ,30.2,5.85,125.07,3.04,0.91
MANCREDIT,EQ,178.99,5.8,377.92,0.52,0.91
ORIENTPPR,EQ,18.36,6.74,389.57,5.07,0.91
MUKKA,EQ,22.4,4.67,672,4.11,0.91
PIGL,EQ,114.49,5.91,204.17,0.8,0.91
IGCL,EQ,63.9,0.22,404,1.42,0.91
SPEB,SM,55,1.2,123.56,1.62,0.91
NINSYS,EQ,434,1.7,806.2,0.21,0.91
KRONOX,EQ,137,3.12,508.32,0.65,0.9
VERTOZ,EQ,40.79,6.86,347.65,2.19,0.9
PASHUPATI,EQ,999.95,1.09,1578.32,0.09,0.89
TVTODAY,EQ,109.6,5.28,653.97,0.83,0.89
PRIZOR,ST,400,1.87,427.65,0.22,0.88
GOLD360,EQ,147.05,1.94,134.97,0.6,0.88
VINYLINDIA,EQ,221.9,6.78,406.9,0.4,0.88
ESSARSHPNG,EQ,25.05,5.79,518.48,3.53,0.88
SOTL,EQ,335.6,5.01,2300.89,0.26,0.87
SAGCEM,EQ,184,6.49,2405.02,0.48,0.87
RITCO,EQ,194.85,4.44,557.71,0.45,0.87
SGBJUL28IV,GB,14640,2.54,6047.52,0.01,0.86
SGBAPR28I,GB,14950,2.28,2650.45,0.01,0.86
MULTICAP,EQ,15.48,4.31,79.08,5.58,0.86
PURPLEUTED,SM,311,4.98,298.86,0.28,0.86
SATIA,EQ,64.4,5.76,644,1.34,0.86
PSUBANKADD,EQ,87.92,5.93,214.37,0.98,0.85
KICL,EQ,4540,5.29,1981.85,0.02,0.85
SGBMAR31IV,GB,14800.2,2.78,5226.82,0.01,0.85
BIRLACABLE,EQ,125.8,6.18,377.4,0.68,0.85
718GS2037,GS,103,0.88,177160,0.82,0.84
TRACXN,EQ,32.5,3.77,346.89,2.64,0.84
VMSTMT,EQ,43.25,7.48,214.65,2.01,0.84
LIQUIDSHRI,EQ,1099.3,0.01,34.68,0.08,0.84
ARHAM,SM,141.8,2.05,309.29,0.59,0.84
SGBJUN29II,GB,14710,2.47,2792.66,0.01,0.84
RUBYMILLS,EQ,221.9,5.49,742.03,0.39,0.84
THEMISMED,EQ,81.11,3.32,747.02,1.01,0.84
MODIS,EQ,304.3,0.64,596.16,0.26,0.84
BPL,EQ,47.5,5.51,232.63,1.75,0.83
LIBERTSHOE,EQ,264,3.94,449.86,0.32,0.83
VIKASECO,EQ,1.49,9.56,263.54,56.13,0.83
RBMINFRA,SM,372.2,15.95,376.03,0.22,0.82
GANDHITUBE,EQ,831.2,1.9,1010.07,0.1,0.82
SHAH,EQ,4.99,0.81,441.72,16.49,0.82
MMP,EQ,234,7.26,594.42,0.35,0.81
SHREERAMA,EQ,50.56,5.44,674.81,1.59,0.81
RADIANTCMS,EQ,40.9,4.55,436.44,2,0.81
NARMADA,EQ,33.55,1.98,127.28,2.44,0.81
SBIETFIT,EQ,350,1.36,71.4,0.23,0.81
AONETOTAL,EQ,11.23,4.17,41.04,7.18,0.8
UNICHEMLAB,EQ,330,5.13,2323.39,0.25,0.8
COMMOIETF,EQ,99,3.37,116.98,0.81,0.79
SIGMAADV,BE,169.74,5,2991.49,0.47,0.79
EBBETF0431,EQ,1392.5,0.69,13153.49,0.06,0.79
MONOLITH,SM,444.9,5.78,967.03,0.18,0.79
FELIX,SM,184.2,0.63,316.94,0.41,0.78
TNIDETF,EQ,81.99,2.3,166.22,0.95,0.78
EFFWA,SM,221.95,2.83,513.75,0.35,0.78
MEGATHERM,SM,236.1,9,444.83,0.33,0.78
LTGILTCASE,EQ,29.73,0.92,109.11,2.61,0.77
ALKALI,EQ,63.35,1.33,64.51,1.16,0.77
MIDSELIETF,EQ,17.12,3.82,95.61,4.57,0.77
VIPCLOTHNG,EQ,24,2.78,216.31,3.15,0.77
NEOCHEM,SM,70,0.79,119.85,1.07,0.76
CHEMCON,EQ,149.2,3.75,546.53,0.51,0.76
SYSTANGO,SM,274.8,0.73,403.1,0.27,0.76
PENINLAND,EQ,17.15,3.06,568.91,4.37,0.75
AKSHARCHEM,EQ,180,4.25,144.6,0.41,0.75
APSISAERO,SM,184,1.74,221.76,0.4,0.75
REMSONSIND,EQ,96.65,3.71,337.1,0.76,0.74
BGRENERGY,BE,285.05,5,2056.97,0.26,0.74
INDOAMIN,EQ,105.83,5.72,768.19,0.7,0.74
MENONBE,EQ,114.1,3.53,639.42,0.65,0.74
MAXIND,EQ,153.84,5.86,808.01,0.48,0.74
AXISBNKETF,EQ,572.3,5.75,350.15,0.13,0.74
CSLFINANCE,EQ,245,2.12,558.17,0.29,0.73
GCHOTELS,SM,95.95,1.91,239.1,0.76,0.73
TCIEXP,EQ,525.7,2.56,2019.69,0.14,0.73
SRHHYPOLTD,EQ,449.8,2.86,772.07,0.16,0.73
SSFL,SM,115.05,6.28,98.6,0.64,0.73
AONENIFTY,EQ,9.9,4.32,21.29,7.43,0.73
SGBJAN29X,GB,14632,2.39,1776.4,0.01,0.73
KAPSTON,BE,282.9,1.02,860.93,0.26,0.72
LLOYDS,SM,57.5,19.92,138.78,1.34,0.72
CHEMICAL,EQ,26.7,3.33,54.61,2.68,0.72
GROWWHOSPI,EQ,45.75,0.97,27.06,1.56,0.72
INTEGRITY,SM,110.75,4.98,47.62,0.67,0.71
BANKBETF,EQ,56.6,5.95,395.34,1.28,0.71
3IINFOLTD,EQ,15.7,3.09,325.62,4.56,0.71
SALSTEEL,EQ,41.6,0.95,433.54,1.65,0.71
ENVIRO,SM,100,4.71,187.9,0.7,0.7
CIFL,EQ,25.7,4.73,1005.01,2.78,0.7
BYKE,EQ,38,4.05,198.66,1.82,0.7
KUANTUM,EQ,79.2,7.03,691.13,0.92,0.7
YAAP,SM,160,3.23,334.93,0.44,0.7
MODISONLTD,EQ,139.34,3.61,452.16,0.51,0.7
OMFREIGHT,EQ,79.5,11.05,267.72,0.9,0.7
MIRZAINT,EQ,31.8,8.64,439.48,2.24,0.69
TARACHAND,EQ,61.04,5.39,481.15,1.14,0.69
FAZE3Q,BE,466,3.39,1133.27,0.15,0.69
ACCURACY,EQ,5.84,19.43,87.93,12.04,0.69
SPECIALITY,EQ,104,8.53,501.65,0.69,0.69
GANESHBE,EQ,83,2.63,597.51,0.83,0.69
RACE,EQ,142.95,8.89,246.69,0.49,0.69
IVZINGOLD,EQ,13110,2.29,743.55,0.01,0.69
SUPREMEPWR,SM,182.05,5.14,454.96,0.38,0.69
CLASSICEIL,SM,55.85,19.34,100.33,1.23,0.68
CORDSCABLE,EQ,162.9,4.25,210.59,0.42,0.68
NIF100IETF,EQ,27.46,3.98,155.31,2.47,0.68
BLAL,EQ,169.8,3.2,707.12,0.39,0.67
TCPLPACK,EQ,2485,3.97,2261.35,0.03,0.67
SHRIAHIMSA,SM,247,3.85,578.74,0.27,0.67
LGHL,EQ,247,4.18,1237.29,0.27,0.67
TAURIAN,SM,234.5,2.76,208.31,0.29,0.67
82HUDCO27,N2,1027,0.1,2586.22,0.07,0.67
915APSBC28,N0,102072.61,0.96,560.38,0,0.66
DIVINEHIRA,ST,280.5,4.86,365.97,0.24,0.66
DMCC,EQ,218,4.98,543.69,0.31,0.66
AUTOIND,EQ,65.1,8.1,295.39,1.03,0.66
SAHASRA,SM,227.6,5.61,568.84,0.29,0.66
ALPA,EQ,70.75,2.06,148.86,0.94,0.66
GROWWCAPM,EQ,10.05,5.24,24.15,6.5,0.65
KAMOPAINTS,EQ,5.4,13.68,169.75,12.52,0.65
QUAL30IETF,EQ,20.19,2.75,142.94,3.23,0.65
SENSEXETF,EQ,79.41,3.93,43.24,0.82,0.65
NIFTYADD,EQ,250.89,3.55,269.76,0.26,0.65
STCINDIA,EQ,111.15,2.98,666.9,0.57,0.64
DBEIL,EQ,65.98,6.45,307.34,0.98,0.64
KOTHARIPET,EQ,121.75,3.68,716.45,0.52,0.63
ATMASTCO,SM,151,8.24,373.49,0.42,0.63
DCMSRIND,EQ,37.8,0.43,328.83,1.67,0.63
TRIGYN,EQ,49.5,3.93,152.39,1.29,0.62
PPAP,EQ,200.6,2.14,283.15,0.31,0.62
HDFCPSUBK,EQ,87.94,5.48,32.21,0.71,0.62
TRF,EQ,254,3.8,279.51,0.24,0.62
MONQ50,EQ,111.52,0.12,163.66,0.55,0.62
EGOLD,EQ,149.55,1.98,1407.98,0.41,0.62
SIS,EQ,297.25,3.14,4199.31,0.21,0.61
BIOPOL,SM,107.75,8.84,116.43,0.6,0.61
INTERNET,EQ,11.82,5.16,23.51,5.23,0.61
SGBJAN29IX,GB,14625.3,2.49,4197.29,0,0.61
739NHAI31A,ND,1118.15,3.16,2104.49,0.05,0.61
CHEMBONDCH,EQ,146.5,1.71,394.03,0.43,0.61
KRYSTAL,EQ,544,2.83,760.07,0.11,0.61
SECURKLOUD,EQ,24.84,17.78,82.99,2.47,0.61
BRANDMAN,SM,172.3,5,318.02,0.35,0.61
FCSSOFT,EQ,1.72,8.18,294.04,35.58,0.6
INTENTECH,EQ,102.05,4.09,241.09,0.58,0.6
SINGERIND,EQ,71.25,7.61,443.31,0.85,0.6
ORIENTALTL,EQ,7.25,10.02,53.29,8.44,0.6
SPENCERS,EQ,30.72,4.99,276.89,1.96,0.6
ORICONENT,EQ,67.2,2.13,1055.36,0.89,0.59
SHANTIGEAR,EQ,460.95,0.85,3536.22,0.13,0.59
EVIETF,EQ,28.91,5.7,47.76,2.06,0.59
AVPINFRA,SM,105.3,1.35,263.03,0.55,0.59
AEPL,EQ,17.9,7.83,449.36,3.18,0.59
MANBA,EQ,111,4.01,557.66,0.53,0.59
ANIKINDS,EQ,43.6,11.71,121.01,1.29,0.58
STEL,EQ,480.1,0.53,886.04,0.12,0.58
ONDOOR,SM,163.9,11.31,92.58,0.38,0.58
XELPMOC,EQ,103.8,11.95,153.2,0.58,0.58
TTKHLTCARE,EQ,899,10.32,1270.32,0.07,0.58
734GS2064,GS,99.51,0.62,237828.9,0.58,0.58
SGBJUL29IV,GB,14650,2.73,4283.31,0,0.57
GROWWRLTY,EQ,8.38,7.3,14.17,6.85,0.57
GEEKAYWIRE,EQ,23.74,5.51,248.13,2.47,0.57
SGIL,EQ,507,4.99,788.03,0.11,0.56
SANGAMIND,EQ,450.7,1.5,2264.61,0.12,0.56
SHIVASHRIT,SM,118,1.77,215.57,0.46,0.56
EMAMIREAL,EQ,63.44,4.27,278.08,0.9,0.56
AVG,EQ,154.8,4.24,233.09,0.36,0.56
COASTCORP,EQ,49.16,4.46,329.26,1.13,0.56
NEXT50ETF,EQ,66.45,4.53,14.03,0.84,0.56
SAVY,SM,139,2.96,289.24,0.4,0.55
WHITEFORCE,SM,41.55,18.71,48.2,1.34,0.55
DSFCL,EQ,23.22,6.86,202,2.31,0.54
CENTENKA,EQ,411.1,3.58,898.28,0.13,0.54
DRONE,SM,50.5,5.76,123.22,1.07,0.54
HDFCNIF100,EQ,25.33,3.18,76.46,2.15,0.54
HINDCON,EQ,23.17,19.99,118.61,2.36,0.54
GROWWMOM50,EQ,10.14,5.85,24.98,5.34,0.54
BANKPSU,EQ,87.79,6.01,59.4,0.62,0.54
MANUFGBEES,EQ,148.96,3.47,11.96,0.36,0.53
CHEMFAB,EQ,370,1.87,531.83,0.14,0.53
EXIMROUTES,ST,147.7,4.98,276.97,0.37,0.53
KILITCH,EQ,131.8,0.54,460.79,0.4,0.53
GUJAPOLLO,EQ,440,0.89,570.68,0.12,0.53
SESHAPAPER,EQ,261,1.36,1646.08,0.2,0.53
SCHAND,EQ,154.4,3.93,544.6,0.34,0.53
LORDSCHLO,EQ,141.99,3.1,357.16,0.37,0.53
MONEYBOXX,EQ,72,8.91,470.95,0.74,0.53
DENEERS,ST,168.5,4.95,145.02,0.31,0.53
UNIVASTU,EQ,67,5.68,241.11,0.8,0.53
HLVLTD,EQ,7.76,4.44,511.59,6.69,0.52
SYSTMTXC,EQ,68.75,9.04,938.7,0.76,0.52
PREMIERPOL,BE,58.95,4.87,617.46,0.88,0.52
SUDARCOLOR,EQ,335,6.26,773.24,0.16,0.51
VISAKAIND,EQ,62,4.06,535.71,0.83,0.51
935TSI29,N0,102702.35,0.69,1283.17,0,0.51
ZIMLAB,EQ,71.5,4.14,348.46,0.72,0.51
GTPL,EQ,64.06,1.52,720.44,0.79,0.51
ABINFRA,EQ,16.05,1.26,1025.26,3.14,0.51
PARIN,SM,643,2.38,714.89,0.08,0.5
MAHEPC,EQ,112,6.73,312.96,0.46,0.5
VHL,EQ,3335.4,3.63,1064.5,0.02,0.5
TGL,ST,27.85,1.09,33.42,1.86,0.5
NAMOEWASTE,SM,156,0.94,356.73,0.31,0.5
KODYTECH,ST,801.5,3.07,1021.72,0.06,0.5
AERON,SM,101,7.79,171.9,0.5,0.5
PRIMESECU,EQ,289.9,2.97,982.77,0.17,0.49
POSITRON,SM,174.5,6.43,132.63,0.28,0.49
TANKUP,SM,492.65,0.64,260.86,0.1,0.49
BHAGERIA,EQ,157.55,1.91,687.61,0.31,0.49
NILAINFRA,EQ,8.37,3.72,329.69,5.85,0.49
VRAJ,EQ,120.92,7.16,398.83,0.41,0.49
ALANKIT,EQ,9,2.62,244.04,5.4,0.49
INDORAMA,EQ,35.36,4.18,923.3,1.39,0.49
AARTISURF,EQ,397,5.36,336.06,0.12,0.49
SIGNPOST,EQ,234,0.63,1250.73,0.2,0.48
MCL,BE,64,4.99,173.71,0.76,0.48
TNTELE,EQ,10.62,20,48.5,4.54,0.48
NETF,EQ,262,5.14,715.74,0.19,0.48
HCL-INSYS,EQ,12.45,4.1,409.87,3.78,0.48
ZTECH,SM,547,1.67,790.87,0.09,0.47
LPDC,EQ,8,14.78,107.31,5.87,0.47
SGBDE30III,GB,14760,3.02,4149.05,0,0.47
SUMIT,EQ,49.74,1.28,225.17,0.93,0.47
BALAJEE,EQ,30.07,7.35,245.28,1.57,0.47
WOMANCART,SM,182,3.41,128.23,0.25,0.47
SURANI,ST,119.85,4.99,186.34,0.4,0.47
SGBFEB29XI,GB,14615.6,2.13,1794.67,0,0.46
GULFPETRO,EQ,31.1,3.6,158.56,1.48,0.46
OCCLLTD,EQ,92.64,2.29,462.74,0.5,0.46
MAHAPEXLTD,EQ,48.96,3.33,69.28,0.94,0.46
MBLINFRA,EQ,25.9,6.06,395.05,1.78,0.46
MUTHOOTCAP,EQ,199,4.66,327.31,0.23,0.45
728IRFC30,NG,1105,0.45,2273.33,0.04,0.45
DIVOPPBEES,EQ,79.7,3.24,69.24,0.57,0.45
RPPINFRA,EQ,74.02,6.55,367.03,0.61,0.45
FOCUS,EQ,68.6,5.36,462.67,0.67,0.45
NIRAJ,EQ,28.69,8.84,171.26,1.58,0.45
KCPSUGIND,EQ,24.88,2.05,282.1,1.83,0.45
MOM50,EQ,250.9,4.39,56.44,0.18,0.45
HPAL,EQ,35.26,6.88,323.95,1.28,0.44
KMSUGAR,EQ,27.2,1.8,250.24,1.63,0.44
GATECH,EQ,0.51,8.51,56.24,86.97,0.43
IEML,SM,85,6.25,155.83,0.51,0.43
REPRO,EQ,366,4.54,525.04,0.12,0.43
GPECO,SM,367,2.14,434.19,0.12,0.43
HIGREEN,SM,140,12.9,349.86,0.32,0.43
MID150,EQ,21.26,4.57,11.33,2.02,0.43
EEPL,SM,124,8.44,160.7,0.35,0.43
BEWLTD,SM,96.5,8.31,126.16,0.45,0.43
SGBOCT26,GB,15000,2.73,468.84,0,0.43
SGBJUN28,GB,14740,2.86,3520.4,0,0.43
RMC,BE,405,2.38,428.36,0.1,0.42
GSMFOILS,SM,195,6.3,274.81,0.22,0.42
TCL,SM,87,2.35,211.77,0.5,0.42
MARC,SM,69.3,10.53,119.98,0.61,0.42
BANSWRAS,EQ,108.3,3.78,370.73,0.39,0.42
FRESHARA,ST,194.8,4.59,457.76,0.22,0.42
MOTOUR,EQ,72.75,6.3,17.64,0.57,0.42
RSWM,EQ,139,4.58,654.71,0.3,0.41
PARTH,ST,317,4.98,433.27,0.13,0.41
SONAMLTD,EQ,53.55,1.36,214.37,0.77,0.41
INTLCONV,EQ,73.6,4.93,469.43,0.56,0.41
AKSHOPTFBR,EQ,5.09,3.46,82.81,7.87,0.41
KCEIL,SM,128,8.52,156.47,0.33,0.41
RUCHIRA,EQ,110.55,2.09,329.94,0.37,0.41
NAGAFERT,EQ,4.3,5.13,257.17,9.55,0.41
IRIS,EQ,246.02,1.88,506.02,0.16,0.41
MASPTOP50,EQ,69.07,0.26,1164.69,0.59,0.4
GFLLIMITED,EQ,43.45,7.74,477.3,0.94,0.4
PHANTOMFX,SM,200.5,6.79,319.25,0.2,0.4
ATLANTAA,EQ,41.8,6.28,340.67,0.96,0.4
TREJHARA,EQ,149.82,4.41,352.16,0.27,0.4
LOWVOL1,EQ,20.32,1.14,173.96,1.96,0.4
ANNAPURNA,SM,188.75,2.05,411.85,0.21,0.4
BIGBLOC,EQ,49,4.52,693.72,0.8,0.39
AERONEU,EQ,80,1.41,206.37,0.49,0.39
SGBAUG27,GB,14640,2.85,1500.36,0,0.39
MOLDTECH,EQ,124.8,7.83,359.49,0.32,0.39
GSLSU,EQ,53.35,4,226.11,0.74,0.39
COMMITTED,SM,251.05,1.11,290.58,0.15,0.39
ESSENTIA,EQ,1.31,8.26,139.87,30.21,0.39
MGEL,EQ,12.05,8.46,397.11,3.27,0.39
MATRIMONY,EQ,440.95,1.8,911.46,0.09,0.39
GROWWCHEM,EQ,26.75,3.44,7.5,1.45,0.39
LANDSMILL,EQ,1.03,4.04,145.3,38.18,0.39
SGBSEP29VI,GB,14700,2.41,5174.9,0,0.38
A2ZINFRA,BE,17.25,4.93,303.81,2.22,0.38
GINNIFILA,EQ,38.5,6.65,329.75,1.01,0.38
WEALTH,EQ,870,2.93,926.99,0.04,0.38
741GS2036,GS,104.05,1.35,156075,0.37,0.38
RKSWAMY,EQ,87,4.5,439.15,0.43,0.38
KOKUYOCMLN,EQ,80.1,2.25,803.43,0.47,0.38
ARIHANTSUP,EQ,231.95,6.29,1003.18,0.16,0.37
GENSOL,BZ,20.12,4.96,76.46,1.86,0.37
CUBEINVIT,IV,148,1.34,19892.23,0.25,0.37
SAHAJSOLAR,SM,128.6,4.85,282.56,0.28,0.37
JAYSREETEA,EQ,82.15,3.44,237.23,0.45,0.37
HTMEDIA,EQ,23.45,5.02,428.33,1.56,0.37
SGBD29VIII,GB,14730,3.43,3653.77,0,0.36
TIGERLOGS,EQ,28,5.66,296.03,1.29,0.36
KARNIKA,SM,129.6,5.37,803.49,0.28,0.36
BHARATGEAR,EQ,98.48,3.83,151.22,0.37,0.36
DIGIKORE,SM,72,2.2,91.19,0.52,0.36
CONSUMER,EQ,10.7,5.21,49.4,3.39,0.36
ORIENTBELL,EQ,268.9,2.59,395.56,0.14,0.36
CHEMBOND,EQ,144,1.39,193.66,0.25,0.36
SHALPAINTS,EQ,48.75,5.73,408.09,0.74,0.36
DONEAR,EQ,91.36,3.96,475.07,0.39,0.36
CONSUMIETF,EQ,114.79,3.63,54.38,0.31,0.36
DICIND,EQ,514.85,2.4,472.58,0.07,0.36
738GS2027,GS,103.9,0.8,147538,0.34,0.35
HISARMETAL,EQ,148,3.26,79.92,0.23,0.35
SAIFL,SM,13.05,19.72,35.17,2.8,0.35
VETO,EQ,101,4.07,193.06,0.35,0.35
810IRFC27,N2,1060,0.14,3281.17,0.03,0.35
MOMENTUM,EQ,30.43,6.03,44.49,1.16,0.35
BLUEPEBBLE,ST,143,3.81,58.34,0.24,0.35
MUNJALSHOW,EQ,123.4,2.52,493.37,0.28,0.35
VISHWARAJ,EQ,5.25,4.58,114.36,6.75,0.35
SGBAUG29V,GB,14704.1,3.13,3371.27,0,0.34
AAKASH,BE,8.28,0.12,83.83,4.19,0.34
SENSEXADD,EQ,83.11,9.92,3.6,0.43,0.34
OMAXAUTO,EQ,105.25,1.69,224.93,0.32,0.34
BCONCEPTS,EQ,244.5,9.06,305.18,0.14,0.34
HVAX,SM,845.7,5,234.84,0.04,0.34
AAATECH,EQ,97.1,0.86,124.55,0.34,0.34
709GS2054,GS,97,2.47,143560,0.35,0.34
BELLACASA,EQ,284,3.62,380.2,0.12,0.34
NURECA,EQ,255.5,7.1,243.8,0.13,0.34
COMSYN,EQ,154.4,0.64,616.86,0.22,0.34
PVTBANKADD,EQ,26.94,3.46,537.29,1.25,0.34
INDOCO,EQ,197.1,2.19,1819.3,0.17,0.34
SGBN28VIII,GB,14820,3.21,2331.86,0,0.33
PASUPTAC,EQ,47.12,2.5,420,0.71,0.33
GENCON,EQ,43.51,0.46,247.95,0.76,0.33
TIPSFILMS,EQ,324.85,1.55,140.43,0.1,0.33
MOBILISE,SM,66.9,7.9,63.64,0.51,0.33
ALBERTDAVD,EQ,668,1.2,381.24,0.05,0.33
BALAXI,EQ,23.91,4.23,132,1.36,0.33
NV20,EQ,14.55,2.9,82.66,2.24,0.33
HOACFOODS,ST,405.3,5,175.92,0.08,0.32
XTGLOBAL,EQ,29.4,2.87,394.32,1.11,0.32
SUMEETINDS,EQ,29.8,0.71,1568.45,1.09,0.32
DUCON,EQ,3.63,7.4,117.95,8.95,0.32
GROWWSC250,EQ,9,4.9,15.96,3.64,0.32
INFOMEDIA,EQ,5.75,6.48,28.86,6.01,0.32
APRAMEYA,SM,233.95,6.78,445.44,0.14,0.32
COOLCAPS,SM,29.15,4.67,336.97,1.11,0.32
HDFCGROWTH,EQ,114,1.54,18.51,0.28,0.32
IMPAL,EQ,1000,1.45,1248,0.03,0.32
MOHEALTH,EQ,43.38,2.97,42.47,0.75,0.32
LAMBODHARA,EQ,104.4,8.64,108.34,0.31,0.32
BTML,EQ,6.4,2.73,115.52,5.06,0.32
TRANSWORLD,EQ,141.94,4.08,311.67,0.23,0.32
SBINEQWETF,EQ,31.92,3.43,36.84,1,0.32
VIRINCHI,EQ,17.9,9.95,183.74,1.82,0.32
KAVDEFENCE,BE,58.33,4.99,200.51,0.55,0.32
SIKKO,EQ,4.97,9.96,217.09,6.54,0.32
AXITA,EQ,9.15,4.69,350.03,3.46,0.32
IWARE,ST,244,1.94,261.47,0.13,0.32
RAMANEWS,EQ,30.32,0.23,447.29,1.02,0.31
ANUHPHR,EQ,76.59,4.39,767.62,0.41,0.31
ORIENTCER,EQ,40.99,2.14,490.4,0.75,0.31
EMULTIMQ,EQ,39.85,3.86,33.34,0.77,0.31
PATILAUTOM,SM,144,7.7,314.22,0.22,0.3
AVTNPL,EQ,62.4,5.26,950.25,0.49,0.3
TOP15IETF,EQ,9.9,3.66,9.77,3.06,0.3
DYNPRO,EQ,227,2.25,282.12,0.13,0.3
AARVI,EQ,131.01,3.39,194.03,0.23,0.3
VLSFINANCE,EQ,231.92,5.35,727.73,0.13,0.3
NIFTYBETF,EQ,245.91,4.05,172.4,0.12,0.3
SGBNV29VII,GB,14716,2.35,4780.11,0,0.3
IVC,EQ,7.18,2.72,225.48,4.09,0.3
SHERA,SM,120.5,6.45,294.49,0.25,0.3
DEVX,EQ,36.02,2.1,324.86,0.83,0.3
DENORA,EQ,723.1,1.43,383.87,0.04,0.3
GSEC10IETF,EQ,257.36,0.25,532.76,0.12,0.3
MANAKSIA,EQ,55.54,6.95,363.98,0.54,0.3
SIGMA,EQ,42.1,4.62,432.68,0.71,0.3
INNOVANA,EQ,378.85,0.61,782.7,0.08,0.29
DPSCLTD,EQ,9.15,5.78,891.02,3.27,0.29
GEECEE,EQ,285,11.01,595.98,0.1,0.29
NAHARCAP,EQ,235.32,5.67,394.07,0.12,0.29
RCOM,BE,0.94,4.44,259.96,30.78,0.29
VSTL,EQ,114,1.95,216.17,0.25,0.29
PAVNAIND,EQ,18,4.23,251.15,1.55,0.29
NATHBIOGEN,EQ,147.3,2.53,279.93,0.19,0.29
NEPHROCARE,SM,75.3,20,124.14,0.4,0.29
SINCLAIR,EQ,78.5,2.9,402.39,0.36,0.29
NDLVENTURE,EQ,123,1.96,414.16,0.23,0.29
HINDCOMPOS,EQ,405,8.07,598.14,0.07,0.28
MADHUSUDAN,SM,158,5.9,228.63,0.18,0.28
INVENTURE,EQ,1.13,10.78,118.65,25.71,0.28
SBIETFPB,EQ,279.01,6.92,419.15,0.1,0.28
GROWWPSUBK,EQ,89.43,8.65,6.01,0.33,0.28
CHAVDA,SM,97.5,2.9,318.4,0.29,0.28
AARTECH,EQ,46.41,4.48,147.45,0.6,0.28
DIAMINESQ,EQ,239,2.02,233.84,0.11,0.28
DELPHIFX,EQ,10.39,2.87,254.83,2.66,0.28
RAJMET,EQ,4.11,6.48,113.63,6.76,0.28
MIDCAPBETA,EQ,210.42,3.64,13.4,0.13,0.27
ASHALOG,SM,67.5,7.48,91.5,0.41,0.27
WTICAB,SM,109.8,15.88,261.45,0.26,0.27
AYMSYNTEX,EQ,189.99,2.58,1112.98,0.14,0.27
SMARTEN,SM,66.95,5.52,127.21,0.4,0.27
JITFINFRA,BE,320.1,4.99,822.78,0.08,0.27
CHOICEGOLD,EQ,148.7,2.02,54.27,0.18,0.27
BAIDFIN,EQ,11.15,11.06,167.35,2.48,0.27
GRPLTD,EQ,2004,0.7,1068.8,0.01,0.27
PROPEQUITY,SM,172.05,0.61,180.34,0.16,0.27
AJOONI,EQ,4.3,5.13,74.06,6.29,0.27
SGBJAN30IX,GB,14736,2.85,3438.19,0,0.27
BEDMUTHA,BE,113.71,5,366.87,0.23,0.27
ORBTEXP,EQ,165.49,7.79,438.73,0.16,0.26
BIOFILCHEM,EQ,33.25,3,54.11,0.79,0.26
PRITIKAUTO,EQ,13,5.18,216.47,2,0.26
EMMBI,EQ,80.25,3.95,154.4,0.32,0.26
SMALLADD,EQ,15.42,2.87,4.68,1.68,0.26
HARRMALAYA,EQ,187.35,0.57,345.76,0.14,0.26
FORCAS,SM,101,1,177.56,0.26,0.26
PATINTLOG,EQ,10.55,2.33,73.41,2.47,0.26
OILCOUNTUB,EQ,41.25,1.1,214.46,0.61,0.25
ABGSEC,EQ,111.9,0.9,11.8,0.23,0.25
AARON,EQ,148.01,1.82,310.03,0.17,0.25
EMAMIPAP,EQ,70.25,4.96,425.01,0.36,0.25
MODINATUR,EQ,340.05,3.26,452.48,0.07,0.25
DPWIRES,EQ,154.2,2.2,239.02,0.16,0.25
PRAXIS,EQ,7.02,9.86,130.44,3.55,0.25
MANORG,EQ,429.2,5.3,367.59,0.06,0.25
PLAZACABLE,EQ,36,4.9,157.51,0.69,0.25
ELM250,EQ,15.69,4.32,133.11,1.58,0.25
AFSL,EQ,202.4,0.69,1025.33,0.12,0.25
NAHARPOLY,EQ,240.05,4.28,590.23,0.1,0.25
TCC,EQ,365,3.18,1734.77,0.07,0.25
MANAKSTEEL,EQ,57.5,5.23,376.82,0.42,0.25
GREENLEAF,SM,59.65,2.14,35.37,0.41,0.25
AKI,EQ,5.32,10.37,54.91,4.66,0.24
ENSER,SM,15.4,10,134.23,1.6,0.24
INVICTA,SM,74,0.68,93.03,0.32,0.24
SOMICONVEY,EQ,105.07,5.23,123.77,0.23,0.24
SGBAUG30,GB,14748,2.87,4955.93,0,0.24
BHANDARI,EQ,3.34,2.14,111.21,7.04,0.24
DVL,EQ,228.05,2.4,798.74,0.1,0.24
MAZDA,EQ,191.16,3.8,382.8,0.12,0.23
NRL,EQ,50,1.38,345.34,0.46,0.23
SPUNWEB,SM,110,6.28,265.14,0.22,0.23
UYFINCORP,EQ,13.7,3.47,260.63,1.72,0.23
SICALLOG,BE,64.5,1.3,514.61,0.36,0.23
KANANIIND,EQ,1.78,17.11,35.22,13.33,0.23
EIFFL,EQ,241.5,1.22,598.92,0.1,0.23
SAKHTISUG,EQ,16.45,3.39,195.51,1.43,0.23
INFOLLION,SM,330,1.4,320.32,0.07,0.23
NOIDATOLL,EQ,3.79,11.14,70.57,6.05,0.23
BCPL,EQ,68.3,0.77,114.22,0.33,0.23
TEXMOPIPES,EQ,41.12,4.6,120.05,0.55,0.23
GROWWNET,EQ,8.76,4.78,28.81,2.6,0.23
VOLERCAR,SM,230.05,1.21,256.36,0.1,0.23
RBS,SM,79,8.22,180.6,0.29,0.22
SONAMAC,SM,42.1,1.69,57.78,0.5,0.22
VASWANI,EQ,55.49,2.36,173.94,0.4,0.22
WINSOL,SM,123,10.56,141.88,0.18,0.22
MNC,EQ,30.4,2.77,41.51,0.72,0.22
LANCORHOL,BE,23.7,4.96,174.31,0.93,0.22
737GS2028,GS,104.7,0.57,78525,0.21,0.22
LOVABLE,EQ,69.22,6.44,102.45,0.31,0.21
HMT,BZ,63.31,1.01,2979.82,0.33,0.21
DHUNINV,EQ,792.4,4.61,483.14,0.03,0.21
MAHICKRA,ST,217.1,0.95,176.33,0.1,0.21
VALIANTLAB,EQ,60.1,1.57,326.42,0.36,0.21
ADVANIHOTR,EQ,52.15,2.15,482.07,0.4,0.21
TERASOFT,EQ,338.95,4.99,424.09,0.06,0.21
NEPTUNE,ST,188.8,4.17,427.7,0.11,0.21
KRITINUT,EQ,67.3,5.16,337.2,0.31,0.21
SNEHAA,SM,43,0.47,43.77,0.47,0.21
ESCONET,SM,120.25,9.97,158.68,0.17,0.21
NECCLTD,EQ,14.8,5.26,148,1.4,0.21
BEACON,SM,75.95,1.33,137.2,0.27,0.21
MONIFTY100,EQ,24.78,4.6,12.09,0.83,0.21
875NHAI29,N6,1093,0.28,1300.46,0.02,0.21
UCAL,EQ,96.72,5.97,213.88,0.22,0.21
WEWIN,EQ,54.79,20,55.67,0.38,0.2
KAYTEX,SM,68.05,6.33,100.03,0.3,0.2
JAYAGROGN,EQ,192.72,3.66,578.16,0.1,0.2
AAREYDRUGS,EQ,62.16,5,176.25,0.32,0.2
668GS2040,GS,97.51,0.89,172592.7,0.21,0.2
SHEETAL,ST,246.95,0.39,282.91,0.08,0.2
ANMOL,EQ,11.5,6.09,65.45,1.65,0.2
SHYAMCENT,EQ,4.6,3.14,97.6,4.16,0.2
CANARYS,SM,22.6,6.35,132.76,0.84,0.2
SETF10GILT,EQ,257,0.54,3212.99,0.08,0.19
REPL,EQ,87,7.62,157.67,0.23,0.19
STARTECK,EQ,251.47,6.33,249.22,0.08,0.19
SBIMIDMOM,EQ,59.58,5.49,7.32,0.32,0.19
SKP,SM,151,2.17,250.66,0.13,0.19
UHTL,SM,52,4,98.82,0.36,0.19
ABSLNN50ET,EQ,69.56,4.54,99.97,0.27,0.19
SHIVAMAUTO,EQ,18.3,6.83,240.64,1.05,0.19
AIRAN,EQ,16.59,6.14,207.41,1.14,0.19
CONSOFINVT,BE,214.72,5,694.11,0.09,0.19
MOQUALITY,EQ,189,2.36,21.82,0.1,0.19
SATTVAENGG,SM,59.95,10,104.72,0.32,0.19
BBNPPGOLD,EQ,144.8,1.37,338.53,0.13,0.19
PILITA,EQ,7.14,0.85,167.79,2.6,0.19
TROM,SM,69,2.37,63.44,0.26,0.19
FROG,SM,172,5.88,267.53,0.11,0.19
KRITIKA,EQ,5.9,8.46,157.11,3.18,0.19
NIPPOBATRY,EQ,320.75,4.06,240.56,0.06,0.19
SRIVASAVI,SM,49,1.34,69.45,0.38,0.18
SGBJUN30,GB,14740,3.02,3770.29,0,0.18
DIGISPICE,EQ,16.84,3,394.85,1.09,0.18
RKEC,EQ,37.12,4.92,95.85,0.49,0.18
TECH,EQ,34.5,1.65,119.7,0.53,0.18
MAGNUM,EQ,22.14,3.22,151.46,0.82,0.18
VISASTEEL,EQ,33.37,4.97,431.44,0.55,0.18
VAISHALI,EQ,6.18,3.87,80.63,2.89,0.18
SHUBHSHREE,SM,337,10.31,176.66,0.05,0.18
ROXHITECH,SM,35.1,9.69,80.51,0.51,0.18
MEGASTAR,EQ,272.3,1.25,307.53,0.07,0.18
SHEMAROO,EQ,96.65,8.24,264.05,0.19,0.18
VIJIFIN,BE,3.24,0.62,46.17,5.55,0.18
TBI,SM,71.5,6.72,129.83,0.26,0.18
EFORCE,SM,27.9,13.65,65.29,0.66,0.18
QUESTLAB,ST,107.85,3.75,176.74,0.17,0.18
RPPL,EQ,16.24,1.5,120.57,1.1,0.18
GKWLIMITED,EQ,1550,2.31,924.81,0.01,0.18
GLOBALVECT,EQ,177.99,4.08,249.19,0.1,0.18
ARCHIDPLY,EQ,76.64,6.56,152.25,0.23,0.18
KNAGRI,EQ,212,4.28,529.98,0.08,0.18
DJML,BE,82.99,1.54,285.3,0.21,0.17
SHEEL,SM,50.4,20,102.58,0.36,0.17
KKJEWELS,SM,100.1,0.65,104.95,0.17,0.17
GSEC10YEAR,EQ,29.75,1.74,94.2,0.58,0.17
BRNL,EQ,20.36,2,170.92,0.85,0.17
SBGLP,EQ,27.17,9.2,471.17,0.64,0.17
CROWN,EQ,127.95,6.71,148.29,0.14,0.17
SURANAT&P,EQ,18.78,4.33,254.96,0.91,0.17
ASHIMASYN,EQ,14.5,3.65,277.91,1.16,0.17
VISHNUINFR,SM,151.1,4.21,371.85,0.11,0.17
CHEVIOT,EQ,1044,2.67,609.89,0.02,0.17
709GS2074,GS,94.8,0.65,149784,0.18,0.17
NBIFIN,EQ,1800,2.65,531.87,0.01,0.17
DCMSIL,BE,65.5,4.98,569.8,0.26,0.17
AONETMMQ50,EQ,9.57,4.59,7,1.77,0.17
BASML,EQ,22.16,5.67,177.11,0.77,0.17
GENUSPAPER,EQ,11.99,5.92,308.29,1.42,0.17
MEDIORG,SM,28,9.38,32.76,0.6,0.17
PTL,EQ,38.35,2.24,507.67,0.44,0.17
SGBMAY26,GB,14835,2.45,964.77,0,0.17
ACCPL,SM,81,4.99,90.04,0.2,0.17
EXXARO,EQ,6.96,6.26,311.4,2.37,0.16
ESPRIT,SM,65,8.33,142.64,0.26,0.16
SURANASOL,EQ,23.25,3.75,114.41,0.7,0.16
ALMONDZ,EQ,14.13,6.48,245.36,1.17,0.16
GSS,EQ,13.35,8.62,34.92,1.27,0.16
SHAHALLOYS,EQ,65.1,6.67,128.88,0.23,0.16
INDTERRAIN,EQ,32.6,2.58,165.18,0.51,0.16
LATTEYS,EQ,21,7.47,120.74,0.77,0.16
AVONMORE,EQ,12.4,5.62,349.91,1.32,0.16
SSDL,EQ,61.3,4.68,242.75,0.26,0.16
INFINIUM,SM,215.75,4.99,336.21,0.07,0.16
SUTLEJTEX,EQ,29.55,2.64,484.11,0.54,0.16
RADIOCITY,EQ,6.5,4.5,224.7,2.46,0.16
GLOBE,EQ,2.49,2.89,112.15,6.26,0.16
STARPAPER,EQ,136,2.66,212.27,0.12,0.16
KDL,ST,128.95,4.97,155.05,0.12,0.16
ODIGMA,EQ,26.49,12.82,82.8,0.6,0.16
FIBERWEB,BE,37.25,1.75,107.25,0.42,0.16
JEYYAM,SM,39.65,2.59,188.32,0.4,0.16
AVROIND,EQ,117.4,4.99,156.27,0.13,0.16
TOP20,EQ,8.82,3.89,10.48,1.75,0.15
APEXECO,SM,121.95,8.06,160.79,0.13,0.15
K2INFRA,SM,53.05,7.83,66.94,0.28,0.15
VINEETLAB,EQ,31.82,2.02,61.11,0.47,0.15
SGBJUN27,GB,14650,2.45,673.59,0,0.15
PANACHE,BE,310,2.68,496.43,0.05,0.15
ARCIIL,SM,51.2,10.34,52.72,0.29,0.15
MKPL,EQ,5.4,5.26,202.7,2.82,0.15
888IRFC29,NE,1100,0.54,480.06,0.01,0.15
750IRFC35,NK,1190,0.04,439.86,0.01,0.15
INDBANK,EQ,32.55,1.94,144.45,0.45,0.15
SUNDRMBRAK,EQ,551.5,3.59,216.99,0.03,0.15
DHARIWAL,ST,39.25,4.95,369,0.39,0.15
SRD,EQ,44.77,3.11,286.38,0.33,0.15
JHS,EQ,8.7,9.71,74.48,1.75,0.15
MASON,SM,147.85,0.03,353.95,0.1,0.15
RKDL,EQ,21,11.76,50.4,0.71,0.15
HDFCVALUE,EQ,130.66,2.65,34.84,0.11,0.15
STUDIOLSD,SM,11,12.82,57.08,1.36,0.15
CHAMUNDA,SM,43.1,1.53,47.43,0.33,0.14
SSFLPP,E1,90,10.84,156.01,0.16,0.14
EMAPARTNER,SM,76,1.74,176.67,0.19,0.14
DELTIC,SM,37.6,8.83,57.49,0.39,0.14
TREL,EQ,25.5,3.45,626.52,0.56,0.14
SHREYANIND,EQ,155,1.38,214.29,0.09,0.14
FLEXIADD,EQ,9.6,2.35,12.64,1.49,0.14
RUBFILA,EQ,65.48,2.3,355.34,0.22,0.14
MITCON,EQ,72,6.37,125.41,0.2,0.14
SIGIND,EQ,49.44,7.62,145.54,0.29,0.14
MANGALAM,BE,31.57,4.99,49.97,0.45,0.14
MUNISH,SM,69,7.81,166.08,0.2,0.14
HALEOSLABS,EQ,1299,0.81,392.72,0.01,0.14
SANGINITA,BE,20.69,1.97,53.59,0.68,0.14
LOTUSEYE,EQ,108.5,2.77,225.64,0.13,0.14
GROWWNXT50,EQ,66.7,5.42,8.11,0.21,0.14
NRAIL,EQ,409.6,2.04,697.1,0.03,0.14
VINNY,EQ,1.18,6.31,54.9,11.62,0.14
SNXT30BEES,EQ,39.52,2.78,5.11,0.35,0.14
REMUS,SM,648.8,2.17,764.55,0.02,0.14
BALPHARMA,EQ,76.6,6.92,121.95,0.18,0.14
EQUAL50,EQ,319.24,3.42,145.02,0.04,0.14
BHADORA,SM,66,11.3,122.76,0.2,0.14
690GS2065,GS,94.24,1.06,176228.8,0.14,0.14
NAHARINDUS,EQ,97,2.61,419.09,0.14,0.13
OMFURN,SM,46.5,6.65,54.75,0.29,0.13
SHREEKARNI,SM,410,6.49,296.38,0.03,0.13
OSWALSEEDS,EQ,11.2,3.23,102.45,1.21,0.13
APOLSINHOT,EQ,1045,3,271.74,0.01,0.13
BEARDSELL,EQ,24.99,0.32,98.55,0.54,0.13
VARDMNPOLY,BE,7.3,4.29,334.99,1.84,0.13
KOHINOOR,EQ,23.65,6.92,87.67,0.57,0.13
DEVIT,EQ,27.79,6.31,156.56,0.49,0.13
NAVKARURB,EQ,0.78,4,87.52,17.36,0.13
AXISTECETF,EQ,344.76,0.5,163.96,0.04,0.13
GOKUL,EQ,39.99,2.04,395.88,0.33,0.13
676GS2061,GS,91.05,0.01,129381.65,0.14,0.13
CLSL,SM,46.75,1.85,80.13,0.28,0.13
BALKRISHNA,EQ,16.71,0.91,53.84,0.76,0.13
BSL,EQ,119.8,8.1,123.3,0.11,0.13
KOTARISUG,EQ,24.56,2.08,203.57,0.53,0.13
PODDARMENT,EQ,234.73,0.11,249.05,0.05,0.13
MHLXMIRU,EQ,164.71,2.24,174.93,0.08,0.13
GROWWN200,EQ,10.95,4.29,15.52,1.16,0.13
JAIPURKURT,EQ,29.22,3.11,55.78,0.43,0.13
DHARAN,BZ,0.16,6.67,83.66,78.69,0.13
FIDEL,SM,144,9.13,198.01,0.09,0.13
PLASTIBLEN,EQ,144,6.82,374.24,0.09,0.13
ESG,EQ,40.83,3.97,102.13,0.31,0.12
AXISBPSETF,EQ,13.35,0.45,1017.14,0.93,0.12
915APSBC31,N0,103238.81,0.72,566.78,0,0.12
LAKSHYA,SM,94.15,7.05,94.94,0.13,0.12
EXCELLENT,ST,113.4,5,50.69,0.11,0.12
TRUST,SM,42,13.98,100.07,0.3,0.12
ELGIRUBCO,EQ,42.37,4.41,212.06,0.29,0.12
DIGJAMLMTD,EQ,45.03,6.76,90.06,0.26,0.12
CURIS,SM,101.75,5.99,82.26,0.12,0.12
KANPRPLA,EQ,184.5,1.83,443.03,0.07,0.12
CSSL,SM,108,1.89,259.71,0.11,0.12
SILINV,EQ,426.9,5.33,452.34,0.03,0.12
SREEL,EQ,188.4,2.43,436.24,0.06,0.12
SUNTECH,SM,41.1,0.24,79.58,0.29,0.12
MANAKALUCO,BE,27.13,4.99,177.79,0.43,0.12
96IIFL28,N5,998.99,0.15,382.44,0.01,0.12
IVP,EQ,135,6.58,139.4,0.09,0.12
PSFL,SM,29.3,8.52,57.67,0.38,0.12
JOCIL,EQ,112.3,0.36,99.74,0.1,0.12
DUCOL,SM,124.9,11.92,203.02,0.1,0.11
PAR,EQ,91.5,2.54,112.59,0.12,0.11
TPHQ,EQ,0.57,9.62,62.48,20.16,0.11
SUPREMEINF,BZ,69.59,4.99,673.18,0.16,0.11
DHARARAIL,SM,111,2.12,167.43,0.1,0.11
AVIANSH,SM,111.95,1.77,156.47,0.1,0.11
CCHHL,EQ,12.35,5.65,201.88,0.91,0.11
ATAM,EQ,61,6.27,69.92,0.19,0.11
SGBJ28VIII,GB,14886,4.46,777.23,0,0.11
CRAYONS,SM,39.6,2.72,96.74,0.27,0.11
ELIQUID,EQ,1025.71,0.02,36.9,0.01,0.11
AMJLAND,EQ,41.31,0.68,169.37,0.27,0.11
SLONE,SM,199.9,9.99,105.33,0.06,0.11
FILATFASH,EQ,0.19,5.56,158.35,58.32,0.11
AHLADA,EQ,42,5.63,54.27,0.26,0.11
MAXPOSURE,SM,44,15.79,100.06,0.26,0.11
DHRUV,EQ,35.7,1.19,67.71,0.3,0.11
ISFT,EQ,70,5.76,114.18,0.16,0.11
SBIETFQLTY,EQ,212.18,1.93,75.79,0.05,0.11
BAGFILMS,EQ,4.63,7.67,91.56,2.4,0.11
NEXT50ADD,EQ,66.16,4.77,9.08,0.16,0.11
EUROBOND,EQ,162,5.19,396.9,0.07,0.11
ROSSELLIND,EQ,49.6,5.22,186.97,0.22,0.11
ENIL,EQ,108.71,2.75,518.23,0.1,0.11
VHLTD,BE,139.1,0.45,940.02,0.08,0.1
SELECTIPO,EQ,41.15,4.6,17.21,0.25,0.1
CINELINE,EQ,85.55,1.08,293.15,0.12,0.1
KOTHARIPRO,EQ,66.65,2.57,397.82,0.16,0.1
KEYFINSERV,EQ,267.11,1.99,148.69,0.04,0.1
SILLYMONKS,EQ,16.04,6.93,19.99,0.64,0.1
SOFTTECH,EQ,308,6.66,426.34,0.03,0.1
JAINIK,SM,121.8,5,174.75,0.08,0.1
MOALPHA50,EQ,48.48,4.96,6.33,0.21,0.1
ANANTAM,IV,105,1.14,2283.75,0.1,0.1
MONEXT50,EQ,65.99,5,3.46,0.15,0.1
SAHYADRI,EQ,247.2,9.03,270.59,0.04,0.1
AXSENSEX,EQ,80.23,4.52,128.53,0.13,0.1
PRLIND,SM,66,6.45,150.89,0.15,0.1
KANORICHEM,EQ,69.22,2.4,302.45,0.14,0.1
RAPPID,SM,275,8.91,142.78,0.04,0.1
VLEGOV,EQ,12.57,4.92,136.32,0.77,0.1
ENERGYDEV,EQ,15.39,8.15,73.1,0.64,0.1
MITTAL,EQ,0.95,4.4,42.17,10.25,0.1
PRITI,EQ,39.3,6.79,52.48,0.25,0.1
ARTNIRMAN,EQ,42,7.36,104.82,0.23,0.1
APCL,EQ,120,10.49,352.5,0.08,0.1
NAGREEKEXP,EQ,23.39,9.04,73.09,0.41,0.1
VICTORYEV,SM,14.95,1.36,36.01,0.63,0.1
BARFLEX,SM,59.5,1.8,147.26,0.16,0.09
SUNDARAM,EQ,1.38,6.15,65.4,6.96,0.09
SNXT50BETA,EQ,86.92,3.9,30.99,0.11,0.09
GVKPIL,BE,2.53,1.61,399.39,3.69,0.09
RADIOWALLA,SM,26.5,4.95,18.68,0.35,0.09
PRAENG,EQ,20.41,2.98,142.74,0.45,0.09
BLUEWATER,SM,156.95,4.56,172.65,0.06,0.09
UNIONGOLD,EQ,146.65,1.98,316.16,0.06,0.09
DELAPLEX,SM,104,6.56,94.74,0.09,0.09
CREST,EQ,345,3.28,981.52,0.03,0.09
BBNPNBETF,EQ,62,16.67,4.88,0.16,0.09
WORTHPERI,EQ,129.59,2.78,204.12,0.07,0.09
KEL,SM,82.5,0.79,84.74,0.11,0.09
ZENITHSTL,EQ,5.23,9.64,74.41,1.77,0.09
PRAKASHSTL,EQ,4.42,6.25,77.35,2.05,0.09
BESTAGRO,BE,15.67,4.96,555.77,0.57,0.09
SMLT,EQ,69.67,4.17,95.38,0.13,0.09
HDFCQUAL,EQ,55.72,2.31,19.29,0.16,0.09
SUKHJITS,EQ,171.95,2.88,537.24,0.05,0.09
AILIMITED,SM,32.7,4.81,19.69,0.28,0.09
SBIETFCON,EQ,114.39,3.94,23.03,0.08,0.09
RUDRA,EQ,18.5,4.17,185.64,0.48,0.09
AGROPHOS,EQ,33.02,3.54,66.95,0.27,0.09
CADSYS,SM,46.95,4.45,46.96,0.2,0.09
SANDESH,EQ,923,2.76,698.66,0.01,0.09
97SFL28,YS,1083,2.17,42.22,0.01,0.09
HITECHCORP,EQ,145,5.56,249.05,0.06,0.09
IVZINNIFTY,EQ,2728.51,3.99,91.86,0,0.09
AESTHETIK,SM,78,14.71,134.32,0.11,0.09
ARVINDPORT,SM,34.25,9.95,60.96,0.26,0.09
MRIL,SM,41.45,4.94,91.62,0.21,0.08
KORE,SM,99.5,4.96,120.64,0.09,0.08
SAMPANN,EQ,29.55,6.87,144.23,0.29,0.08
GANGABATH,SM,21.9,4.78,48.64,0.39,0.08
MODIRUBBER,EQ,119.11,4.52,298.26,0.07,0.08
HITECHGEAR,BE,577.95,3.14,1087.33,0.01,0.08
DCCL,SM,36.15,0.42,51.61,0.22,0.08
RVTH,EQ,612,2,187.7,0.01,0.08
GOYALALUM,BE,6.84,4.43,97.63,1.21,0.08
AXISHCETF,EQ,144.1,1.28,21.68,0.06,0.08
MURUDCERA,EQ,29.3,3.21,177.4,0.28,0.08
MIDCAPADD,EQ,20.53,2.19,5.75,0.39,0.08
BANARISUG,EQ,3654.9,1.29,4583.13,0,0.08
DCG,SM,65,6.04,117.97,0.13,0.08
DRCSYSTEMS,EQ,16.51,2.8,237.88,0.49,0.08
NGIL,EQ,26.45,2.72,46.39,0.3,0.08
SAAKSHI,SM,192.9,1.53,340.58,0.04,0.08
SELLOWRAP,SM,71.9,2.79,98.82,0.11,0.08
RAJPUTANA,SM,227.5,1.93,160.01,0.04,0.08
JETFREIGHT,EQ,17.69,3.09,82.09,0.45,0.08
MSCIINDIA,EQ,28.67,2.83,1518.35,0.28,0.08
LOWVOL,EQ,198.6,3.02,45.94,0.04,0.08
VARDHACRLC,EQ,34.75,2.3,279.26,0.23,0.08
SILKFLEX,ST,131.8,4.98,152.98,0.06,0.08
MAHAPE-RE,BE,34,5.13,47.91,0.24,0.08
SHREEOSFM,SM,85.95,7.44,132.39,0.09,0.08
BSLSENETFG,EQ,77.56,3.81,269.43,0.1,0.08
AKSHAR,EQ,0.51,6.25,40.16,15.49,0.08
SBINMID150,EQ,20.94,3.92,9.2,0.37,0.08
DTIL,EQ,130.5,4.84,137.12,0.06,0.08
HDFCBSE500,EQ,35.61,3.88,22.25,0.22,0.08
HYBRIDFIN,EQ,19.55,6.83,57.55,0.38,0.08
KALYANIFRG,EQ,592,2.18,215.37,0.01,0.08
GROWWMC150,EQ,210.15,4.71,5.54,0.04,0.08
ELDEHSG,EQ,824,7.08,810.24,0.01,0.08
ESFL,SM,140.55,4.97,349.11,0.05,0.08
AKASH,EQ,28,8.99,47.22,0.27,0.08
RELCHEMQ,EQ,116.23,1.3,87.68,0.06,0.08
MHHL,SM,39.5,1.54,72.03,0.2,0.07
GVPTECH,EQ,6.1,1.16,112.26,1.22,0.07
SHANTI,EQ,7.09,1.14,7.87,1.03,0.07
ECAPINSURE,EQ,22.97,4.74,15.98,0.32,0.07
KATARIA,SM,102.05,0.34,219.73,0.07,0.07
TTL,BE,8.8,2.33,227.31,0.84,0.07
GOYALSALT,SM,122,3.39,218.38,0.06,0.07
73GS2053,GS,98.9,1.08,192855,0.07,0.07
INDIANCARD,EQ,189.3,7.56,112.47,0.04,0.07
LICNMID100,EQ,57.1,4.01,604.63,0.13,0.07
CAPTRUST,BE,12.78,4.16,43.48,0.58,0.07
COMPUSOFT,EQ,13.79,2.83,109.11,0.53,0.07
SIL,EQ,14.23,0.92,91.54,0.5,0.07
CPS,SM,940,1.62,214.13,0.01,0.07
DCM,EQ,64.99,1.72,121.39,0.11,0.07
VIGOR,SM,57.5,18.56,59.52,0.13,0.07
SPCL,SM,78.6,6.87,189.55,0.09,0.07
865IFL28,NZ,985,0.2,87.58,0.01,0.07
BBTCL,EQ,182.9,2.56,375.15,0.04,0.07
TOTAL,EQ,52.87,2.86,85.26,0.14,0.07
SUVIDHAA,EQ,2.92,12.74,61.26,2.53,0.07
GLOSTERLTD,EQ,578,1.78,632.52,0.01,0.07
UNIENTER,EQ,97.95,2.27,681.2,0.07,0.07
ROCKINGDCE,SM,164,6.84,92.81,0.04,0.07
WIPL,EQ,151,0.2,128.16,0.05,0.07
HEXATRADEX,EQ,164.94,2.56,911.21,0.04,0.07
BRACEPORT,SM,53.5,7,60.46,0.13,0.07
MOLOWVOL,EQ,35.93,3.19,66.88,0.19,0.07
CONS,EQ,11.39,4.3,33.49,0.6,0.07
WOL3D,SM,136,1.99,87.75,0.05,0.07
RVHL,EQ,40,3.41,245.3,0.17,0.07
SGBMAR28X,GB,14625,2.91,1107.61,0,0.07
MUKTAARTS,EQ,45.5,9.01,102.76,0.15,0.07
AKIKO,ST,208.1,2.36,224.12,0.03,0.07
MAGSON,SM,165.75,3.43,204.29,0.04,0.07
AMBEY,SM,23.45,7.08,58.5,0.28,0.07
SPLIL,EQ,27,3.17,78.3,0.24,0.07
TCIFINANCE,EQ,15.16,4.34,19.51,0.43,0.07
ASHOKAMET,EQ,15.2,5.04,37.99,0.43,0.07
ARCHIES,EQ,14.4,6.51,48.64,0.46,0.06
PRUDMOULI,EQ,14.99,9.98,48.35,0.43,0.06
DYNAMIC,SM,119.9,7.05,164.82,0.06,0.06
SEJALLTD,EQ,510.65,9.99,582.14,0.01,0.06
NKIND,EQ,63.89,2.14,38.4,0.09,0.06
EBANKNIFTY,EQ,55.22,4.5,11.27,0.11,0.06
ISHANCH,EQ,55.89,2.34,146.1,0.12,0.06
GOLDTECH,EQ,40.68,5.33,212.6,0.16,0.06
SATECH,SM,46.2,10,60.32,0.14,0.06
MARALOVER,EQ,42.84,4.41,177.82,0.15,0.06
MOTOGENFIN,EQ,22.19,6.32,85.94,0.29,0.06
IL&FSENGG,BZ,26.94,4.99,353.24,0.24,0.06
WEIZMANIND,EQ,81,10.96,125.5,0.08,0.06
VINSYS,SM,302,6.38,443.27,0.02,0.06
VIVIDHA,EQ,0.62,10.71,18.15,10,0.06
MOPSE,EQ,103.88,5.23,1.87,0.06,0.06
1015ECL29,NR,1016.35,0.03,112.92,0.01,0.06
IIFLZC28B,Y1,1224.28,0.03,45.93,0.01,0.06
DCMNVL,EQ,113.41,0.51,211.82,0.05,0.06
TARAPUR,EQ,24.03,4.98,46.86,0.25,0.06
SADHAV,SM,112,0.76,160.75,0.05,0.06
PARTYCRUS,SM,88,5.39,105.47,0.07,0.06
ITBETA,EQ,331,0.96,6.86,0.02,0.06
SADBHIN,EQ,2.5,4.6,88.06,2.41,0.06
QUALITY30,EQ,20.27,4.81,2.56,0.3,0.06
JYOTIGLOBL,SM,42,6.33,83.24,0.14,0.06
TWCGOLDETF,EQ,149.84,2.29,23.75,0.04,0.06
HSBCGOLD,EQ,130.37,1.32,378.84,0.05,0.06
SHKSIL,SM,43.9,2.21,84.25,0.14,0.06
LAGNAM,EQ,68.4,8.59,120.86,0.09,0.06
NEELAM,SM,12.2,4.72,24.67,0.48,0.06
BVCL,EQ,41.4,5.32,91.74,0.14,0.06
KAKATCEM,EQ,101.37,6.29,78.8,0.06,0.06
MALUPAPER,EQ,33.38,2.64,56.94,0.17,0.06
FINBUD,SM,94.2,3.52,179.45,0.06,0.06
DIGIDRIVE,EQ,20.5,5.78,79.05,0.27,0.06
CORALFINAC,EQ,32.15,2.29,129.57,0.17,0.06
HBSL,EQ,54.63,8.63,38.99,0.1,0.06
717GS2030,GS,104.06,0.74,107181.8,0.05,0.06
TARMAT,BE,55.35,2.33,138.73,0.1,0.06
774IREDA31,N7,1100,0.18,531.87,0.01,0.06
893NHB29,N6,5498,0.42,365.74,0,0.05
SABEVENTS,BE,9.84,4.9,10.32,0.57,0.05
SGBNOV26,GB,14800,2.66,605.95,0,0.05
LIBAS,EQ,10.72,4.38,28.24,0.51,0.05
AMDIND,EQ,41.85,4.13,80.21,0.13,0.05
EQUAL200,EQ,12.75,3.74,18.25,0.43,0.05
SGBDC27VII,GB,14700,3.12,953.01,0,0.05
PRANIK,SM,49,8.89,53.95,0.11,0.05
871REC28,N9,1106,0.12,1295.66,0,0.05
VALUE,EQ,16,3.16,10.05,0.34,0.05
KSHITIJPOL,BE,2.49,4.62,38.41,2.17,0.05
OSIAHYPER,EQ,3.68,4.84,65.12,1.46,0.05
EFACTOR,SM,220,14.58,288.89,0.02,0.05
GANGAFORGE,EQ,2.7,4.65,36.4,1.99,0.05
NIBL,EQ,29.11,2.03,70.54,0.18,0.05
GREENCHEF,SM,50.05,1.62,116.48,0.1,0.05
STEELCITY,EQ,81.96,1.22,123.82,0.06,0.05
935TSI31,N0,103804.93,0.33,1296.95,0,0.05
IDFNIFTYET,EQ,263.25,3.85,3.76,0.02,0.05
KARMAENG,EQ,38.9,0.41,45.01,0.13,0.05
SGBMAR30X,GB,14980,4.1,2306.46,0,0.05
RTL,ST,86,0.23,113.51,0.06,0.05
RAPIDFLEET,SM,181,10.37,134.57,0.03,0.05
AMEYA,SM,105.75,4.96,79.31,0.05,0.05
HEALTHCARE,EQ,17.94,1.01,8.01,0.29,0.05
ALUWIND,SM,58.5,10.38,145.36,0.09,0.05
SOCL,SM,30.75,8.85,41.19,0.18,0.05
901NHB34,N6,6211,0.18,826.95,0,0.05
HGM,EQ,51,6.27,64.23,0.1,0.05
DBSTOCKBRO,EQ,26.48,2.52,92.68,0.19,0.05
ZODIACLOTH,EQ,73.34,7.1,201.38,0.07,0.05
AURIGROW,EQ,0.3,3.45,44.29,16.58,0.05
JISLDVREQS,EQ,22.93,7.91,44.24,0.22,0.05
DCMFINSERV,BE,5.4,4.85,10.14,0.92,0.05
UNITEDTEA,EQ,517.05,1.04,258.35,0.01,0.05
GAYAHWS,EQ,2.21,4.74,52.96,2.26,0.05
USK,BE,21.05,4.99,116.53,0.24,0.05
ARVEE,EQ,153.89,10,169.59,0.03,0.05
INFRA,EQ,11.14,4.8,7.9,0.44,0.05
SCPL,BE,321,1.87,337.05,0.01,0.05
HPIL,EQ,123.01,5.49,140.53,0.04,0.05
930AEL30,NF,1072,0.37,240.38,0,0.05
MAL,SM,37.45,4.9,92.45,0.13,0.05
VDEAL,SM,188,1.62,91.94,0.02,0.05
AEL120924B,N8,1185,1.03,40.34,0,0.05
IPHL,SM,56.75,5.09,141.82,0.08,0.05
CMNL,SM,103,3,248.59,0.04,0.05
NAMAN,SM,50.2,9.97,65.59,0.1,0.05
SAMBHAAV,EQ,6.18,6.74,118.11,0.76,0.05
JMA,EQ,81.8,2.57,186.84,0.06,0.05
SATIPOLY,SM,30.7,4.42,15.19,0.15,0.05
REFRACTORY,SM,36.2,9.86,78.92,0.13,0.05
DIVIDEND,EQ,35.63,2.03,9.28,0.13,0.05
CELLPOINT,SM,15.8,19.7,29.52,0.3,0.05
SELMC,EQ,30.98,4.17,102.65,0.15,0.05
INSPIRISYS,BE,82.45,4.99,326.64,0.06,0.05
LFIC,EQ,127.5,0.44,38.25,0.03,0.04
ETML,SM,92.7,0.11,180.55,0.05,0.04
UMIYA-MRO,EQ,81,2.03,151.35,0.05,0.04
ENIFTY,EQ,24.03,4.07,15.79,0.19,0.04
HALDER,EQ,245.1,0.66,304.86,0.02,0.04
ASLIND,SM,73,4.96,76.04,0.06,0.04
S&SPOWER,BE,319.55,0.96,394.37,0.01,0.04
BANG,EQ,34.05,6.27,46.17,0.13,0.04
AMNPLST,EQ,155.9,5.61,857.76,0.03,0.04
SVLL,EQ,594.9,4.21,683.76,0.01,0.04
EPWINDIA,SM,118.5,0.51,136.03,0.04,0.04
TOKYOPLAST,EQ,75,7.08,71.26,0.06,0.04
SWASTIK,SM,18,10.77,41.82,0.24,0.04
ETL,SM,940,2.17,1003.1,0,0.04
KONSTELEC,SM,33.5,4.85,50.59,0.13,0.04
GANGESSECU,EQ,117.01,1.88,117.05,0.04,0.04
GILT5BETA,EQ,64.4,1.64,25.4,0.07,0.04
SMARTLINK,EQ,120.5,0.7,120.2,0.03,0.04
MOINFRA,EQ,58.6,2.06,2.97,0.07,0.04
USHAFIN,SM,32.85,4.45,142.82,0.13,0.04
SGBJUL27,GB,14550,2.28,779.8,0,0.04
MADHAVBAUG,SM,212,10.07,222.89,0.02,0.04
INNOMET,SM,85,3.98,109.99,0.05,0.04
MGSL,SM,84.9,3.41,123.8,0.05,0.04
SAJHOTELS,SM,42.4,0.95,68.37,0.1,0.04
MOHITIND,EQ,22.91,1.96,32.44,0.18,0.04
118VCCL27B,N0,99900,0.91,29.97,0,0.04
EMMIL,SM,145,7.41,164.23,0.03,0.04
WALPAR,SM,42.25,2.8,39.67,0.1,0.04
AHLEAST,EQ,162.5,0.5,280.99,0.02,0.04
IDENTICAL,SM,22.55,18.68,31.63,0.18,0.04
NEXT30ADD,EQ,39.56,2.49,42.89,0.1,0.04
MON50EQUAL,EQ,31.97,3.4,126.25,0.12,0.04
SVPGLOB,EQ,2.47,2.92,31.25,1.57,0.04
THEINVEST,EQ,102,2.38,532.87,0.04,0.04
LICNETFN50,EQ,267.77,4.13,858.35,0.01,0.04
RULKA,SM,92.95,11.99,39.58,0.04,0.04
835SCL23B,YM,1000,0.5,16.1,0,0.04
KHAITANLTD,EQ,105.96,4.59,50.33,0.04,0.04
BAWEJA,SM,26.15,5.87,48.19,0.14,0.04
HEALTHADD,EQ,142.2,0.69,12.5,0.03,0.04
MOMGF,EQ,148,3.64,1.85,0.03,0.04
ADROITINFO,EQ,9.31,3.79,50.44,0.4,0.04
CLEDUCATE,BE,51.8,1.75,280.88,0.07,0.04
MAHESHWARI,EQ,46.2,1.45,136.74,0.08,0.04
GRAPHISAD,ST,34.1,0.89,62.32,0.11,0.04
79NHIT47,N3,420.05,0.2,630.08,0.01,0.04
VISAMAN,ST,123.65,4.88,247.77,0.03,0.04
SANGANI,SM,43.25,4.98,59.59,0.09,0.04
ABSL10BANK,EQ,167,5.44,46.05,0.02,0.04
VEEKAYEM,SM,129.5,1.89,76.09,0.03,0.04
92GS2030,GS,110.93,0.48,68648.53,0.03,0.04
LYPSAGEMS,EQ,5.23,7.84,15.42,0.72,0.04
SHIVATEX,EQ,147.36,6.81,191.02,0.03,0.04
FMNL,EQ,8.42,3.69,51.06,0.45,0.04
HDIL,BZ,1.97,1.03,93.38,1.81,0.04
ZENITHDRUG,SM,41.35,2.48,70.91,0.09,0.04
PRECISION,SM,7.4,2.78,16.99,0.48,0.04
ATLASCYCLE,EQ,86.64,4.21,56.35,0.04,0.04
PNC,EQ,23.47,9.57,33.95,0.16,0.04
SHRIKANHA,SM,18.6,4.79,28.98,0.19,0.04
UMA,SM,17.1,3.01,34.67,0.2,0.04
ROLLT,BE,1.25,3.31,31.27,2.86,0.04
COUNCODOS,EQ,4.66,8.12,36.16,0.77,0.04
SEL,SM,203.9,9.62,47.28,0.02,0.04
SHEKHAWATI,EQ,11.45,5.82,39.47,0.3,0.04
DUGLOBAL,SM,35,2.94,251.55,0.1,0.04
ANTGRAPHIC,EQ,0.84,3.7,13.02,4.06,0.03
BANKA,EQ,62.69,4.99,68.47,0.06,0.03
AKANKSHA,SM,69.65,5.85,136.38,0.05,0.03
SCLZC26A,NF,2235.31,0.43,2.12,0,0.03
MADHUCON,EQ,4.96,9.98,36.6,0.72,0.03
AGRITECH,EQ,113.5,5.13,67.42,0.03,0.03
SHRADHA,EQ,35,8.39,283.49,0.1,0.03
AROGRANITE,EQ,24.81,10.56,37.96,0.14,0.03
FONEBOX,SM,67,3.08,68.74,0.05,0.03
ASTRON,EQ,4.09,7.07,19.02,0.83,0.03
PHOGLOBAL,SM,18,5.88,34.82,0.18,0.03
MPEL,SM,52.2,4.92,40.59,0.06,0.03
SADBHAV,BE,9.3,4.97,159.56,0.36,0.03
TECILCHEM,EQ,12.21,1.08,23.15,0.26,0.03
PEARLPOLY,EQ,16.3,4.96,27.44,0.2,0.03
CYBERMEDIA,EQ,14.75,3.51,30.42,0.22,0.03
NPBET,EQ,275.3,5.03,10.77,0.01,0.03
IBLFL,SM,53.75,4.98,132.93,0.06,0.03
667GS2050,GS,91.75,0.37,139049.99,0.03,0.03
ACL,EQ,52.03,4.98,479.57,0.06,0.03
LAL,EQ,7.46,2.9,128.86,0.42,0.03
VSCL,SM,26.6,4.93,34,0.12,0.03
ARUNAYA,SM,17.25,1.47,30.25,0.18,0.03
DANGEE,EQ,3.23,6.95,49.73,0.97,0.03
ABHAPOWER,SM,27.65,7.17,51.4,0.11,0.03
BONLON,BE,39,4.98,55.32,0.08,0.03
PPSL,SM,7.45,14.62,21.83,0.42,0.03
113ESFB31,N0,102000,2,51,0,0.03
ROML,EQ,42.33,4.31,63.45,0.07,0.03
VILINBIO,ST,37.95,1.88,52.94,0.08,0.03
PRITIKA,SM,51.95,5.16,136.97,0.06,0.03
SUPERSPIN,EQ,5,9.41,27.5,0.6,0.03
GROWWPSE,EQ,100.3,1.4,17.3,0.03,0.03
SGBOCT27,GB,14607,2.87,665.75,0,0.03
VCL,EQ,1.51,4.86,27.75,1.94,0.03
VIVIMEDLAB,EQ,6.68,4.87,55.39,0.43,0.03
SEYAIND,BE,10.94,1.96,29.07,0.26,0.03
VR,SM,149.1,5,132.4,0.02,0.03
SYNOPTICS,SM,43.95,4.89,37.27,0.07,0.03
GOLDENTOBC,BZ,23.75,4.44,41.82,0.12,0.03
10IIFL28A,NE,999,0.4,274.42,0,0.03
MARCO,SM,38.1,7.32,71.24,0.07,0.03
726GS2032,GS,103.35,1.32,152958,0.03,0.03
890AEL31,NN,1024,0.71,209.05,0,0.03
GATECHDVR,EQ,0.45,9.76,8.53,6.21,0.03
MANDEEP,SM,19.55,4.83,20.21,0.14,0.03
MOIPO,EQ,40.5,2.43,4.86,0.07,0.03
KEN,SM,37.25,2.48,91.51,0.07,0.03
AGUL,SM,69.95,0.94,38.36,0.04,0.03
PALASHSECU,EQ,93,2.03,93.03,0.03,0.03
915SCL26,NE,1035,0.83,202.19,0,0.03
AAKAAR,ST,55.9,4.98,79.23,0.05,0.03
EQUIPPP,BE,14.95,4.99,154.13,0.18,0.03
NIKITA,SM,110,3.68,271.35,0.02,0.03
DOLLEX,SM,31.65,6.21,126.44,0.08,0.03
ABSLMSCIN,EQ,28.36,3.16,9.85,0.09,0.03
743GS2076,GS,100.5,0.5,38190,0.03,0.03
DGCONTENT,EQ,29,5.8,168.74,0.09,0.03
910TCAP28,NA,1078,1.22,368.51,0,0.03
SIDDHICOTS,ST,30.45,3.22,74.32,0.08,0.03
SUPERHOUSE,EQ,151,3.84,166.48,0.02,0.03
ARSHIYA,BZ,1.24,3.33,32.67,2.09,0.03
MFML,EQ,23,1.37,24.43,0.11,0.03
830PFCL27,N5,1058.8,0.13,1303.51,0,0.02
DECCANTRAN,SM,21.4,12.34,48.63,0.12,0.02
ADDICTIVE,SM,71.2,9.96,113.28,0.04,0.02
NITIRAJ,EQ,216.8,2.09,222.24,0.01,0.02
CINEVISTA,EQ,15.55,6.36,89.31,0.16,0.02
3PLAND,EQ,35.2,4.08,63.36,0.07,0.02
PIONEEREMB,EQ,25.26,5.87,77.82,0.1,0.02
866IIFC34B,N3,1220,0.41,920.37,0,0.02
KSR,BE,33.97,1.98,62.43,0.07,0.02
QVCEL,SM,24.95,4.83,26.08,0.1,0.02
EMKAYTOOLS,SM,100,1.27,106.71,0.02,0.02
GURUNANAK,SM,29.8,4.93,35.76,0.08,0.02
820IIFL27,N9,985,0.49,51.86,0,0.02
RETAIL,EQ,21.1,2.43,17.31,0.11,0.02
BIKEWO,ST,20.2,1.25,26.35,0.12,0.02
SCL190325A,N1,1068,0.75,6.86,0,0.02
TFL,EQ,12.3,3.54,67.79,0.19,0.02
NEXTMEDIA,EQ,4.17,7.2,27.89,0.55,0.02
TGBHOTELS,EQ,8.75,3.06,25.63,0.27,0.02
SHANTHALA,SM,28,3.13,18.75,0.08,0.02
SGBFEB27,GB,14515,0.9,301.02,0,0.02
BANARBEADS,EQ,108,2.15,71.67,0.02,0.02
HRHNEXT,SM,26.25,1.16,34.66,0.09,0.02
DELTAMAGNT,EQ,56.24,2.37,61.03,0.04,0.02
RHL,EQ,181.3,5.03,313.5,0.01,0.02
ARMOUR,SM,21.3,8.95,35.93,0.1,0.02
985ECL28,NK,1036,0.29,281.93,0,0.02
AXISCETF,EQ,113,3.04,12.48,0.02,0.02
NAGREEKCAP,EQ,23,6.48,29.02,0.09,0.02
AUROIMPEX,SM,32.1,7.9,39.16,0.06,0.02
SAROJA,SM,32.35,4.86,13.01,0.06,0.02
79NHIT35,N1,316.98,0.35,475.47,0.01,0.02
925SCL28B,YC,1019.88,0.82,8.92,0,0.02
925SCL29A,ZM,985,1.71,16.25,0,0.02
SRGHFL,EQ,266,1.37,417.67,0.01,0.02
ATLPP,E1,8.51,6.24,33.87,0.24,0.02
116VCCL26A,N0,99014.91,0.07,14.85,0,0.02
HEADSUP,EQ,7.02,0.29,15.5,0.28,0.02
925ISF28,N0,9800,3.98,171.5,0,0.02
PURVFLEXI,SM,47.85,10,100.4,0.04,0.02
FORGEAUTO,SM,83.15,4.99,90.8,0.02,0.02
GROWWLOVOL,EQ,10.07,2.55,4.09,0.19,0.02
OWAIS,SM,123.35,4.98,224.28,0.01,0.02
DEEM,SM,38.85,13.6,32.39,0.05,0.02
1060ECL29,NS,1050,0.91,205.02,0,0.02
KHANDSE,EQ,15,4.31,22.88,0.12,0.02
SPCENET,EQ,3.61,4.94,204.95,0.5,0.02
GLOBALE,EQ,10.89,1.87,11.57,0.17,0.02
MEDISTEP,ST,19.4,2.37,27.57,0.09,0.02
KALANA,ST,22.1,4.99,28.82,0.08,0.02
KHFM,SM,58.25,6.1,134.62,0.03,0.02
AGARWALFT,SM,29.4,5,21.3,0.06,0.02
MACOBSTECH,SM,216.5,7.98,212.07,0.01,0.02
TAINWALCHM,EQ,184.39,2.93,172.66,0.01,0.02
LOYALTEX,BE,197.45,2.31,95.1,0.01,0.02
INCREDIBLE,EQ,33.55,2.01,156.89,0.05,0.02
PULZ,SM,27,2.47,58.88,0.06,0.02
JAYESH,SM,160,0.25,139.06,0.01,0.02
ORIENTLTD,EQ,59.21,0.73,59.21,0.03,0.02
WILLAMAGOR,EQ,26.45,5,28.98,0.06,0.02
HDFCLOWVOL,EQ,19.92,3.11,33.61,0.08,0.02
SIMBHALS,BZ,8.06,2.41,33.27,0.19,0.02
BAFNAPH,EQ,124,8.58,293.34,0.01,0.02
PLADAINFO,SM,10.55,4.98,9.05,0.15,0.02
TRU,EQ,5.89,4.99,70.01,0.26,0.02
LAMOSAIC,SM,25,1.83,25.85,0.06,0.02
NRVANDANA,SM,50.5,6.32,117.64,0.03,0.02
CELEBRITY,EQ,7.3,4.73,43.57,0.21,0.02
764NABAR31,N2,1099,0.73,1932.85,0,0.02
PALREDTEC,EQ,31.68,4.97,38.75,0.05,0.01
EASTSILK,BE,66,4.04,33,0.02,0.01
NIRMAN,ST,49.2,4.9,39.41,0.03,0.01
935LTF29,N5,1070,1.71,118.68,0,0.01
AGSTRA,BZ,3.01,4.88,38.66,0.48,0.01
VELS,SM,60.25,4.97,77.77,0.02,0.01
NMSTEEL,SM,22.5,7.66,38.9,0.06,0.01
GOLDSTAR,ST,6.4,4.92,183.17,0.23,0.01
10IIFL28,N4,1034.36,0.23,240.72,0,0.01
TSC,SM,36.8,17.76,51.7,0.04,0.01
GML,ST,17.75,4.72,26.93,0.08,0.01
PARAMOUNT,SM,39.25,5.37,27.25,0.04,0.01
CEDAAR,SM,23.15,4.99,32.13,0.06,0.01
AUSOMENT,BE,101.11,1.55,137.75,0.01,0.01
105IIFL29,N7,1098,7.65,16.96,0,0.01
ARISTO,SM,85.7,4.83,58.34,0.02,0.01
BMETRICS,SM,42.95,2.26,52.89,0.03,0.01
CREATIVEYE,EQ,6.39,0.79,12.82,0.21,0.01
SAMAY,SM,33.8,4.97,51.88,0.04,0.01
RADAAN,EQ,3.22,6.27,17.44,0.42,0.01
UNILEX,SM,26.65,0.19,36.29,0.05,0.01
KAUSHALYA,EQ,855,6.31,29.61,0,0.01
LICNETFSEN,EQ,869,3.57,716.76,0,0.01
LICNFNHGP,EQ,268.25,3.42,718.79,0,0.01
REXPRO,SM,43.05,5,48.24,0.03,0.01
CEREBRAINT,BZ,4.69,4.92,56.84,0.27,0.01
ANKITMETAL,BZ,1.55,4.73,21.87,0.83,0.01
746GS2073,GS,101.4,1.4,118638,0.01,0.01
LASA,EQ,7.21,4.95,36.12,0.17,0.01
SHRITECH,SM,62,6.44,154.69,0.02,0.01
ADL,EQ,65,2.49,36.18,0.02,0.01
MADHAV,EQ,34.99,7.6,31.31,0.04,0.01
LAXMICOT,BE,13.77,3.85,23.61,0.09,0.01
GUJRAFFIA,EQ,39.4,2.5,21.29,0.03,0.01
364D160426,TB,99.75,0.5,5433.88,0.01,0.01
SIGNORIA,SM,59.75,4.92,28.43,0.02,0.01
0MOFSL26,N1,1170,0.09,29.28,0,0.01
ENFUSE,SM,193,2.06,170.76,0.01,0.01
VERITAAS,SM,47.8,0.1,13.49,0.02,0.01
TIRUPATI,SM,454.9,2.97,460.82,0,0.01
762NTPC35F,ND,1195,0.14,198.06,0,0.01
YUDIZ,ST,28,4.87,28.89,0.04,0.01
KEEPLEARN,EQ,2.02,4.66,31.45,0.55,0.01
GSEC5IETF,EQ,64.24,0.52,20.49,0.02,0.01
ZENITHEXPO,EQ,200,6.14,107.92,0.01,0.01
JFLLIFE,SM,9.25,3.93,30.52,0.12,0.01
MOSERVICE,EQ,30.93,4.21,5.34,0.04,0.01
AISL,SM,59.15,4.97,69.13,0.02,0.01
898LTF29,N7,1064,0.66,108.26,0,0.01
MCON,SM,52.75,4.98,38.66,0.02,0.01
DKEGL,SM,70,11.11,52.56,0.01,0.01
KKVAPOW,SM,614,4.96,38.29,0,0.01
VITAL,EQ,54.78,4.98,131.2,0.02,0.01
TREEHOUSE,BE,8,3.63,33.85,0.13,0.01
SECMARK,EQ,110,0.1,114.92,0.01,0.01
TECHLABS,SM,202.55,4.98,350.03,0.01,0.01
SEMAC,EQ,265,9.58,82.61,0,0.01
PCCL,SM,251.5,1.37,621.21,0,0.01
MICROPRO,SM,20.8,10.05,29.74,0.05,0.01
1050NFL26,N7,1000,0.1,67.5,0,0.01
MOS,SM,12.25,4.7,315.36,0.08,0.01
DIVYADHAN,SM,24.4,4.95,34.91,0.04,0.01
NEWJAISA,SM,21.65,4.84,77.45,0.04,0.01
JIWANRAM,SM,5.45,2.83,13.49,0.18,0.01
FLFL,BZ,1.26,5,25.42,0.8,0.01
GROBTEA,EQ,865,0.78,100.54,0,0.01
AGNI,SM,19.05,4.96,37.21,0.05,0.01
RSSOFTWARE,EQ,27.96,4.99,72.22,0.03,0.01
SAGARDEEP,EQ,23.15,1.36,39.49,0.04,0.01
MONOPHARMA,SM,12.05,4.78,21.29,0.08,0.01
AKG,EQ,10.79,2.37,34.29,0.09,0.01
GRCL,SM,376.05,5,215.78,0,0.01
SYLVANPLY,SM,47,2.17,91.06,0.02,0.01
795GS2032,GS,107.49,2.37,102115.5,0.01,0.01
TRIDHYA,SM,7.65,4.79,17.82,0.12,0.01
TAPIFRUIT,SM,60,1.69,25.8,0.01,0.01
QUICKTOUCH,SM,28.75,4.55,36.85,0.03,0.01
INSPIRE,SM,8.55,2.4,11.64,0.1,0.01
SHIVAMILLS,EQ,49.95,2.29,43.17,0.02,0.01
SHIGAN,ST,55.65,5,113.12,0.01,0.01
KONTOR,SM,70.9,2.38,43.82,0.01,0.01
AATMAJ,SM,20.15,6.9,45.54,0.04,0.01
DIRL,SM,12.95,4.86,12.35,0.06,0.01
BLUECOAST,EQ,21.87,3.36,37.6,0.04,0.01
ASPIRE,SM,12.65,4.98,19.2,0.06,0.01
SFLZC26A,ZC,1845,1.37,26.25,0,0.01
DAMODARIND,EQ,24,5.68,55.92,0.03,0.01
BILVYAPAR,BE,5.89,4.99,18.47,0.12,0.01
889SCL26,NS,1025.2,0.23,14.67,0,0.01
SONUINFRA,SM,46.8,4.93,55.06,0.01,0.01
ARENTERP,EQ,37.5,5.99,11.66,0.02,0.01
IL&FSTRANS,BZ,2.02,4.66,66.45,0.34,0.01
NIRAJISPAT,BE,192,4.63,11.52,0,0.01
IIFLZC28A,NU,1275,0.39,48.27,0,0.01
9MMFSML,N2,1072,0.27,0,0,0.01
ACCORD,SM,31.55,4.99,10.95,0.02,0.01
YCCL,SM,10.35,3.5,19.98,0.06,0.01
FEL,BZ,0.41,2.5,18.65,1.51,0.01
VISHWAS,SM,38.3,3.93,38.3,0.02,0.01
SITINET,BZ,0.32,3.23,27.91,1.95,0.01
TEAMGTY,EQ,272.5,3.79,245.06,0,0.01
ESENSEX,EQ,77.79,4.5,14.62,0.01,0.01
BULKCORP,SM,47.65,4.96,35.8,0.01,0.01
1225IFL28,N0,8101.1,15.8,12.96,0,0.01
RAJRILTD,BE,21.11,1.98,1173.89,0.03,0.01
KRIDHANINF,EQ,2.36,4.89,22.37,0.23,0.01
862AEL31,NM,1009,0.09,51.42,0,0.01
865LTF26,NN,1028,0.53,409.33,0,0.01
737NTPC35C,NA,1238,11.03,226.03,0,0
TIJARIA,BE,4.5,4.9,12.88,0.11,0
MOMNC,EQ,29.55,3.39,2.22,0.02,0
PREMIER,BE,3.1,3.68,9.42,0.16,0
1003SCFL31,Z4,1048,4.96,2.55,0,0
NIDAN,SM,15.5,4.03,21.55,0.03,0
USASEEDS,SM,104.8,4.96,105.7,0,0
AHLWEST,BE,158.59,5,184.78,0,0
83GS2042,GS,112.8,0.71,117909.21,0,0
1003ISFL28,N4,1007.5,0.55,80.99,0,0
THESL,SM,13.5,4.65,16.86,0.03,0
BABAFP,SM,25.1,0.2,40.98,0.02,0
HOMESFY,SM,127.75,4.97,41.21,0,0
AUSL,SM,18.6,4.79,46.19,0.02,0
PANSARI,EQ,281.45,4.45,491.04,0,0
ANSALAPI,BZ,3.19,1.92,50.21,0.11,0
FELDVR,BZ,2.81,4.46,11.06,0.12,0
MASKINVEST,EQ,125.4,0.32,38.27,0,0
COMPINFO,BZ,1.1,4.76,9.43,0.31,0
74GS2062,GS,100,0.1,156000,0,0
OMKARCHEM,BZ,4.19,4.75,8.62,0.08,0
MTEDUCARE,BE,1.42,1.43,10.26,0.23,0
SGBDEC26,GB,15000,5.66,311.83,0,0
91D230426,TB,99.66,0.14,12696.68,0,0
91D110626,TB,98.7,0.05,15298.5,0,0
AMBICAAGAR,EQ,23.35,1.57,40.11,0.01,0
SGBJAN27,GB,14505,0.81,353.35,0,0
730PFCL41,NC,935.57,0.58,20.42,0,0
SHIVAUM,BE,344.4,5,468.4,0,0
21STCENMGM,EQ,29.17,1.99,30.63,0.01,0
SHUBHLAXMI,SM,26.2,4.8,27.78,0.01,0
MEP,BZ,0.85,1.19,15.59,0.3,0
891NTPC33,N6,1236.25,0.1,494.46,0,0
ICDSLTD,BE,43.12,0.42,56.17,0.01,0
MSCIADD,EQ,28.61,4,3.23,0.01,0
WINNY,SM,42.85,4.9,9.3,0.01,0
76TN31,SG,100.4,4.54,1004,0,0
12AFIL27A,N0,9892.98,0.95,29.68,0,0
MORARJEE,BZ,6.77,4.96,24.6,0.03,0
ABMINTLLTD,BE,44.54,1.97,41.9,0,0
715AS35,SG,97.04,2.15,485.2,0,0
BALCO,SM,16.15,4.87,7.05,0.01,0
EUROTEXIND,EQ,13.45,5,11.77,0.01,0
SGBSEP27,GB,14501.01,1.42,910.51,0,0
IIFL60326,YB,1009,12.11,26.35,0,0
IMPEXFERRO,BZ,1.55,4.73,13.63,0.08,0
LAKPRE,BZ,5.4,3.65,5.91,0.02,0
764IRFC31,NO,1116.11,0.01,1332.98,0,0
723GS2039,GS,104.6,4.58,122382,0,0
7PFCL31,N3,1000,0.5,20.52,0,0
91D070526,TB,99.41,0.21,11372.66,0,0
865IIFL31,Y6,990.15,0.02,79.5,0,0
837IIFL28,Y4,966,0.08,85.56,0,0
713HR36,SG,94.76,5,947.6,0,0
GTECJAINX,EQ,19.45,1.35,19.82,0,0
IIFL060326,YA,975,2.74,19.98,0,0
81TCHF28,N8,1008.71,0.27,38.61,0,0
AEL1212026,NO,995,0.51,33.13,0,0
GLFL,BE,4.1,2.5,11.12,0.01,0
751HUDCO28,N5,1048,1.15,1335.4,0,0
SETUINFRA,BZ,0.43,4.88,5.4,0.08,0
957ISFL26,N2,985.5,0.36,33.55,0,0
985SFIL28,NO,455,13.75,4.99,0,0
WINSOME,BZ,1.67,1.83,11.81,0.02,0
753IRFC30,NJ,1111.01,0.13,1193.47,0,0
736GS2052,GS,101,3.91,151500,0,0
797IGT31,NL,1040,1.76,42.87,0,0
84TCHF28,NA,1040,1.68,94.19,0,0
CLCIND,BE,21.44,5,22.29,0,0
FICRF3GP,MF,221,4.74,52711.51,0,0
762GS2039,GS,103.17,0.01,35136.3,0,0
601GS2030,GS,97.7,0.21,96723,0,0