Symbol ,Series ,LTP ,%chng ,Mkt Cap (₹ Crores),Volume (Lakhs),Value (₹ Crores)
SILVERBEES,EQ,247.9,12.71,34788.34,2591.2,6297.91
HDFCBANK,EQ,947.65,2.11,1458251.88,503.37,4804.36
RELIANCE,EQ,1438,3.42,1945969.56,254.56,3680.2
ICICIBANK,EQ,1388,2.6,992851.75,248.97,3465
HINDCOPPER,EQ,614.9,0.71,59462.31,456.72,2839.81
GOLDBEES,EQ,125.3,5.59,54464.35,2196.26,2729.95
WAAREEENER,EQ,3110,11.27,89456.32,86.25,2684.51
MCX,EQ,2441,5.13,62243.51,102.1,2508.81
ETERNAL,EQ,278.5,2.15,268762.27,753.12,2154.07
M&M,EQ,3530,1.93,438965.68,54.92,1954.93
TATSILV,EQ,25.21,12.8,5104.15,7642.59,1900.71
BSE,EQ,2852,5.57,116328.54,66.12,1880.97
ADANIPORTS,EQ,1532,9.19,352966.53,119.77,1812.95
DIXON,EQ,11033,6.71,66954.58,15.85,1744.24
SBIN,EQ,1062.1,3.25,980383.89,161.29,1711.1
HINDZINC,EQ,627,2.77,264927.5,269.9,1672.96
ADANIENT,EQ,2206.5,10.58,285230.38,69.19,1523.45
LT,EQ,4038,2.98,555459.56,37.42,1519.82
KOTAKBANK,EQ,415.8,1.86,413568.14,353.97,1480.23
POWERGRID,EQ,283.05,4.68,263253.59,526.51,1477.71
INFY,EQ,1654.7,1.55,670927.04,88.06,1473.9
BAJFINANCE,EQ,964,6.67,599814.48,152.61,1463.38
SUNPHARMA,EQ,1702.1,4.56,408381.18,85.21,1446.3
SILVERIETF,EQ,257,9.98,17203.31,569.87,1439.59
INDIGO,EQ,4948,5.57,191285.28,29.15,1432.72
VEDL,EQ,676,2.32,264342.23,211.24,1418.66
TCS,EQ,3220,1.59,1165024.18,43.66,1410.79
AXISBANK,EQ,1354.4,3.27,420603.39,103.85,1410.76
BHARTIARTL,EQ,1995,1.51,1137570.01,69.16,1382.15
IDEA,EQ,11.42,5.64,123727.75,11887.18,1334.93
JIOFIN,EQ,264,8.15,167722.94,402.23,1056.51
ITC,EQ,316.95,0.71,397194.52,331.68,1047.69
NATIONALUM,EQ,371.5,0.49,68230.87,272.22,1008.77
ADANIGREEN,EQ,932,10.43,152977.91,108.27,1006.28
SHRIRAMFIN,EQ,1000,3.94,188148.84,98.81,997.14
HINDALCO,EQ,954.4,2.57,214475.3,100.99,967.8
CGPOWER,EQ,659.9,8.47,103927.16,145.24,961.39
MARUTI,EQ,14768,2.67,464309.72,6.39,944.91
APARINDS,EQ,9794,19.99,39340.85,9.74,933.71
INDUSINDBK,EQ,923,1.4,71908.71,96.08,902.14
BHARATFORG,EQ,1539.5,6.64,73590.97,57.56,898.76
SONACOMS,EQ,529.4,5.99,32913.91,157.51,836.78
HDFCSILVER,EQ,249.5,15.93,8346.8,329.62,797.77
ADANIPOWER,EQ,144.5,7.36,278663.84,549.48,794.76
PCBL,EQ,299,11.75,11764.53,256.19,785.04
GROWW,EQ,172.9,5.32,106741.49,445.67,765.53
SWIGGY,EQ,317,3.46,87501.94,230.84,738.01
ANGELONE,EQ,2590,7.86,23531.57,28.16,731.11
CDSL,EQ,1342.1,8.48,28049.89,54.1,724.82
KAYNES,EQ,3548.5,2.23,23787.25,19.66,713.92
HDFCAMC,EQ,2670,3.88,114318.19,25.76,696.88
TMCV,EQ,458.75,3.43,168926.95,149.19,690.22
POLYCAB,EQ,7504,6.64,112970.56,9.16,687.9
HAL,EQ,4467,2.96,298741.79,14.51,649.33
WIPRO,EQ,242.56,0.11,254377.49,259.15,637.42
GODREJPROP,EQ,1697.9,8.83,51141.83,37.64,636.39
TMPV,EQ,372.5,2.65,137176.08,167.2,622.9
AARTIIND,EQ,426.5,14.34,15464.65,144.9,615.97
CANBK,EQ,147.4,0.63,133701.4,405.11,603
COALINDIA,EQ,430.5,1.65,265305.45,139.56,593.78
BALKRISIND,EQ,2551.1,11.22,49317.15,23.2,591.98
AVANTIFEED,EQ,960,20,13079.58,61.93,584
TATAGOLD,EQ,14.65,3.31,5307.96,3835.52,559.99
UPL,EQ,739.9,5.92,62452.36,75.13,555.76
BAJAJ-AUTO,EQ,9610,1.2,268597.42,5.73,553.69
TATASTEEL,EQ,193.22,2.5,241206.71,284.68,550.4
HCLTECH,EQ,1692.2,0.92,459206.41,32.01,548.23
ASIANPAINT,EQ,2424.1,0.92,232519.14,22.34,542.35
GAIL,EQ,163.07,1.67,107220.15,326.79,532.71
PREMIERENE,EQ,790.5,7.67,35809.2,64.86,516.72
CHOLAFIN,EQ,1696.4,6.4,143179.07,29.73,505.74
PAYTM,EQ,1191.3,1.7,76210.81,41.26,500.95
GVT&D,EQ,3460,5.15,88592.1,14.41,499.44
ANANTRAJ,EQ,562.9,0.84,20257.47,87.18,498.75
EICHERMOT,EQ,7205,3.14,197632.6,6.9,495.59
ATHERENERG,EQ,679.65,12.05,25951.83,73.9,494.88
SAIL,EQ,153.84,3.48,63544,320.31,490.85
ADANIENSOL,EQ,971.15,9.78,116662.56,50.85,489.77
ONGC,EQ,256.75,1.1,322998.67,192.13,487.83
NIFTYBEES,EQ,291.1,2.52,57588.79,165.88,483.85
SILVER,EQ,258.25,12.87,3668.3,190.19,481.39
INDUSTOWER,EQ,439.95,1.89,116065.97,108.39,475.73
WELSPUNLIV,EQ,146.94,20,14093.79,325.8,474.86
SOLARINDS,EQ,13975,5.88,126459.85,3.48,474.6
BPCL,EQ,372.3,1.53,161519.86,124.11,456.49
MAXHEALTH,EQ,1006.05,5,97888.81,45.28,451.57
KPRMILL,EQ,990,15.25,33839.59,44.46,448.57
MUTHOOTFIN,EQ,3644.9,3.11,146331.24,12.19,442.6
BANKBARODA,EQ,286,3.03,147900.96,155.01,441.81
AMBER,EQ,6165,2.77,21683.56,6.94,434.58
MOTHERSON,EQ,121.4,6.41,128125.73,352.89,428.2
TITAN,EQ,4080.3,3.22,362243.39,10.43,425.7
POWERINDIA,EQ,19715,3.88,87874.41,2.15,425.38
KEI,EQ,4365,6.99,41729.66,9.7,425.09
NTPC,EQ,358.1,2.21,347237.61,115.6,413.51
PFC,EQ,392.5,1.78,129528.99,101.72,398.24
RECLTD,EQ,372.3,2.53,98034.93,104.42,388.41
SUZLON,EQ,49.26,4.83,67549.43,785.17,385.36
ULTRACEMCO,EQ,12610,0.6,371590.43,2.97,376.51
DLF,EQ,649.55,3.71,160784.09,57.23,375.88
LIQUIDCASE,EQ,112.6,0.04,8220.71,333.84,375.83
ABB,EQ,5665,3.6,120046.09,6.47,368.51
HINDUNILVR,EQ,2369.5,0.52,556735.65,15.53,368.07
CIPLA,EQ,1323.4,0.9,106900.52,27.12,360.66
GOLDIETF,EQ,129.6,4.31,23506.97,274.6,354.29
GRASIM,EQ,2808.1,1.21,191097.49,12.33,348.17
AUROPHARMA,EQ,1222.1,4.36,70979.77,28.27,348.06
NETWEB,EQ,3204.9,0.34,18157,10.56,342.32
HEROMOTOCO,EQ,5765,2.53,115347.05,5.93,339.94
NAM-INDIA,EQ,929.9,7.82,59243.16,35.56,335.51
TVSMOTOR,EQ,3725,2.17,176969.95,8.96,334.03
ASHOKLEY,EQ,200,2.88,117477.09,165.48,329.16
MRPL,EQ,178.46,0.56,31276.88,184.58,327.28
SYRMA,EQ,818,6.32,15773.53,39.34,322.06
ICICIAMC,EQ,3062.9,4.47,151386.44,10.19,314.26
SBISILVER,EQ,252.5,13.97,6611.49,126.09,311.45
APOLLOHOSP,EQ,7065,1.9,101583.86,4.38,310.6
BANKINDIA,EQ,157.9,4.11,71886.63,195.7,308.38
RVNL,EQ,324.25,0.45,67606.78,91.01,297.16
IDFCFIRSTB,EQ,84.8,4.42,72908.87,349.75,295.58
LODHA,EQ,1034.1,7.56,103287.84,28.69,294.19
CUMMINSIND,EQ,4189,2.36,116119.08,6.89,290.57
HDFCGOLD,EQ,129.5,6.51,21904.44,226.23,289.96
TRENT,EQ,3821,2.69,135831.76,7.44,284.1
HDFCLIFE,EQ,720,0.35,155348.34,39.12,283.83
DIVISLAB,EQ,6194,4.06,164431.24,4.54,283.32
SETFGOLD,EQ,128.8,3.25,22734.07,218.56,279.93
ABCAPITAL,EQ,346.9,4.16,90800.64,79.98,277.43
SILVERCASE,EQ,26.3,10.69,1294.21,1063.69,276.13
NAVINFLUOR,EQ,6300,6.76,32271.99,4.37,275.86
LUPIN,EQ,2182,2.47,99673.5,12.53,274.18
BAJAJFINSV,EQ,2011.1,4.2,321336.22,13.59,273.9
APLAPOLLO,EQ,2134,2.63,59247.53,12.73,270.93
DELHIVERY,EQ,444.05,0.94,33227.94,59.38,266.12
NAUKRI,EQ,1247,0.78,80858.05,20.93,264.8
JSWSTEEL,EQ,1230.7,2.63,300962.02,20.93,257.85
FEDERALBNK,EQ,285.5,1.49,70284.95,88.33,252.79
KALYANKJIL,EQ,383,4.79,39550.98,64.82,249.25
MOBIKWIK,EQ,237.87,20,1871.05,108.27,246.7
IOC,EQ,167.09,1.51,235951.77,145.86,243.07
PFOCUS,EQ,255.1,8.21,19795.52,96.15,240.76
SRF,EQ,2916.4,4.1,86449.34,8.12,240.47
MAZDOCK,EQ,2455,1.14,99029.79,9.73,240.42
STLTECH,EQ,124.37,12.73,6070.55,189.08,236.14
HYUNDAI,EQ,2200.5,0.12,178799.67,10.66,234.42
TDPOWERSYS,EQ,813,8.45,12700.27,28.51,229.98
MTARTECH,EQ,3234.6,6.64,9949.5,7.2,229.13
PERSISTENT,EQ,6272,3.12,98940.8,3.53,222.65
HFCL,EQ,68.75,3.43,10522.89,323.32,222.47
MARICO,EQ,729.55,0.99,94701.99,29.83,218.49
COFORGE,EQ,1715,2.81,57579.49,12.6,216.98
BHEL,EQ,267.4,3.54,93110.37,80.88,215.41
RADICO,EQ,2770,0.61,37088.5,7.76,214.21
RBLBANK,EQ,304.95,2.69,18820.19,70.44,214.2
AUBANK,EQ,982.5,1.79,73432.39,21,207.21
ICICIGI,EQ,1855,1.55,92398.88,10.96,204.08
PIDILITIND,EQ,1429.6,1.25,145492.4,14.18,202.51
SBIETFPB,EQ,291.46,1.55,251.09,68.16,201.42
IRFC,EQ,115.15,0.19,150483.85,171.42,199.29
VTL,EQ,510.1,11.56,14753.99,38.89,198.82
PNB,EQ,123.85,1.5,142340.1,159.63,198.18
YESBANK,EQ,21.31,0.57,66869.32,926.31,198.05
LGEINDIA,EQ,1500,4.56,101815.86,13.21,197.95
CUPID,EQ,415.65,1.8,11158.84,47.17,196.67
SAGILITY,EQ,49.61,1.7,23224.07,388.14,195.12
PNBHOUSING,EQ,820.9,2.05,21385.15,23.56,194.39
UNIONBANK,EQ,174.6,2.03,133282.75,110.79,192.95
APEX,EQ,352.3,19.99,1100.94,55.31,190.04
LAURUSLABS,EQ,979.5,2.68,52878.95,19.22,188.62
TORNTPHARM,EQ,4045,1.45,136897.3,4.65,187.7
DRREDDY,EQ,1228.9,3.92,102565.14,15.21,187.68
SUPREMEIND,EQ,3684,2.31,46796.7,5.11,187.1
TIINDIA,EQ,2497.5,7.85,48329.04,7.47,186.1
TARIL,EQ,246.8,7.5,7408.09,74.7,184.59
LICI,EQ,837,4.34,529402.31,22.07,184.53
BELRISE,EQ,180.99,7.41,16105.92,103.63,184.07
NYKAA,EQ,244.39,2.85,69961.21,73.9,181.95
HDBFS,EQ,714,1.31,59281.71,25.2,181.55
BIOCON,EQ,372,0.5,60297.77,48.4,181.51
CUB,EQ,297.1,4.08,22047.74,59.27,178.75
SIEMENS,EQ,3215,4.05,114492.74,5.55,178.62
BANDHANBNK,EQ,155.07,4.38,24981.33,115.65,178.04
GMDCLTD,EQ,589.2,2.2,18736.56,29.55,174.69
MPHASIS,EQ,2820,2.12,53737.32,6.14,174.27
FORTIS,EQ,864.9,3.22,65296.33,19.96,172.12
MANKIND,EQ,2162.5,4.78,89269.1,7.79,168.49
AMBUJACEM,EQ,528,3.43,130512.28,31.49,166.35
DATAPATTNS,EQ,2603,1.78,14572.63,6.29,164.11
PIIND,EQ,3180,2.87,48246.36,4.95,160.41
JSWENERGY,EQ,458.05,1.45,80056.53,34.52,158.63
SOUTHBANK,EQ,39.24,4.53,10269.71,409.75,158.61
OIL,EQ,485.35,0.42,78947.41,32.7,158.26
MANAPPURAM,EQ,290.25,3.88,24567.77,54.81,158.13
AXISILVER,EQ,256.95,10.8,2035.73,63.01,157.61
JINDALSTEL,EQ,1152,2.39,117514.15,13.61,156.61
DMART,EQ,3778.8,2.85,245899.01,4.12,155.26
SILVERBETA,EQ,250.9,14.82,1678.1,63.25,154.84
GOLD1,EQ,126,5.81,12998.12,123.59,154.04
LTF,EQ,284.9,2.65,71309.81,53.55,153.3
ESCORTS,EQ,3623,3.48,40533.31,4.21,151.7
TRIDENT,EQ,28.73,11.4,14640.68,525.64,151.7
LTFOODS,EQ,411.5,14.18,14289.46,36.86,150.38
ELGIEQUIP,EQ,491.1,13.26,15563.4,30.99,150.34
ENRIN,EQ,2555,4.76,90988.79,5.77,145.69
GMRAIRPORT,EQ,95.25,1.32,100574.25,152.39,145.5
TATACONSUM,EQ,1155.4,2.67,114287.2,12.54,144.63
PRESTIGE,EQ,1543,4.03,66461.67,9.29,144.25
IIFL,EQ,508,2.6,21601.58,28.68,144.02
ARVIND,EQ,359.8,10.23,9430.88,39.23,143.07
HAVELLS,EQ,1316,2.93,82547,10.8,142.67
MAHABANK,EQ,63.61,3.68,48925.89,224.01,142.56
NHPC,EQ,78.65,1.11,79004.2,180.78,141.97
360ONE,EQ,1167,5.09,47325.58,12.09,140.57
SHREECEM,EQ,27200,1.49,98139.63,0.52,140.31
PAGEIND,EQ,34045,3.91,37973.36,0.41,139.59
WELCORP,EQ,809,7.15,21340.66,17.26,139.43
KARURVYSYA,EQ,303.5,2.62,29333.09,45.7,139.42
TATAPOWER,EQ,364.95,1.71,116613.92,37.57,137.7
TRITURBINE,EQ,549,8.67,17452.19,25.07,136.97
PGIL,EQ,1780,11.24,8202.94,7.48,135.87
SHREEJISPG,EQ,377.25,8.56,6146.09,36.99,135.76
PHOENIXLTD,EQ,1675.3,2.68,59908.44,7.99,134.59
BLACKBUCK,EQ,603.8,9.72,10945.8,22.05,133.85
ACUTAAS,EQ,1960,1.18,16046.74,6.71,132.17
CAMS,EQ,726.6,4.71,18011.56,18,131.03
PETRONET,EQ,297.5,2.52,44625,44.46,130.75
RPOWER,EQ,28.09,4.74,11617.38,465.14,129.77
NAZARA,EQ,284.9,1.64,10554.55,44.81,128.77
FLUOROCHEM,EQ,3254,7.18,35745.19,3.89,126.81
MOTILALOFS,EQ,791.05,6.14,47552.48,16.08,126.48
OBEROIRLTY,EQ,1530,3.8,55631.14,8.11,124.32
INDIANB,EQ,867.55,3.92,116855.86,14.12,122.86
SILVER1,EQ,251.9,14.45,2743.99,50.24,122.5
CONCOR,EQ,528,3.97,40213.43,23.18,122.07
VOLTAS,EQ,1368.6,3.15,45284.89,8.86,120.73
LATENTVIEW,EQ,467,2.14,9663.4,25.49,119.89
KTKBANK,EQ,193.9,8.08,7332.44,62.4,118.7
RAIN,EQ,162,3.82,5448.8,73.6,117.99
LICHSGFIN,EQ,510.35,2.82,28072.47,22.91,116.43
BAJAJHFL,EQ,90.9,1.34,75740.92,126.81,116.39
IDBI,EQ,102.3,2.68,109997.07,111.65,113.74
THERMAX,EQ,2933,3.65,34948.54,3.78,112.39
BLS,EQ,257.1,1.14,10585.86,42.05,111.72
HBLENGINE,EQ,794,2.91,22009.28,14.14,111.54
TATAELXSI,EQ,5501,1.12,34248.09,2.02,111.35
INDHOTEL,EQ,679.6,2.36,96736.45,16.25,111.1
UNOMINDA,EQ,1211,2.78,69880.8,8.99,109.79
SAMMAANCAP,EQ,147.15,0.29,12193.78,73.65,109.35
BOSCHLTD,EQ,37750,3.13,111338.49,0.29,108.3
COLPAL,EQ,2138,0.5,58150.53,5.06,107.8
NBCC,EQ,100.4,3.55,27108,106.62,106.97
ABLBL,EQ,112.6,7.6,13742.88,89.75,105.83
CROMPTON,EQ,232.5,3.15,14971.02,45.11,105.79
GLENMARK,EQ,1957.5,1.93,55240.81,5.36,105.27
IREDA,EQ,129.5,1.62,36379.54,80.32,105.17
GROWWSLVR,EQ,257.16,15.57,386.75,41.88,104.46
ABREL,EQ,1250,4.57,13961.96,8.42,104.26
LTIM,EQ,6029.5,0.73,178768.19,1.69,103.66
RKFORGE,EQ,562.2,10.12,10177.54,18.06,100.74
ALKEM,EQ,5695,3.14,68092.27,1.76,100.15
HUDCO,EQ,191.4,1.92,38316.37,52.12,99.94
UNITDSPR,EQ,1365,1.37,99283.39,7.27,99.02
EXIDEIND,EQ,327.6,1.99,27846,30.03,98.64
SBICARD,EQ,758.2,3.04,72148.6,13,98.24
IEX,EQ,126.1,2.84,11244.25,77.86,97.93
PATANJALI,EQ,505.6,1.91,55000.6,19.39,97.83
HSCL,EQ,461.95,0.33,23305.14,20.86,97.05
UJJIVANSFB,EQ,64,3.58,12409.34,150.82,96.15
MFSL,EQ,1670.5,1.76,57651.42,5.71,95.67
SYNGENE,EQ,476.4,1.85,19196.03,19.91,95.33
LENSKART,EQ,459,3.34,79630.54,20.54,95.11
ZYDUSLIFE,EQ,903.4,2.7,90903.18,10.5,94.9
RELINFRA,BE,126.95,4.93,5187.57,79.53,94.87
GOLDCASE,EQ,23.78,4.53,2089.92,399.95,94.59
INOXWIND,EQ,105.95,1.46,18310.68,87.93,94.41
DABUR,EQ,500.4,0.28,88755.46,18.61,93.05
JYOTICNC,EQ,825.2,7.68,18766.95,11.22,92.62
BANKBEES,EQ,619.73,2.52,7938.69,14.85,92.16
JKTYRE,EQ,534,1.81,14632.67,17.16,92.16
AIRTELPP,E1,1594.2,2.27,62538.5,5.79,92.07
TATACAP,EQ,346,4.56,146872.47,26.77,92.07
BAJAJHLDNG,EQ,10940,2.62,121755.1,0.84,91.54
AWL,EQ,215,1.11,27943.09,42.38,91.12
ANURAS,EQ,1245,1.28,14174.11,7.26,90.45
ATGL,EQ,542.5,4.52,59664.7,16.49,90.25
GESHIP,EQ,1227,0.87,17517.53,7.31,89.79
TRANSRAILL,EQ,542.6,9.23,7284.73,16.58,89.05
SANSERA,EQ,1847,5.91,11492.82,4.78,88.37
EMMVEE,EQ,205,5.81,14193.07,42.2,87.67
FORCEMOT,EQ,19950,3.87,26000.66,0.44,87.22
DALBHARAT,EQ,2105.7,2.05,39495.76,4.1,86.23
GOLDIAM,EQ,357.7,19.99,4039.07,24.03,85.38
WOCKPHARMA,EQ,1349,2.52,21919.3,6.26,85.35
JINDALSAW,EQ,187.63,6.05,11999.09,45.48,84.83
TIMKEN,EQ,3255,7.47,24483.7,2.6,84.77
KEC,EQ,617,0.18,16424.54,13.41,83.83
JKCEMENT,EQ,5620,2.52,43424.76,1.5,83.73
IRCTC,EQ,614.3,0.66,49144,13.57,83.61
INTERARCH,EQ,2240,6.9,3756.9,3.76,83.3
JUBLFOOD,EQ,505.25,1.77,33338.68,16.06,81.85
FIVESTAR,EQ,448.7,1.87,13216.2,18.02,81.61
IFCI,EQ,56.74,1.07,15287.54,143.23,81.48
LIQUIDADD,EQ,1111.94,0.01,1837.41,7.28,80.94
MRF,EQ,135375,1.2,57414.47,0.06,80.76
GOLDETF,EQ,147,4.59,3071.75,55.06,80.35
KFINTECH,EQ,1028.1,2.81,17730.86,7.53,78.14
POCL,EQ,1313,10.08,4006.13,6.04,77.99
HEXT,EQ,714.5,1.74,43657.09,10.71,77.63
MODEFENCE,EQ,88.06,2.41,1401.03,85.98,75.89
CARTRADE,EQ,2598,5.41,12429.59,2.89,74.94
BALUFORGE,EQ,420.35,2.65,4791.65,17.3,73.64
VAIBHAVGBL,EQ,246,10.12,4109.01,28.91,72.91
DEEPAKFERT,EQ,1013,4.48,12787.89,7.17,72.82
ITBEES,EQ,42.61,1.6,2952.52,169.32,72.72
IGIL,EQ,333.65,8.2,14419.01,21.55,72.36
BSOFT,EQ,447,5.04,12457.45,16.19,72.05
LIQUID1,EQ,1089.85,0.01,1592.88,6.58,71.76
BAJAJCON,EQ,352.5,1.25,4604.3,20.2,71.72
ELECON,EQ,449,11.77,10075.56,16.44,71.68
AXISGOLD,EQ,126.8,7.5,5012.5,56.15,69.87
OFSS,EQ,7808.5,0.96,67950.76,0.87,69.03
ASTRAL,EQ,1503.9,2.47,40402.3,4.6,68.99
SERVOTECH,EQ,85,13.9,1919.69,81.13,68.05
ITCHOTELS,EQ,186,0.19,38741.62,36.36,67.61
LIQUIDPLUS,EQ,1071.23,0.01,477.27,6.25,66.91
RAMCOSYS,EQ,500.6,2.95,1872.84,13.41,66.91
PSUBNKBEES,EQ,98.25,2.81,4196.02,67.87,66.57
ACMESOLAR,EQ,217.72,0.12,13193.22,30.9,66.21
GODFRYPHLP,EQ,1980,3.3,30884.39,3.36,65.99
WEBELSOLAR,EQ,77.1,2.95,3254.11,84.49,65.77
SPARC,EQ,139,4.12,4510.55,45.96,65.67
CARBORUNIV,EQ,793.2,5.14,15106.32,8.29,65.62
SUNDARMFIN,EQ,5383,0.46,59807.21,1.22,65.6
ECLERX,EQ,4955,2.33,23301.07,1.34,65.58
RELIGARE,EQ,253.01,7.3,8368.42,26.14,65.13
HEG,EQ,540.1,2.5,10422.72,11.96,64.76
CLEAN,EQ,822.7,2.88,8743.37,7.79,64.38
ATUL,EQ,6200,3.97,18253.89,1.02,64.32
MOSCHIP,EQ,203.4,0.97,3924.93,31.01,64.28
ZENTEC,EQ,1346,0.04,12153.08,4.72,63.97
CREDITACC,EQ,1318.6,5.91,21112.67,4.84,63.79
TATATECH,EQ,659,2.04,26739.87,9.57,63.09
NUVAMA,EQ,1356.5,5.71,24667.67,4.58,62.28
SILVERADD,EQ,250,12.11,2400.29,25.35,62.27
PPLPHARMA,EQ,161.09,3.89,21412.86,38.31,62.16
APOLLO,EQ,250.25,1.46,8868.65,24.61,61.89
RNBDENIMS,EQ,162.25,0.99,1459.82,38.1,61.62
JWL,EQ,309.6,0.52,13142.46,19.73,61.46
KIRLOSENG,EQ,1182.6,2.63,17187.98,5.2,60.4
TENNIND,EQ,540,2.18,21794.63,11.29,60.29
HDFCSML250,EQ,161.3,3.11,1657.14,37.2,60.11
NAVNETEDUL,EQ,162.2,16.85,3588.08,37.77,60.11
KPIL,EQ,1132.5,0.46,19339.99,5.37,59.94
TATACOMM,EQ,1578,0.5,44973,3.71,59.26
MARKSANS,EQ,181,9.97,8202.26,32.4,59.23
APOLLOTYRE,EQ,505,4.54,32072.6,11.8,58.95
SETFNIF50,EQ,275.4,2.57,217497.25,21.34,58.84
NIFTYIETF,EQ,289.53,2.56,37762.46,20.25,58.75
CEATLTD,EQ,3883.9,3.79,15710.41,1.52,58.67
ICICIPRULI,EQ,656.5,2.29,95061.08,8.88,58.32
ENDURANCE,EQ,2515,4.3,35376.71,2.33,58.18
ABFRL,EQ,65.6,2.45,8006.43,86.58,58.15
POONAWALLA,EQ,409.4,3.84,33269.04,14.29,58.12
ZEEL,EQ,82.6,1.77,7933.89,69.95,58.07
AEROFLEX,EQ,185.25,7.04,2395.66,30.94,57.97
HIMATSEIDE,EQ,117.9,15.17,1482.5,48.43,57.88
POLYMED,EQ,1586.1,9.34,16076.63,3.68,57.79
WAAREERTL,EQ,922,2.43,9620.68,6.17,57.5
GRAVITA,EQ,1656,1.92,12222.68,3.42,56.67
INFOBEAN,EQ,915,7.6,2237.67,6.26,56.39
SPAL,EQ,748,13.83,1876.93,7.31,56.37
SHILCTECH,EQ,3950,11.29,4518.88,1.45,56.24
E2E,EQ,2619,7.38,5271.26,2.19,56.01
SHRIPISTON,EQ,2865,7.09,12620.27,2,55.97
RAYMOND,EQ,411.9,6.31,2742.17,13.54,55.84
JPPOWER,EQ,15.5,3.61,10622.86,359.41,55.31
BRIGADE,EQ,778,5.31,19021.97,7.14,55.28
GPPL,EQ,170,1.6,8218.48,32.27,55.19
TEJASNET,EQ,337,2.67,5983.19,15.93,54.06
KPIGREEN,EQ,402,2.58,7933.11,13.41,53.89
ROSSTECH,EQ,686,1.89,2585.98,7.53,53.81
QPOWER,EQ,748,4.06,5792.82,7.25,53.65
CARYSIL,EQ,966,19.16,2747.56,5.68,53.57
KIRIINDUS,EQ,484.95,5.18,2910.79,11.03,53.19
SWSOLAR,EQ,193.41,4.78,4516.74,27.66,53.1
WABAG,EQ,1175,7.83,7319.93,4.52,51.95
SHAKTIPUMP,EQ,638.35,5.92,7877.11,8.19,51.78
JUNIORBEES,EQ,739,2.47,7190.26,6.98,51.59
VIKRAMSOLR,EQ,214.5,7.59,7771.98,24.04,51.52
MOIL,EQ,329.95,0.49,6713.99,15.62,51.39
JTLIND,EQ,75.14,5.05,2953.62,67.42,50.52
BEML,EQ,1743.9,0.43,14524.77,2.86,50.21
PRICOLLTD,EQ,577,4.3,7032.56,8.65,49.89
NATCOPHARM,EQ,856.1,3.91,15333.6,5.82,49.69
ANUP,EQ,2080,17.08,4166.54,2.41,49.67
SHAILY,EQ,1976,5.57,9080.73,2.53,49.56
PCJEWELLER,EQ,10.49,1.06,7687.59,466.5,49.08
ZENSARTECH,EQ,672.2,0.01,15287.87,7.17,49.04
HOMEFIRST,EQ,1157,2.35,12043.87,4.18,48.89
ANANDRATHI,EQ,2955,2.92,24532.6,1.66,48.82
M&MFIN,EQ,362.75,2.59,50421.2,13.25,48.34
PWL,EQ,119.9,1.72,34287.71,40.43,48.33
LLOYDSME,EQ,1167,6.26,61744.81,4.18,48.27
STAR,EQ,864,3.28,7963.72,5.49,47.66
AFCONS,EQ,339,1.39,12467.9,14.06,47.51
AVALON,EQ,1022.7,20,6827.44,4.67,47.51
ONESOURCE,EQ,1180.3,0.51,13524.48,3.95,47.36
SKIPPER,EQ,383.6,7.45,4331,12.29,47.31
CASTROLIND,EQ,185.4,0.16,18337.26,25.41,47.1
AZAD,EQ,1539,6.04,9939.13,3.08,46.92
GRAPHITE,EQ,624.95,3.89,12210,7.54,46.89
GRANULES,EQ,571,3.29,13856.38,8.18,46.77
WHIRLPOOL,EQ,789.25,0.53,10013.36,5.81,46.28
NEULANDLAB,EQ,13403,2.18,17195.9,0.34,45.93
TORNTPOWER,EQ,1368.1,2.9,68939.04,3.38,45.86
NTPCGREEN,EQ,86.98,2.11,73292.22,52.61,45.64
RRKABEL,EQ,1418.3,4.63,16041.12,3.14,45.18
IRCON,EQ,154.87,0.12,14565.77,28.61,44.86
COROMANDEL,EQ,2280,2.91,67258.95,1.98,44.8
CAPACITE,EQ,229.88,8.08,1944.88,19.4,44.79
GILLETTE,EQ,8838,1.8,28798.81,0.49,43.52
MSUMI,EQ,44.96,3.31,29815.95,95.88,42.96
PACEDIGITK,EQ,182.3,9.33,3934.97,23.65,42.8
TATAINVEST,EQ,637,5.88,32229.06,6.79,42.66
TFCILTD,EQ,64.5,0.8,2986.2,64.36,42.17
JSWINFRA,EQ,263.5,1.54,55335.04,15.9,42.07
LUMAXTECH,EQ,1467.9,6.86,10004.87,2.91,42.02
AFFLE,EQ,1644.2,3.09,23143.33,2.55,41.74
SBC,EQ,28.86,1.33,1374.28,144.31,41.68
SWANCORP,EQ,422.9,2.53,13256.09,9.75,41.59
HCC,EQ,19.64,2.13,5144.64,210.06,41.55
MID150BEES,EQ,225.95,2.92,2863.47,18.28,41.39
ICIL,EQ,286.33,20,5670.89,14.44,41.34
JMFINANCIL,EQ,127.5,4.47,12193.28,32.53,41.33
SILVERAG,EQ,255,15.72,1012.17,16.68,41.18
NCC,EQ,153.2,3.79,9618.61,27.09,41.12
TITAGARH,EQ,798,0.96,10746.97,5.13,41.08
ENGINERSIN,EQ,173.28,1.16,9739.07,23.35,40.72
ACC,EQ,1667,1.89,31304.14,2.43,40.68
PTC,EQ,175.7,3.49,5200.87,23.3,40.58
DCBBANK,EQ,192.5,2.5,6194.33,21.18,40.44
OSWALPUMPS,EQ,387.15,2.12,4412.64,10.38,39.8
APTUS,EQ,281.65,5.57,14103.14,14.21,39.77
ARVINDFASN,EQ,499.1,5.46,6669.48,7.9,39.71
JAYNECOIND,EQ,74.2,2.83,7204.81,53.18,39.68
CHOICEIN,EQ,782,4.47,16796.49,5.09,39.61
REDINGTON,EQ,276.95,3.03,21651.24,14.34,39.6
ASHAPURMIN,EQ,670.55,2.21,6405.5,5.87,39.5
BECTORFOOD,EQ,234,8.99,7183.58,16.65,39.41
SANDUMA,EQ,223.02,2.91,10841.11,17.64,39.34
GEMAROMA,EQ,192.75,18.64,1006.87,20.6,39.18
SJS,EQ,1741.1,6.18,5567.39,2.24,38.93
TEGA,EQ,1763.7,4.12,13250.27,2.2,38.72
PARAS,EQ,661,0.62,5326.82,5.8,38.41
GOLDADD,EQ,151.08,5.5,2167.73,26.33,38.37
SHADOWFAX,EQ,110.5,2.77,6388.37,34.43,37.78
CHOLAHLDNG,EQ,1715.1,4.22,32205.71,2.19,37.78
LEMONTREE,EQ,131.9,3.01,10449.73,28.74,37.69
METALIETF,EQ,11.94,2.58,1040.18,314.37,37.5
SJVN,EQ,72.2,2.24,28373.12,51.71,37.28
GRWRHITECH,EQ,3908.6,20,9080.61,0.95,37.27
KRBL,EQ,353.9,3.36,8100.41,10.34,37.14
PRIVISCL,EQ,2819,0.36,11011.78,1.3,36.96
CRAFTSMAN,EQ,7699,2.77,18366.41,0.48,36.61
YATHARTH,EQ,612,1.48,5896.89,5.93,36.43
MANINDS,EQ,356.2,14.7,2671.84,10.45,36.25
CEMPRO,EQ,675.05,6.73,11596.52,5.32,35.81
ARE&M,EQ,834,2.16,15264.32,4.24,35.64
JSL,EQ,808.55,0.5,66658.45,4.42,35.64
JSLL,EQ,674.8,4.05,8387.81,5.25,35.47
ADFFOODS,EQ,206.73,20,2271.21,17.08,35.06
ALOKINDS,EQ,16.07,6.78,7979.14,215.42,34.98
CSBBANK,EQ,421.8,3.71,7317.63,8.31,34.97
GNA,EQ,415.3,16.94,1782.92,8.53,34.83
TANLA,EQ,496,0.97,6577.82,6.87,34.46
SCI,EQ,220.86,2.26,10287.64,15.48,34.25
AJANTPHARM,EQ,2880,3.38,35981.46,1.2,34.24
SOBHA,EQ,1500.1,5.51,16040.99,2.28,34.21
ASIANTILES,EQ,71.9,4.8,1667.44,47.3,34.04
DREDGECORP,EQ,1107,2.41,3099.6,3.04,33.83
NEWGEN,EQ,566.2,1.52,8058.03,5.88,33.56
NEOGEN,EQ,1334.9,5.04,3521.69,2.5,33.52
MIDHANI,EQ,363.9,2.15,6817.3,9.27,33.51
KAJARIACER,EQ,929.95,3.99,14811.53,3.64,33.21
BHARTIHEXA,EQ,1635,3.15,81750,2.03,33.13
BLISSGVS,EQ,179.89,4.12,1903.04,18.33,33.06
GUJGASLTD,EQ,421.5,1.43,29015.64,7.9,33.04
TIIL,EQ,2250,14.55,5101.38,1.45,32.94
RMDRIP,EQ,108.24,0.83,2703.84,30.44,32.93
IRB,EQ,41.5,0.9,25061.85,78.99,32.92
ABDL,EQ,509.35,2.7,14247.04,6.45,32.89
GPIL,EQ,253,1.83,16945.82,13.04,32.86
SCHNEIDER,EQ,736,5.49,17598.06,4.51,32.68
FIRSTCRY,EQ,270.95,0.89,14143.97,12.04,32.36
CHALET,EQ,893.2,4.35,19556.96,3.65,32.32
CASHIETF,EQ,1048.25,0.01,769.65,3.07,32.18
MANORAMA,EQ,1352,3.94,8072.59,2.43,32.17
RBA,EQ,63.42,0.09,3695.78,50.33,31.99
MAYURUNIQ,EQ,575.05,7.3,2498.74,5.47,31.8
PRAJIND,EQ,292.6,4.46,5378.37,10.94,31.76
CESC,EQ,147.75,3.21,19585.3,21.76,31.76
SENCO,EQ,305.5,0.05,5001.6,10.19,31.69
RAYMONDREL,EQ,476.1,0.35,3169.58,6.38,31.53
AMAGI,EQ,379.45,4.29,8208.98,8.33,31.53
GARFIBRES,EQ,746,17.41,7405.23,4.22,31.4
FINEORG,EQ,4500,5.49,13796.99,0.69,31.37
JBCHEPHARM,EQ,1891.1,1.42,30357.36,1.64,31.12
ZAGGLE,EQ,302.55,7.12,4067.84,10.41,31.12
BBOX,EQ,541.5,4.19,9224.62,5.72,30.7
SIYSIL,EQ,572.5,12.28,2597.44,5.41,30.66
SAILIFE,EQ,879.8,4.74,18584.12,3.47,30.37
KNRCON,EQ,156.83,3.77,4410.6,19.31,30.17
RICOAUTO,EQ,121.15,3.84,1638.98,24.81,30.05
IPCALAB,EQ,1442.2,0.16,36589.22,2.07,29.88
RAYMONDLSL,EQ,1016.5,3.08,6192.89,2.85,29.84
IIFLCAPS,EQ,316,2.35,9837.59,9.42,29.8
LTTS,EQ,3804.5,3.01,40326.22,0.78,29.74
IMFA,EQ,1248.4,7.69,6735.63,2.42,29.65
NLCINDIA,EQ,252,1.59,34943.24,11.77,29.65
PITTIENG,EQ,880,17.54,3313.52,3.49,29.61
ORIANA,SM,1905,19.78,3870.8,1.62,29.35
PARKHOSPS,EQ,155.8,1.45,6729.48,18.59,28.98
TIMETECHNO,EQ,182.99,1.32,9033.03,15.56,28.92
VIYASH,EQ,213,4.29,9287.53,13.44,28.8
KMEW,EQ,1836,4.06,4487.94,1.55,28.48
SMALLCAP,EQ,42.68,3.27,790.34,66.79,28.43
IKS,EQ,1623,0.92,27846.32,1.71,28.42
SCHAEFFLER,EQ,3890,6.29,60802.13,0.73,28.3
EDELWEISS,EQ,107.14,3.12,10140.57,26.46,28.23
JAINREC,EQ,402.3,4.05,13882.8,7.01,28.13
GOLDBETA,EQ,127.55,4.76,4133.72,22.21,28.03
RAMCOCEM,EQ,1140,2.48,26937.33,2.45,27.94
ABSLAMC,EQ,809.95,4.29,23389.66,3.44,27.71
RGL,EQ,119.89,13.3,1286.73,23.59,27.69
URBANCO,EQ,124,1.68,18131.04,22.2,27.68
PRUDENT,EQ,2530.1,6.62,10476.3,1.06,27.62
CCAVENUE,EQ,17.67,4.56,6143.94,157.77,27.59
SONATSOFTW,EQ,327,5.42,9169.89,8.48,27.51
GROWWGOLD,EQ,149,5.97,421.32,18.67,27.48
CAMLINFINE,EQ,168.85,20,3243.47,16.23,27.4
INDGN,EQ,501.1,2.11,12049.79,5.44,27.16
SBCL,EQ,491,17.25,2828.37,5.64,27.13
CPSEETF,EQ,97.95,2.15,27659.87,27.69,27.03
TI,EQ,450.9,7.66,9387.46,6.15,26.97
MBEL,EQ,336.1,9.93,1920.75,7.8,26.83
WANBURY,EQ,248.5,15.65,867.07,11.04,26.82
USHAMART,EQ,409.2,3,12470.03,6.55,26.81
STARHEALTH,EQ,470,0.4,27654.74,5.64,26.65
ARSSBL,EQ,584.9,1.97,3668.8,4.51,26.6
ESILVER,EQ,255.2,8.58,1370.6,10.43,26.53
STYLEBAAZA,EQ,326,3.61,2432.53,8.04,26.44
EGOLD,EQ,152.75,0.49,1448.8,17.51,26.2
VINCOFE,EQ,149.2,1.66,2155.02,17.4,26.12
CCL,EQ,984.05,1.55,13139.81,2.66,25.83
RUBICON,EQ,725,5.24,11944.4,3.58,25.72
FSL,EQ,309.4,1.48,21564.9,8.23,25.71
V2RETAIL,EQ,2130.8,7.13,7769.7,1.23,25.67
CPPLUS,EQ,1487,2.25,17478.94,1.7,25.61
SAFARI,EQ,2081,4.23,10195.29,1.25,25.6
TECHNOE,EQ,1035.25,3.95,12039.91,2.47,25.6
MOM30IETF,EQ,31.19,3.14,514.55,82.1,25.58
EPIGRAL,EQ,1038,12.48,4478.07,2.53,25.52
GRMOVER,EQ,165,1.3,3036.92,15.49,25.47
LLOYDSENGG,EQ,46.12,5.44,5374.41,54.55,25.02
IXIGO,EQ,216.9,4.99,9501.77,11.64,24.99
VOLTAMP,EQ,7595,1.28,7683.95,0.33,24.72
JAMNAAUTO,EQ,126.4,3.61,5043.32,19.66,24.67
INDIAMART,EQ,2270,2.71,13639.78,1.08,24.59
CENTRALBK,EQ,36.54,0.5,33073.82,66.94,24.58
DBREALTY,EQ,110.08,6.13,5935.56,22.43,24.57
DEEDEV,EQ,209.29,1.84,1449.61,11.22,24.28
SBFC,EQ,90.1,4.68,9879.22,27.23,24.26
JUBLINGREA,EQ,666,8.29,10608.12,3.63,24.24
ALKYLAMINE,EQ,1605.9,3.21,8213.22,1.5,24.12
EASEMYTRIP,EQ,6.6,2.48,2400.32,355.96,23.96
LMW,EQ,15625,7.27,16692.19,0.15,23.84
BOMDYEING,EQ,119.2,6.58,2461.9,19.23,22.93
MASTEK,EQ,2105.1,1.69,6523.99,1.09,22.87
SAMHI,EQ,170,0.53,3760.5,13.24,22.86
KIRLOSBROS,EQ,1600.5,4.83,12709.4,1.42,22.8
PHARMABEES,EQ,22.77,3.13,1034.86,100.09,22.79
TRUALT,EQ,406.8,6.24,3488.42,5.66,22.78
BAJAJELEC,EQ,417,5.08,4811.7,5.39,22.76
HONAUT,EQ,33650,0.12,29751.72,0.07,22.44
CRAMC,EQ,256.6,4.31,5117.05,8.69,22.4
PAISALO,EQ,34.5,2.28,3137.85,65.21,22.39
TATVA,EQ,1254.7,9.43,2935,1.82,22.38
EIDPARRY,EQ,904.3,1.47,16085.03,2.45,22.24
SARDAEN,EQ,504,3.46,17760.02,4.42,22.16
INDIASHLTR,EQ,810,2.49,8800.2,2.73,21.84
BORORENEW,EQ,492.5,2.66,6904.3,4.4,21.77
GLAXO,EQ,2435.3,1.17,41255.45,0.89,21.76
HERITGFOOD,EQ,348.9,1.84,3237.65,6.31,21.75
RALLIS,EQ,270.1,1.71,5252.6,8.08,21.7
ROLEXRINGS,EQ,125.52,3.34,3418.33,16.79,21.59
BLUEJET,EQ,422,3.7,7320.24,5.01,21.33
TVSHLTD,EQ,15301,2.7,30957.14,0.14,21.32
JBMA,EQ,571.6,2.75,13518.01,3.7,21.24
SANGAMIND,EQ,485,8.56,2436.96,4.2,21.15
CYIENT,EQ,1151.8,1.97,12798.18,1.82,20.96
KALAMANDIR,EQ,110.2,0.25,1690.09,18.93,20.84
DEEPAKNTR,EQ,1654.5,2.15,22566.23,1.25,20.75
SENORES,EQ,817.05,4.68,3762.81,2.54,20.75
JLHL,EQ,1257,0.69,8241.65,1.64,20.65
BALAMINES,EQ,1136,4.38,3680.75,1.81,20.63
FEDFINA,EQ,145.04,4.84,5425.79,14.1,20.41
DYNAMATECH,EQ,8705,5.04,5911.95,0.23,20.29
MON100,EQ,231.98,2.9,11747.11,8.74,20.18
UCOBANK,EQ,28.49,0.71,35725.2,70.47,20.13
YASHO,EQ,1380,14.13,1663.88,1.39,20.11
AIAENG,EQ,4029,0.32,37598.78,0.5,20.08
FIEMIND,EQ,2203,2.86,5798.22,0.91,19.98
SKYGOLD,EQ,324.7,6.88,5028.43,6.26,19.98
STOVEKRAFT,EQ,532.15,12.04,1761.81,3.77,19.92
WEWORK,EQ,585,2.12,7840.36,3.42,19.82
SILVERBND,EQ,258,8.69,13.6,7.71,19.8
GOKEX,EQ,694.05,19.99,5083.21,2.85,19.8
KIMS,EQ,612.3,3.25,24500.51,3.2,19.67
ORIENTTECH,EQ,346.5,1.3,1587.17,5.64,19.66
PDSL,EQ,347.2,5.39,4908.66,5.5,19.59
GREAVESCOT,EQ,168.4,3.02,3921.1,11.52,19.44
BUILDPRO,EQ,788,6.79,1910.85,2.42,19.28
GMRP&UI,EQ,106.3,4.27,7598.71,18.07,19.23
LGBBROSLTD,EQ,1850,9,5900.1,1.05,19.21
INDRAMEDCO,EQ,391.2,4.11,3586.25,4.93,19.13
INOXGREEN,EQ,176.5,3.97,6613.55,10.81,19.1
JSFB,EQ,357.5,2.44,3763.53,5.27,18.96
AXISCADES,EQ,1170.4,5,4976.24,1.64,18.96
SIGACHI,EQ,20.55,2.8,785.25,91.69,18.95
BLUEDART,EQ,5661,2.96,13432.38,0.33,18.86
MMFL,EQ,443.25,9.81,2140.08,4.33,18.83
GENESYS,EQ,323.8,6.79,1353.17,5.76,18.8
NORTHARC,EQ,252.65,4.57,4082.11,7.38,18.75
GLOBUSSPR,EQ,957,3.47,2772.63,1.99,18.73
DIACABS,EQ,125.67,3.87,6622.45,14.59,18.64
EMCURE,EQ,1510,2.71,28625.45,1.23,18.62
J&KBANK,EQ,103.1,1.19,11353.19,18.05,18.6
MAMATA,EQ,418.6,11.27,1030.08,4.48,18.52
METAL,EQ,11.95,3.37,413.66,154.34,18.44
HAPPSTMNDS,EQ,418.55,3.14,6373.46,4.37,18.43
NITINSPIN,EQ,350,6.95,1967.7,5.23,18.41
HAPPYFORGE,EQ,1137.9,7.65,10733.57,1.62,18.39
AGIIL,EQ,256.2,5.13,3129.92,7.17,18.38
ZFCVINDIA,EQ,15326,2.01,29069.72,0.12,18.22
SHRINGARMS,EQ,223.16,3.97,2151.98,8.06,18.09
MGL,EQ,1053.3,0.3,10404.26,1.71,18.01
CRIZAC,EQ,253.25,2.34,4431.43,7.11,17.93
IOB,EQ,34.73,0.61,66878.14,51.13,17.79
TRIVENI,EQ,376.9,3.54,8250.26,4.69,17.71
BERGEPAINT,EQ,480.35,3.05,56007.19,3.71,17.63
TEXRAIL,EQ,121.75,1.25,4953.58,14.42,17.58
PARAGMILK,EQ,250,3.73,3127.74,7.03,17.52
MMTC,EQ,64,1.8,9600,27.33,17.49
STEELCAS,EQ,246.02,15.43,2489.72,7.19,17.46
KRN,EQ,680.25,5.18,4228.2,2.57,17.43
DEVYANI,EQ,116.3,0.22,14338.3,14.8,17.3
PVRINOX,EQ,987.15,2.09,9693.81,1.75,17.24
DAVANGERE,EQ,4.29,5.41,613.47,409.45,17.2
KITEX,EQ,196.48,20,3919.78,8.73,17.16
JSWCEMENT,EQ,114.83,0.54,15655.52,14.79,17
GOODLUCK,EQ,1144.6,6.94,3804.48,1.48,16.7
CANFINHOME,EQ,928,2,12356.7,1.79,16.69
VENTIVE,EQ,769,1.58,17959.35,2.17,16.69
GARUDA,EQ,165.19,4.51,1536.96,10.04,16.62
ASTRAMICRO,EQ,956.7,1.08,9083.39,1.74,16.57
MOREALTY,EQ,81.76,5.1,291.39,20.38,16.56
AURIONPRO,EQ,956,2.34,5278.41,1.71,16.56
MEDIASSIST,EQ,410.05,5.17,3053.14,4.08,16.52
VIJAYA,EQ,966,0.43,9923.23,1.72,16.48
GMBREW,EQ,991.15,3,2264.47,1.66,16.43
CIGNITITEC,EQ,1676.3,3.42,4617.7,0.97,16.31
PENIND,EQ,178,9.21,2402.04,9.28,16.3
AKZOINDIA,EQ,2857,1.34,13010.87,0.57,16.27
GVPIL,EQ,323,8.92,2171.45,5.01,16.22
GMMPFAUDLR,EQ,1028,5.51,4621.6,1.59,16.22
THELEELA,EQ,446.1,3.76,14897.86,3.66,16.18
CONCORDBIO,EQ,1168,5.32,12219.17,1.4,16.18
BANCOINDIA,EQ,615.3,4,8801.09,2.63,16.15
ANTHEM,EQ,609,2.78,34202.05,2.65,16.06
DCXINDIA,EQ,173,3.19,1926.99,9.26,16
BSLGOLDETF,EQ,132.9,2.94,2797.06,12.04,15.93
AIIL,EQ,526,3.22,44669.26,3,15.91
GAEL,EQ,133.94,1.13,6143.43,11.8,15.91
SKFINDUS,EQ,2680,4.58,13249.37,0.59,15.87
IONEXCHANG,EQ,356,1.85,5221.33,4.47,15.85
NDRAUTO,EQ,741,10.9,1762.49,2.13,15.83
VINATIORGA,EQ,1559.9,4.24,16170.8,1,15.79
VIKRAN,EQ,89.13,2.54,2298.76,17.58,15.65
SAMBHV,EQ,91.62,3.83,2699.78,17.26,15.63
HDFCNIFTY,EQ,288.37,2.73,4908.48,5.41,15.59
WELENT,EQ,467.9,0.45,6476.38,3.28,15.57
BATAINDIA,EQ,867,0.4,11143.34,1.78,15.52
RATNAVEER,EQ,154.08,5.88,1014.5,10.08,15.52
COSMOFIRST,EQ,646,11.45,1695.73,2.37,15.4
INOXINDIA,EQ,1136.9,2.24,10318.9,1.35,15.39
SANDHAR,EQ,534.3,6.13,3215.99,2.88,15.37
INDOCO,EQ,235,10.88,2167.83,6.49,15.33
UNIPARTS,EQ,490,11.99,2211.61,3.13,15.19
VENUSPIPES,EQ,1103.1,9.09,2285.19,1.38,15.07
PARACABLES,EQ,39.24,20,1197.64,38.94,15.05
EMAMILTD,EQ,483.75,0.27,21115.69,3.1,14.97
RESPONIND,EQ,192.5,15.69,5132.21,7.64,14.78
BCG,EQ,10.52,2.83,2122.85,137.68,14.73
AUTOBEES,EQ,282,2.85,403.33,5.18,14.65
LTGILTBEES,EQ,29.12,0.34,2640.51,50.31,14.64
JUBLPHARMA,EQ,981.5,2.48,15633.44,1.48,14.59
RITES,EQ,223.5,1.32,10741.49,6.49,14.56
PATELENG,EQ,28.55,1.1,2832.57,50.9,14.54
ASHOKA,EQ,152.95,2.98,4293.66,9.51,14.48
NAVA,EQ,570.55,3.36,16146.64,2.54,14.47
MEDPLUS,EQ,860.4,4.82,10309.53,1.7,14.42
BASF,EQ,3795,4.49,16426.9,0.38,14.2
ANTELOPUS,EQ,542,3.22,1905.8,2.59,14.17
SHILPAMED,EQ,300,4.37,5867.45,4.7,14.09
PGHH,EQ,11850,0.53,38465.97,0.12,14.06
INDIGRID,IV,164.99,0.02,15716.37,8.52,14.04
SALZERELEC,EQ,596.6,8.49,1054.95,2.32,13.88
EIEL,EQ,181.1,4.93,3178.85,7.75,13.87
RATEGAIN,EQ,646.1,1.24,7632,2.16,13.85
PRECWIRE,EQ,250,3.63,4570.2,5.58,13.85
DAMCAPITAL,EQ,181.98,6.56,1286.34,7.63,13.71
MOSILVER,EQ,261,10.58,1093.09,5.36,13.65
PINELABS,EQ,222,0.07,25491.74,6.04,13.58
KERNEX,EQ,1203,1.06,2021.33,1.11,13.53
GSFC,EQ,178.9,1.12,7128.76,7.56,13.5
NIFTY1,EQ,283,2.31,3190.89,4.73,13.42
TMB,EQ,598.95,1.41,9484.46,2.23,13.35
INDIACEM,EQ,463.5,1.11,14363.74,2.9,13.31
CENTUM,EQ,2350,0.78,3463,0.56,13.28
RTNPOWER,EQ,8.99,3.69,4827.73,148.49,13.19
SGBFEB32IV,GB,17460,9.66,22325.79,0.08,13.14
NETWORK18,EQ,37.58,3.5,5794.84,34.68,13.08
MINDACORP,EQ,574.15,1.86,13726.75,2.26,13.04
LAXMIDENTL,EQ,210,12.75,1154.21,6.31,13.03
FMCGIETF,EQ,54.48,0.78,762.25,23.9,13.01
AARTIPHARM,EQ,795,3.05,7205.98,1.64,12.97
CAPLIPOINT,EQ,1889.2,4.97,14360.13,0.7,12.92
INDOFARM,EQ,172.5,3.74,828.89,7.39,12.92
SUNDRMFAST,EQ,979.95,4.28,20591.53,1.31,12.84
GKENERGY,EQ,103.58,2.73,2100.78,12.58,12.82
FINCABLES,EQ,739.2,2.26,11305.28,1.73,12.78
KSL,EQ,705.2,0.24,3078.41,1.79,12.74
HITECH,EQ,81.27,11.41,1650.66,16,12.62
CMSINFO,EQ,321.95,0.31,5295.19,3.88,12.62
3MINDIA,EQ,35000,1.48,39427.75,0.04,12.59
CANTABIL,EQ,303.8,4.38,2540.92,4.21,12.58
HNGSNGBEES,EQ,541.98,2.72,1278.35,2.34,12.48
LXCHEM,EQ,146.2,6.33,4051.9,8.47,12.36
VENKEYS,EQ,1550,2.01,2183.54,0.8,12.35
CGCL,EQ,170.21,0.64,16376.82,7.19,12.34
VASCONEQ,EQ,42.99,4.8,983.04,28.87,12.34
BALRAMCHIN,EQ,437.9,4.24,8843.41,2.81,12.23
VARDMNPOLY,EQ,7,15.51,321.23,177.11,12.22
SMCGLOBAL,EQ,78.4,4.95,1641.7,15.46,12.18
KROSS,EQ,205.5,2.88,1325.67,5.89,12.07
ORIENTCEM,EQ,161.25,2.74,3313.04,7.44,12.06
UTIAMC,EQ,1046.4,4.85,13448.04,1.16,12.05
GHCL,EQ,522.05,1.4,4799.42,2.27,12
ASKAUTOLTD,EQ,463,3.7,9127.7,2.59,12
EPACK,EQ,234.5,3.26,2256.56,5.09,11.99
NIFTYETF,EQ,277.4,2.38,4832.88,4.3,11.97
HONASA,EQ,276,0.2,8980.21,4.33,11.94
ICICIB22,EQ,120.82,1.88,12846.2,9.88,11.93
REFEX,EQ,228.5,4.1,3133.41,5.24,11.9
INDOTHAI,EQ,251.99,4.12,3147.94,4.91,11.89
SGBDE31III,GB,16100,8.74,19491.96,0.07,11.89
ATULAUTO,EQ,428,1.15,1187.75,2.71,11.77
DOMS,EQ,2407.1,0.88,14608.16,0.48,11.71
AWHCL,EQ,512.5,0.73,1454.58,2.26,11.59
ARFIN,EQ,74.49,0.95,1256.81,15.56,11.56
EMUDHRA,EQ,559.05,6.45,4629.59,2.02,11.43
PROTEAN,EQ,615,1.64,2497.93,1.85,11.38
POWERMECH,EQ,2088.8,5.61,6604.01,0.55,11.36
SMLMAH,EQ,3629,0.96,5251.76,0.31,11.3
PREMEXPLN,EQ,494.1,1.33,2656.34,2.29,11.29
VPRPL,EQ,47.11,5.75,587.2,24.51,11.27
TTML,EQ,44.2,0.55,8640.78,25.25,11.26
SAATVIKGL,EQ,414.9,6.26,5273.59,2.71,11.19
SKFINDIA,EQ,1706.4,2.08,8436.09,0.65,11.18
PNCINFRA,EQ,225.1,2.81,5774.7,4.83,10.96
GICRE,EQ,371.55,0.2,65184.73,2.95,10.96
ALPHA,EQ,46.98,2.71,724.09,23.25,10.95
SUPRIYA,EQ,693.2,4.16,5579.07,1.58,10.89
VIMTALABS,EQ,437,0.32,1950.56,2.45,10.89
VARROC,EQ,580,1.89,8861.61,1.87,10.87
AHLUCONT,EQ,881.7,5.47,5906.29,1.23,10.84
JINDWORLD,EQ,27.99,12,2806.28,39.04,10.8
KIRLPNU,EQ,1177.5,2.05,7646.64,0.91,10.77
TBOTEK,EQ,1454,4.03,15788.66,0.74,10.73
SSWL,EQ,218.7,5.41,3437.54,4.83,10.71
COHANCE,EQ,380.45,2.63,14554.77,2.78,10.71
TBZ,EQ,161.25,7.54,1076.03,6.62,10.65
CYIENTDLM,EQ,384.3,6.45,3049.97,2.74,10.61
ATLANTAELE,EQ,805.65,9.99,6195.18,1.33,10.48
SHAREINDIA,EQ,145.8,7.13,3171.03,7.21,10.44
LUMAXIND,EQ,5175,8.02,4837.45,0.2,10.41
IZMO,EQ,686,10,1025.82,1.53,10.35
UTLSOLAR,EQ,205.4,2.84,6293.68,5.04,10.35
TARC,EQ,153,3,4514.97,6.68,10.34
AARTIDRUGS,EQ,393.4,2.57,3590.56,2.61,10.3
MOCAPITAL,EQ,47.59,4.82,124.21,21.49,10.23
EPL,EQ,200.95,3.95,6436.25,5.11,10.18
PGINVIT,IV,92.5,0.16,8417.49,10.93,10.1
CORONA,EQ,1505,3.11,9204.59,0.68,10.02
MARINE,EQ,194,4.09,2682.91,5.2,10
KRISHANA,EQ,478,0.41,2955.36,2.05,9.99
CENTURYPLY,EQ,832,2.39,18484.79,1.18,9.82
SHK,EQ,157.13,6.7,2175.01,6.3,9.77
ISGEC,EQ,755,1.7,5551.48,1.28,9.77
NEXT50IETF,EQ,72.07,2.08,2108.88,13.47,9.76
MIDWESTLTD,EQ,1370,0.68,4954.03,0.71,9.74
LINDEINDIA,EQ,5995.5,1.1,51132.16,0.16,9.68
VRLLOG,EQ,282.6,3.54,4943.72,3.44,9.68
MIDCAPETF,EQ,22.29,3,1423.26,43.15,9.63
PGHL,EQ,5270,0.99,8747.87,0.18,9.55
LUXIND,EQ,961.3,5.34,2890.79,0.97,9.5
GSPL,EQ,303,1.13,17095.6,3.15,9.5
LICMFGOLD,EQ,13520,2.68,1315.46,0.07,9.49
MOREPENLAB,EQ,37.58,4.83,2059.21,25.15,9.45
KDDL,EQ,2480,6.33,3050.22,0.39,9.44
JASH,EQ,409,6.59,2572.82,2.22,9.44
RAMASTEEL,EQ,7.79,1.43,1274.06,120.52,9.44
UNIVCABLES,EQ,731.6,4.87,2538.31,1.28,9.42
HGINFRA,EQ,654.1,4.04,4262.84,1.44,9.37
ROUTE,EQ,589,0.37,3710.88,1.58,9.37
RHIM,EQ,436,2.52,9003.46,2.14,9.34
SGBAUG28V,GB,15655,8.2,9940.58,0.06,9.31
KPEL,EQ,286.2,1.8,1914.88,3.23,9.3
ITIETF,EQ,42.56,1.62,495.87,21.63,9.27
MBAPL,EQ,428,2.95,3750.43,2.17,9.25
RPEL,EQ,754.05,2.24,3461.99,1.21,9.23
ITI,EQ,289.4,2.1,27808.07,3.18,9.2
DATAMATICS,EQ,743.15,7.36,4392.49,1.26,9.18
HCG,EQ,598,1.62,8432.26,1.53,9.13
SUNCLAY,EQ,1320,6.43,2910.09,0.71,9.13
SILVER360,EQ,257.5,9.78,54.75,3.58,9.11
YATRA,EQ,151.7,3.53,2380.42,6.02,9.11
LLOYDSENT,EQ,59,2.41,7505.55,15.19,8.99
INDIAGLYCO,EQ,875,1.21,5864.84,1.02,8.89
IDEAFORGE,EQ,433.8,1.21,1876.97,2.01,8.83
PNGJL,EQ,549.7,1.32,7459.89,1.59,8.8
DIFFNKG,EQ,258,8.79,965.6,3.47,8.8
BHARATSE,EQ,153,7.08,960.84,5.77,8.79
OILIETF,EQ,12.04,1.78,292.81,73.4,8.79
LIQGRWBEES,EQ,1026.58,0.01,126.32,0.86,8.79
CELLO,EQ,509,1.91,11243.05,1.72,8.75
BANKETF,EQ,609.49,2.58,247.95,1.43,8.72
MANYAVAR,EQ,487.45,1.75,11843.72,1.77,8.71
FACT,EQ,796.3,2.19,51526.34,1.09,8.68
GROWWDEFNC,EQ,79.5,1.64,283.1,10.75,8.61
754GS2036,GS,106.35,0.16,158461.5,8.09,8.59
EKC,EQ,112.7,6.67,1264.58,7.74,8.58
COMMOIETF,EQ,98.65,2.49,125.44,8.73,8.58
GODIGIT,EQ,325.5,1.15,30085.55,2.64,8.56
DYCL,EQ,303.9,4.81,1472.66,2.81,8.55
SANGHIIND,EQ,64.5,6.95,1666.2,13.69,8.55
DCAL,EQ,229.2,5.89,3593.47,3.77,8.54
GALLANTT,EQ,554.25,6.22,13373,1.56,8.51
DEEPINDS,EQ,385.75,6.52,2468.8,2.21,8.51
VSTTILLERS,EQ,5888,4.55,5089.21,0.15,8.49
EMSLIMITED,EQ,342.5,3.12,1901.93,2.46,8.48
INDOTECH,EQ,1450.6,16.41,1540.54,0.6,8.45
FCL,EQ,23.65,7.94,2709.7,35.4,8.33
ADVANCE,EQ,129.85,5.32,834.75,6.43,8.3
FINPIPE,EQ,177.35,1.38,11004.16,4.69,8.27
OPTIEMUS,EQ,406,4.65,3588.09,2.01,8.22
PIXTRANS,EQ,1375,5.75,1873.46,0.59,8.18
MICEL,EQ,43.71,2.15,1053.46,18.57,8.17
GANECOS,EQ,702.5,2.55,1882.42,1.15,8.16
SHYAMMETL,EQ,852,2.03,23782.03,0.96,8.16
BSLNIFTY,EQ,29.94,2.08,3307.23,26.91,8.1
TEMBO,EQ,560.2,4.99,866.47,1.46,8.1
VERANDA,EQ,192.3,1.42,1849.34,4.17,8
STALLION,EQ,186.14,5,1476.56,4.32,7.97
SETFNIFBK,EQ,611.94,2.03,3985.55,1.29,7.96
MALLCOM,EQ,1160,5.49,723.84,0.68,7.94
VMART,EQ,625,4.38,4964.94,1.28,7.91
BSE500IETF,EQ,39.65,2.77,333.56,19.9,7.91
ALPEXSOLAR,SM,788,13.49,2012.79,1.05,7.9
ACI,EQ,582,1.77,7185.28,1.36,7.89
RENUKA,EQ,25,3.14,5321.22,31.64,7.87
UBL,EQ,1513.5,3.36,40017.72,0.52,7.85
NUVOCO,EQ,344,1.34,12286.17,2.27,7.81
MASFIN,EQ,317,2.64,5752.07,2.47,7.81
HUBTOWN,EQ,212.88,4.08,3025.04,3.68,7.77
GODREJIND,EQ,1002,1.14,33747.85,0.76,7.73
MOM100,EQ,63.95,2.95,757.19,12.07,7.72
SAKSOFT,EQ,170,1.84,2253.37,4.47,7.7
ERIS,EQ,1440,4.09,19615.23,0.54,7.69
SPLPETRO,EQ,625,7.09,11752.58,1.24,7.68
THOMASCOOK,EQ,121.5,0.64,5715.12,6.26,7.67
EIHOTEL,EQ,332.5,2.29,20793.36,2.3,7.62
IOLCP,EQ,74.75,3.7,2194.12,10.14,7.6
GRINDWELL,EQ,1634.2,6.56,18093.86,0.47,7.6
SRM,EQ,444,2.45,1018.72,1.68,7.58
SPMLINFRA,EQ,169.2,2.5,1222.5,4.42,7.55
EPACKPEB,EQ,199.96,5,2008.64,3.79,7.54
MOL,EQ,57.22,8.45,1455.19,13.19,7.53
VADILALIND,EQ,4717,6.76,3390.5,0.16,7.53
SUPRAJIT,EQ,466.5,5.15,6399.03,1.6,7.53
METROBRAND,EQ,1033,0.89,28145.04,0.73,7.52
KIOCL,EQ,359,3.12,21818.26,2.09,7.5
SHRIRAMPPS,EQ,79.34,8.3,1353.97,9.55,7.49
HIKAL,EQ,195.69,4.89,2412.87,3.81,7.48
ALLDIGI,EQ,990,8.56,1508.59,0.79,7.47
EXCELSOFT,EQ,71.85,3.77,826.88,10.34,7.41
SUVEN,EQ,149,8.03,3389.37,5.02,7.38
SIRCA,EQ,472.15,3.66,2681.47,1.55,7.37
SHARDAMOTR,EQ,891,5.16,5115.03,0.82,7.33
JISLJALEQS,EQ,37.11,3.4,2651.92,19.67,7.33
JUSTDIAL,EQ,655.6,1.24,5575.53,1.11,7.32
MOLDTKPAC,EQ,560,3.35,1860.82,1.32,7.3
LIQUIDBETF,EQ,1067.81,0.01,526.73,0.68,7.21
MIDCAPIETF,EQ,22.57,2.87,601.9,31.59,7.14
JKPAPER,EQ,328.5,1.03,5564.87,2.16,7.13
POKARNA,EQ,873.05,20,2706.8,0.81,7.08
PATELRMART,EQ,209,6.37,698.07,3.38,7.05
BHARATWIRE,EQ,171.04,7.3,1173.07,4.16,7.02
GOCOLORS,EQ,389.6,1.12,2104.19,1.79,6.99
ZUARI,EQ,274.95,1.1,1156.38,2.55,6.99
TSFINV,EQ,463.1,7.66,10285.63,1.56,6.99
MAPMYINDIA,EQ,1290.2,3.92,7060.19,0.54,6.98
KRSNAA,EQ,720.2,3.54,2336.23,0.96,6.95
SURYAROSNI,EQ,256,4.64,5571.48,2.72,6.83
UNIMECH,EQ,939.3,9.99,4776.99,0.73,6.82
JINDRILL,EQ,460,0.88,1333.13,1.48,6.79
KSHINTL,EQ,364,6.26,2466.31,1.88,6.76
KRYSTAL,EQ,610.25,1.51,852.64,1.11,6.75
CERA,EQ,5155,2.68,6648.68,0.13,6.74
STERTOOLS,EQ,259.35,10.03,938.44,2.61,6.73
ACCELYA,EQ,1360,3.32,2029.97,0.5,6.71
MCLOUD,EQ,23.5,1.91,1384.31,28.62,6.7
MANAKCOAT,EQ,121,3.57,1280.59,5.71,6.69
TIRUMALCHM,EQ,195.5,6.28,2319.73,3.39,6.69
GATEWAY,EQ,60,0.13,2997.86,10.98,6.67
RAJOOENG,EQ,63.98,7.19,1143.16,10.59,6.67
SFL,EQ,525,1.42,5707.32,1.27,6.66
SUBROS,EQ,781.7,2.52,5099.48,0.84,6.61
RTNINDIA,EQ,37.31,4.28,5157.25,17.74,6.6
KOPRAN,EQ,134.11,8.82,647.59,4.97,6.58
AONEGOLD,EQ,14.19,4.03,80.26,46.67,6.58
SURAJEST,EQ,234.9,3.85,1122.2,2.79,6.58
SGMART,EQ,365.5,4.41,4605.3,1.8,6.58
PFS,EQ,34.35,7.21,2206.24,19.38,6.57
AUTOIETF,EQ,28.33,2.94,176.88,23.13,6.56
NFL,EQ,79.78,0.87,3913.83,8.16,6.55
CAPILLARY,EQ,619.2,2.62,4910.98,1.06,6.55
ASALCBR,EQ,901.5,3.16,1710.97,0.73,6.55
SUDARSCHEM,EQ,933.5,4.68,7338.42,0.69,6.5
RATNAMANI,EQ,2100,1.21,14719.32,0.31,6.46
MOSMALL250,EQ,16.03,2.76,158.06,39.68,6.39
BAJAJHIND,EQ,16.33,1.68,2085.93,39.04,6.39
VGUARD,EQ,350,2.16,15272.06,1.83,6.39
INFRABEES,EQ,968.37,2.76,172.82,0.66,6.38
HINDOILEXP,EQ,154.95,1.81,2049.11,4.16,6.34
BBL,EQ,2759.9,1.85,3119.55,0.23,6.34
JYOTHYLAB,EQ,243.69,1.23,8948.65,2.6,6.34
NOCIL,EQ,137.75,3.19,2300.77,4.58,6.3
BIKAJI,EQ,661.1,0.83,16566.68,0.95,6.29
EMIL,EQ,92.1,2.78,3543.54,6.77,6.26
SETL,EQ,121.9,7.46,2431.8,5.14,6.25
SHANTIGOLD,EQ,205,3.65,1477.97,3.05,6.24
LOWVOLIETF,EQ,22.66,1.61,3745.78,27.38,6.23
GROWWRAIL,EQ,33.45,0.9,154.54,18.44,6.19
BALAJITELE,EQ,87,5.63,1059.09,7.1,6.16
LOTUSDEV,EQ,151,2.3,7379.73,4.05,6.14
MSTCLTD,EQ,458.5,2.81,3227.84,1.33,6.12
HIRECT,EQ,1305,5.51,2242.49,0.46,6.09
GREENPOWER,EQ,10.86,5.54,1273.91,56.73,6.09
ABSLBANETF,EQ,61.4,2.47,2899.77,9.89,6.07
SUNTECK,EQ,407.45,3.56,5968.7,1.47,5.97
RAJRATAN,EQ,423,6,2147.61,1.41,5.93
MAHSEAMLES,EQ,525.6,1.88,7043,1.12,5.88
SUMICHEM,EQ,422,2.03,21063.95,1.39,5.88
MTNL,EQ,32.05,2.92,883.37,18.29,5.88
AKUMS,EQ,446.85,1.83,7033.15,1.3,5.86
GALAXYSURF,EQ,1850,2.47,6559.13,0.31,5.85
HUHTAMAKI,EQ,185,1.77,1397.16,3.16,5.85
GHCLTEXTIL,EQ,78,7.65,745.57,7.27,5.84
PRIMESECU,EQ,277.7,4.5,941.41,2.15,5.84
5PAISA,EQ,333.2,0.63,1040.99,1.72,5.8
GOKULAGRO,EQ,165.5,4.16,4883.69,3.5,5.78
GOLDBND,EQ,152,2.81,10.81,3.81,5.78
ELECTCAST,EQ,72.45,2.09,4478.75,7.98,5.77
AGARWALEYE,EQ,446.2,1.37,14135.95,1.28,5.76
PRAKASH,EQ,122.62,3.36,2195.9,4.73,5.74
NRBBEARING,EQ,262.5,4.56,2544.22,2.17,5.68
PSPPROJECT,EQ,754,3.92,2988.99,0.76,5.68
FILATEX,EQ,48.18,3.17,2139.47,11.68,5.68
ADVENZYMES,EQ,287,7.98,3212.3,1.99,5.68
EMBDL,BE,63.31,0.62,8804.1,8.82,5.67
KSCL,EQ,913,0.78,4696.39,0.62,5.66
KSB,EQ,715,2.41,12443.8,0.78,5.65
SDBL,EQ,91.05,5.09,1777.99,6.24,5.64
HARSHA,EQ,400.5,9.07,3646.32,1.43,5.62
ALIVUS,EQ,948,2.83,11635.41,0.59,5.6
DENTA,EQ,268,3.63,715.56,2.06,5.57
ENTERO,EQ,1140,0.87,4960.25,0.48,5.55
GKSL,EQ,105.65,1.37,832.98,5.21,5.53
GROWWLIQID,EQ,107.72,0.01,75.1,5.13,5.52
DCW,EQ,45.96,3.42,1356.53,11.97,5.46
SMSPHARMA,EQ,316.4,0.41,2963.15,1.7,5.42
FUSION,EQ,182.91,1.75,2951.27,2.98,5.42
ASTRAZEN,EQ,8651,0.25,21627.5,0.06,5.41
ALLTIME,EQ,247.3,11.32,1620.01,2.18,5.41
SOLARWORLD,EQ,224.1,2.3,1942.33,2.4,5.41
EVEREADY,EQ,322.9,1.13,2347.07,1.68,5.4
63MOONS,EQ,650.15,1.86,2995.8,0.83,5.39
SULA,EQ,181.9,1.03,1536.1,2.93,5.37
AJMERA,EQ,145.01,6.57,2853.73,3.71,5.37
NHIT,IV,151.5,0.42,29343.29,3.5,5.34
DELTACORP,EQ,63.45,0.87,1699.01,8.37,5.34
WHEELS,EQ,818.55,4.75,1999.96,0.65,5.33
CEIGALL,EQ,273.85,1.24,4770.6,1.96,5.32
INNOVACAP,EQ,722.05,4.55,4131.93,0.73,5.31
STYRENIX,EQ,1930,2.39,3394.03,0.27,5.3
NIACL,EQ,147.89,0.94,24372.27,3.59,5.3
GRINFRA,EQ,1000,3.2,9676.05,0.53,5.28
SWARAJENG,EQ,3582,2.93,4352.08,0.15,5.28
BANKIETF,EQ,61.5,2.59,3197.02,8.58,5.27
CIEINDIA,EQ,423.1,0.37,16050.82,1.24,5.25
NESCO,EQ,1166,2.48,8215.63,0.45,5.25
ZOTA,EQ,1291.1,1.23,4360.55,0.4,5.24
SGBSEP31II,GB,16199.99,9.5,18911.8,0.03,5.23
HEMIPROP,EQ,133.2,2.83,3796.2,3.92,5.23
ORISSAMINE,EQ,4480,2.38,2688,0.12,5.21
JAICORPLTD,EQ,115.45,4.21,2026.21,4.54,5.2
NELCAST,EQ,109.16,20,949.71,4.82,5.2
JYOTISTRUC,EQ,9.46,2.16,1129.2,54.54,5.18
SEPC,EQ,8.09,1.63,1529.06,63.52,5.17
GTLINFRA,EQ,1.01,1,1284.38,503.79,5.14
INFRAIETF,EQ,96.71,3.25,387.43,5.32,5.14
EBBETF0430,EQ,1556.9,0.17,25038.82,0.33,5.11
SAPPHIRE,EQ,188,0.73,6042,2.69,5.08
VISHNU,EQ,525,3.24,3534.05,0.96,5.06
TVSSCS,EQ,100.27,3.68,4423.71,5.03,5.05
NIF100IETF,EQ,29.1,2.25,152.94,17.06,5.02
ALLCARGO,EQ,10.38,2.06,1554.69,48.85,5.02
KABRAEXTRU,EQ,224,12.13,783.39,2.3,5
VIPIND,EQ,375.3,1.43,5331.19,1.32,4.99
ADSL,EQ,133.75,3.54,755.88,3.72,4.96
TAC,SM,645.9,7.72,1358.08,0.77,4.92
BHAGYANGR,BE,172,2.42,550.31,2.87,4.91
BBTC,EQ,1764,2.72,12307.76,0.28,4.89
SGFIN,EQ,357.25,4.31,1996.85,1.38,4.88
SANGHVIMOV,EQ,300.25,2.02,2599.44,1.59,4.82
RELIABLE,BE,167.49,5,172.85,2.97,4.79
SINDHUTRAD,EQ,22,5.16,3392.24,21.72,4.78
MONTECARLO,EQ,587.6,2.49,1218.22,0.81,4.78
SETFNN50,EQ,732,2.8,2882.44,0.64,4.74
SCODATUBES,EQ,130,9.89,778.82,3.66,4.72
SPORTKING,EQ,100.9,9.67,1282.16,4.68,4.7
PFIZER,EQ,4710.1,3.5,21547.64,0.1,4.7
PICCADIL,EQ,588,2.34,5791.67,0.8,4.69
RIIL,EQ,734,3.93,1108.34,0.64,4.68
PANACHE,EQ,324.45,5,494.07,1.45,4.68
ATALREAL,EQ,26.3,0.61,291.97,17.7,4.67
UNIECOM,EQ,104,0.12,1168.74,4.48,4.67
MARKOLINES,EQ,141.1,4.14,311,3.3,4.65
MOTISONS,EQ,12.42,9.23,1222.7,38.58,4.65
ARIHANTCAP,EQ,80.25,1.72,839.52,5.64,4.65
MOGOLD,EQ,149.9,5.53,1695.29,3.11,4.64
GROWWPOWER,EQ,10.02,4.48,90.6,46.56,4.62
ARKADE,EQ,123,4.47,2283.66,3.76,4.57
PRECAM,EQ,147,4.1,1396.29,3.07,4.56
PRSMJOHNSN,EQ,125.6,0.34,6322.16,3.64,4.55
GULFOILLUB,EQ,1131,2.65,5587.15,0.4,4.55
AONELIQUID,EQ,1045.53,0.01,273.92,0.43,4.54
MUFTI,EQ,97.1,8.01,634.74,4.73,4.53
MANINFRA,EQ,110.6,3.4,4464.55,4.12,4.52
POLYPLEX,EQ,855,2.86,2684.06,0.52,4.51
MAITHANALL,EQ,1029.5,2.24,2997.03,0.44,4.5
ALICON,EQ,740.5,7.54,1209.74,0.59,4.5
BHARATRAS,EQ,1942,3.08,3227.81,0.23,4.5
NAHARSPING,EQ,184,12.08,663.6,2.44,4.49
XPROINDIA,EQ,984,3.62,2309.49,0.46,4.45
JAIBALAJI,EQ,69.41,1.94,6331.98,6.39,4.45
ONWARDTEC,EQ,340,4.86,773.26,1.32,4.44
HLEGLAS,EQ,380.8,2.68,2644.84,1.17,4.43
SANATHAN,EQ,444.75,0.62,3753.87,0.98,4.43
BAJAJHCARE,EQ,354,4.67,1118.05,1.25,4.4
RPTECH,EQ,365.95,3.79,2411.6,1.2,4.4
GANDHAR,EQ,145.15,3.07,1420.72,3.04,4.4
SOLEX,EQ,995.5,5.45,1075.39,0.43,4.38
CARERATING,EQ,1619.7,3.09,4865.88,0.27,4.37
SIS,EQ,342.05,1.06,4829.15,1.28,4.33
EFCIL,EQ,264.15,5.32,3626.34,1.65,4.33
ARMANFIN,EQ,1591,1.04,1672.61,0.27,4.32
MOMENTUM50,EQ,50.99,3.76,272.01,8.42,4.29
DBL,EQ,460,1.76,7472.46,0.93,4.28
NITCO,EQ,86.29,7.94,1977.04,5.03,4.25
TARSONS,EQ,208.56,8.85,1109.67,2.08,4.25
IKIO,EQ,154,5.08,1190.12,2.78,4.24
FMGOETZE,EQ,432,2.5,2403.31,0.98,4.22
MID150CASE,EQ,10.95,3.01,192.5,37.92,4.15
ROSSARI,EQ,546,3.25,3023.82,0.76,4.11
GOLD360,EQ,149,6.66,147.19,2.84,4.11
EXICOM,EQ,96.98,2.04,1348.8,4.19,4.09
C2C,SM,399,9.72,677.04,1.04,4.08
ECOSMOBLTY,EQ,197.25,2.78,1183.5,2.05,4.08
AMBIKCO,EQ,1339,7.55,766.58,0.3,4.06
CARRARO,EQ,515.05,3.77,2928.14,0.78,4.05
DHANUKA,EQ,1131,3.6,5098.36,0.36,4.03
SUDEEPPHRM,EQ,609.5,2.34,6884.22,0.66,4
JGCHEM,EQ,334,7.29,1308.81,1.2,3.99
KCK,SM,20,1.52,127.2,21.98,3.98
REPCOHOME,EQ,405,4.66,2533.74,0.99,3.97
MIRZAINT,EQ,39.25,1.11,542.44,9.87,3.96
STYL,EQ,270.74,6.36,4380.73,1.5,3.95
BGRENERGY,EQ,336,3.83,2424.63,1.18,3.94
DJML,EQ,78.76,3.37,259.73,4.99,3.94
IRBINVIT,IV,61.98,0.21,7943.36,6.36,3.94
ITDC,EQ,539.2,0.75,4624.69,0.73,3.94
RUPA,EQ,152.4,3.75,1211.95,2.55,3.91
MAHSCOOTER,EQ,13392,1.53,15305.14,0.03,3.89
PARKHOTELS,EQ,128,4.58,2731.19,3.03,3.84
EBGNG,EQ,281.45,9.98,3208.85,1.39,3.83
NAVKARCORP,EQ,97.55,1.89,1468.31,3.89,3.83
NXST,RR,160.79,1.62,24359.69,2.39,3.83
QUESS,EQ,212,1.43,3163.1,1.81,3.82
GREENPLY,EQ,235.6,5.15,2942.36,1.63,3.81
UDS,EQ,150.97,1.88,1010.79,2.52,3.81
AVL,EQ,510,0.43,6586.04,0.74,3.8
NIFTYBETA,EQ,283.74,2.49,70113.64,1.33,3.8
UNIONGOLD,EQ,149,3.29,242.26,2.56,3.78
ANNAPURNA,SM,207,8.66,451.67,1.91,3.77
ORIENTHOT,EQ,105.15,1.5,1877.97,3.49,3.73
PSUBANK,EQ,876.4,2.17,2313.03,0.42,3.72
SILGO,EQ,71.9,0.33,176.91,5.18,3.7
TOP100CASE,EQ,10.9,1.77,120.03,33.49,3.67
PROSTARM,EQ,153,3.56,900.78,2.4,3.66
SHREEPUSHK,EQ,352.85,4.55,1141.04,1.03,3.65
FINOPB,EQ,221.85,4.64,1846.2,1.66,3.63
DONEAR,EQ,95.26,8.27,495.35,3.73,3.62
CHEMPLASTS,EQ,262,2.26,4142.47,1.37,3.61
ORCHPHARMA,EQ,700.05,3.83,3550.59,0.52,3.6
PANACEABIO,EQ,370,0.71,2266.28,0.96,3.59
BIRLAMONEY,EQ,122.5,2.23,692.24,2.79,3.58
HNDFDS,EQ,487,6.41,5818.76,0.74,3.56
SBILIQETF,EQ,1025.41,0.01,32.49,0.34,3.53
SGBJUN31I,GB,16190,9.98,12578.48,0.02,3.53
TAJGVK,EQ,368.95,2.4,2313.37,0.95,3.52
ELIN,EQ,160,8.13,794.55,2.24,3.51
STLNETWORK,EQ,21.15,1.15,1031.95,16.51,3.51
GANESHCP,EQ,204.95,4.43,828.26,1.69,3.5
GIPCL,EQ,141.52,2.86,2196.62,2.48,3.49
PVTBANIETF,EQ,29.14,2.43,3086.48,11.91,3.48
MODIS,EQ,328,1.02,642.59,1.05,3.47
STUDDS,EQ,506,4.91,1991.28,0.7,3.46
SML100CASE,EQ,9.67,3.31,32.33,35.83,3.46
LANDMARK,EQ,407,1.27,1687.62,0.84,3.43
VIDYAWIRES,EQ,46.1,1.54,980.51,7.42,3.43
MHRIL,EQ,298.25,0.69,6025.82,1.14,3.43
CONFIPET,EQ,31.6,2.33,1049.88,10.69,3.41
HDFCMID150,EQ,22.12,2.88,150.28,15.41,3.41
ROTO,EQ,58.95,4.78,1110.89,5.83,3.41
JKIL,EQ,573,1.12,4335.63,0.59,3.38
SALASAR,EQ,7.92,3.53,1384.38,42.58,3.38
GEOJITFSL,EQ,71.43,2.28,1993.77,4.78,3.37
STARCEMENT,EQ,218.77,0.56,9022.71,1.54,3.37
DHAMPURSUG,EQ,116.5,0.84,749.17,2.85,3.36
PSB,EQ,27.17,0.97,19278.71,12.33,3.36
CAPINVIT,IV,73.75,0.82,3625.19,4.54,3.33
CHEMICAL,EQ,28.54,4.05,32.69,11.67,3.33
BOROLTD,EQ,264.05,4.68,3157.57,1.24,3.31
MOVALUE,EQ,120.5,2.09,125.04,2.76,3.31
RAMKY,EQ,472,5.22,3266.14,0.7,3.3
LEMERITE,EQ,462.15,3,1156.93,0.72,3.3
SAWALIYA,SM,313,0.97,310.44,1.05,3.3
WSTCSTPAPR,EQ,399.9,1.05,2641.3,0.82,3.28
SOLARA,EQ,528,2.21,1909.85,0.62,3.28
VEEDOL,EQ,1465.3,2.54,2553.14,0.22,3.27
WENDT,EQ,6882.5,1.56,1376.5,0.05,3.26
AUTOAXLES,EQ,1970,1.84,2977.06,0.17,3.26
BMWVENTLTD,EQ,59.5,8.01,515.95,5.54,3.25
SGBMAY29I,GB,15500,7.38,8244.41,0.02,3.25
ELLEN,EQ,254.6,0.49,3588.22,1.27,3.25
DANISH,SM,673,12.49,1325.25,0.5,3.24
KELLTONTEC,EQ,16.11,3.87,850.29,19.86,3.22
PSUBNKIETF,EQ,89.29,2.73,119.88,3.62,3.22
UFLEX,EQ,481.5,5,3476.98,0.67,3.22
FINIETF,EQ,31.99,4,231.49,10.05,3.21
HARIOMPIPE,EQ,412.05,3.08,1276.01,0.78,3.21
RUSTOMJEE,EQ,508.95,6.14,6424.51,0.65,3.2
ARMOUR,ST,31.9,4.93,53.82,10.94,3.2
ITETF,EQ,40.51,1.1,140.91,7.69,3.15
DCMSHRIRAM,EQ,1170,0.79,18245.25,0.27,3.15
AURUM,EQ,184.64,5.08,1406.4,1.71,3.13
VIVIANA,SM,747,19.96,756.32,0.44,3.11
WESTLIFE,EQ,481,0.25,7486.47,0.63,3.09
IGARASHI,EQ,405,6.65,1274.74,0.77,3.07
SYNCOMF,EQ,13.42,3.31,1261.48,22.87,3.07
BANKNIFTY1,EQ,619.65,2.4,6375.54,0.49,3.06
BANKBETA,EQ,61.64,2.17,3991.19,4.93,3.05
GPTINFRA,EQ,103.65,2.79,1309.77,2.98,3.05
NEXT50BETA,EQ,74.2,3.2,2223.52,4.09,3.03
GOCLCORP,EQ,258.8,0.92,1282.94,1.15,3.02
JSWHL,EQ,17880,1.89,19846.13,0.02,3.01
GUJALKALI,EQ,472,6.17,3466.22,0.65,3.01
TASTYBITE,EQ,7360.5,8.09,1888.7,0.04,3.01
INDOSTAR,EQ,210,9.61,3392.89,1.43,2.98
QGOLDHALF,EQ,124.42,3.71,678.34,2.4,2.97
AXISNIFTY,EQ,282.29,2.38,1232.82,1.05,2.97
ESABINDIA,EQ,5751.5,3.03,8853.3,0.05,2.96
KCP,EQ,176,2.31,2269.01,1.67,2.93
FISCHER,EQ,38.36,4.98,2487.71,7.68,2.92
IRMENERGY,EQ,237,1.98,973.11,1.23,2.92
JNKINDIA,EQ,225.2,2.16,1260.08,1.29,2.91
INGERRAND,EQ,3468,3.43,10947.78,0.08,2.89
VESUVIUS,EQ,492,4.67,9985.67,0.59,2.87
WONDERLA,EQ,507.05,4.38,3215.85,0.57,2.86
ALPL30IETF,EQ,27.4,1.9,1572.9,10.4,2.85
SGBMAY28,GB,15550.01,8.35,3956.38,0.02,2.82
RACLGEAR,EQ,1054.1,3.93,1242.58,0.27,2.82
ASTEC,EQ,594.7,1.52,1325.09,0.47,2.81
MONARCH,EQ,292,0.4,2314.64,0.95,2.8
ADVAIT,EQ,1471.7,2.84,1609.57,0.19,2.79
MEIL,EQ,265.5,5.02,733.58,1.05,2.79
GANESHHOU,EQ,739,1.07,6162.31,0.38,2.79
HONDAPOWER,EQ,2135,2.66,2165.55,0.13,2.77
VENUSREM,BE,795,1,1062.68,0.35,2.77
ENERGY,EQ,35.73,3.12,146.17,7.8,2.77
CONSUMBEES,EQ,129.09,2,196.41,2.13,2.75
ALGOQUANT,EQ,60.92,0.98,1712.44,4.46,2.75
PNBGILTS,EQ,79.1,1.95,1423.88,3.45,2.73
NIITLTD,EQ,78.05,1.83,1064.48,3.48,2.72
SARLAPOLY,EQ,93,4.98,776.58,2.91,2.72
GREENPANEL,EQ,220.98,0.43,2709.82,1.22,2.72
NELCO,EQ,653,2.52,1490.04,0.42,2.72
SPIC,EQ,71.25,2.27,1450.94,3.8,2.71
GALAPREC,EQ,834,1.08,1063.37,0.32,2.68
BHAGCHEM,EQ,222.73,4.65,2888.12,1.2,2.67
MIDCAP,EQ,174.49,3.39,176.35,1.53,2.67
AFFORDABLE,EQ,195.1,14.52,219.41,1.39,2.67
DOLLAR,EQ,333.5,4.81,1891.48,0.8,2.64
MANALIPETC,EQ,60.31,2.67,1037.33,4.33,2.64
BLSE,EQ,164.58,4.25,1495.32,1.61,2.64
MIRCELECTR,EQ,32.88,4.98,922.09,8.03,2.62
734GS2064,GS,100.3,0.21,239717,2.62,2.62
INDSWFTLAB,EQ,112.3,3.36,916.5,2.35,2.62
BAJEL,EQ,160.55,2.75,1857.34,1.63,2.61
RSWM,EQ,151,10.86,711.24,1.72,2.6
HATHWAY,EQ,11.09,2.5,1963.05,23.57,2.59
ZUARIIND,EQ,273.95,1.63,815.86,0.95,2.59
SUBEXLTD,EQ,9.74,2.2,547.39,26.3,2.57
FRESHARA,SM,190.5,6.81,447.66,1.35,2.56
DSSL,EQ,968,3.4,1231.81,0.27,2.55
RSYSTEMS,EQ,380,3.51,4501.63,0.66,2.54
TAURIAN,SM,269,7.21,238.96,0.98,2.54
NSIL,EQ,5910,3.79,3035.47,0.04,2.53
ROHLTD,EQ,358,2.78,981.82,0.7,2.52
GOACARBON,EQ,375.1,1.19,343.26,0.66,2.52
UNITECH,EQ,4.28,0.71,1119.06,58.4,2.52
GOPAL,EQ,305.15,2.99,3802.85,0.84,2.52
DELPHIFX,EQ,229.91,6.92,375.93,1.11,2.52
LGHL,EQ,274.55,1.59,1375.29,0.9,2.49
FLAIR,EQ,309.5,2.42,3261.99,0.8,2.48
SHOPERSTOP,EQ,381.45,5.23,4200.23,0.66,2.48
KRMAYURVED,ST,163.7,1.96,348.04,1.49,2.48
RISHABH,EQ,402.5,1.77,1548.76,0.62,2.48
DIAMONDYD,EQ,1123,3.29,2684.07,0.22,2.46
NEXT50,EQ,707.32,2.7,1127.22,0.35,2.46
HINDWAREAP,EQ,230.8,1.6,1930.56,1.07,2.46
CLSEL,EQ,254.5,7.67,1265.52,0.98,2.45
STANLEY,EQ,180,1.78,1028.26,1.35,2.44
TRAVELFOOD,EQ,1100,2.44,14484.74,0.22,2.44
QUICKHEAL,EQ,184.63,2.67,1000.97,1.32,2.43
ASIANENE,EQ,253,0.42,1132.79,0.95,2.43
APLLTD,EQ,792.6,1.35,15579.59,0.31,2.43
SHALBY,EQ,171.17,3.79,1848.8,1.42,2.42
DDEVPLSTIK,EQ,292,1.96,3021.52,0.83,2.41
HEALTHIETF,EQ,145.85,2.99,138.87,1.65,2.41
JUNIPER,EQ,230,1.32,5117.55,1.02,2.4
GANESHIN,SM,120.6,4.92,515.22,2,2.4
ONEPOINT,EQ,50.75,0.55,1334.32,4.69,2.39
BANSALWIRE,EQ,276.15,3.82,4323.29,0.87,2.39
WCIL,EQ,113.55,5.84,1157.7,2.11,2.39
NDTV,EQ,83.3,2.84,939.83,2.84,2.38
RPSGVENT,EQ,722.45,1.44,2390.33,0.33,2.38
NDL,EQ,3.04,11.76,438.21,78.4,2.37
IVALUE,EQ,250.15,3.79,1366.19,0.94,2.36
SGBJAN29IX,GB,15650,8.84,4491.37,0.02,2.34
PLATIND,EQ,230.32,1.88,1265.03,0.99,2.33
BALMLAWRIE,EQ,176.7,1.18,3021.64,1.32,2.33
ENCOMPAS,SM,216.45,1.48,307,1.09,2.32
GGBL,SM,270,18.76,669.63,0.89,2.31
MIDSMALL,EQ,47.55,3.35,385.95,4.82,2.29
BODALCHEM,EQ,52.8,10.48,664.98,4.38,2.28
SPANDANA,EQ,249.75,0.62,1780.85,0.92,2.28
EBBETF0433,EQ,1266.2,0.23,6353.21,0.18,2.27
ALPHAETF,EQ,24.67,3.61,414.2,9.17,2.27
MUTHOOTMF,EQ,176.21,1.62,3004.24,1.27,2.25
FAZE3Q,EQ,441.6,20,1073.93,0.51,2.25
SENSEXIETF,EQ,964.7,3.37,26999.13,0.23,2.24
SGBDE30III,GB,15845.2,7.36,4454.1,0.01,2.22
VINDHYATEL,EQ,1229,3.12,1456.47,0.18,2.22
RADHIKAJWE,EQ,70.44,4.46,831.19,3.14,2.2
UNICHEMLAB,EQ,410.6,9.39,2890.86,0.55,2.2
LIQUIDSHRI,EQ,1090.66,0.01,33.19,0.2,2.19
MAKEINDIA,EQ,156.1,3.12,234.08,1.4,2.19
KHAICHEM,EQ,66.51,4.46,645.08,3.33,2.19
ARVSMART,EQ,561,6.55,2573.14,0.4,2.19
MANGALAM,BE,37.9,4.99,59.99,5.78,2.18
URJA,EQ,10.07,0.1,529.13,21.76,2.18
TCI,EQ,1094.9,1.74,8400.84,0.2,2.17
RAJESHEXPO,BZ,169.5,5,5004.66,1.28,2.16
SAHASRA,SM,269.5,4.6,673.55,0.78,2.16
JKIPL,EQ,75.35,8.42,289.24,2.82,2.14
IVZINGOLD,EQ,13230,8.04,729.19,0.02,2.13
IPL,EQ,162.2,3.24,1867.95,1.31,2.11
NIFTYCASE,EQ,10.25,2.5,17.62,20.54,2.11
JTEKTINDIA,EQ,141.62,1.5,3927.27,1.48,2.11
COFFEEDAY,EQ,30.3,0.53,640.09,6.83,2.1
EQUAL50ADD,EQ,353,5.11,1105.3,0.6,2.07
FILATFASH,EQ,0.31,6.9,258.36,684.65,2.05
MOENERGY,EQ,35.4,2.16,36.53,5.8,2.05
AVADHSUGAR,EQ,349.3,4.07,699.24,0.59,2.05
MODISONLTD,EQ,152,3.6,493.24,1.31,2.05
NUCLEUS,EQ,907,0.24,2387.71,0.22,2.05
JAYKAY,EQ,172.3,6.77,2244.85,1.21,2.04
DOLATALGO,EQ,76.9,0.84,1353.44,2.63,2.04
HATSUN,EQ,908,2.69,20225.54,0.23,2.03
AYMSYNTEX,EQ,171.25,7.33,1003.2,1.13,2.03
KAMDHENU,EQ,21.22,0.66,598.16,9.44,2.02
SWELECTES,EQ,541.5,3.31,820.85,0.36,2.02
PRINCEPIPE,EQ,241.78,2.72,2673.15,0.84,2.01
BIL,EQ,930.2,8.47,1247.44,0.22,2.01
WAKEFIT,EQ,183,1.84,5980.96,1.1,2.01
DPABHUSHAN,EQ,1284,2.92,2931.1,0.15,2
ADVENTHTL,EQ,206,4.15,1111.22,0.96,1.99
DWARKESH,EQ,34.3,0.62,635.58,5.8,1.99
INDNIPPON,EQ,736.35,3.17,1665.73,0.27,1.99
E2ERAIL,SM,225.5,6.19,389.16,0.86,1.98
GROWWMETAL,EQ,11.35,3.18,33.94,17.31,1.95
BETA,EQ,1440,1.36,1453.62,0.13,1.95
WINDMACHIN,EQ,270,5.49,2351.28,0.73,1.95
SABTNL,BE,1722.5,5,4370.51,0.11,1.94
APTECHT,EQ,81.43,5.26,472.32,2.4,1.94
DEN,EQ,28.88,3,1378.22,6.72,1.93
MASPTOP50,EQ,71.31,1.48,1202.46,2.69,1.92
SPUNWEB,SM,122,7.73,294.06,1.56,1.92
JUBLCPL,EQ,2110,1.06,3197.18,0.09,1.92
SOUTHWEST,BE,211.7,1.18,631.5,0.91,1.91
CHOICEGOLD,EQ,150.3,2.83,77.4,1.27,1.9
20MICRONS,EQ,172.2,1.98,607.63,1.08,1.88
IGCL,EQ,71.8,6.62,453.95,2.66,1.87
PURVA,EQ,236.5,1.82,5608.59,0.78,1.85
ORBTEXP,EQ,187.77,10.39,497.8,0.97,1.84
BRIGHOTEL,EQ,62.45,2.34,2372.12,2.94,1.84
OBSCP,SM,319.6,3.88,781.5,0.58,1.83
NARMADA,EQ,30.81,6.98,116.88,6.04,1.83
FDC,EQ,381.85,1.34,6216.9,0.48,1.83
ETHOSLTD,EQ,2575.2,1.67,6890.64,0.07,1.82
SANOFICONR,EQ,4388.1,3.45,10106.07,0.04,1.82
SATIN,EQ,157.1,2.01,1735.5,1.16,1.81
SGBMR29XII,GB,15500,7.63,5007.91,0.01,1.81
MUKKA,EQ,24,4.03,720,7.45,1.79
SUMMITSEC,EQ,1805,5.53,1967.77,0.1,1.79
MSPL,EQ,31.05,6.23,1759.9,5.74,1.79
TIL,EQ,248,6.17,1651.73,0.73,1.78
SJLOGISTIC,SM,336.4,7.18,514.46,0.53,1.78
SMARTWORKS,EQ,465.5,4.74,5318.9,0.39,1.77
KKCL,EQ,472.1,3.43,2909.32,0.37,1.75
RBZJEWEL,EQ,141.6,5.59,566.4,1.25,1.74
APOLLOPIPE,EQ,267.2,3.17,1176.97,0.65,1.74
SGBJUN29II,GB,15500,6.49,2942.64,0.01,1.74
AEROENTER,EQ,81.35,4.85,919.95,2.11,1.72
WEL,EQ,137.36,1.61,1840.73,1.23,1.71
AVANA,SM,74.8,12.91,169.39,2.28,1.71
OMINFRAL,EQ,82.1,5.66,790.65,2.08,1.7
GLOTTIS,EQ,51.57,4.2,476.52,3.33,1.7
MONIFTY500,EQ,23.95,2.7,201.9,7.07,1.69
ORIENTELEC,EQ,173,0.32,3691.23,0.97,1.69
REMSONSIND,EQ,113.95,6.58,397.44,1.48,1.69
SSEGL,SM,382.25,3.45,993.03,0.43,1.69
DBCORP,EQ,248,2.87,4420.41,0.68,1.68
SARVESHWAR,EQ,4.07,2.01,500.09,41.06,1.67
GROWWNIFTY,EQ,10.35,2.68,18.45,16.06,1.67
SUNFLAG,EQ,240.8,1.13,4339.68,0.69,1.66
OMAXE,EQ,78,3.83,1426.62,2.17,1.66
SUPREME,EQ,64.4,12.47,248.89,2.6,1.66
JAGSNPHARM,EQ,180.02,6.81,1204.16,0.92,1.64
TEAMLEASE,EQ,1425.1,3.24,2389.74,0.12,1.64
GROWWCAPM,EQ,10,5.49,20.58,16.44,1.64
GILT5YBEES,EQ,63.86,0.3,246.21,2.56,1.63
TIRUPATIFL,EQ,35.04,4.94,428.47,4.66,1.63
JINDALPOLY,EQ,395,1.1,1729.56,0.4,1.62
KSOLVES,EQ,268.2,1.57,635.96,0.6,1.62
INDOBORAX,EQ,247.15,1.3,793.1,0.64,1.62
SUPREMEPWR,SM,184.05,12.26,459.96,0.89,1.62
SGBNV29VII,GB,15500,7.1,5034.77,0.01,1.61
RITCO,EQ,244,6.07,698.4,0.67,1.61
IRISDOREME,EQ,34.4,3.37,654.74,4.68,1.6
VIJAYPD,SM,55,4.56,107.41,3,1.6
AONETOTAL,EQ,11.87,3.31,43.38,13.51,1.6
BEPL,EQ,82.57,1.36,2054.82,1.92,1.6
PANAMAPET,EQ,304.6,2.21,1842.63,0.53,1.6
TNPETRO,EQ,95.98,3,863.55,1.67,1.59
ONMOBILE,EQ,50.6,5.9,537.99,3.19,1.59
VMARCIND,SM,596.95,4.37,1457.79,0.27,1.58
CCCL,BE,18.55,4.98,828.74,8.51,1.58
TVTODAY,EQ,120.8,0.51,720.8,1.29,1.57
NILKAMAL,EQ,1410,1.92,2104.08,0.11,1.56
CONTROLPR,EQ,650.55,1.06,1040.5,0.24,1.56
ABINFRA,EQ,18.3,0.11,1168.98,8.49,1.55
FELIX,SM,198,2.06,340.69,0.78,1.55
BCLIND,EQ,27.81,1.83,820.85,5.53,1.54
ASMS,EQ,10.65,0.38,324.37,13.92,1.53
ABCOTS,EQ,417,1.08,915.88,0.36,1.53
THOMASCOTT,EQ,331,5.18,485.59,0.46,1.53
NCLIND,EQ,184.91,0.87,836.4,0.83,1.53
SHIVATEX,EQ,179.88,9.22,233.17,0.83,1.52
RAMCOIND,EQ,313,0.53,2718.14,0.48,1.52
INDIANHUME,EQ,385.5,1.59,2030.88,0.4,1.52
VICTORYEV,SM,21.1,3.69,50.83,7.32,1.52
DALMIASUG,EQ,281,1.04,2274.39,0.54,1.5
ADOR,EQ,1054.2,2.25,1834.6,0.14,1.5
EXCELINDUS,EQ,916,1.13,1151.48,0.16,1.5
BIOFILCHEM,EQ,46.34,9.99,75.41,3.24,1.49
MINDTECK,EQ,218,1,696.6,0.67,1.49
MCLEODRUSS,EQ,41.9,0.96,437.67,3.52,1.48
APS,SM,349,7.35,703.58,0.44,1.48
SGBJUL28IV,GB,15498.99,7.6,6402.35,0.01,1.48
SMALL250,EQ,15.93,2.97,19.02,9.23,1.48
TOP10ADD,EQ,99.3,2.72,884.24,1.48,1.46
MASTERTR,EQ,89.54,1.9,1101.49,1.63,1.46
SUBAHOTELS,SM,120,10.04,290.91,1.24,1.45
KAVDEFENCE,EQ,68.7,3.79,236.15,2.09,1.44
AJAXENGG,EQ,518.15,2.27,5927.99,0.28,1.43
AHCL,EQ,123.9,2.25,658.55,1.14,1.43
GICL,ST,42.95,4.88,480.84,3.39,1.41
ALEMBICLTD,EQ,94.7,2.73,2431.72,1.49,1.41
PPL,EQ,217.5,4.79,520.22,0.65,1.41
KANPRPLA,EQ,201.57,20,474.91,0.72,1.41
FAIRCHEMOR,EQ,654,3.64,851.57,0.21,1.4
ARIHANTSUP,EQ,288.5,7.35,1247.76,0.47,1.39
IVP,EQ,144.55,1.43,149.27,0.91,1.37
GREENLAM,EQ,252,3.23,6429.72,0.54,1.37
SCILAL,EQ,44.62,1.18,2078.4,3.08,1.37
SAKUMA,EQ,2,9.89,313.54,66.68,1.37
SURYODAY,EQ,135.1,0.46,1435.98,1.01,1.37
CENTENKA,EQ,445.2,3.09,972.79,0.3,1.35
GUJTHEM,EQ,329,3.23,3584.96,0.41,1.35
TCIEXP,EQ,538,4.97,2066.94,0.25,1.35
KECL,EQ,85.49,5.02,567.77,1.58,1.34
KINGFA,EQ,4395,3.15,5955.83,0.03,1.33
NIF100BEES,EQ,278.6,2.66,324.2,0.48,1.33
UGROCAP,EQ,154.9,3.21,2166.4,0.86,1.33
SGBMAR30X,GB,15900,9,2448.11,0.01,1.32
TALBROAUTO,EQ,263,2.22,1623.45,0.5,1.32
MAHEPC,EQ,124.89,7.44,348.97,1.08,1.32
REGAAL,EQ,59.6,1.57,612.23,2.14,1.29
VAKRANGEE,EQ,6.91,1.47,748.49,18.54,1.28
SHREMINVIT,IV,102,0.99,6230.61,1.25,1.27
NPST,EQ,1200.1,1.07,2502.29,0.1,1.27
VAL30IETF,EQ,15.6,2.56,24.38,8.1,1.26
MANBA,EQ,129.44,0.57,650.3,0.97,1.26
702GS2027,GS,102,0.1,38760,1.23,1.25
GUFICBIO,EQ,307.3,3.68,3081.68,0.41,1.25
SCPL,EQ,321.95,6.64,338.05,0.39,1.25
TINNARUBR,EQ,642.3,2.59,1157.15,0.19,1.25
SGBSEP29VI,GB,15550,8.12,5474.13,0.01,1.24
SARTELE,SM,204.5,3.73,963.35,0.6,1.24
BANSWRAS,EQ,120,11.8,410.79,1.04,1.24
BAJAJINDEF,EQ,306.4,3.92,980.48,0.4,1.23
SUNLITE,ST,377.9,4.68,411.16,0.32,1.23
LAXMIINDIA,EQ,94.8,2.94,495.5,1.29,1.22
SAKAR,EQ,401,4.69,892.22,0.3,1.22
SGBJUN28,GB,15775,9.68,3767.59,0.01,1.21
ZTECH,SM,573,4.43,828.46,0.21,1.21
MEGASOFT,BE,172.8,4.99,1274.75,0.71,1.21
KICL,EQ,4787,4.64,2089.67,0.03,1.21
SGBJUN30,GB,15799,6.41,4041.17,0.01,1.21
KALPATARU,EQ,337,5.3,6939.3,0.36,1.2
SUTLEJTEX,EQ,31.91,10.42,522.78,3.75,1.19
GROWWEV,EQ,30.45,2.84,262.8,3.89,1.18
SGBAUG30,GB,16189,8.57,5440.16,0.01,1.18
EVINDIA,EQ,30.6,3.2,159.72,3.85,1.18
ELECTHERM,EQ,804.35,4.9,1024.97,0.14,1.17
INFLUX,SM,224,4.89,518.57,0.52,1.17
GICHSGFIN,EQ,163.6,3,881,0.72,1.17
KHADIM,EQ,164.1,0.06,301.59,0.7,1.17
AGARWALTUF,SM,94.5,1.67,167.02,1.24,1.17
MOMOMENTUM,EQ,62.1,3.74,123.73,1.88,1.17
ECOLINE,SM,138.9,5.23,284.96,0.83,1.16
DHANBANK,EQ,24.05,1.39,949.25,4.83,1.16
SGBSEP28VI,GB,15599,7.46,4976.29,0.01,1.16
APCOTEXIND,EQ,367,4.23,1902.71,0.32,1.16
MUKANDLTD,EQ,125,0.52,1806.19,0.92,1.16
NV20IETF,EQ,15.24,2.01,194.85,7.61,1.16
SHANKARA,EQ,103.9,0.01,251.95,1.08,1.16
HDFCNIF100,EQ,27.38,3.63,75.26,4.24,1.15
DIVGIITTS,EQ,604.9,1.53,1849.96,0.19,1.15
SANSTAR,EQ,90,0.27,1640.2,1.27,1.14
BBNPPGOLD,EQ,145.45,5.44,324.05,0.79,1.14
MUTHOOTCAP,EQ,230.5,0.12,379.12,0.49,1.14
AIMTRON,ST,846.3,5,1727.62,0.13,1.13
ESSARSHPNG,EQ,27.99,8.87,579.33,4.12,1.12
SGBJU29III,GB,15600,8.58,2307.6,0.01,1.12
SUPERHOUSE,EQ,164.5,4.28,181.36,0.65,1.12
ORICONENT,BE,65.85,1.01,1034.16,1.7,1.12
VIPCLOTHNG,EQ,24.93,1.76,224.69,4.41,1.11
TERASOFT,EQ,433.05,4.99,541.83,0.26,1.11
TCPLPACK,EQ,2763.8,7.2,2515.06,0.04,1.1
HGS,EQ,410.8,2.87,1911.05,0.27,1.09
BESTAGRO,BE,20.21,1.46,716.79,5.48,1.09
MAGSON,SM,139.5,4.89,158.68,0.78,1.09
DREAMFOLKS,EQ,91.18,0.23,485.71,1.18,1.09
DECCANCE,EQ,660,5.6,924.49,0.17,1.08
JAGRAN,EQ,66.98,0.89,1457.85,1.61,1.08
TECHD,SM,522,2.57,390.44,0.2,1.07
JPASSOCIAT,BE,3.11,4.71,763.12,34.79,1.07
SYSTMTXC,EQ,84.9,0.64,1159.21,1.26,1.07
GINNIFILA,EQ,41.44,16.08,354.93,2.61,1.06
96IIFL28A,NF,999,0.66,327.7,0.11,1.05
GULPOLY,EQ,129.35,3.22,806.76,0.81,1.05
BFUTILITIE,BZ,535.55,3.23,2017.29,0.2,1.05
DHARARAIL,SM,124,4.2,187.04,0.85,1.05
KIRLOSIND,EQ,3150.6,5.1,3311.08,0.03,1.05
NGLFINE,EQ,1818.3,3.44,1123.35,0.06,1.04
UTTAMSUGAR,EQ,219,2.24,835.22,0.48,1.03
SOMANYCERA,EQ,420,1.49,1722.54,0.25,1.03
SPECIALITY,EQ,116,8.52,559.53,0.92,1.02
TOLINS,EQ,121.43,3.39,479.76,0.85,1.02
HERANBA,EQ,218,0.57,872.29,0.46,1.01
WSI,EQ,78.8,2.05,597.79,1.28,1.01
WAAREEINDO,BE,447.2,4.99,1860.52,0.23,1.01
NIFTY100EW,EQ,33.76,0.3,5.21,2.86,1
HDFCMOMENT,EQ,30.52,1.67,120.29,3.24,1
KESORAMIND,BE,9.1,0.22,282.7,10.9,1
PENINLAND,EQ,21.22,5.15,703.93,4.67,1
MVGJL,EQ,173.85,3.46,849.21,0.58,1
OMAXAUTO,EQ,114.3,0.82,244.27,0.86,0.99
SASKEN,EQ,1286,2.16,1947.36,0.08,0.99
SGBJAN30IX,GB,15501,6.42,3616.67,0.01,0.99
UYFINCORP,BE,13.95,4.1,265.38,7.05,0.99
HILINFRA,EQ,52.5,1.76,376.53,1.89,0.98
MONQ50,EQ,99.61,1.99,146.18,0.99,0.98
LAOPALA,EQ,194.51,0.92,2159.06,0.5,0.98
HEALTHY,EQ,14.65,3.31,51.85,6.65,0.97
PUNJABCHEM,EQ,1177,3.41,1443.26,0.08,0.97
718GS2037,GS,101.98,0.56,175405.6,0.96,0.97
AONENIFTY,EQ,10.55,2.83,16.99,9.18,0.97
SAFEENTP,SM,230,8.01,1071.9,0.42,0.97
FOODSIN,EQ,60.31,4.07,442.76,1.55,0.96
BIGBLOC,EQ,57.89,2.64,819.58,1.68,0.96
AARTISURF,EQ,412,1.18,348.76,0.23,0.96
TNIDETF,EQ,94.53,1.11,182.12,1,0.95
VSSL,EQ,256.7,3.55,2481.92,0.37,0.95
VALIANTLAB,EQ,59,1.78,320.44,1.59,0.95
SGBAUG29V,GB,15601,6.58,3576.91,0.01,0.95
TVSSRICHAK,EQ,4045,2.24,3097.28,0.02,0.95
SUPREMEINF,BZ,83.99,0.07,215.84,1.14,0.94
BFSI,EQ,28.52,3.37,484.24,3.3,0.94
SATIA,EQ,60.2,0.07,602,1.54,0.93
SHANTIGEAR,EQ,456,0.39,3498.24,0.2,0.93
MWL,EQ,273,0.42,810.83,0.34,0.92
CONNPLEX,SM,243.9,0.95,465.85,0.37,0.92
SENSEXETF,EQ,85.63,2.33,23.51,1.06,0.91
EVIETF,EQ,30.03,1.35,44.14,2.96,0.91
709GS2074,GS,97.1,0.31,153418,0.93,0.9
SURAKSHA,EQ,286.8,6.12,1493.68,0.32,0.9
HDFCPSUBK,EQ,90,4.09,30.62,1.01,0.9
HDFCNEXT50,EQ,70.2,2.83,144.77,1.28,0.89
ATL,EQ,24.6,4.81,717.97,3.66,0.89
NILASPACES,EQ,14.33,1.56,564.44,6.24,0.89
MEDICAMEQ,EQ,366,1.33,496.4,0.24,0.88
GANESHBE,EQ,73,5.01,525.52,1.22,0.88
KCEIL,SM,116.5,3.83,142.41,0.76,0.87
SIMPLEXINF,EQ,233,5.57,1842.92,0.38,0.87
SGBMAR31IV,GB,16121,9.42,5693.27,0.01,0.87
RANEHOLDIN,EQ,1350,3.88,1927.5,0.06,0.87
OSELDEVICE,ST,468,4.99,828.11,0.19,0.87
ESCONET,SM,125,3.86,164.95,0.68,0.86
DISHTV,EQ,3.37,1.2,620.5,25.75,0.86
TIRUPATI,SM,553,4.14,560.19,0.16,0.86
MEGATHERM,SM,225.5,13.52,424.86,0.4,0.86
TVSELECT,BE,407,0.15,759.07,0.21,0.85
CYBERTECH,EQ,132.1,2.11,411.24,0.64,0.85
ANDHRSUGAR,EQ,69.89,0.07,947.26,1.21,0.85
DEVIT,EQ,30.8,1.02,173.51,2.67,0.85
ASIANHOTNR,EQ,310.05,1.42,603.15,0.27,0.84
SGBN28VIII,GB,15405,6.26,2423.91,0.01,0.84
CENTRUM,EQ,25.01,3.82,1149.41,3.35,0.84
ZEEMEDIA,EQ,7.99,2.3,499.72,10.55,0.84
SGBAUG27,GB,15502,6.95,1588.7,0.01,0.84
GRPLTD,EQ,1830.1,7.56,976.05,0.05,0.83
EIFFL,EQ,256.8,1.8,636.86,0.32,0.83
INDOAMIN,EQ,116.86,3.99,848.26,0.7,0.82
HEIDELBERG,EQ,171.57,2.02,3888,0.48,0.82
LINCOLN,EQ,474.1,1.96,949.61,0.17,0.82
HDFCNIFBAN,EQ,61.24,2.02,5801.04,1.32,0.82
IT,EQ,42.5,1.7,428.67,1.91,0.82
UTSSAV,SM,212,3.11,504.94,0.38,0.82
SRHHYPOLTD,EQ,458,3.82,786.15,0.18,0.81
THEMISMED,EQ,81.2,4.21,747.85,0.98,0.81
SGBJAN29X,GB,15550,8.09,1887.84,0.01,0.81
ASHIANA,EQ,292.1,0.38,2936.33,0.28,0.81
VERTOZ,EQ,54.9,1.42,467.91,1.46,0.8
RAMAPHO,EQ,156.47,4.13,553.69,0.52,0.8
MEDICO,EQ,49.16,1.44,407.95,1.61,0.8
HMAAGRO,EQ,26.22,1.83,1313.02,3.02,0.8
DURLAX,SM,45,13.64,74.82,1.82,0.8
741GS2036,GS,104.02,0.15,156030,0.76,0.79
TEXINFRA,EQ,97,0.14,1236.04,0.81,0.79
FOSECOIND,EQ,4570,5.13,3444.53,0.02,0.79
MIDQ50ADD,EQ,244,1.98,102.03,0.32,0.79
INDIQUBE,EQ,172.8,1.58,3662.76,0.45,0.78
AMANTA,EQ,106.25,3.39,412.56,0.74,0.78
OMFREIGHT,EQ,93.33,2.47,314.29,0.84,0.78
ACCENTMIC,SM,331.05,1.88,794.16,0.23,0.78
BYKE,EQ,53.05,4.86,277.34,1.47,0.78
SURAJLTD,EQ,222.5,1.63,408.6,0.33,0.77
JAYBARMARU,EQ,87.8,3.55,950.43,0.88,0.77
SGBAPR28I,GB,15380,6.24,2726.68,0,0.77
RUSHIL,EQ,20.25,5.8,594.17,3.9,0.77
ESTER,EQ,99.2,3.69,968.06,0.77,0.76
ANUHPHR,EQ,81.9,14.21,820.83,0.98,0.76
DMCC,EQ,218.5,0.08,544.94,0.34,0.76
TTL,EQ,9.45,7.51,244.1,8.04,0.76
ASAL,EQ,452,1.77,717.07,0.17,0.76
SHARIABEES,EQ,517.06,1.06,51.32,0.14,0.75
CHANDAN,SM,273,4.6,667.54,0.28,0.75
PILANIINVS,EQ,4645,2.24,5143.06,0.02,0.75
ABSLPSE,EQ,10.5,1.65,30.66,7.16,0.75
ESFL,SM,146.1,4.96,362.9,0.51,0.75
SCHAND,EQ,164.5,2,580.23,0.46,0.74
GCSL,BE,304.65,5,689.71,0.25,0.74
OCCLLTD,EQ,94.1,1.38,470.03,0.77,0.74
CEWATER,EQ,406.7,0.93,841.72,0.18,0.74
NIFTYADD,EQ,269.48,2.56,220.76,0.27,0.74
ABSMARINE,SM,178,1.74,436.99,0.41,0.73
EMKAY,EQ,238,6.32,616.68,0.31,0.73
MATRIMONY,EQ,524.5,1.45,1131,0.14,0.72
SNOWMAN,EQ,38.57,2.42,644.46,1.87,0.72
725GS2063,GS,98.91,0.02,237384,0.72,0.71
INDORAMA,EQ,41.8,4.11,1091.45,1.7,0.71
VETO,EQ,102.74,3.62,196.39,0.69,0.71
GPECO,SM,342,8.43,404.61,0.21,0.71
MONOLITH,SM,479,2.21,1041.15,0.15,0.71
OSWALGREEN,EQ,28.3,3.85,726.77,2.53,0.71
HDFCLIQUID,EQ,1046.97,0.01,48.36,0.07,0.7
MAANALU,BE,150.1,0.74,811.81,0.46,0.7
LIBERTSHOE,EQ,257.19,5.59,438.25,0.27,0.69
KAPSTON,BE,398,0.23,807.47,0.17,0.69
HDFCBSE500,EQ,37.56,0.75,18.79,1.82,0.69
ALLETEC,SM,205,7.5,413.98,0.34,0.68
FIBERWEB,EQ,42.6,8.67,122.65,1.61,0.68
ARROWGREEN,EQ,460.3,4.9,694.5,0.15,0.68
3IINFOLTD,EQ,15.15,1.81,314.21,4.5,0.68
SGBJUL29IV,GB,15500,7.43,4531.83,0,0.68
MAXIND,EQ,161.3,4.72,846.02,0.42,0.67
ZODIAC,EQ,253.1,2.78,382.78,0.26,0.67
DIVOPPBEES,EQ,84.35,2.09,73.28,0.8,0.67
DHARMAJ,EQ,240.66,2.4,813.37,0.28,0.67
PRECOT,EQ,393.5,19.99,472.2,0.17,0.67
VGL,EQ,134.99,9.93,347.79,0.5,0.66
LAMBODHARA,EQ,119.9,12.97,124.43,0.57,0.66
TECH,EQ,41.47,0.97,226.09,1.57,0.66
NAHARINDUS,EQ,105.28,8.87,454.87,0.63,0.66
AXISBNKETF,EQ,618.66,2.93,421.2,0.11,0.66
SENSEXBETA,EQ,925,2.99,54787.3,0.07,0.66
ELIQUID,EQ,1017.23,0.01,108.53,0.07,0.66
LIKHITHA,EQ,175,7.73,690.38,0.4,0.66
PSUBANKADD,EQ,88.56,2.41,231.96,0.75,0.66
SETF10GILT,EQ,257.53,0.06,3227.47,0.26,0.66
VIKASLIFE,EQ,1.7,1.8,315.8,38.79,0.66
PHANTOMFX,SM,204.8,9.72,326.1,0.32,0.66
HESTERBIO,EQ,1509.9,0.61,1284.45,0.04,0.66
XCHANGING,EQ,74.48,3.07,829.73,0.88,0.65
JINDALPHOT,EQ,1390.9,2.14,1426.83,0.05,0.65
GROWWSC250,EQ,9.24,3.47,12.23,7.07,0.65
EMULTIMQ,EQ,40.92,2.48,32.7,1.59,0.65
RKSWAMY,EQ,111.99,4.2,565.29,0.58,0.65
STCINDIA,EQ,121,2.01,726,0.53,0.65
HARDWYN,BE,16.35,2,798.59,4.06,0.65
SBIBPB,EQ,51.18,2.79,1381.37,1.26,0.64
KOTHARIPET,EQ,116.8,0.2,687.33,0.55,0.64
CHEMCON,EQ,182.3,3.37,667.78,0.35,0.64
EXCEL,EQ,1.27,4.96,179.16,51.15,0.64
CGRAPHICS,SM,155.15,1.9,376.8,0.4,0.64
DUCON,EQ,3.45,7.48,112.1,18.38,0.64
IGPL,EQ,351,1.12,1080.9,0.18,0.63
GROWWRLTY,EQ,9.11,4.23,11.12,6.98,0.63
SOTL,EQ,353.1,4.14,2420.87,0.18,0.63
BFINVEST,EQ,390,4.66,1469.04,0.16,0.63
STEELXIND,EQ,8.05,1.39,1004.01,7.76,0.63
MADRASFERT,EQ,73.37,0.6,1182,0.85,0.62
SHREDIGCEM,EQ,72.2,0.38,1067.62,0.86,0.62
TREL,EQ,24.44,8.57,600.48,2.59,0.62
INTENTECH,EQ,115.9,3.69,273.81,0.55,0.62
AMRUTANJAN,EQ,580,0.93,1676.82,0.11,0.62
IWARE,ST,217.25,4.98,232.81,0.29,0.62
BLUSPRING,EQ,60.51,2.25,901.29,1.02,0.62
UFO,EQ,74.9,2.14,290.72,0.83,0.61
CHEMBONDCH,EQ,150,3.55,403.45,0.41,0.6
PYRAMID,EQ,153.1,3.8,563.18,0.39,0.6
HINDCOMPOS,EQ,402.5,0.68,594.45,0.15,0.6
LTGILTCASE,EQ,29.66,0.24,98.18,2.02,0.6
726GS2032,GS,105.9,0.47,156732,0.57,0.6
GLOBE,EQ,2.76,6.56,124.32,21.72,0.6
RAPPID,SM,281,13.31,145.89,0.22,0.59
TPLPLASTEH,EQ,61.55,0.57,480.11,0.96,0.59
MIDSELIETF,EQ,17.95,2.4,93.06,3.26,0.59
SIGNPOST,EQ,205.55,2.36,1098.66,0.29,0.58
AXITA,BE,10.14,3.89,352.64,5.73,0.58
ARIES,EQ,319.8,1.75,415.88,0.18,0.58
NV20BEES,EQ,156.1,1.81,158.21,0.36,0.57
ADVANIHOTR,EQ,56.02,2.66,517.84,1.01,0.57
HDFCSENSEX,EQ,94.57,2.55,1002.76,0.6,0.57
DENORA,EQ,651,11.32,345.59,0.09,0.57
PRIZOR,SM,285,8.7,304.7,0.2,0.57
PVP,EQ,30.5,3.46,794.23,1.83,0.56
KOKUYOCMLN,EQ,82.3,0.1,825.5,0.68,0.56
SHREERAMA,EQ,58.83,5.15,785.19,0.96,0.56
BOROSCI,EQ,111.33,5.22,990.25,0.5,0.56
GFLLIMITED,EQ,48.15,2.27,528.93,1.14,0.56
CROWN,EQ,128,11.31,143.66,0.45,0.55
DYNPRO,EQ,220.71,1.86,274.31,0.25,0.55
JAYESH,SM,149.05,1.6,129.55,0.37,0.55
BASML,EQ,25.4,8.27,203,2.16,0.55
STEL,EQ,428.35,3.28,790.54,0.13,0.55
MENONBE,EQ,117.7,5.62,659.59,0.47,0.55
TCL,SM,93,7.45,226.38,0.58,0.54
SPENCERS,EQ,35.88,5.5,323.39,1.51,0.54
96IIFL28,N5,1000,0.76,382.82,0.05,0.54
KAMOPAINTS,EQ,5.41,0.19,170.07,9.88,0.54
KRONOX,EQ,127.35,3.55,472.52,0.43,0.54
MULTICAP,EQ,16.24,2.78,61.53,3.27,0.53
PVSL,EQ,117.99,11.19,840.07,0.47,0.52
SIGMA,EQ,52.5,8.02,539.57,1.01,0.52
INTLCONV,EQ,76.3,3.46,486.65,0.68,0.52
SGBFEB29XI,GB,15520,7.31,1905.72,0,0.52
RBMINFRA,SM,360.5,4.66,364.21,0.15,0.52
IFGLEXPOR,EQ,179.3,2.38,1292.37,0.29,0.52
VIKASECO,EQ,1.57,4.67,277.69,32.75,0.51
ORIENTPPR,EQ,20.05,2.66,425.43,2.52,0.51
FWSTC,SM,194.5,2.4,197.95,0.26,0.5
DPEL,ST,283,1.84,706.51,0.18,0.5
JAYAGROGN,EQ,178.36,0.85,535.08,0.27,0.5
NIFTYBETF,EQ,262.38,2.15,197.06,0.19,0.5
CSSL,SM,145,0.69,348.68,0.34,0.5
VMSTMT,EQ,48.89,3.91,242.65,1.01,0.49
VIESL,ST,228.35,4.99,562.71,0.22,0.49
MOHEALTH,EQ,42.84,2.56,41.94,1.15,0.49
KRISHIVAL,EQ,326,2.47,835.48,0.15,0.49
AVPINFRA,SM,93.25,4.78,232.93,0.51,0.49
BLAL,EQ,190.6,0.54,793.74,0.25,0.48
MUNJALAU,EQ,73.74,3.34,737.4,0.66,0.48
SAHYADRI,EQ,247,3.02,270.37,0.19,0.48
PROZONER,BE,49,1.85,747.75,0.98,0.48
MONEYBOXX,EQ,55.59,4.26,363.61,0.89,0.48
GROWWMOM50,EQ,10.32,3.2,21.5,4.61,0.48
PAUSHAKLTD,EQ,483.9,1.24,1193.15,0.1,0.47
AVTNPL,EQ,69,3.6,1050.76,0.69,0.47
DBEIL,EQ,92,6.42,428.54,0.53,0.47
MID150,EQ,22.25,3.58,6.41,2.11,0.47
CIFL,EQ,32.71,2.15,1279.15,1.44,0.47
RAMRAT,EQ,294,3.05,2743.05,0.16,0.47
JPOLYINVST,EQ,1005,3.17,1056.45,0.05,0.47
VINYAS,SM,1065,7.65,1340.27,0.04,0.46
BANARBEADS,EQ,123.99,14.59,82.28,0.38,0.46
CONSUMIETF,EQ,120,2.05,54.69,0.38,0.46
SHRITECH,SM,66.95,19.55,167.04,0.72,0.46
SSDL,EQ,67.95,6.42,269.08,0.69,0.46
SMALLADD,EQ,15.99,3.5,6.06,2.85,0.46
MAZDA,EQ,207,6.13,414.52,0.22,0.46
TIGERLOGS,EQ,32,7.6,338.32,1.42,0.46
SGBD29VIII,GB,15625,7.82,3875.77,0,0.46
COASTCORP,BE,48.14,4.99,322.43,0.94,0.45
BALAJIPHOS,SM,144.05,3.19,342.51,0.32,0.45
MUNJALSHOW,EQ,119,0.69,475.77,0.37,0.45
MOMIDMTM,EQ,63,4.49,23.81,0.72,0.45
UMAEXPORTS,EQ,31.15,1.01,105.32,1.43,0.45
CSLFINANCE,EQ,270.45,2.99,616.16,0.17,0.45
VHL,EQ,3410,9.54,1088.31,0.01,0.45
SHAH,EQ,4.91,0.2,434.64,9.03,0.45
RML,EQ,745,2.08,2058.97,0.06,0.44
KILITCH,EQ,330.7,1.16,578.09,0.13,0.44
NEOCHEM,SM,81,7.28,138.68,0.55,0.44
TRACXN,EQ,35.95,3.39,383.51,1.23,0.44
SGBOC28VII,GB,15460,7.09,2874.81,0,0.44
PRABHA,EQ,160.4,4.38,2195.96,0.28,0.44
RPPINFRA,EQ,86.9,4.35,430.9,0.51,0.44
BANKPSU,EQ,88.63,2.63,66.35,0.49,0.43
WOMANCART,SM,180,2.53,120.45,0.24,0.43
NIRAJ,EQ,32.3,4.46,192.81,1.33,0.43
KOHINOOR,EQ,24.25,2.02,89.9,1.68,0.42
BVCL,EQ,47.98,8.75,106.32,0.9,0.42
ASCOM,ST,159.5,4.97,186.84,0.27,0.42
PURPLEUTED,SM,354.4,2.43,340.57,0.12,0.41
BELLACASA,EQ,317,3.31,424.38,0.13,0.41
HTMEDIA,EQ,21.79,0.37,398.01,1.87,0.41
TIPSFILMS,EQ,374,10.41,161.68,0.12,0.41
VISAKAIND,EQ,63.4,4.38,547.81,0.65,0.41
VINEETLAB,EQ,34.02,3.34,31.36,1.21,0.41
WEALTH,EQ,844,3.46,899.28,0.05,0.41
ORIENTCER,EQ,41.11,0.98,491.84,0.96,0.4
PIGL,EQ,106.55,5,190.01,0.37,0.4
AXISVALUE,EQ,32.76,2.5,21.72,1.21,0.39
RNPL,ST,149.75,0.77,118.96,0.26,0.39
HDFCNIFIT,EQ,40.99,1.46,132.18,0.95,0.39
709GS2054,GS,99.94,0.43,147911.2,0.39,0.39
NAHARPOLY,EQ,236,4.37,580.28,0.16,0.39
PONNIERODE,EQ,270,2.68,232.16,0.14,0.39
SOFTTECH,EQ,294,5.51,406.96,0.14,0.39
TUNWAL,SM,29.85,4.19,172.21,1.3,0.39
HDFCPVTBAN,EQ,29.37,2.48,754.23,1.31,0.39
CHEMFAB,EQ,407.4,0.33,585.58,0.09,0.39
SBINEQWETF,EQ,33.3,1.68,30.61,1.15,0.38
875NHAI29,N6,1168,0.27,1389.7,0.03,0.38
HCL-INSYS,EQ,12.74,2.49,419.41,3,0.38
NURECA,EQ,279.8,1.97,266.98,0.14,0.38
ANDHRAPAP,EQ,65.4,1.63,1300.48,0.58,0.38
SGBOCT27VI,GB,15450,7.67,1071.01,0,0.38
GVKPIL,BE,2.9,1.75,457.8,13.11,0.38
SPCENET,EQ,5.84,2.46,330.6,6.43,0.38
BEDMUTHA,EQ,130,2.91,419.43,0.29,0.38
SAHANA,SM,910,1.93,804.18,0.04,0.37
SBIETFIT,EQ,425.77,1.7,75.95,0.09,0.37
FLYSBS,SM,513.85,5,889.15,0.07,0.37
PPAP,EQ,195.99,6.33,276.64,0.19,0.37
MOLDTECH,EQ,134.97,4.73,388.78,0.27,0.37
VIGOR,SM,60.8,2.44,62.94,0.59,0.37
STARTECK,EQ,281.1,2.95,278.58,0.13,0.37
MANUFGBEES,EQ,154.49,3.28,9.32,0.24,0.37
OSIAHYPER,EQ,14.08,0.14,231.72,2.61,0.37
TRF,EQ,276.1,1.36,303.83,0.13,0.36
SATKARTAR,SM,146.05,2.85,229.95,0.24,0.36
AIRAN,EQ,14.98,0.33,187.28,2.41,0.36
BPL,EQ,59.29,3.6,290.38,0.61,0.36
CENTEXT,EQ,21.57,1.79,172.56,1.67,0.36
VIDHIING,EQ,320,0.02,1598.24,0.11,0.36
MONIFTY100,EQ,26.23,2.22,9.44,1.34,0.36
HPAL,EQ,38.5,2.42,353.72,0.92,0.36
FINKURVE,EQ,90,12.08,1260.45,0.42,0.36
CONSUMER,EQ,11.27,3.02,41.21,3.15,0.36
EIHAHOTELS,EQ,337.2,1.7,2054.77,0.11,0.36
LAGNAM,EQ,76.2,12.67,134.64,0.46,0.35
SHALPAINTS,EQ,62.8,3.87,525.71,0.56,0.35
AUTOIND,EQ,75.6,2.01,343.04,0.46,0.35
PRAMARA,SM,350,0.47,488.05,0.1,0.35
REPRO,EQ,419.9,0.84,602.36,0.08,0.35
CORDSCABLE,EQ,168.85,3.48,218.29,0.21,0.35
ASHWINI,SM,136.25,2.1,204.38,0.25,0.35
MOM50,EQ,267.2,2.67,58.78,0.13,0.34
AFIL,EQ,5.02,1.21,214.23,6.79,0.34
BANKBETF,EQ,60.81,2.39,422.93,0.56,0.34
DCI,EQ,237,4.99,379.2,0.15,0.34
PRIMECAB,SM,82,5.33,150.26,0.42,0.34
SALSTEEL,BE,39.32,4.99,334.09,0.87,0.34
AVG,EQ,153,6.64,230.38,0.23,0.34
PLAZACABLE,EQ,40.25,2.24,176.1,0.83,0.33
MNC,EQ,31.3,1.26,40.86,1.06,0.33
BHARATGEAR,EQ,112.77,2.23,173.16,0.3,0.33
NECLIFE,BE,13.9,0.22,311.72,2.37,0.33
HIGREEN,SM,142.85,1.24,356.98,0.23,0.33
APCL,EQ,144.87,1.58,425.55,0.23,0.33
ATMASTCO,SM,150.15,5,371.39,0.22,0.33
AMJLAND,EQ,41.1,1.56,168.51,0.77,0.33
CHEVIOT,EQ,1032.5,2.35,603.17,0.03,0.32
UNIHEALTH,ST,303,1,469.65,0.11,0.32
OSWALAGRO,EQ,52.5,2.16,704.73,0.61,0.32
MAGADSUGAR,EQ,445,4.56,627.08,0.07,0.32
PASUPTAC,EQ,46.45,5.23,414.02,0.69,0.32
RADIANTCMS,EQ,45.82,2.57,488.94,0.7,0.32
DVL,EQ,261,3.35,914.15,0.12,0.32
ENVIRO,SM,104,15.56,195.42,0.32,0.32
935TSI34,N0,105670.96,0.89,1320.26,0,0.32
PTL,EQ,41.57,0.02,550.29,0.76,0.32
IRIS,EQ,291.05,0.66,598.64,0.11,0.32
CPEDU,EQ,213.25,0.85,387.96,0.15,0.32
IMPAL,EQ,1082,1.37,1350.34,0.03,0.31
NAVKARURB,BE,1.25,0.81,140.26,26.09,0.31
ESSENTIA,EQ,1.6,5.96,170.83,19.79,0.31
ALANKIT,EQ,9.63,0.42,261.13,3.2,0.31
SESHAPAPER,EQ,233,1.26,1469.49,0.13,0.31
EVERESTIND,EQ,430,3.86,681.8,0.07,0.31
QNIFTY,EQ,2816,2.59,81.99,0.01,0.3
NETF,EQ,280,3.18,748.11,0.11,0.3
ASAHISONG,EQ,224.8,5.07,264.98,0.13,0.3
GANDHITUBE,EQ,745,5.2,905.32,0.04,0.3
PRITIKAUTO,EQ,13.7,4.82,228.12,2.23,0.3
HILTON,EQ,27.3,3.14,94.72,1.1,0.3
FIDEL,SM,158.7,18.43,218.22,0.2,0.3
LICNETFGSC,EQ,28.66,0.24,2285.56,1.04,0.3
182D160426,TB,98.41,0.01,8315.65,0.3,0.3
RUBYMILLS,EQ,206.8,7.11,691.54,0.14,0.29
SAURASHCEM,EQ,73.75,2.84,820.74,0.4,0.29
SUMIT,EQ,52,5.07,235.4,0.56,0.29
GLOBECIVIL,EQ,54.01,2.33,322.54,0.54,0.29
WINSOL,SM,130,1.13,149.96,0.22,0.29
KODYTECH,ST,729.75,5,930.25,0.04,0.29
RUBFILA,EQ,71.7,4.14,389.1,0.4,0.29
NDLVENTURE,EQ,93.6,0.21,315.17,0.31,0.29
BANKADD,EQ,61.34,2.46,725.96,0.47,0.29
CLEDUCATE,EQ,74,3.34,401.26,0.38,0.29
AERONEU,EQ,72.8,4.75,187.79,0.39,0.28
VLEGOV,EQ,14.21,1.79,154.11,1.96,0.28
NRAIL,EQ,448,0.6,762.46,0.06,0.28
901NHB34,N6,6210,0.32,826.82,0,0.28
VRAJ,EQ,125,2.09,412.28,0.23,0.28
ARCHIDPLY,EQ,88.3,6.26,175.41,0.32,0.28
MONEXT50,EQ,69.3,0.67,2.18,0.4,0.28
YUKEN,EQ,795.1,1.47,1080.06,0.03,0.28
GROWWNET,EQ,9.68,2.43,24.38,2.83,0.27
BAIDFIN,EQ,11.89,0.59,178.45,2.3,0.27
NAMOEWASTE,SM,178.85,4.35,408.99,0.15,0.27
AUSOMENT,BE,108.36,1.63,147.62,0.25,0.27
QUALITY30,EQ,21.38,2.54,2.49,1.23,0.27
ABSLNN50ET,EQ,71.88,2.42,99.48,0.37,0.27
GATECH,EQ,0.52,4,57.34,53.9,0.27
PARSVNATH,EQ,8.82,3.89,383.83,3.08,0.27
SBIETFQLTY,EQ,227.51,0.11,74.35,0.12,0.27
MOMENTUM,EQ,31.3,3.88,44.01,0.86,0.27
GROWWCHEM,EQ,28.6,4,7.45,0.93,0.27
MMP,EQ,250,3.35,635.07,0.11,0.26
VISHNUINFR,SM,187.5,3.16,461.43,0.14,0.26
NILAINFRA,EQ,8.24,3.26,324.56,3.22,0.26
MASON,SM,170.2,0.71,407.46,0.15,0.26
DUCOL,SM,137,8.17,222.68,0.19,0.26
930APMD35,N0,104497.12,3.35,1044.96,0,0.26
RUCHIRA,EQ,116.41,0.29,347.43,0.22,0.26
LORDSCHLO,EQ,146,8.5,367.25,0.18,0.26
UMIYA-MRO,EQ,91.33,4.98,170.65,0.29,0.26
MARALOVER,EQ,42.58,10.68,176.74,0.6,0.26
SUMEETINDS,EQ,26.4,1.46,1389.5,0.96,0.26
VIRINCHI,EQ,20.03,0.75,205.6,1.27,0.26
KUANTUM,EQ,87.16,3.34,760.59,0.29,0.26
DCMNVL,EQ,136.6,1.83,255.14,0.18,0.26
TRIGYN,EQ,60.6,8.62,186.56,0.43,0.25
RUDRA,EQ,17.64,0.34,177.01,1.43,0.25
SGBJUL27,GB,15398.98,5.62,825.3,0,0.25
SURYALAXMI,EQ,58.25,4.92,109.54,0.43,0.25
VINNY,EQ,1.21,19.8,56.29,21.29,0.25
BALAXI,EQ,25.67,7.9,141.72,1,0.25
ECAPINSURE,EQ,24.01,3.18,16.34,1.03,0.25
SILKFLEX,SM,97.75,4.99,113.46,0.26,0.25
BUTTERFLY,EQ,594.5,0.11,1062.94,0.04,0.25
OAL,EQ,290.45,3.27,977.47,0.08,0.24
KMSUGAR,EQ,23.91,0.76,219.97,1.01,0.24
VISHWARAJ,EQ,6.22,1.47,135.49,3.89,0.24
FCSSOFT,EQ,1.62,2.53,276.95,14.99,0.24
ANLON,SM,390,4.56,243.96,0.06,0.24
CHEMBOND,EQ,150.99,5.16,203.06,0.16,0.24
EEPL,SM,160,3.23,207.35,0.15,0.24
UNITEDPOLY,BE,30.45,3.15,698.87,0.81,0.24
CAPTRUST,EQ,14.8,2.14,50.35,1.59,0.24
PRLIND,SM,64,10.34,146.32,0.37,0.23
SYSTANGO,ST,292.75,4.98,429.43,0.08,0.23
RICHA,ST,66.85,4.37,90.26,0.35,0.23
KRITI,EQ,75,1.08,395.22,0.31,0.23
LICNETFN50,EQ,285.78,2.53,916.66,0.08,0.23
GSLSU,BE,89.25,4.99,378.26,0.26,0.23
SAKHTISUG,EQ,17.2,1.53,204.42,1.34,0.23
SACHEEROME,ST,380,2.7,850.17,0.06,0.23
SGBJUN27,GB,15500,6.97,712.67,0,0.23
APOLSINHOT,EQ,1314.8,0.18,341.9,0.02,0.23
SHIVAMILLS,EQ,55.18,4.43,47.69,0.39,0.23
DEVX,EQ,38.2,2.66,344.52,0.6,0.23
MGEL,EQ,11.94,2.31,393.49,1.9,0.23
AARVI,EQ,132.89,3.76,196.82,0.17,0.23
STARPAPER,EQ,143,1.22,223.2,0.16,0.22
733GS2026,GS,102.5,0.05,47150,0.21,0.22
SUDARCOLOR,EQ,390,2.03,900.19,0.06,0.22
GEECEE,EQ,316.2,3.98,661.23,0.07,0.22
GROWWMC150,EQ,219.7,3.92,5.53,0.1,0.22
OILCOUNTUB,EQ,48,4.99,249.55,0.45,0.22
INFOLLION,SM,360,1.29,349.09,0.06,0.21
RSSOFTWARE,EQ,36.85,4.13,95.19,0.58,0.21
AMCL,ST,296.1,5,350.43,0.07,0.21
SADHNANIQ,EQ,6.12,2,201.6,3.46,0.21
JHS,EQ,11,5.77,94.16,1.94,0.21
IVC,EQ,7.71,1.98,242.12,2.71,0.21
718GS2033,GS,105.5,0.06,212055,0.2,0.21
INNOMET,SM,76.6,6.46,99.12,0.27,0.21
MARC,SM,48.6,3.29,84.14,0.42,0.21
NIFTYQLITY,EQ,21.9,1.67,27.39,0.95,0.21
SAHAJSOLAR,SM,142.1,1.28,312.22,0.14,0.21
FROG,SM,142.9,4.27,222.27,0.14,0.21
LOWVOL1,EQ,21.67,1.78,174.68,0.95,0.21
ASHIMASYN,EQ,17.45,7.65,334.45,1.21,0.21
UCAL,EQ,111.5,1.07,246.57,0.18,0.2
AARON,EQ,161.99,4.77,339.31,0.13,0.2
DIGIDRIVE,EQ,23,9.47,88.69,0.91,0.2
TARAPUR,EQ,29.39,4.7,57.31,0.7,0.2
VASWANI,EQ,53.05,3.73,166.29,0.38,0.2
SPEB,SM,56,6.77,125.8,0.36,0.2
HDFCQUAL,EQ,60,1.52,20.17,0.33,0.2
HITECHGEAR,BE,698,4.97,1311.77,0.03,0.2
GTL,EQ,7.1,2.16,111.68,2.81,0.2
MBLINFRA,EQ,26.11,3.61,398.25,0.76,0.2
AVONMORE,EQ,14.94,0.47,421.58,1.33,0.2
SUNDRMBRAK,EQ,580,2.96,228.21,0.03,0.2
IEML,SM,78,5.69,143,0.26,0.2
PATILAUTOM,SM,151.1,6.41,329.71,0.13,0.2
GTPL,EQ,78.85,1.55,886.77,0.25,0.2
UNIENTER,EQ,112.49,5.75,782.32,0.17,0.19
OMFURN,SM,51,0.1,60.05,0.37,0.19
MOPSE,EQ,104,1.96,1.25,0.19,0.19
RVTH,EQ,638.75,1.07,195.9,0.03,0.19
NV20,EQ,156.06,1.92,88.27,0.12,0.19
SHEETAL,ST,211.6,0.76,242.41,0.09,0.19
GLOBALVECT,EQ,175.9,4.81,246.26,0.11,0.19
NEXT30ADD,EQ,40.66,1.8,43.47,0.46,0.19
PARIN,SM,675,2.43,750.47,0.03,0.18
BSHSL,EQ,92,4.24,965.42,0.2,0.18
DIVIDEND,EQ,37.15,1.45,7.89,0.49,0.18
KNAGRI,EQ,169.05,0.05,422.61,0.11,0.18
HDFCGROWTH,EQ,127.92,2.3,17.7,0.14,0.18
LINC,EQ,111,5.55,660.33,0.17,0.18
VARDHACRLC,EQ,37.65,2.39,302.57,0.47,0.18
PRESSTONIC,SM,38.25,0.66,29.48,0.46,0.18
PIONEEREMB,EQ,26.26,6.06,80.9,0.64,0.17
REPL,EQ,100.21,3.35,181.61,0.17,0.17
SONAMLTD,EQ,41.58,3.02,166.45,0.41,0.17
BLBLIMITED,EQ,14.18,0.5,74.96,1.17,0.17
MOTOUR,EQ,79.5,3.66,7.55,0.21,0.17
AKSHOPTFBR,EQ,5.3,0.57,86.23,3.12,0.17
BSL,EQ,141.85,1.14,145.99,0.12,0.17
TARMAT,EQ,55.5,4.42,139.11,0.31,0.17
URAVIDEF,EQ,187.98,2.23,214.3,0.09,0.17
SHREEKARNI,SM,463,11.28,334.69,0.04,0.16
SREEL,EQ,216.5,2.12,501.31,0.07,0.16
SHEKHAWATI,EQ,14.5,3.87,49.98,1.09,0.16
HDFCVALUE,EQ,141.12,2.62,36.99,0.12,0.16
HECPROJECT,EQ,115,3.44,124.64,0.14,0.16
SHREEOSFM,SM,76.05,1.2,117.14,0.21,0.16
ONELIFECAP,BE,15.2,3.05,20.31,1.08,0.16
PVTBANKADD,EQ,29.34,2.73,490.17,0.55,0.16
MODIRUBBER,EQ,127.89,3.13,320.24,0.13,0.16
BEACON,ST,89.9,1.81,162.4,0.18,0.16
SHERA,SM,122,3.39,298.16,0.13,0.16
NEXT50ETF,EQ,68.83,2.59,7.31,0.23,0.16
IDEALTECHO,SM,217,10.52,108.5,0.07,0.16
JAYSREETEA,EQ,81.01,1.72,233.94,0.2,0.16
FOCUS,EQ,69.95,3.25,471.78,0.23,0.16
JEYYAM,SM,44,4.39,208.99,0.36,0.16
ALMONDZ,EQ,14.2,0.35,246.58,1.11,0.16
INNOVANA,EQ,343,0.88,708.64,0.05,0.16
732GS2030,GS,104.55,0.53,73185,0.15,0.16
PRIMO,EQ,20.66,5.68,500.68,0.77,0.16
BALAJEE,EQ,32.9,1.48,268.37,0.48,0.16
VINYLINDIA,EQ,217.1,1.9,398.1,0.07,0.15
ETML,SM,102,9.68,198.66,0.16,0.15
DCM,EQ,87,2.8,162.5,0.18,0.15
IDFNIFTYET,EQ,282.69,2.48,4.04,0.05,0.15
WORTHPERI,EQ,143.49,4.09,226.01,0.11,0.15
EMAPARTNER,SM,91,10.64,211.54,0.17,0.15
ROSSELLIND,EQ,42.7,1.76,160.96,0.36,0.15
SURANAT&P,EQ,17.84,3.3,242.2,0.85,0.15
HMVL,EQ,71.94,1.1,529.99,0.21,0.15
NECCLTD,EQ,14.21,3.2,136.48,1.07,0.15
SILINV,EQ,448.1,4.35,474.8,0.03,0.15
SGBDC27VII,GB,15470,4.96,1002.93,0,0.15
SURANASOL,EQ,24.85,4.06,122.28,0.61,0.15
SOMATEX,BE,114.29,2,377.53,0.13,0.15
PRAXIS,EQ,6.99,2.19,129.25,2.14,0.15
MOINFRA,EQ,60,5.39,1.93,0.25,0.15
GENUSPAPER,EQ,11.4,2.7,293.12,1.3,0.15
BCONCEPTS,EQ,285,0.12,355.73,0.05,0.15
INDIANCARD,EQ,231.05,3.62,137.27,0.06,0.15
CINELINE,EQ,86.3,1.18,295.72,0.17,0.15
ALBERTDAVD,EQ,689.8,0.91,393.68,0.02,0.15
A2ZINFRA,EQ,14.2,3.35,250.09,1.04,0.15
EMMBI,EQ,94,1.16,180.86,0.15,0.15
ELM250,EQ,16.44,0.06,125.42,0.87,0.15
TEJASCARGO,SM,305.55,5,730.05,0.05,0.14
SDL26BEES,EQ,136.01,0.36,5006.39,0.11,0.14
RHFL,BZ,2.79,1.09,135.19,5.13,0.14
BTML,EQ,7.8,1.83,140.79,1.81,0.14
KALYANIFRG,EQ,610.7,0.39,222.17,0.02,0.14
SAVY,SM,144,2.13,299.64,0.1,0.14
MANOMAY,BE,228.7,3.27,412.77,0.06,0.14
HARRMALAYA,EQ,160.32,1.47,295.88,0.09,0.14
RKEC,EQ,45.03,3.49,116.27,0.3,0.14
JOCIL,EQ,126,2.01,111.9,0.11,0.14
KRITINUT,EQ,74.29,3.21,372.22,0.19,0.14
MANAKSIA,EQ,64.27,0.16,421.19,0.21,0.14
ATLASCYCLE,EQ,95.05,2.25,61.82,0.14,0.14
NAHARCAP,EQ,241.7,5.64,404.75,0.06,0.14
890AEL31,NN,1002.5,0.14,204.66,0.01,0.14
FLEXIADD,EQ,10.59,2.22,12.35,1.28,0.14
INDBANK,EQ,35.98,3.27,159.67,0.38,0.13
LEXUS,EQ,24.85,3.37,50.92,0.54,0.13
PRAENG,EQ,22.47,1.9,157.15,0.58,0.13
MODINATUR,EQ,321,1.12,427.14,0.04,0.13
MKPL,EQ,5.19,3.8,194.82,2.58,0.13
MADHUSUDAN,SM,134,0.75,193.9,0.1,0.13
THEINVEST,EQ,102,2.68,532.87,0.13,0.13
UNIVASTU,EQ,61.85,1.68,222.58,0.21,0.13
BANARISUG,EQ,3600,0.1,4514.29,0,0.13
ACL,EQ,59.5,2.6,548.42,0.22,0.13
AONETMMQ50,EQ,9.65,3.43,6.34,1.35,0.13
GROWWN200,EQ,11.58,2.57,14.96,1.12,0.13
SBIETFCON,EQ,120,2.29,24.16,0.11,0.13
SERVICE,SM,49.95,14.83,66.58,0.26,0.13
KATARIA,SM,102.75,1.73,221.23,0.13,0.13
SANGINITA,EQ,11,2.33,28.49,1.15,0.13
SASTASUNDR,EQ,297.1,1.76,945.09,0.04,0.13
SATECH,ST,52.3,4.29,68.29,0.26,0.13
POSITRON,SM,180.95,1.83,137.53,0.07,0.13
SUNTECH,SM,39.25,9.03,76,0.32,0.13
MOKSH,EQ,13.75,0.51,121.34,0.91,0.13
TPHQ,EQ,0.63,5,69.06,20.55,0.13
RHL,EQ,184.5,5.36,319.03,0.07,0.13
EMAMIPAP,EQ,83,0.11,502.14,0.15,0.12
AARTECH,EQ,47.55,0.98,151.07,0.26,0.12
ENFUSE,SM,209.8,0.17,185.62,0.06,0.12
ISFT,EQ,86.35,0.94,140.85,0.14,0.12
KCPSUGIND,EQ,22.85,0.13,259.08,0.54,0.12
NRL,EQ,53,1.86,366.07,0.23,0.12
KOTARISUG,EQ,24.63,1.73,204.15,0.5,0.12
RANASUG,EQ,11.05,1.75,169.69,1.1,0.12
ZENITHSTL,EQ,5.51,4.16,78.4,2.21,0.12
MON50EQUAL,EQ,34,1.8,80.04,0.36,0.12
GILLANDERS,EQ,88.15,1,188.13,0.13,0.12
UNIDT,EQ,184.74,1.66,375.08,0.07,0.12
INVENTURE,EQ,1.13,5.61,118.65,10.64,0.12
SIKKO,EQ,4.32,2.37,188.7,2.81,0.12
DICIND,EQ,555,0.91,509.43,0.02,0.12
AAATECH,BE,102,0.62,130.83,0.12,0.12
KEN,SM,39.95,0.63,98.14,0.29,0.12
SPCL,SM,94.15,4.96,227.05,0.13,0.12
ISHANCH,EQ,62.98,1.86,164.63,0.19,0.12
NEPTUNE,SM,234.9,0.99,532.13,0.05,0.12
LOVABLE,EQ,74.2,5.47,109.82,0.16,0.12
BHANDARI,EQ,4.07,4.36,97.7,2.88,0.12
PILITA,EQ,8.79,3.29,206.56,1.34,0.12
ITADD,EQ,40.6,1.22,44.94,0.28,0.12
GOLDTECH,EQ,44.85,3.03,234.39,0.26,0.11
CELEBRITY,EQ,8.47,3.42,50.55,1.37,0.11
LAKSHYA,SM,112.3,3.03,113.24,0.1,0.11
AXISTECETF,EQ,421.18,1.32,197.14,0.03,0.11
MAHAPEXLTD,EQ,90.1,0.1,127.49,0.12,0.11
654GS2032,GS,99.11,0.11,154611.6,0.11,0.11
SHIVAMAUTO,EQ,21.33,2.5,280.48,0.53,0.11
MSCIINDIA,EQ,30.74,3.36,1702.21,0.37,0.11
MOHITIND,EQ,25.25,9.45,35.75,0.45,0.11
BHADORA,SM,66,5.6,122.76,0.17,0.11
KRITIKA,EQ,6.6,2.64,175.74,1.64,0.11
LAXMICOT,EQ,13.11,1.24,22.48,0.82,0.11
SILLYMONKS,BE,19.44,0.93,19.95,0.57,0.11
AESTHETIK,SM,98.5,9.44,169.62,0.11,0.11
ELGIRUBCO,EQ,42.77,5.32,214.06,0.25,0.11
EUROBOND,EQ,181,1.3,443.45,0.06,0.11
NITIRAJ,EQ,185,3.83,189.64,0.06,0.11
SGBMAR28X,GB,15429,7.41,1168.5,0,0.11
INDTERRAIN,EQ,34.54,2.86,175.01,0.3,0.11
K2INFRA,SM,60.1,1.26,75.84,0.17,0.11
DRCSYSTEMS,EQ,15.36,0.13,221.31,0.67,0.1
TRUST,SM,46.6,14.5,111.03,0.22,0.1
GSTL,ST,20.3,4.91,32.36,0.51,0.1
PASHUPATI,EQ,811,1.37,1280.08,0.01,0.1
NDGL,EQ,2685,6.08,268.5,0,0.1
675GS2029,GS,102.3,0.54,104346,0.1,0.1
TREJHARA,BE,194.7,1.94,457.65,0.05,0.1
JETFREIGHT,BE,17.3,3.28,80.28,0.59,0.1
AMNPLST,EQ,167,0.85,918.83,0.06,0.1
GURUNANAK,SM,31.55,4.99,37.86,0.32,0.1
PLASTIBLEN,EQ,153.95,2.79,400.1,0.06,0.1
GULFPETRO,EQ,32.67,2.7,166.57,0.3,0.1
SMLT,EQ,74,8.44,101.3,0.14,0.1
NIBL,EQ,30.99,2.75,75.09,0.32,0.1
TEXMOPIPES,EQ,45.5,3.22,132.84,0.22,0.1
DPSCLTD,EQ,9.15,0.77,891.02,1.05,0.1
PCCL,SM,219,3.08,540.93,0.04,0.1
EFORCE,SM,32.55,9.6,76.17,0.29,0.1
MASTER,SM,320,1.59,128,0.03,0.1
SUNDARAM,EQ,1.65,5.1,78.19,5.84,0.1
QUAL30IETF,EQ,21.64,1.03,171.62,0.44,0.1
WELINV,EQ,1291,6.06,471.79,0.01,0.09
RPPL,EQ,16.85,5.31,125.1,0.55,0.09
DELAPLEX,SM,115.25,10.45,104.99,0.08,0.09
ORIENTALTL,EQ,7.49,4.76,55.06,1.24,0.09
EASTSILK,BE,77.98,1.56,38.99,0.12,0.09
DTIL,EQ,150,2.35,157.61,0.06,0.09
INTERNET,EQ,12.85,1.26,18.62,0.71,0.09
KEYFINSERV,EQ,287.7,3.99,160.15,0.03,0.09
SMARTEN,SM,63.1,6.32,119.9,0.14,0.09
PSRAJ,ST,303.25,4.25,228.6,0.03,0.09
PATINTLOG,EQ,12.5,3.48,86.98,0.73,0.09
FINBUD,SM,114,7.55,217.16,0.08,0.09
MURUDCERA,EQ,33.9,3.16,205.25,0.27,0.09
MIDCAPBETA,EQ,222,3.75,12.58,0.04,0.09
MOALPHA50,EQ,49,3.03,5.51,0.18,0.09
ELGNZ,SM,81.9,2.38,185.09,0.11,0.09
AXISHCETF,EQ,144.84,3.29,21.07,0.06,0.09
AKSHAR,EQ,0.51,6.25,40.16,18.03,0.09
ACCPL,ST,73.2,4.95,81.37,0.12,0.09
GLOSTERLTD,EQ,616.1,0.74,674.21,0.01,0.09
AHLADA,EQ,49.4,1.54,63.83,0.18,0.09
NRVANDANA,ST,58.95,3.51,137.32,0.15,0.09
ODIGMA,EQ,27.67,4.97,86.49,0.32,0.09
INVICTA,SM,64,1.19,80.46,0.13,0.09
CREST,EQ,362,2.01,1029.88,0.02,0.09
SGBMAY26,GB,15400,7.54,1001.52,0,0.09
PRITI,EQ,50.2,0.56,67.03,0.17,0.09
TOTAL,EQ,64.97,1.09,104.78,0.13,0.09
HITECHCORP,EQ,156.97,3.46,269.61,0.06,0.09
RAMANEWS,EQ,30.5,0.99,449.94,0.28,0.09
774IREDA31,N7,1094,0.2,528.97,0.01,0.09
REXPIPES,SM,142.15,4.99,134.33,0.06,0.09
EXXARO,BE,7.37,1.94,329.74,1.16,0.08
PAR,EQ,90.55,0.69,111.42,0.09,0.08
ARABIAN,SM,68.05,1.57,74.12,0.12,0.08
SGBOCT27,GB,15689,8.73,715.07,0,0.08
SRD,EQ,54.9,0.26,351.18,0.15,0.08
INSPIRISYS,EQ,88.25,6.33,349.62,0.09,0.08
ORIENTBELL,EQ,273,0.22,401.6,0.03,0.08
COMMITTED,SM,200,2.25,229.19,0.04,0.08
KRISHPP,E1,108.5,0.46,36.16,0.07,0.08
NEPHROCARE,SM,99.35,3.22,163.79,0.08,0.08
MONOPHARMA,SM,9.9,4.76,17.49,0.8,0.08
CORALFINAC,EQ,35.08,1.01,141.38,0.23,0.08
HINDCON,EQ,22.81,1.56,116.77,0.34,0.08
RELCHEMQ,EQ,123.97,6.63,93.52,0.06,0.08
URBAN,SM,138.5,0.36,119.94,0.06,0.08
GCHOTELS,SM,143.55,4.78,357.72,0.05,0.08
SGBJAN27,GB,15398.99,7.71,375.13,0,0.08
BSLSENETFG,EQ,83.37,2.06,288.78,0.09,0.08
GOYALALUM,BE,7.43,0.27,106.05,1.03,0.08
RAJPUTANA,SM,220,3.6,154.74,0.04,0.08
RADIOCITY,EQ,6.09,0.16,210.52,1.24,0.08
GKWLIMITED,EQ,1685,1.83,1005.36,0,0.08
ABHAPOWER,SM,33.2,5.4,61.71,0.22,0.08
GROWWLOVOL,EQ,10.52,1.84,4.46,0.71,0.08
GANGAFORGE,EQ,3.41,3.02,45.97,2.21,0.08
SIDDHICOTS,SM,30.85,3.35,75.29,0.24,0.07
IPHL,SM,57.8,8.04,144.44,0.13,0.07
MOGSEC,EQ,62.93,0.11,152.1,0.12,0.07
RILINFRA,SM,34.3,2.24,63.82,0.22,0.07
KSR,BE,27.75,4.99,51,0.27,0.07
SANDESH,EQ,1012,0.41,766.03,0.01,0.07
SBGLP,EQ,34.15,0.89,592.22,0.21,0.07
ACCURACY,EQ,5.24,3.15,78.89,1.39,0.07
KANORICHEM,EQ,69.8,3.84,304.98,0.11,0.07
SGL,EQ,12.4,13.24,33.47,0.6,0.07
LYPSAGEMS,EQ,5.25,9.6,15.48,1.43,0.07
FORCAS,SM,110.25,0.23,193.82,0.06,0.07
DOLLEX,SM,37,3.64,147.81,0.2,0.07
SUKHJITS,EQ,176.65,2.51,551.93,0.04,0.07
KARNIKA,ST,117.5,2.17,728.47,0.06,0.07
SKP,SM,160,3.23,265.6,0.04,0.07
NEXT50ADD,EQ,68.9,2.53,6.7,0.1,0.07
RACE,EQ,104.03,3.85,179.53,0.07,0.07
SHREYANIND,EQ,167,0.72,230.88,0.04,0.07
DELTIC,SM,40.2,5.65,61.46,0.17,0.07
810IRFC27,N2,1048.22,0.06,3244.7,0.01,0.07
IVZINNIFTY,EQ,2928.75,2.82,97.43,0,0.07
CHAVDA,SM,114,2.7,281.08,0.06,0.07
AKSHARCHEM,EQ,221.45,0.18,177.89,0.03,0.07
TOKYOPLAST,EQ,100.42,0.49,95.41,0.07,0.07
MPEL,SM,60.45,2.11,47.01,0.11,0.07
SHRIKANHA,SM,28.45,4.4,44.33,0.24,0.07
ATAM,EQ,76.02,5,87.14,0.09,0.07
PREMIUM,SM,38,5.56,72.57,0.18,0.07
CMNL,SM,115,8.24,277.55,0.06,0.07
SELLOWRAP,SM,70.1,1.52,96.35,0.1,0.07
865IIFL28,NS,986,0.2,156.05,0.01,0.07
ASHALOG,SM,67.25,7.43,91.16,0.1,0.07
TFL,EQ,14.6,1.96,78.8,0.43,0.07
BANG,EQ,45.85,6.43,62.17,0.14,0.07
94SFL28,YL,1078.5,0.23,458.24,0.01,0.06
AROGRANITE,EQ,28.86,6.1,44.16,0.22,0.06
APEXECO,SM,134,6.77,176.68,0.05,0.06
WOL3D,ST,126.35,4.99,81.52,0.05,0.06
RVHL,EQ,45.25,5.58,277.5,0.14,0.06
MOMGF,EQ,153.52,5.37,1.92,0.04,0.06
ZODIACLOTH,EQ,84.45,5.25,219.52,0.07,0.06
CONS,EQ,119.34,1.96,33.9,0.05,0.06
GROWWNXT50,EQ,68.5,1.93,7.43,0.09,0.06
KLL,SM,43,2.38,79.68,0.14,0.06
710GS2029,GS,104.15,0.02,157266.5,0.06,0.06
ESG,EQ,43.92,2.74,113.15,0.14,0.06
BEARDSELL,EQ,27.29,3.02,107.62,0.23,0.06
SOLARAPP1,E1,346.2,5.6,407.16,0.02,0.06
ALPA,EQ,69,2.89,145.18,0.09,0.06
HEADSUP,EQ,8.62,5.25,19.04,0.72,0.06
SETCO,EQ,15.34,5,205.2,0.39,0.06
HDIL,BZ,2.27,4.61,107.6,2.73,0.06
ELDEHSG,EQ,890,0.35,875.14,0.01,0.06
MAYASHEEL,SM,49,1.34,108.05,0.12,0.06
BALPHARMA,EQ,68.68,2.63,109.34,0.09,0.06
HYBRIDFIN,EQ,22.93,4.23,67.5,0.27,0.06
KOTHARIPRO,EQ,68.29,3.05,407.61,0.09,0.06
ARCIIL,SM,58.1,0.17,59.83,0.1,0.06
JAINIK,SM,124.95,2.42,179.27,0.05,0.06
TIJARIA,EQ,4.19,1.95,11.99,1.37,0.06
865IRFC29,NA,1167.89,1.12,803.93,0.01,0.06
HDFCLOWVOL,EQ,21.12,1.69,37.22,0.27,0.06
SEL,SM,200.05,0.03,46.39,0.03,0.06
TICL,BE,21.75,1.92,337.13,0.27,0.06
DELTAMAGNT,EQ,64.5,1.08,69.99,0.09,0.06
PELATRO,SM,309,0.32,327.46,0.02,0.06
GSS,EQ,15.21,4.97,39.78,0.37,0.06
ALUWIND,SM,63,3.28,156.54,0.09,0.06
NPBET,EQ,300.17,2.52,11.52,0.02,0.06
ASPINWALL,EQ,217,3.08,169.66,0.03,0.06
SNEHAA,SM,48.55,2.97,49.42,0.11,0.06
BAGFILMS,EQ,5.35,1.13,105.8,1.03,0.06
891IIFCL34,N4,1226,0.13,730.57,0,0.05
SPLIL,EQ,30,6.04,87,0.18,0.05
SATTVAENGG,SM,54.8,6.41,95.73,0.1,0.05
ENERGYDEV,BE,17.86,1.71,84.83,0.3,0.05
REXPRO,SM,48.8,4.95,54.69,0.11,0.05
MOIPO,EQ,43.49,3.77,4.78,0.12,0.05
LLOYDS,SM,59,1.72,140.88,0.09,0.05
PRATHAM,SM,133,1.53,242.23,0.04,0.05
LICNMID100,EQ,59.75,2.86,632.69,0.09,0.05
CUDML,SM,128,2.81,225.87,0.04,0.05
TAINWALCHM,EQ,176.92,3.94,165.67,0.03,0.05
AKI,EQ,6.2,2.48,63.99,0.84,0.05
AGROPHOS,EQ,36.88,3.86,74.77,0.14,0.05
HGM,EQ,61,1.62,76.83,0.09,0.05
KARMAENG,EQ,40.24,1,46.56,0.13,0.05
723GS2039,GS,102.51,0.2,119936.7,0.05,0.05
ASHOKAMET,EQ,14.07,3.99,35.17,0.36,0.05
UNITEDTEA,EQ,476,0.27,237.84,0.01,0.05
XTGLOBAL,EQ,28.8,4.39,384.66,0.18,0.05
LOYALTEX,EQ,215.33,8.9,103.71,0.02,0.05
915APSBC27,N0,101000,1,554.49,0,0.05
729IRFC26,NN,1022.5,0.15,195,0,0.05
WIPL,EQ,150,1.08,127.31,0.03,0.05
1165ESFB32,N0,100383.01,0.38,150.57,0,0.05
JISLDVREQS,EQ,23,3.79,44.38,0.22,0.05
PROV,SM,1256,5.46,433.75,0,0.05
SECURKLOUD,BE,23.64,4.37,78.98,0.22,0.05
AKG,EQ,13.99,0.07,44.46,0.35,0.05
MEDISTEP,SM,23.3,2.42,33.11,0.21,0.05
AMDIND,EQ,43.13,1.63,82.67,0.11,0.05
SIL,EQ,14.35,0.84,92.31,0.34,0.05
SGBJ28VIII,GB,15799,9.03,824.9,0,0.05
SSFLPP,E1,120.5,4.19,208.88,0.04,0.05
KANANIIND,EQ,1.59,1.27,31.46,3.04,0.05
TOP15IETF,EQ,10.78,2.28,7.85,0.44,0.05
EBANKNIFTY,EQ,60.62,2.99,14.56,0.08,0.05
MADHAVBAUG,SM,238.2,0.51,250.43,0.02,0.05
ESPRIT,SM,74.25,10,162.94,0.06,0.05
ORIENTLTD,EQ,60.5,0.62,60.5,0.08,0.05
STUDIOLSD,SM,11.15,1.36,57.86,0.42,0.05
995SCL2035,NM,985.8,0.59,5.51,0,0.05
MILTON,ST,52,4.1,88.37,0.09,0.05
PRAKASHSTL,BE,4.84,4.31,84.7,0.96,0.05
SEMAC,EQ,241,3.92,75.13,0.02,0.04
STEELCITY,EQ,84.5,2.33,127.65,0.05,0.04
MITTAL,EQ,1.02,0.99,45.28,4.34,0.04
GANGABATH,SM,18.55,0.27,41.2,0.24,0.04
FORGEAUTO,SM,92.6,4.99,101.12,0.05,0.04
AAKASH,EQ,7.86,0.26,79.58,0.56,0.04
TBI,SM,73.1,1.53,132.74,0.06,0.04
GANGESSECU,EQ,122,0.81,122.04,0.04,0.04
871REC28,N9,1092,0.01,1279.26,0,0.04
TROM,SM,54.2,2.26,49.84,0.08,0.04
ROML,EQ,44,0.2,65.95,0.1,0.04
SGBFEB28IX,GB,15779.99,8.97,640.6,0,0.04
HEALTHADD,EQ,142.93,2.75,10.67,0.03,0.04
NIPPOBATRY,EQ,381.4,2.2,286.05,0.01,0.04
CURIS,SM,106,1.83,85.7,0.04,0.04
BALKRISHNA,EQ,16.55,1.47,53.32,0.25,0.04
AUROIMPEX,SM,32.1,0.31,39.16,0.13,0.04
AXSENSEX,EQ,86.07,2.03,136.16,0.05,0.04
SONAMAC,SM,38,1.88,52.15,0.11,0.04
NEELAM,SM,13.65,5,27.6,0.3,0.04
WEWIN,EQ,44.45,2.04,45.17,0.09,0.04
LAL,EQ,7.86,0.77,135.77,0.51,0.04
GSEC10YEAR,EQ,29.55,0.54,93.56,0.14,0.04
UNIVPHOTO,EQ,192.88,1.45,211.14,0.02,0.04
PULZ,SM,25.75,1.78,56.16,0.16,0.04
COMPUSOFT,EQ,14.74,5.51,116.63,0.26,0.04
IIFLHFZC27,NB,1362,0.87,5.79,0,0.04
SAMBHAAV,BE,8.08,1,154.42,0.48,0.04
VISAMAN,ST,126,1.61,244.08,0.03,0.04
WEIZMANIND,EQ,84.3,8.96,130.61,0.05,0.04
DAMODARIND,EQ,27,5.43,62.91,0.14,0.04
DESTINY,SM,124.5,3.58,191.58,0.03,0.04
INM,SM,205,10.75,286.81,0.02,0.04
931SFL26,Z5,1041.65,1.53,21.91,0,0.04
ZEAL,SM,76,6.29,101.15,0.05,0.04
CPS,ST,1249,4.08,284.52,0,0.04
842IIFL26,NL,988.1,0.13,145.5,0,0.04
ORCHASP,EQ,2.85,1.06,91.07,1.28,0.04
ANMOL,EQ,11.99,2.22,68.24,0.31,0.04
ARVEE,BE,162,4.12,178.52,0.02,0.04
82IGT31,NJ,1075,0.56,644.12,0,0.04
SELECTIPO,EQ,43.33,2.87,18.13,0.08,0.04
RAJINDLTD,SM,80,5.96,177.72,0.04,0.04
BAFNAPH,BE,120.17,0.14,284.28,0.03,0.03
MOQUALITY,EQ,198.22,0.87,18.78,0.02,0.03
NAMAN,SM,61.9,3.17,80.88,0.06,0.03
CURAA,BE,93.16,4.99,92.23,0.04,0.03
CCHHL,EQ,13.15,1.47,214.96,0.26,0.03
MEGAFLEX,ST,114,4.59,138.29,0.03,0.03
PAVNAIND,EQ,18.06,1.57,251.99,0.19,0.03
CMRSL,SM,70.7,4.74,20.7,0.05,0.03
TOUCHWOOD,EQ,96,3.91,106.38,0.04,0.03
SABEVENTS,BE,13.96,1.97,14.64,0.24,0.03
GREENCHEF,SM,48.35,6.85,112.52,0.07,0.03
TVVISION,BE,6.38,4.93,24.72,0.53,0.03
SITINET,BZ,0.35,2.94,30.52,9.77,0.03
891NTPC33,N6,1225,0.16,489.96,0,0.03
1015ECL29,NR,1017.95,0.66,113.09,0,0.03
KORE,ST,135.85,4.94,164.72,0.03,0.03
ITBETA,EQ,402.68,1.23,5.53,0.01,0.03
NOIDATOLL,EQ,3.99,2.84,74.29,0.82,0.03
1018GS2026,GS,105.15,0.23,15772.5,0.03,0.03
GOLDKART,SM,254.5,0.99,427.19,0.01,0.03
AVROIND,BE,126.99,0.25,169.04,0.02,0.03
LICNFNHGP,EQ,287,2.34,769.03,0.01,0.03
ADROITINFO,EQ,9.5,2.93,51.47,0.33,0.03
LIBAS,EQ,10.27,2.7,27.06,0.3,0.03
UEL,EQ,136.21,4.99,1817.01,0.02,0.03
GRCL,SM,399,0.63,228.95,0.01,0.03
PANSARI,BE,303,4.84,528.64,0.01,0.03
CLSL,SM,50,4.17,85.7,0.06,0.03
10IIFL28,N4,1029.02,0.29,239.48,0,0.03
865TCAPS27,N8,1049,0.28,629.81,0,0.03
DCG,SM,62.95,6.69,114.25,0.05,0.03
KSHITIJPOL,EQ,2.08,4.52,32.08,1.42,0.03
MHHL,SM,39.65,4.89,72.31,0.07,0.03
CALSOFT,EQ,14.19,3.2,87.73,0.21,0.03
MAL,SM,46.55,4.26,114.91,0.06,0.03
PSFL,SM,29,8.01,57.08,0.1,0.03
PODDARMENT,EQ,246,1.52,261.01,0.01,0.03
DCMFINSERV,EQ,4.3,4.37,8.08,0.63,0.03
897MOFSL29,N4,1023,0.29,97.33,0,0.03
UNIINFO,EQ,15.09,0.2,16.14,0.19,0.03
AKASH,EQ,24.61,1.74,41.5,0.12,0.03
NAGREEKEXP,EQ,25.35,2.22,79.22,0.11,0.03
IBLFL,SM,47.05,4.21,116.36,0.06,0.03
FALCONTECH,SM,15.6,4.7,8.36,0.18,0.03
BBTCL,EQ,190,2.1,389.71,0.01,0.03
SHEMAROO,EQ,99.58,2.15,272.06,0.03,0.03
3PLAND,EQ,34.45,0.2,62.01,0.08,0.03
DHUNINV,EQ,1027.8,4.66,626.67,0,0.03
LPDC,EQ,6.69,7.9,89.74,0.42,0.03
BOHRAIND,EQ,19.98,2.36,42.3,0.14,0.03
INCREDIBLE,EQ,38,2.81,177.7,0.07,0.03
SENSEXADD,EQ,85.55,2.08,8.83,0.03,0.03
DIL,BZ,1.34,1.52,21.81,2.01,0.03
SALONA,EQ,256,2.4,134.72,0.01,0.03
ANTGRAPHIC,EQ,0.91,1.11,14.11,2.87,0.03
MOMNC,EQ,29.84,0.91,2.24,0.09,0.03
SGBOCT26,GB,15458.33,7.51,483.16,0,0.03
OSWALSEEDS,EQ,13.3,0.83,121.66,0.19,0.03
HOACFOODS,ST,342.3,5,148.57,0.01,0.03
ETL,SM,865,4.76,923.07,0,0.03
NEWJAISA,SM,17,4.94,60.64,0.15,0.03
ALKALI,EQ,69.9,0.23,71.18,0.04,0.03
EQUAL50,EQ,334.49,2.62,119,0.01,0.02
865LTF26,NN,1016,0.3,404.56,0,0.02
NAGREEKCAP,EQ,25.2,2.11,31.79,0.1,0.02
SGBSEP27,GB,15372.75,7.12,965.24,0,0.02
1003ISFL28,N4,1005,0.5,80.79,0,0.02
901HUDCO34,NE,1242,0.45,833.58,0,0.02
SHUBHLAXMI,ST,36.25,4.92,38.44,0.07,0.02
RAJTV,EQ,41,3.09,212.84,0.06,0.02
876HUDCO28,ND,1105,0.34,900.58,0,0.02
IDENTICAL,SM,19.7,6.49,27.63,0.12,0.02
AVIANSH,SM,116.5,3.1,162.83,0.02,0.02
9MMFSML,N2,1058,0.1,0,0,0.02
SONUINFRA,SM,77.5,3.4,80.2,0.03,0.02
PNC,EQ,23.58,2.52,34.11,0.1,0.02
YUDIZ,SM,31.5,5,32.51,0.07,0.02
698GR2054,GS,94.39,0.95,28317,0.02,0.02
KAKATCEM,EQ,114.1,2.68,88.7,0.02,0.02
SGBNOV26,GB,15314.95,3.85,627.03,0,0.02
SAIFL,SM,11.1,1.37,29.91,0.2,0.02
EMKAYTOOLS,SM,100,5.26,106.71,0.02,0.02
KONSTELEC,SM,45.6,9.48,68.86,0.05,0.02
DANGEE,EQ,3.03,0.66,46.65,0.71,0.02
ENIFTY,EQ,25.84,2.58,16.98,0.08,0.02
ZENITHEXPO,EQ,220.2,2.19,118.83,0.01,0.02
MANUGRAPH,EQ,14.92,1.15,45.38,0.14,0.02
GLOBALE,EQ,12.38,6.45,13.15,0.17,0.02
SVPGLOB,BE,3.42,4.59,43.26,0.62,0.02
KHFM,SM,68.95,7.73,159.35,0.03,0.02
MADHAV,EQ,36.95,2.92,33.06,0.06,0.02
BAWEJA,SM,31.9,5.8,58.78,0.06,0.02
MEGASTAR,BE,232,3.57,262.01,0.01,0.02
915APSBC32,N0,102625,0.02,563.41,0,0.02
930APMD29,N0,101945.9,0.05,1019.45,0,0.02
TREEHOUSE,EQ,7.39,1.23,31.27,0.27,0.02
RAJRILTD,BE,20.6,1.63,1145.53,0.1,0.02
HBSL,BE,63.61,1.68,45.4,0.03,0.02
960IIFL30,Y2,992,10.1,42.24,0,0.02
VIVIDHA,EQ,0.58,3.57,16.98,3.42,0.02
YCCL,SM,11.25,0.9,21.72,0.18,0.02
12VCCL29B,N0,98500,0.51,54.17,0,0.02
CRAYONS,SM,39.95,7.97,97.6,0.05,0.02
GLOBALPET,SM,129.9,0.97,153.12,0.01,0.02
EMMIL,SM,153.5,5.75,173.86,0.01,0.02
FMNL,EQ,8.02,0.75,48.64,0.23,0.02
ADL,EQ,72.05,2.86,40.1,0.03,0.02
RULKA,SM,103,4.46,43.86,0.02,0.02
ORTEL,BZ,1.46,4.29,4.81,1.32,0.02
MARCO,SM,30.15,5.05,56.38,0.06,0.02
REFRACTORY,SM,44.1,1.38,96.14,0.04,0.02
MRIL,SM,56,3.23,123.78,0.03,0.02
KKJEWELS,SM,90.5,0.67,94.89,0.02,0.02
TIMESCAN,SM,45.2,4.99,31.59,0.04,0.02
AXISCETF,EQ,119.68,2.06,13.22,0.01,0.02
BANKA,EQ,61,0.36,66.63,0.03,0.02
SMARTLINK,EQ,128.99,1.74,128.67,0.01,0.02
DGCONTENT,EQ,26,0.66,151.29,0.07,0.02
MMEL,SM,45,10.57,84.63,0.04,0.02
SANWARIA,BZ,0.29,3.57,21.35,6.12,0.02
10IIFL28A,NE,1070.5,0.02,294.06,0,0.02
JYOTIGLOBL,SM,42,0.6,83.24,0.04,0.02
956AEL29,N6,1110,8.8,55.9,0,0.02
ZENITHDRUG,SM,51.35,4.8,88.06,0.03,0.02
TRIDHYA,SM,14,2.94,32.6,0.12,0.02
769HUDCO31,N9,1102.5,0.21,672.58,0,0.02
NMSTEEL,SM,25.8,2.99,44.6,0.06,0.02
610GS2031,GS,97.25,0.26,143930,0.02,0.02
BABAFP,SM,25.95,2.98,42.37,0.06,0.02
1225IFL27,N0,9351,12.48,18.68,0,0.02
FEL,BZ,0.44,2.33,20.02,3.7,0.02
MALUPAPER,EQ,32.6,1.75,55.61,0.05,0.02
SRIVASAVI,SM,49.9,8.48,70.73,0.03,0.01
GML,ST,19.1,2.41,28.98,0.08,0.01
TSC,SM,36.4,4,51.13,0.04,0.01
PALASHSECU,EQ,97,1.23,97.03,0.01,0.01
KHAITANLTD,EQ,97,3.92,46.08,0.02,0.01
862AEL31,NM,1007,0.18,51.32,0,0.01
764HUDCO31,N8,1095.25,0.01,609.12,0,0.01
TGBHOTELS,EQ,9.29,1.31,27.21,0.15,0.01
1075WCA28,N0,9200,0.5,18.4,0,0.01
AISL,SM,74,1.93,86.49,0.02,0.01
MSCIADD,EQ,30.18,2.24,7.64,0.04,0.01
HISARMETAL,EQ,163,2.74,88.02,0.01,0.01
ABMINTLLTD,EQ,39.2,3.98,36.88,0.03,0.01
764NABAR31,N2,1152,0.02,2026.06,0,0.01
TOP20,EQ,9.54,2.8,9.33,0.14,0.01
MFML,EQ,23.98,0.42,25.47,0.05,0.01
BARFLEX,SM,62.5,4.17,154.68,0.02,0.01
935LTF29,N5,1180,4.41,130.88,0,0.01
EPWINDIA,SM,104,3.48,119.39,0.01,0.01
JIWANRAM,SM,5.2,0.97,12.87,0.24,0.01
MICROPRO,SM,19.3,4.32,27.6,0.06,0.01
DHANLAXMI,SM,29.95,6.96,48.9,0.04,0.01
SHRENIK,BZ,0.39,2.63,23.87,3.14,0.01
LOWVOL,EQ,211.75,1.73,48.98,0.01,0.01
GROBTEA,EQ,939,2.18,109.14,0,0.01
SURANI,SM,60.9,3.4,94.69,0.02,0.01
667GS2035,GS,99.94,1.34,122861.24,0.01,0.01
12AFIL28,N0,9725,1.83,48.63,0,0.01
IL&FSENGG,BZ,22.89,3.11,300.14,0.05,0.01
SILGO-RE1,BE,7.21,6.66,5.32,0.16,0.01
892PFCL33,N8,1239.8,0.31,1068.66,0,0.01
SAROJA,SM,36,9.92,14.47,0.03,0.01
SATIPOLY,SM,39.85,4.87,19.71,0.03,0.01
JMA,EQ,77.5,0.19,177.02,0.01,0.01
AIROLAM,EQ,91.9,1.16,137.87,0.01,0.01
1050ISFL28,N5,1005,0.8,158.51,0,0.01
ROLLT,BE,1.23,2.5,30.77,0.88,0.01
601GS2030,GS,98,0.72,97020,0.01,0.01
PREMIER,BE,3.09,0.32,9.39,0.35,0.01
970CAGL28,ND,1020,0.49,258.3,0,0.01
IL&FSTRANS,BZ,2.7,3.85,88.82,0.4,0.01
SWASTIK,SM,21.8,4.81,50.64,0.05,0.01
TEAMGTY,EQ,265,0.66,238.32,0,0.01
9AEL30,NE,1019,0.1,76.3,0,0.01
ARVINDPORT,SM,33.75,4.98,60.07,0.03,0.01
723GJ27,SG,100,0.4,2000,0.01,0.01
975IIFL28,Y0,1085.86,0.12,107.07,0,0.01
111ESFB31,N0,98999,1.54,64.35,0,0.01
12VCCL27D,N0,98500,3.68,24.63,0,0.01
12VCCL29C,N0,97000,1.04,24.25,0,0.01
ARTNIRMAN,EQ,42.95,3.92,107.19,0.02,0.01
SLONE,SM,220,0.25,115.92,0,0.01
M&MFIN,N3,2285,1.96,61.6,0,0.01
MOLOWVOL,EQ,38.09,1.71,70.04,0.02,0.01
ARENTERP,EQ,40.02,1.44,12.44,0.02,0.01
HPIL,EQ,130,2.41,148.51,0.01,0.01
QVCEL,SM,25.5,2,26.65,0.03,0.01
AEL1212026,NO,1005,0.3,33.46,0,0.01
FONEBOX,ST,82,2.76,84.13,0.01,0.01
PRANIK,SM,50,2.77,55.05,0.02,0.01
PARTYCRUS,SM,77,1.32,91.94,0.01,0.01
980SCL33D,YG,999.75,0.37,10.13,0,0.01
SANGANI,SM,48.5,3.41,66.82,0.01,0.01
RCDL,SM,24.2,6.37,57.88,0.03,0.01
VERITAAS,SM,58.85,5,16.61,0.01,0.01
925AEL26,N1,1030,0.49,37.51,0,0.01
MARINETRAN,ST,17.2,4.88,21.89,0.04,0.01
PENTAGON,SM,67.5,3.05,52.04,0.01,0.01
HAVISHA,EQ,1.68,0.6,25.79,0.4,0.01
JFLLIFE,SM,10.95,4.78,36.13,0.06,0.01
AHLEAST,EQ,138,4.02,238.63,0,0.01
MODTHREAD,EQ,42.27,1.9,146.99,0.01,0.01
EQUAL200,EQ,13.26,2.79,16.86,0.05,0.01
COMPINFO,BZ,1.35,0.75,11.58,0.47,0.01
USASEEDS,SM,139,0.4,140.19,0,0.01
860AEL28,NH,1010,1.3,159.04,0,0.01
EUROTEXIND,BE,13.82,4.94,12.09,0.04,0.01
ITALIANE,SM,28.35,8,41.89,0.02,0.01
84TCHF28,NA,1024.2,0.34,92.76,0,0.01
SUNREST,SM,35,4.48,15.02,0.02,0.01
DECCANTRAN,SM,23.1,3.36,52.49,0.02,0.01
SFLZC26A,ZC,1825,0.27,25.96,0,0.01
SHYAMTEL,EQ,10.35,4.23,11.66,0.05,0.01
903SFL28,YI,1060,1.44,52.92,0,0.01
21STCENMGM,EQ,38.66,1.98,40.59,0.01,0.01
IMPEXFERRO,BZ,1.75,0.57,15.39,0.3,0.01
743CG29,SG,101.98,4.25,1019.8,0.01,0.01
AEL12126,NI,997,0.09,19.86,0,0.01
PALREDTEC,EQ,36.9,4.98,45.14,0.01,0
VLINFRA,SM,32.2,15,50.59,0.01,0
DRSDILIP,SM,60.35,4.96,90.9,0.01,0
ACEINTEG,EQ,19.51,0.41,19.9,0.02,0
GTECJAINX,EQ,19.67,5.92,20.04,0.02,0
KAUSHALYA,EQ,806.5,0.34,27.93,0,0
SFML,SM,29.45,9.28,73.12,0.02,0
875IHFL29,ND,985,2.6,21.84,0,0
GSEC10ABSL,EQ,110.86,0.29,31.9,0,0
1075SCL33A,N2,900,12.22,7.42,0,0
PHOGLOBAL,SM,21.9,6.05,42.37,0.02,0
SAGARDEEP,EQ,25.15,2.15,42.9,0.02,0
ATLPP,E1,10.67,6.59,42.47,0.04,0
VEEKAYEM,SM,85,4.62,49.94,0.01,0
MOSERVICE,EQ,33.84,3.61,5.33,0.01,0
10IIFL29,N6,1024.98,1.48,31.79,0,0
932AEL27,N3,1044,2.48,46.14,0,0
751HUDCO28,N5,1034.95,0.03,1318.77,0,0
648GS2035,GS,99.1,0.01,158560,0,0
1050NFL26,N7,1016,0.79,68.58,0,0
619GS2034,GS,98.45,2.53,125031.5,0,0
985SFIL28,NO,371.15,0.04,4.07,0,0
KREBSBIO,EQ,58.01,2.55,125.07,0.01,0
885SCL26,N9,1010.1,0.26,1000.76,0,0
875AEL29,NK,1004.25,0.1,398.04,0,0
79NHIT40,N2,315.5,0.16,473.25,0,0
MORARJEE,BZ,7.16,4.99,26.01,0.05,0
ESENSEX,EQ,83.51,2.52,15.69,0,0
RITEZONE,SM,20,3.9,8.46,0.02,0
8SMC30,N2,515,1.97,103,0,0
782GJ32,SG,99.86,0.87,1497.9,0,0
IIFLZC28C,N6,1495,0.07,60.22,0,0
CREATIVEYE,EQ,6.65,3.1,13.34,0.04,0
905LTF27,NF,1089.99,1.2,383.67,0,0
GAJANAND,SM,9.65,6.04,18.18,0.03,0
873NTPC28,N5,1108.88,2.19,101.34,0,0
1065NFL27,NC,1010,0.78,95.24,0,0
MASKINVEST,EQ,145,0.69,44.25,0,0
76IGT26,ND,1051.25,0.02,101.42,0,0
ANKITMETAL,BZ,1.73,1.76,24.41,0.15,0
957ICCL25,YW,1061,0.09,27.99,0,0
BBNPNBETF,EQ,60,1.73,4.42,0,0
898LTF29,N7,1059,0.33,107.75,0,0
IHF261224A,N1,1010,1,3.1,0,0
805ABCL28,N5,1005,0.1,235.19,0,0
364D260326,TB,99,0.01,7191.86,0,0
182D240426,TB,98.6,0.02,8381,0,0
NKIND,EQ,64.89,0.2,39,0,0
71MH33,SG,95,0.98,1425,0,0
NIDAN,SM,16.85,2.43,23.42,0.01,0
1102NFL26,N8,1051,0.08,53.38,0,0
BLUECOAST,EQ,27.61,2.95,47.47,0.01,0
WILLAMAGOR,EQ,28.2,0.39,30.9,0.01,0
ICDSLTD,EQ,39.2,1.61,51.06,0,0
RETAIL,EQ,24.9,2.47,18.44,0.01,0
9IIFL26,NV,1062,0.21,155.15,0,0
71GS2034,GS,103.5,0.19,165600,0,0
87LTF27,NH,1025,1.28,17.92,0,0
789MH32,SG,100.67,0.67,2013.4,0,0
738GJ30,SG,100.26,0.26,1002.6,0,0
91D120226,TB,99.8,0.03,12475,0,0
91D260226,TB,99.52,0.02,13939.03,0,0
91D090426,TB,98.7,0.06,8883,0,0
SCL0182025,NC,935.1,1.63,6.25,0,0
BILVYAPAR,BE,7.1,3.8,22.27,0.01,0
980SCL33,NX,800.4,6.66,6.01,0,0
FELDVR,BZ,2.7,0.37,10.63,0.03,0
82HUDCO27,N2,1106,0.29,2785.16,0,0
KHANDSE,EQ,19.3,0.26,29.44,0,0
NIRAJISPAT,EQ,170,3.29,10.2,0,0
79NHIT47,N3,423.95,1.82,635.92,0,0
743GS2076,GS,101.95,0.26,13253.5,0,0
890SFIL23A,NZ,649.8,13.72,7.67,0,0
LAKPRE,BZ,5.5,1.48,6.02,0.01,0
LICNETFSEN,EQ,937.06,2.6,772.71,0,0
CIFCZC28A,N5,1249,13.54,15.53,0,0
GVPTECHPP,E1,3.53,0.28,7.47,0.01,0
719GS2060,GS,100.88,0.53,64563.2,0,0
965SCL25C,N0,408,0.49,7.45,0,0
CLCIND,BE,10.36,4.96,10.77,0,0
695GS2061,GS,94.89,0.88,139488.3,0,0
772GS2055,GS,109.9,4.67,85722,0,0
763GS2059,GS,106,2.91,85860,0,0
676GS2061,GS,94.69,0.61,134554.07,0,0