Symbol ,Series ,LTP ,%chng ,Mkt Cap (₹ Crores),Volume (Lakhs),Value (₹ Crores)
GROWW,EQ,183.89,-4.98,115365.17,5421.26,9868.33
RELIANCE,EQ,1366.5,-1.56,1849221.42,243.57,3350.98
HDFCBANK,EQ,755,-1.13,1162362.96,439.37,3311.54
ICICIBANK,EQ,1244.5,-1.73,892116.16,211.11,2626.89
INFY,EQ,1139.7,-3.17,462219.4,168.92,1920.94
BSE,EQ,3855,-1.61,157239.31,40.57,1581.43
TCS,EQ,2303.5,-3.74,833426.46,63.48,1461.47
MCX,EQ,3175,-0.4,80959.91,43.06,1377.33
SYRMA,EQ,1079,-3.02,20806.41,113.04,1260.03
HSCL,EQ,599,-2.75,30222.04,191.56,1178.15
IDEA,EQ,11.99,-1.56,129903.3,9195.14,1089.62
ADANIPOWER,EQ,211,-4.97,406907.06,460.24,983.39
LT,EQ,3865,-1.91,531681.84,22.55,875.57
DIXON,EQ,10120,-6.05,61531.52,8.3,859.46
M&M,EQ,3189.6,-1.73,396635.96,26.38,847.06
SHRIRAMFIN,EQ,933.9,-4.31,219717.39,86.74,818.35
TITAN,EQ,4058.4,-3.5,360299.14,19.79,814.8
KAYNES,EQ,4068,-6.79,27269.7,18.65,774.95
HINDCOPPER,EQ,567.5,-0.94,54878.61,131.84,766.46
HAL,EQ,4572.8,-3.86,305817.43,15.88,736.77
AXISBANK,EQ,1263.5,-0.69,392817.67,57.28,724.38
BHEL,EQ,392.3,-2.25,136601.35,175.2,696.62
JSWENERGY,EQ,520.4,-6.51,91449.49,131.99,688.54
ADANIGREEN,EQ,1315,-5.24,215843.29,51.73,688.12
BAJFINANCE,EQ,907,-3.1,564663.22,71.75,654.17
BEL,EQ,418.3,-3.16,305768.05,152,640.93
ADANIENSOL,EQ,1290,-3.76,154965.46,48.5,625.97
NETWEB,EQ,4046.2,-5.8,23039.34,14.99,618.91
COFORGE,EQ,1323.9,-3.73,44457.7,45.91,611.91
ABB,EQ,6369,-0.29,134964.44,9.76,611.78
SUNPHARMA,EQ,1844.8,-1.49,442618.89,32.63,607.81
KALYANKJIL,EQ,364.35,-5.41,37627.89,163.58,605.52
TATASTEEL,EQ,211.7,-0.18,264276.27,283.71,604.91
TEJASNET,EQ,463.6,-1.72,8240.11,125.77,603.82
ETERNAL,EQ,240.75,-2.08,232332.19,248.67,602.43
ADANIPORTS,EQ,1691,-4.32,389599.48,34.41,588.3
POLYCAB,EQ,9009.5,-0.62,135644.46,6.18,564.42
INDHOTEL,EQ,635,-3.98,90387.95,81.7,530.14
WIPRO,EQ,190.3,-3.24,199707.37,274.35,524.4
SUZLON,EQ,51.7,-3,70908.05,992.65,522.23
JIOFIN,EQ,230.75,-3.99,152367.49,216.64,506.97
NIFTYBEES,EQ,265.53,-1.69,61748.11,186.22,496.6
KOTAKBANK,EQ,376,-1.33,373987.08,130.65,493.52
ITC,EQ,300.85,-1.63,377025.92,159.68,483.76
ATHERENERG,EQ,925.05,-4.58,35399.18,50.47,475.05
SCI,EQ,327.95,-3.73,15275.88,139.96,473.84
HCLTECH,EQ,1147,-4.01,311257.39,39.6,456.98
JBMA,EQ,665,-2.44,15726.87,64.74,440.82
MTARTECH,EQ,6271,-3.82,19289.34,6.8,437.36
BAJAJ-AUTO,EQ,10405,-1.8,290817.5,4.09,430.95
TATACONSUM,EQ,1252.3,-1.47,123874.14,33.58,424.59
NTPC,EQ,392.9,-0.01,380982.01,102.48,405.19
MARUTI,EQ,13188,-2.19,414634.11,3.03,401.29
ULTRACEMCO,EQ,11525,-2.87,339617.74,3.44,401.11
MAZDOCK,EQ,2455,-4.32,99029.79,15.61,390.16
TMCV,EQ,388.3,-5.52,142984.93,97.1,384.1
LENSKART,EQ,478.8,-2.26,83139.6,78.68,382.32
POWERINDIA,EQ,32570,-1.36,145172.19,1.16,379.27
GRSE,EQ,2805,-4.64,32131.84,13,371.87
YESBANK,EQ,22.15,-2.42,69507.67,1613.2,360.87
ADANIENT,EQ,2401.1,-3.96,310196.48,14.59,355.84
CUPID,EQ,120.74,-7.8,16235.43,285.85,353.34
BRITANNIA,EQ,5333,-1.43,128455.06,6.55,350.23
UPL,EQ,627.1,-6.26,52937.85,53.72,343.08
TRENT,EQ,4048.5,-3.17,143919.1,8.38,343.07
PERSISTENT,EQ,4894,-4,77202.85,6.98,341.28
DLF,EQ,571.6,-3.16,141489.01,57.68,331.18
HINDPETRO,EQ,370.65,-1.89,78867.74,89.73,331.12
INDIGO,EQ,4228.2,-1.66,163485.89,7.58,322.21
COCHINSHIP,EQ,1630,-5.04,42882.17,19.46,322.04
WAAREEENER,EQ,3124.3,-2.63,89870.91,10.18,321.97
APOLLO,EQ,297.5,-6.36,10629.45,106.03,320.44
LUPIN,EQ,2251,-0.22,102919.29,14.13,319.06
TVSMOTOR,EQ,3558,-1.54,169036,8.91,318.64
APOLLOHOSP,EQ,8026,-0.69,115401.57,3.9,313.17
ANANDRATHI,EQ,3515,-1.82,29181.75,8.88,310.88
BPCL,EQ,288.4,-2.05,125120.4,106.53,308.3
SAIL,EQ,175.35,-2.97,72428.76,170.89,304.47
CDSL,EQ,1184,-3.49,24745.6,25.21,301.9
MEESHO,EQ,182.9,-5.79,83649.95,161.56,300.78
COALINDIA,EQ,462.6,-0.4,285087.81,64.64,300.66
MOBIKWIK,EQ,202.75,-10.93,1596.26,134.51,295.2
TATAPOWER,EQ,419,-3.28,133884.73,68.21,288.38
RAIN,EQ,158,-3.55,5314.26,173.22,280.07
GVT&D,EQ,4320.7,-2.53,110630.03,6.16,270.18
HYUNDAI,EQ,1876,-1.62,152432.71,13.95,262.82
ANGELONE,EQ,300.65,-5.22,27419.24,86.37,262.8
EICHERMOT,EQ,7125,-1.08,195448.87,3.64,262.3
CHOLAFIN,EQ,1578.3,-2.84,134522.36,16.47,261.39
BANKBARODA,EQ,260.7,-1.99,134817.41,99.35,260.79
MOTHERSON,EQ,125,-4.07,131925.17,204.75,258.7
CGPOWER,EQ,836,-2.58,131664.71,30.32,256.09
ANANTRAJ,EQ,504.9,-6.25,18170.19,47.91,250.71
DRREDDY,EQ,1267.5,-0.97,105790.1,19.46,248.66
INDUSTOWER,EQ,401.3,-2.28,105869.47,60.9,246.94
AMBER,EQ,8190,-4.09,28821.98,2.95,245.4
POWERGRID,EQ,306.5,-1.42,285063.51,79.53,245.05
LTM,EQ,4145,-4.76,122896.48,5.83,243.72
FEDERALBNK,EQ,284.95,-2.56,70215.89,84.61,242.99
ASHOKLEY,EQ,156.85,-2.89,92131.41,153.83,242.33
HDFCAMC,EQ,2640,-3.9,113115.63,8.94,240.19
POLICYBZR,EQ,1596,-2.83,73845.81,14.82,239.2
SONACOMS,EQ,586.6,-1.17,36478.17,40.22,238.82
SBILIFE,EQ,1842.9,-2.2,184859.85,12.91,237.63
QUICKHEAL,EQ,210.5,-1.75,1141.91,109.42,236.83
GMDCLTD,EQ,643.2,-3.02,20453.76,34.76,230.12
HINDUNILVR,EQ,2267,-1.74,532652.34,9.84,224.29
BANDHANBNK,EQ,196.52,-2.34,31658.95,111.6,223.37
DATAPATTNS,EQ,4052.5,-2.16,22687.5,5.45,222.14
PFC,EQ,441,-1.67,145534.49,49.29,220.57
SWIGGY,EQ,256.8,-2.62,70884.85,82.85,215.19
BHARATFORG,EQ,1916.3,-3.56,91602.72,10.99,213.62
CUMMINSIND,EQ,5187.5,-0.97,143797.5,4.04,210.1
KPITTECH,EQ,709.6,-3.25,19453.24,29.38,209.27
TECHM,EQ,1396,-4.21,136785.84,14.75,206.96
MUTHOOTFIN,EQ,3348.9,-2.6,134447.78,5.97,201.6
HEROMOTOCO,EQ,5088,-2.69,101807.29,3.91,201.49
OLAELEC,EQ,35.2,-4.79,15526.12,549.13,196.15
TMPV,EQ,337.95,-2.33,124456.29,57.59,195.59
MAXHEALTH,EQ,1017.7,-1.95,99047.02,18.91,194.77
VBL,EQ,489.7,-2.31,165631.04,38.85,192.05
MPHASIS,EQ,2150.4,-2.31,41033.84,8.88,190.83
LTF,EQ,281,-4.75,70403.16,66.56,188.64
MANORAMA,EQ,1391.2,-12.89,8306.65,13.22,188.33
PARAS,EQ,807.8,-6.39,6509.84,22.78,187.98
GODFRYPHLP,EQ,2352,-1.68,36686.91,7.84,186.84
SOLARINDS,EQ,15686,-3.55,141942.7,1.18,186.66
IOC,EQ,138.05,-1.65,194943.7,134.82,186.55
UNIONBANK,EQ,162.59,-0.74,124114.79,114.09,186.05
JSWSTEEL,EQ,1252.2,-0.82,306219.75,14.76,185.3
NEULANDLAB,EQ,17100,-2.56,21939.11,1.06,183.61
BAJAJFINSV,EQ,1748,-2.57,279776.14,10.42,183.57
CIPLA,EQ,1293.7,-0.86,104502.84,13.98,181.67
KARURVYSYA,EQ,283.45,-4.5,27395.27,64.11,181.63
RECLTD,EQ,345.45,-1.74,90964.72,52.22,181.41
LODHA,EQ,884.55,-5,88366.45,20.06,180.51
FRACTAL,EQ,1035,-2.34,17798.39,16.83,180.09
PAYTM,EQ,1156.4,-3.36,74022.28,15.33,179.39
CRAFTSMAN,EQ,8647,-1.81,20627.92,2,176.1
IFCI,EQ,61.42,-2.54,16548.48,280.74,175.97
CONCOR,EQ,516.3,-2.58,39322.33,33.66,174.37
GLENMARK,EQ,2267.7,-3.39,63994.68,7.59,173.3
BDL,EQ,1343.8,-4.1,49258.67,12.8,173.25
WOCKPHARMA,EQ,1570.2,-3.41,25513.48,10.89,172.92
HDFCLIFE,EQ,602.95,-3.17,130105.73,27.89,169.64
NAUKRI,EQ,932.5,-2.99,60465.22,18.04,169.25
MARICO,EQ,833.25,-1.1,108168.26,19.99,167.26
RADICO,EQ,3450,-1.14,46194.79,4.84,167.17
FORCEMOT,EQ,19840,-3.81,25857.3,0.83,165.96
PNBHOUSING,EQ,1056.6,-1.51,27529.67,15.26,162.8
JBCHEPHARM,EQ,2139.8,-3.14,34356.35,7.54,162.48
ASIANPAINT,EQ,2508,-2.26,240566.81,6.29,158.27
GMRAIRPORT,EQ,94.99,-3.17,100299.71,165.48,158.18
BLUESTARCO,EQ,1633.9,-1.64,33595.4,9.5,157.82
GAIL,EQ,160.65,-1.14,105628.98,96.81,156.25
FORTIS,EQ,949.4,-2.54,71675.73,16.23,156.15
OLECTRA,EQ,1277.9,-6.72,10489.1,11.9,155.36
PNB,EQ,102.9,-1.64,118262.39,149.49,154.89
CROMPTON,EQ,285.2,-1.72,18364.45,54.2,154.04
NLCINDIA,EQ,310.6,-5.79,43068.93,48.22,153.61
AEROFLEX,EQ,369.7,-7.25,4892.27,40.61,153.53
THERMAX,EQ,4490,-1.21,53501.18,3.4,152.68
OFSS,EQ,9000,-2.59,78356.21,1.66,150.91
ICICIGI,EQ,1790,-2.11,89271.37,8.37,150.05
NESTLEIND,EQ,1467.5,-0.97,282980.13,10.17,150.02
HBLENGINE,EQ,783,-5.63,21704.36,18.67,149.73
SAMMAANCAP,EQ,139.91,-3.54,16213.55,104.66,147.93
GODREJPROP,EQ,1714.4,-4.45,51639.06,8.44,147.2
JINDALSTEL,EQ,1215,-1.38,123940.7,11.77,144.01
AMBUJACEM,EQ,428.15,-1.85,105831.12,33.07,142.91
MOTILALOFS,EQ,844.45,-1.89,50824.07,16.64,142.55
OBEROIRLTY,EQ,1630,-0.29,59267.16,8.63,142.5
DELHIVERY,EQ,464.95,-2.96,34810.54,29.91,141.48
VOLTAS,EQ,1274.5,-2.45,42171.26,10.87,141.45
IOLCP,EQ,106.3,-2.27,3120.2,125.49,139.77
MAHABANK,EQ,78.5,-3.59,60378.6,174.5,139.69
INDIANB,EQ,826,-1.63,111259.22,16.82,139.44
BANKINDIA,EQ,140.55,-2.3,63987.75,98.41,139.41
SIEMENS,EQ,3595.8,-0.27,128053.81,3.86,138.75
INOXWIND,EQ,95.8,-4.04,16556.52,141.55,138.11
GRASIM,EQ,2904.1,-2.68,197631.07,4.67,136.93
CAMS,EQ,786.95,-3.52,19515.14,17.12,136.58
RVNL,EQ,284.9,-3.55,59402.22,46.4,133.9
MANKIND,EQ,2368,-4.08,97757.75,5.54,133.69
ZEEL,EQ,86.85,-3.9,8342.11,151.47,132.7
SRF,EQ,2725.1,-2.62,80778.73,4.76,131.2
ACUTAAS,EQ,2759.8,-1.8,22594.79,4.58,127.89
TATAELXSI,EQ,4080,-3.89,25401.69,3.05,125.75
NMDC,EQ,86.68,-0.13,76207.47,143.81,125.5
INDUSINDBK,EQ,895.6,-2.89,69777.18,13.75,123.69
RPOWER,EQ,27.35,-2.29,11311.33,440.21,122.91
PATANJALI,EQ,442.35,-2.59,48132.29,27.25,121.73
TORNTPHARM,EQ,4382.1,-2.99,148305.97,2.74,121.22
SBICARD,EQ,625,-2.57,59475.34,19.24,121.11
KEI,EQ,4991.2,-2.52,47716.17,2.36,119.97
JPPOWER,EQ,17.55,-4.77,12027.82,669.63,119.4
ZYDUSWELL,EQ,507.25,-0.94,16138.7,22.42,117.98
AUBANK,EQ,1001.8,-1.92,74990.3,11.73,117.84
ZENTEC,EQ,1586.8,-3.05,14327.27,7.38,117.62
PRESTIGE,EQ,1375.5,-5.5,59246.94,8.35,117.3
NUVAMA,EQ,1551,-2.99,28234.64,7.47,117.09
NBCC,EQ,92.94,-2.88,25093.8,124.18,116.87
HAVELLS,EQ,1193.4,-2.98,74856.83,9.7,116.79
LICHSGFIN,EQ,567.6,-3.07,31221.58,19.88,114.03
TIINDIA,EQ,2966,-0.88,57407.78,3.81,113.96
IDFCFIRSTB,EQ,67.81,-2.04,58372.98,165.98,113.15
LICI,EQ,781.5,-2.11,494298.57,14.34,112.83
PHOENIXLTD,EQ,1740,-3.92,62228.43,6.41,112.48
PREMIERENE,EQ,966,-3.77,43759.26,11.5,112.07
APARINDS,EQ,12485,-2.79,50150.14,0.88,111.61
NTPCGREEN,EQ,107.6,-0.31,90667.31,102.25,111.32
MOSCHIP,EQ,212,-6.24,4115.63,50.65,111.19
AFFLE,EQ,1587,-3.08,22344.39,6.85,109.6
IDEAFORGE,EQ,742.1,-6.68,3213.24,14.46,109.01
PPLPHARMA,EQ,178,-3.34,23660.62,59.93,108.22
CARTRADE,EQ,1903,-0.05,9120.71,5.69,108.07
SAGILITY,EQ,43.3,-3.69,20270.15,246.92,107.98
IRFC,EQ,99.68,-3.3,130266.87,106.78,107.66
ICICIAMC,EQ,3170,-1.02,156679.95,3.36,107.57
IREDA,EQ,125.15,-4.23,35157.53,84.67,107.49
DMART,EQ,4330,-1.35,282386.92,2.45,107.26
ITBEES,EQ,31.34,-3.18,3382.58,339.21,106.45
NAM-INDIA,EQ,1043.7,-2.06,66600.17,10.19,106.37
DIVISLAB,EQ,6642,-1.07,176324.23,1.56,104.29
MEDANTA,EQ,1190.2,-3.95,31998.75,8.53,104.14
SYNGENE,EQ,477.5,-1.04,19240.36,21.71,104.02
DABUR,EQ,472.75,-0.15,83851.2,21.95,103.89
SKYGOLD,EQ,477.5,-5.48,7395.23,21.08,102.42
360ONE,EQ,1075.5,-3.57,43697.05,9.25,101.9
ASTERDM,EQ,731.4,-1.14,37895.37,13.96,101.85
SHARDACROP,EQ,1153.2,-0.36,10404.23,8.66,101.16
KISSHT,EQ,201.45,-4.3,3394.09,48.99,101.1
TDPOWERSYS,EQ,1172.3,-0.54,18314.66,8.46,100.39
HCC,EQ,21.63,-3.57,5665.91,447.81,100.04
RBLBANK,EQ,326.35,-3.3,20179.7,30.16,99.78
MRF,EQ,126405,-1.94,53610.17,0.08,98.67
ENGINERSIN,EQ,237.2,-4.51,13331.65,40.67,98.66
GRAPHITE,EQ,723.8,-1.05,14141.29,13.31,97.14
MAPMYINDIA,EQ,1008.9,-6.32,5524.84,9.31,96.2
JSWINFRA,EQ,275.4,-4.16,57834.04,34.98,96.15
HUDCO,EQ,219.2,-3.98,43881.65,42.9,96.06
LLOYDSME,EQ,1705.5,-2.19,92977.81,5.46,95.25
MANAPPURAM,EQ,292.5,-4.24,24758.22,31.31,93.65
MFSL,EQ,1665.9,-1.75,57492.67,5.58,93.05
JUBLFOOD,EQ,440.1,-4.43,29039.79,20.8,93.03
VOLTAMP,EQ,9260,-1.95,9368.45,0.98,92.03
APLAPOLLO,EQ,1884.3,-3.36,52319.17,4.82,91.6
HGINFRA,EQ,622.9,-1.09,4059.51,13.95,89.81
NHPC,EQ,76.88,-2.92,77226.23,114.92,89.43
VMM,EQ,121,-0.82,56546.06,74.32,89.22
PRIVISCL,EQ,3209.9,-7.57,12538.74,2.69,88.82
DYCL,EQ,328.65,-20,1592.59,25.4,88.8
SHAILY,EQ,2699,-0.04,12403.28,3.23,88.46
UJJIVANSFB,EQ,57.05,-3.44,11089.93,152.58,88.22
URBANCO,EQ,123.5,-2.03,19045.93,70.83,87.04
JAINREC,EQ,549.75,-1.73,18971.09,15.69,86.87
AURIONPRO,EQ,771,-11.92,4260.67,11,86.77
CHENNPETRO,EQ,1018,-3.18,15159.18,8.4,86.58
GESHIP,EQ,1513,-4.38,21600.67,5.57,86.02
JAYNECOIND,EQ,104.8,-5.16,10176.06,80.74,85.83
THANGAMAYL,EQ,3695,-7.79,11484.81,2.26,85.72
ATGL,EQ,593.3,-4.38,65251.73,14.2,85.43
BSOFT,EQ,332,-6.72,9279.61,25.22,84.8
ABREL,EQ,1321.8,-4.08,14763.93,6.39,84.03
GALLANTT,EQ,811.05,-8.79,19569.09,9.72,82.73
TARIL,EQ,300,-4.38,9004.98,27.04,82.53
FSL,EQ,249,-4.58,17355.07,32.03,81.13
BELRISE,EQ,206.79,-5.19,18401.81,38.34,80.47
AZAD,EQ,2145,-1.61,13852.78,3.68,79.3
FINCABLES,EQ,1086,-4.11,16609.21,7.18,79.13
ABCAPITAL,EQ,341,-3.39,89360.51,22.72,78.52
PARKHOSPS,EQ,247.82,-4.61,10704.11,30.54,78.41
NIVABUPA,EQ,83.55,-0.9,15435.5,94.2,78.41
MODEFENCE,EQ,98.07,-3.83,1363.66,78.05,77.38
IPCALAB,EQ,1524,-0.72,38664.52,5.07,76.91
EXPLEOSOL,EQ,872,-0.71,1353.32,8.33,76.89
SONATSOFTW,EQ,273,-8.68,7655.6,27.1,76.01
MRPL,EQ,155.24,-3.17,27207.34,48.27,75.57
NATCOPHARM,EQ,1180,-2.16,21134.96,6.27,75.14
TATATECH,EQ,616.9,-2.23,25049.34,12,74.58
KFINTECH,EQ,859.65,-3.5,14833.01,8.52,74.08
NAVINFLUOR,EQ,6954,-1.66,35652.71,1.06,73.94
EXIDEIND,EQ,347.25,-1.55,29516.25,21.16,73.91
SANDUMA,EQ,223,-4.87,10840.14,31.79,73.26
ENRIN,EQ,3067,-2.88,109222.16,2.36,73.24
PGEL,EQ,496.4,-2.74,14164.41,14.46,72.25
EMMVEE,EQ,266,-3.81,18416.38,26.76,72.16
BANKBEES,EQ,554.98,-1.3,7764.68,12.86,71.5
SHYAMMETL,EQ,846.8,-2.87,23636.89,8.34,71.02
TITAGARH,EQ,781,-4.21,10518.02,8.97,70.74
SAMBHV,EQ,114.99,-10.95,3388.43,59.63,70.54
KIRLOSENG,EQ,1590,-4.22,23112.11,4.33,69.12
PAISALO,EQ,44.69,-8.16,4064.65,149.9,68.53
ZYDUSLIFE,EQ,928.6,-2.96,93438.89,7.21,67.94
TORNTPOWER,EQ,1600.7,-4.77,80659.84,4.11,66.96
ETHOSLTD,EQ,2353,-0.28,6296.09,2.83,66.95
KEC,EQ,553.7,-4.86,14739.49,11.84,66.58
UNITDSPR,EQ,1247.1,-1.5,90707.92,5.3,66.36
NYKAA,EQ,259.9,-3.83,74419.31,25.23,66.31
SHAKTIPUMP,EQ,533.45,-3.99,6582.66,12.25,66.3
NCC,EQ,162.1,-2.77,10177.39,40.3,66.06
GPIL,EQ,283.35,-3.29,19023.12,22.88,65.57
CREDITACC,EQ,1396.8,-5.67,22377.13,4.55,65.15
UNOMINDA,EQ,1145,-2.4,66114.66,5.61,64.53
KIMS,EQ,750.6,-3.5,30034.43,8.53,64.44
IRCTC,EQ,535.95,-3.74,42876,11.69,63.41
BOSCHLTD,EQ,36695,-1.66,108226.91,0.17,62.87
IRMENERGY,EQ,296,-1.71,1215.37,20.85,62.71
M&MFIN,EQ,327.25,-2.91,45486.81,18.89,62.19
BLACKBUCK,EQ,533,-5.19,9695.08,11.14,60.6
REDINGTON,EQ,211.89,-3.1,16565.02,28.38,60.57
AVANTIFEED,EQ,1363,-2.95,18570.28,4.34,60.25
DIACABS,EQ,169.5,-3,8932.16,34.82,60.04
SENCO,EQ,313,-6.36,5127.15,18.66,60.03
KTKBANK,EQ,247.5,-1.63,9359.99,24.19,59.75
VIJAYA,EQ,1281,-4.59,13159.06,4.67,59.73
AVANTEL,EQ,157.3,-5.43,4179.63,36.51,59.38
KRN,EQ,1224,-4.81,7607.97,4.79,59.23
ARVIND,EQ,439.8,-0.24,11527.8,13.11,59.03
HEG,EQ,582.4,-1.52,11239.01,9.94,58.56
QPOWER,EQ,1244.5,-1.4,9637.92,4.65,57.9
AWL,EQ,198.01,-3.38,25734.94,28.89,57.59
NH,EQ,1847,-2.09,37745.44,3.07,57.49
RAYMONDREL,EQ,570,-3.32,3794.7,9.88,57.04
PVRINOX,EQ,1015.2,-1.05,9969.26,5.59,56.78
VIDYAWIRES,EQ,93.4,-0.93,1986.55,60.03,56.71
EDELWEISS,EQ,118.7,-4.33,11235.33,46.92,56.55
KPIGREEN,EQ,432.8,-4.99,8540.92,12.78,56.53
SOUTHBANK,EQ,38.47,-3.87,10069.88,144.16,56.16
CEATLTD,EQ,3160,-3.38,12782.23,1.74,55.45
NIITMTS,EQ,273.7,-8.63,3763.99,19.05,55.07
ANURAS,EQ,1357,-0.3,15449.22,4.02,55.05
PIRAMALFIN,EQ,1921.5,-2.21,43556.12,2.86,54.97
KERNEX,EQ,1359,-9.74,2283.45,3.85,54.92
ASHAPURMIN,EQ,656,-0.01,6266.51,8.5,54.76
POONAWALLA,EQ,422.95,-4.3,37233,12.47,53.49
INTELLECT,EQ,724.75,-4.68,10138.86,7.3,53.48
ENDURANCE,EQ,2585,-1.67,36361.35,2.03,53.42
SIRCA,EQ,424,-0.02,2408.01,12.28,53.26
IEX,EQ,127.6,-2.38,11378,40.89,52.73
SHRIPISTON,EQ,3411,-4.49,15025.39,1.52,52.37
VGUARD,EQ,318,-4.26,13890.36,15.93,52.14
BEML,EQ,1809.9,-5.28,15074.48,2.84,52.07
CEMPRO,EQ,893,-1.43,15340.63,5.68,51.46
JUNIORBEES,EQ,742.55,-2.15,7731.22,6.86,51.26
HDFCSML250,EQ,169.1,-2.32,2404.29,30.11,51.23
LTTS,EQ,3616.3,-4.54,38333.65,1.41,51.14
CESC,EQ,180.5,-0.83,23926.55,28.13,51.11
APTUS,EQ,274.4,-4.39,13740.38,18.51,51.01
ABBOTINDIA,EQ,26950,-3.04,57266.87,0.19,50.88
PIIND,EQ,2995.3,-3.09,45444.13,1.67,50.46
YATHARTH,EQ,820.95,-4.14,7910.21,6.01,50.28
WEBELSOLAR,EQ,105.17,-5,4438.84,46,50.14
SAILIFE,EQ,1086,-3.57,22999.22,4.55,49.81
FIVESTAR,EQ,464.8,-1.03,13691.44,10.58,49.45
PETRONET,EQ,271.9,-1.4,40785,18.06,49.37
PARACABLES,EQ,54.24,-9.71,1655.46,86.8,49.15
IRCON,EQ,145,-4.8,13637.48,33.29,48.95
PRAJIND,EQ,394.5,-0.93,7251.43,12.36,48.9
FEDFINA,EQ,150,-1.54,5613.77,31.69,48.76
KPRMILL,EQ,935,-0.28,31959.61,5.29,48.51
ASTRAL,EQ,1536.3,-2.28,41272.72,3.13,48.31
AVALON,EQ,1297,-3.21,8659.57,3.74,48.31
HEXT,EQ,494,-1.64,30184.19,9.7,48
RKFORGE,EQ,588,-5.44,10644.6,8.05,48
MANINFRA,EQ,129.8,-3.07,5239.59,35.55,47.94
SHREECEM,EQ,24880,-1.29,89768.9,0.19,47.57
NORTHARC,EQ,297.6,-4.23,4808.38,15.5,47.45
ASTRAMICRO,EQ,1108,-2.4,10519.91,4.21,47.43
EIEL,EQ,204,-6.92,3580.81,22.76,47.38
GRWRHITECH,EQ,4983,-3.94,11576.7,0.95,47.31
NAZARA,EQ,262.95,-2.76,9741.38,17.76,46.99
CORONA,EQ,1640,-6.6,10030.25,2.66,46.61
KWIL,EQ,28.33,-1.46,6656.39,161.7,46.54
AARTIIND,EQ,470,-3.58,17041.94,9.77,46.52
IIFL,EQ,445.95,-3.55,18965.79,10.31,46.35
HERITGFOOD,EQ,351.4,-7.11,3260.85,13.22,46.33
DEEPAKFERT,EQ,1248,-2.33,15754.48,3.68,45.65
PNGJL,EQ,626.95,-5.34,8508.23,7.14,45.41
ACC,EQ,1352,-0.43,25388.84,3.36,45.38
ZENSARTECH,EQ,508.5,-2.97,11568.09,8.93,45.34
ESCORTS,EQ,2960,-0.23,33115.82,1.53,45.29
APEX,EQ,459,-7.18,1434.38,9.43,45.22
SPARC,EQ,166.06,-1.42,5388.64,26.75,44.93
LALPATHLAB,EQ,1586,-4.02,26574.23,2.78,44.63
CYIENT,EQ,901,-2.04,10012.47,4.95,44.47
GRANULES,EQ,731.6,-3.18,18128.82,6,44.32
ACMESOLAR,EQ,284,-2.15,17209.6,15.2,44.02
WABAG,EQ,1378,-5.74,8586.26,3.13,43.89
ECLERX,EQ,1644,-2.61,15461.94,2.67,43.81
GRINDWELL,EQ,1787.5,-0.61,19791.2,2.43,43.75
USHAMART,EQ,457.55,-4.21,13943.46,9.4,43.7
PTC,EQ,203,-4.95,6008.97,21.25,43.63
BAJAJHLDNG,EQ,10100,-3.12,112406.45,0.42,43.63
PCJEWELLER,EQ,8.54,-5.43,6846.3,501.52,43.43
J&KBANK,EQ,130.5,-4.69,14370.43,32.7,43.25
SBC,EQ,34.6,-0.29,1647.62,123.78,43
GRAVITA,EQ,1700.9,-4.28,12554.08,2.49,43
ARE&M,EQ,838,-3.56,15337.53,5.07,42.88
JWL,EQ,277.3,-4.46,11850.98,15.16,42.54
METROPOLIS,EQ,550,-1.77,11403.03,7.92,42.38
MUFIN,EQ,112,-3.56,1940.19,37.32,42.35
LLOYDSENT,EQ,71,-0.69,10671.52,58.09,42.33
SEDEMAC,EQ,1978.9,-1.02,8739.12,2.07,41.96
IIFLCAPS,EQ,345,-1.78,10744.5,12.04,41.95
KMEW,EQ,2040,-7.16,4986.6,2.04,41.9
SETFNIF50,EQ,251,-1.67,203716.71,16.55,41.73
ZFCVINDIA,EQ,14550,-0.3,27597.83,0.28,41.64
PHARMABEES,EQ,24.5,-1.25,1503.58,168.76,41.45
CPPLUS,EQ,2500,-0.7,29449.52,1.65,41.05
NIFTYIETF,EQ,264.41,-1.63,39977.94,15.37,40.74
IDBI,EQ,71.15,-2.87,76503.34,56.61,40.52
SUPREMEIND,EQ,3526,-2.52,44789.67,1.13,40.31
PAGEIND,EQ,35200,-2.88,39261.64,0.11,40.04
TATACOMM,EQ,1540.1,-2,43892.85,2.57,39.79
ITCHOTELS,EQ,153.6,-3.62,31994.52,25.4,39.61
ATUL,EQ,6845,-0.68,20152.88,0.58,39.6
MARKSANS,EQ,198.6,-2.3,8999.83,19.58,39.57
NAVA,EQ,698.5,-4.37,19767.64,5.52,39.53
BBL,EQ,2565,-6.53,2899.25,1.46,38.57
TIMKEN,EQ,3615,-0.11,27191.57,1.07,38.55
AEQUS,EQ,181.4,-4.21,12165.87,20.72,38.08
WALCHANNAG,EQ,222.29,-7.59,1508.06,16.58,38.01
FLUOROCHEM,EQ,3661,-2.04,40216.08,1.04,37.68
SKIPPER,EQ,439.75,-2.63,4964.95,8.42,37.62
TECHNOE,EQ,1208.1,-2.82,14050.15,3.06,37.61
JKPAPER,EQ,389.3,-0.55,6594.83,9.56,37.59
MBEL,EQ,292,-9.77,1668.73,12.5,37.54
BAJAJHFL,EQ,84.06,-2.55,70041.6,44.1,37.33
JYOTHYLAB,EQ,228,-3.88,8372.49,16.28,37.08
CGCL,EQ,186.6,-2.35,17953.79,19.74,36.93
VIKRAMSOLR,EQ,207.49,-2.52,7517.99,17.58,36.73
JINDALSAW,EQ,230.22,-3.3,14722.76,15.68,36.72
MID150BEES,EQ,227,-2.54,3331.23,15.97,36.51
VENTIVE,EQ,672,-0.07,15694,5.36,36.44
JSL,EQ,738,-0.45,60842.17,4.97,36.43
RPSGVENT,EQ,995,-3.29,3292.1,3.54,36.35
RAILTEL,EQ,319.9,-3.93,10266.82,11.04,35.86
AXISCADES,EQ,2040,-1.56,8673.55,1.74,35.83
RBA,EQ,66.83,-0.36,3895.36,53.75,35.76
OSWALPUMPS,EQ,399.8,-4.99,4556.82,8.64,35.4
JMFINANCIL,EQ,135.9,-3.57,12998.38,25.82,35.39
GILLETTE,EQ,7852.5,-1.25,25587.54,0.44,34.67
AEGISVOPAK,EQ,202.85,-4.49,22475.61,17.12,34.64
ICICIPRULI,EQ,546.1,-3.45,79194.16,6.29,34.48
MIDHANI,EQ,392.05,-3.67,7344.66,8.6,34.35
STYLEBAAZA,EQ,394,-5.25,2939.92,8.55,34.26
JTLIND,EQ,74.62,-8.17,2933.18,43.94,34.25
POCL,EQ,1327,-4.05,4048.85,2.54,34.12
DYNAMATECH,EQ,10443,-7.76,7092.3,0.31,34.1
KPEL,EQ,360.8,-4.7,2438.86,9.15,33.94
SWSOLAR,EQ,203.43,-4.22,4750.74,16.34,33.81
CERA,EQ,5895,-4.18,7603.1,0.56,33.48
JSLL,EQ,742,-4.1,9223.11,4.45,33.48
BALUFORGE,EQ,501,-5.31,5761.09,6.54,33.32
RATEGAIN,EQ,619.9,-5.79,7325.07,5.27,33.21
ACE,EQ,885.8,-3.89,10548.39,3.68,33.1
TATACAP,EQ,309.8,-1.64,131506.04,10.64,33.1
GOLDIAM,EQ,385,-7.49,4347.34,8.37,33.04
AGI,EQ,588.45,-6.47,3807.12,5.49,32.96
PINELABS,EQ,187.8,-3.92,21564.63,17.08,32.64
TRANSRAILL,EQ,530.65,-3.23,7124.3,6.04,32.62
DCXINDIA,EQ,197.9,-5.99,2204.34,16.05,32.54
LEMONTREE,EQ,112.2,-3.14,8889.01,28.82,32.48
ELECON,EQ,504,-4.77,11309.76,6.31,32.44
LINDEINDIA,EQ,7454,-3.71,63570.86,0.42,31.89
WAAREERTL,EQ,975,-3.83,10173.71,3.23,31.8
PSUBNKBEES,EQ,89.99,-1.02,3844.83,35.17,31.74
DBREALTY,EQ,129.9,-4.09,7045.86,23.91,31.44
MOCAPITAL,EQ,53.66,-2.65,221.75,57.9,31.42
NEWGEN,EQ,467.8,-4.58,6657.63,6.62,31.35
JYOTICNC,EQ,728.85,-2.37,16575.73,4.25,31.17
GRINFRA,EQ,937.8,-5.74,9074.2,3.3,31.13
PTCIL,EQ,17050,-0.05,25562.3,0.18,31.13
AETHER,EQ,1165,-2.97,15457.2,2.65,31.07
TIMETECHNO,EQ,177.38,-3.5,8756.1,17.09,30.9
HAPPSTMNDS,EQ,363,-4.55,5527.58,8.46,30.88
HOMEFIRST,EQ,1105,-5.66,11542.66,2.74,30.86
THELEELA,EQ,408.25,-1.38,13633.83,7.52,30.83
MOMOMENTUM,EQ,60.37,-2.03,153.46,50.91,30.79
BALAJITELE,EQ,115.5,-4.9,1407.97,26.77,30.71
AUTOBEES,EQ,269.95,-1.69,442.79,11.27,30.63
SWANCORP,EQ,326.95,-3.94,10248.47,9.24,30.28
LOWVOLIETF,EQ,21.26,-1.94,3449.93,141.32,30.2
HDBFS,EQ,674.8,-2,56031.19,4.4,29.71
GABRIEL,EQ,1103,-1.96,15843.93,2.65,29.43
BRIGADE,EQ,715.6,-4.54,17503.11,4.06,29.35
MOREALTY,EQ,77.4,-2.78,298.69,37.25,28.88
CUB,EQ,245.5,-3.42,18242.87,11.61,28.84
INOXGREEN,EQ,180.96,-3.89,7265.4,15.56,28.43
AYE,EQ,136,-5.32,3356.27,20.6,28.36
APOLLOTYRE,EQ,399,-1.65,25340.53,7.08,28.36
KRISHNADEF,EQ,1169,-8.75,1745.71,2.33,28.2
WELSPUNLIV,EQ,134.8,-0.94,12929.38,20.72,28.13
IKS,EQ,1663,-4.48,28532.62,1.67,28.13
ACI,EQ,593.4,-4.87,7326.02,4.7,28.01
BALKRISIND,EQ,2100,-3.75,40596.61,1.31,27.99
AEGISLOG,EQ,660,-3.9,23166,4.15,27.78
SJS,EQ,1956,-2.77,6258.57,1.39,27.37
RATNAVEER,EQ,170,-4.45,1153.8,15.81,27.36
INOXINDIA,EQ,1425,-2.28,12933.8,1.9,27.14
SHREEJISPG,EQ,411,-2.62,6695.94,6.45,27
CASTROLIND,EQ,181.69,-0.58,17970.32,14.85,26.99
GREAVESCOT,EQ,169.1,-4.51,3938.44,15.44,26.9
GAEL,EQ,167,-0.06,7659.8,16.33,26.77
EMCURE,EQ,1657,-1.25,31414.99,1.59,26.69
DSSL,EQ,1365,-4.4,1738.61,1.91,26.67
SUNDARMFIN,EQ,4560.1,-3.18,50664.47,0.58,26.65
E2E,BE,3425.1,-5,7040.8,0.76,26.5
UNIVCABLES,EQ,1050,-5.13,3643.02,2.44,26.39
OMNI,EQ,420,-2.41,5193.97,6.17,26.15
BIRLACORPN,EQ,1054.85,-0.73,8122.91,2.47,26.09
GOODLUCK,EQ,1310.7,-5.69,4356.57,1.95,25.95
PCBL,EQ,279.5,-4.98,10997.28,9.15,25.95
BLS,EQ,271.5,-4.7,11178.77,9.36,25.74
UBL,EQ,1409.7,-0.18,37273.19,1.81,25.57
TI,EQ,440.7,-4.69,10892.82,5.65,25.57
ALKEM,EQ,5499.5,-1.79,65754.77,0.46,25.49
RENUKA,EQ,25.18,-3.12,5359.54,100,25.46
FCL,EQ,27.24,-3.85,3172.1,91.18,25.45
GREENLAM,EQ,218,-4.53,5562.22,11.56,25.44
TATAINVEST,EQ,669.4,-4.06,33868.34,3.73,25.39
CHAMBLFERT,EQ,436.1,-3.58,17472.37,5.72,25.25
SJVN,EQ,74.68,-3.48,29347.71,33.32,25.22
GENUSPOWER,EQ,308,-5.93,9369.91,7.96,25.18
NIFTYETF,EQ,253.53,-1.72,5124.37,9.86,25.1
TRITURBINE,EQ,564.5,-3.02,17945.17,4.38,25.06
EQUITASBNK,EQ,68.15,-2.36,7777.86,36.1,25.04
TENNIND,EQ,617.15,-2.85,24908.44,4.06,25.03
NIACL,EQ,159.39,-2.29,26267.47,15.45,24.9
GARUDA,EQ,174,-8.35,1618.93,14.01,24.89
ARSSBL,EQ,551.6,-4.39,3459.92,4.42,24.63
TANLA,EQ,525,-4.46,6962.41,4.59,24.5
GOKEX,EQ,692,-2.93,5068.71,3.51,24.48
TEXRAIL,EQ,105.02,-6.13,4272.89,22.56,24.41
HEMIPROP,EQ,149.65,-4.47,4265.02,15.94,24.37
SARDAEN,EQ,565.5,-2.34,19927.16,4.26,24.29
ELECTCAST,EQ,85.5,-3.52,5285.48,27.8,24.26
MARSONS,EQ,144.9,-4.82,2493.73,15.98,24.13
SCHAEFFLER,EQ,4085,-3.01,63850.05,0.59,24.09
CLEAN,EQ,816,-5.28,8672.23,2.88,23.87
IBULLSLTD,EQ,20,-4.08,4648.76,118.17,23.79
INDIAGLYCO,EQ,1055.8,-4.95,7076.69,2.2,23.7
ADVENZYMES,EQ,372,-4.71,4163.68,6.25,23.63
IRB,EQ,20.8,-2.39,25122.24,112.23,23.52
SCHNEIDER,BE,1267,-3.79,30294.48,1.84,23.38
AGIIL,EQ,370,-2.71,4624.9,6.23,23.3
EMBDL,EQ,68.29,-6.21,9496.64,33.04,23.18
CONCORDBIO,EQ,1139,-4.99,11915.79,2,23.07
MAHSEAMLES,EQ,644,-0.69,8629.55,3.51,23.07
MIRCELECTR,EQ,44.49,-2.61,1643.43,52.36,23.05
PFOCUS,EQ,286.65,-1.73,22243.77,7.93,23.03
SHADOWFAX,EQ,164.5,-0.13,9590.33,13.98,23.02
SHRINGARMS,EQ,207,-1.86,1996.14,10.89,22.99
JKTYRE,EQ,384.25,-2.86,11077.52,5.9,22.92
MSUMI,EQ,39.99,-3.89,26520.02,56.36,22.86
CLEANMAX,EQ,1220.2,-0.72,14286,1.85,22.75
SENORES,EQ,944.95,-1.34,4351.83,2.41,22.73
JAIBALAJI,EQ,83,-3.69,7571.73,26.67,22.42
GKSL,EQ,141.4,-0.59,1114.84,15.59,22.36
AKUMS,EQ,531,-1.44,8357.62,4.12,22.27
SUNFLAG,EQ,368,-4.04,6632.08,5.95,22.21
DEVYANI,EQ,114,-1.76,14055.51,19.43,22.19
BALAMINES,EQ,1350,-4.55,4374.14,1.6,22.07
FMCGIETF,EQ,54,-1.19,805.22,40.58,22.04
BHARATWIRE,EQ,235,-7.05,1611.74,9.05,21.9
RELIGARE,EQ,223.5,-2.18,7440.1,9.71,21.88
CIEINDIA,EQ,462,-3.24,17526.54,4.62,21.69
PWL,EQ,108.55,-1.61,31041.96,19.89,21.56
TIPSMUSIC,EQ,633.3,-3.42,8095.57,3.34,21.5
RAYMOND,EQ,479.2,-2.6,3190.21,4.38,21.44
SANSERA,EQ,2393.5,-3.3,14919.18,0.89,21.42
ROSSTECH,EQ,825.1,-5.94,3110.34,2.56,21.34
SMALLCAP,EQ,44.54,-2.43,929.9,47.55,21.34
IMFA,EQ,1453,-2.8,7839.53,1.43,21.23
THYROCARE,EQ,472,-1.84,7512.6,4.45,21.16
PRECWIRE,EQ,390,-4.99,7129.51,5.31,21.1
CPSEETF,EQ,105.31,-0.19,21720.73,19.88,21.08
TFCILTD,EQ,76.3,-5.58,3532.52,26.88,20.98
VENKEYS,EQ,1681.1,-0.32,2368.22,1.23,20.78
SMLMAH,EQ,3635,-3.42,5260.44,0.57,20.7
LUMAXTECH,EQ,1652.5,-3.08,11263.06,1.22,20.39
VIYASH,EQ,215.17,-4.47,9400.08,9.27,20.3
JAMNAAUTO,EQ,120.85,-3.5,4831.42,16.58,20.28
SOBHA,EQ,1398,-1.17,14949.21,1.47,20.28
ITIETF,EQ,31.3,-3.34,441.05,64.75,20.22
RTNPOWER,EQ,9.37,-4.29,5031.79,211.31,20.16
SURYAROSNI,EQ,241.5,-3.75,5255.91,8.23,20.11
POWERMECH,EQ,2398,-5.09,7581.59,0.82,19.96
KAJARIACER,EQ,1074,-1.96,17105.84,1.84,19.81
MOREPENLAB,EQ,43.39,-5.24,2377.57,44.9,19.79
PNGSREVA,EQ,394,-5.66,1248.92,4.9,19.74
IXIGO,EQ,158.2,-3,6932.06,12.41,19.7
VINDHYATEL,EQ,1634,-9.95,1936.43,1.17,19.67
KPIL,EQ,1235,-2.15,21090.41,1.58,19.66
JKCEMENT,EQ,5362.5,-1.88,41435.1,0.36,19.64
VIPIND,EQ,296,-0.35,4204.73,6.5,19.42
ELLEN,EQ,287.15,-3.25,4046.97,6.65,19.39
GOKULAGRO,EQ,235,-1.63,6934.54,8.08,19.28
PROTEAN,EQ,537,-4.35,2181.12,3.54,19.2
VMART,EQ,638,-2.8,5069.44,2.98,19.12
PGINVIT,IV,92.8,-0.31,8444.79,20.52,19.09
KANSAINER,EQ,215.11,-1.03,17395.05,8.79,18.93
EPACK,EQ,242.65,-5.33,2334.98,7.59,18.89
SGMART,EQ,596.9,-1.42,7520.94,3.15,18.89
SHRIRAMPPS,EQ,85.6,-7.5,1460.8,21.26,18.81
SHILPAMED,EQ,439.5,-3.65,8595.82,4.23,18.8
MGL,EQ,1065,-3.74,10519.83,1.75,18.79
HUBTOWN,EQ,219,-1.67,3112,8.57,18.66
CANFINHOME,EQ,835,-2.37,11118.37,2.2,18.65
RUSTOMJEE,EQ,414,-2.76,5226.22,4.5,18.52
LATENTVIEW,EQ,294.65,-4.6,6097.04,6.15,18.36
MINDSPACE,RR,459.47,-0.62,30416.61,4,18.35
POWERICA,EQ,499.9,-0.39,6326.33,3.69,18.34
YATRA,EQ,98.7,-3.53,1548.76,18.32,18.25
ABDL,EQ,565.65,-3.87,15821.8,3.18,18.24
SIGMAADV,BE,336,-0.87,5921.65,5.26,18.02
ELGIEQUIP,EQ,523.85,-3.3,16601.28,3.41,18
GMRP&UI,EQ,104.5,-2.42,8161.63,17.13,17.98
INDOTECH,EQ,2662,-2.49,2827.04,0.66,17.88
GTLINFRA,EQ,1.3,-7.8,1653.16,1352.18,17.71
MANINDS,EQ,519.35,-3.17,3895.62,3.35,17.7
TMB,EQ,665.9,-2.28,10544.62,2.64,17.65
ABFRL,EQ,62.64,-3.62,7645.28,27.75,17.64
MOIL,EQ,299,-2.76,6084.21,5.79,17.53
GNFC,EQ,474.5,-2.16,6972.34,3.68,17.5
SALZERELEC,EQ,714,-7.52,1262.55,2.35,17.4
GUJALKALI,EQ,685,-5.52,5030.43,2.48,17.31
KIRLPNU,EQ,1490.7,-2.06,9683.32,1.15,17.24
CHOICEIN,EQ,659,-3.56,14680.97,2.58,17.18
VINATIORGA,EQ,1317,-3.88,13652.76,1.28,17.09
GLAND,EQ,1875,-2.3,30891.83,0.9,17.04
STARHEALTH,EQ,510.15,-1.12,30017.4,3.3,16.98
RAMCOCEM,EQ,946.2,-0.45,22357.98,1.79,16.97
MIDCAPETF,EQ,22.48,-2.26,1714.14,73.61,16.66
CARBORUNIV,EQ,1007.5,-3.03,19192.12,1.63,16.59
CENTRALBK,EQ,34.69,-2.67,31399.31,47.24,16.52
RSYSTEMS,EQ,295.1,-3.83,3496.54,5.55,16.52
GODREJIND,EQ,1098,-4.19,36981.17,1.47,16.43
RICOAUTO,EQ,115.79,-5.11,1566.47,13.93,16.41
AADHARHFC,EQ,488.5,-2.08,21284.13,3.36,16.38
IGL,EQ,157.2,-2.17,22008.03,10.33,16.33
FUSION,EQ,202.61,-7.21,3275.88,7.91,16.33
WHIRLPOOL,EQ,864.45,-5.01,10967.44,1.85,16.3
SIGNATURE,EQ,853.5,-4,11992.59,1.87,16.26
KROSS,EQ,203.5,-9.45,1312.77,7.6,16.02
TBOTEK,EQ,1175.5,-1.33,12764.49,1.35,15.97
PRICOLLTD,EQ,593,-3.16,7227.57,2.67,15.89
CYIENTDLM,EQ,419,-1.27,3325.37,3.77,15.85
VILAS,SM,406,-10.44,993.89,3.93,15.82
ARMANFIN,EQ,1779.8,-5.25,1871.09,0.87,15.81
GPPL,EQ,153.47,-2.33,7419.35,10.24,15.81
NSLNISP,EQ,41.9,-2.65,12279.24,37.02,15.76
PATELENG,EQ,26.95,-3.78,2673.82,57.28,15.67
SEIL,EQ,203,-6.05,3268.3,7.52,15.66
HAPPYFORGE,EQ,1407,-2.63,13275.11,1.08,15.45
CHOLAHLDNG,EQ,1724.8,-2.23,32387.86,0.89,15.22
JYOTISTRUC,EQ,12.5,-5.16,1492.07,119.45,15.19
ROUTE,EQ,508.6,-5.03,3204.34,2.92,15.17
RPTECH,EQ,521.4,-4.2,3436.01,2.89,15.12
KRBL,EQ,352.8,-2.31,8075.24,4.25,15.06
GICRE,EQ,382.85,-2.1,67167.2,3.9,15.06
RATNAMANI,EQ,2836,-6.9,19878.09,0.51,15
BLUEJET,EQ,448.9,-5.42,7786.86,3.29,14.96
GANECOS,EQ,1003.1,-3.67,2687.91,1.47,14.96
RUBICON,EQ,920,-3.31,15188.48,1.57,14.77
HONASA,EQ,347,-1.69,11290.33,4.18,14.67
BIRET,RR,325.4,-0.23,27004.32,4.5,14.58
TRIDENT,EQ,25.25,-2.92,12867.29,56.98,14.51
INDRAMEDCO,EQ,419.05,-4.09,3841.56,3.43,14.51
HONAUT,EQ,28605,-2.51,25291.18,0.05,14.46
DOMS,EQ,2268.9,-2.66,13769.58,0.63,14.46
VINCOFE,EQ,128.7,-3.69,1875.01,10.97,14.4
ALPHA,EQ,48.78,-2.73,789.39,29.33,14.39
INDGN,EQ,526,-3.13,12671.41,2.71,14.39
SERVOTECH,EQ,90.55,-6.17,2045.03,15.53,14.38
KSB,EQ,853.6,-3.49,14855.99,1.67,14.36
STALLION,EQ,147.89,-2.92,1716.79,9.46,14.35
WHEELS,EQ,1277.4,-3.72,3121.07,1.09,14.08
THOMASCOOK,EQ,92.2,-0.81,4336.91,15.1,14.07
DELTACORP,EQ,72.07,-3.3,1929.83,19.16,14.04
RAINBOW,EQ,1274,-1.58,12938.64,1.09,13.98
LTFOODS,EQ,406.65,-2.32,14121.04,3.36,13.79
CSBBANK,EQ,343.95,-2.41,5967.05,3.98,13.74
SURYODAY,EQ,171.25,-4.56,1820.21,7.95,13.72
DCMSHRIRAM,EQ,1192,-3.4,18588.32,1.14,13.68
IONEXCHANG,EQ,394.5,-2.39,5786,3.47,13.64
MARINE,EQ,217.8,-7.02,3047.99,6.14,13.64
BLUESTONE,EQ,471,-0.64,7170.1,2.87,13.64
CENTUM,EQ,2966,-2.94,4372.18,0.46,13.61
RPEL,EQ,746,-4.54,3425.78,1.74,13.52
LXCHEM,EQ,156.9,-5.46,4349.45,8.47,13.52
MINDACORP,EQ,512.75,-3,12258.8,2.63,13.52
UCOBANK,EQ,25.54,-3.11,32026.03,51.79,13.37
SBCL,EQ,583.55,-2.69,3361.49,2.26,13.34
BERGEPAINT,EQ,489,-0.98,57017.54,2.73,13.32
ROLEXRINGS,EQ,146.08,-2.24,3978.24,9.06,13.31
ASHOKA,EQ,127.6,-4.2,3582.03,10.22,13.24
SUNTV,EQ,560,-1.37,22068.74,2.35,13.21
BOMDYEING,EQ,121.5,-5.21,2509.4,10.72,13.2
EIDPARRY,EQ,801,-2.31,14247.6,1.63,13.18
PREMEXPLN,EQ,500.8,-4.74,2692.36,2.58,13.17
EPL,EQ,228.11,-3.65,7306.48,5.67,13.17
SUPRIYA,EQ,678,-5.58,5456.73,1.9,13.13
INDIAMART,EQ,2020,-2.18,12137.6,0.65,13.1
MANYAVAR,EQ,460.3,-1.77,11184.05,2.84,13.07
ORIANA,SM,1825,-4.88,3708.24,0.7,13.04
RITES,EQ,211,-5.24,10140.74,6.05,13.04
JUBLINGREA,EQ,704.9,-4.8,11227.73,1.81,12.97
HPL,EQ,350.7,-5.73,2255.02,3.62,12.94
AIMTRON,SM,1116,-0.45,2299.98,1.12,12.91
SHILCTECH,EQ,4185,-3.11,4787.72,0.31,12.9
GREENPOWER,EQ,11.4,-6.86,1337.26,109.77,12.79
CAPLIPOINT,EQ,1825,-1.53,13872.13,0.7,12.79
RGL,EQ,107.2,-3.76,1150.53,11.69,12.77
MMTC,EQ,63.56,-4.71,9534,19.68,12.74
KDDL,EQ,2305,-2.47,2834.98,0.55,12.67
AWFIS,EQ,364.6,-6.19,2608.37,3.31,12.63
VERTIS,IV,107,-0.93,16156.83,11.75,12.63
MOM30IETF,EQ,30.48,-1.55,642.74,40.97,12.6
ARIS,EQ,144.23,-2.8,1179.24,8.42,12.54
APOLLOPIPE,EQ,479,-1.78,2109.91,2.6,12.54
NETWORK18,EQ,32.49,-2.61,5009.96,38.34,12.48
INDIGOPNTS,EQ,937.9,-3.41,4471.5,1.32,12.47
MASTEK,EQ,1620.1,-2.32,5021.88,0.77,12.44
PNCINFRA,EQ,219.21,-1.22,5623.6,5.63,12.29
EPIGRAL,EQ,1255,-3.5,5414.24,0.96,12.03
CEIGALL,EQ,349.05,-4.81,6080.62,3.35,12.01
GUJGASLTD,EQ,368.75,-3.2,25384.39,3.23,12.01
DAMCAPITAL,EQ,158.3,-5.41,1118.96,7.4,11.98
KSCL,EQ,949.9,-3.29,4886.2,1.24,11.98
RCF,EQ,122.97,-2.5,6784.11,9.62,11.97
STLNETWORK,EQ,25.5,-5.17,1244.48,45.79,11.97
CONFIPET,EQ,56.72,-0.37,1884.47,20.78,11.91
KSHINTL,EQ,615.15,-3.6,4167.99,1.91,11.86
VIKRAN,EQ,70.11,-4.69,1808.21,16.6,11.79
ENTERO,EQ,1203,-2.45,5234.37,0.96,11.78
RALLIS,EQ,265.8,-0.49,5168.98,4.4,11.75
SUNTECK,EQ,306,-5.45,4493.37,3.78,11.74
ICICIB22,EQ,120.2,-0.76,10466.61,9.63,11.65
GLOBUSSPR,EQ,942.9,-3.55,2740.82,1.22,11.65
UTKARSHBNK,EQ,13.88,-2.32,2469.98,83.12,11.65
CRISIL,EQ,4042.5,-1.16,29562.81,0.29,11.55
GROWWDEFNC,EQ,90,-3.03,319.63,12.85,11.54
MUNJALAU,EQ,88.2,-5.82,882,12.43,11.53
MSPL,EQ,41,-2.17,2323.87,27.4,11.51
FACT,EQ,862,-2.43,55777.6,1.32,11.47
AJAXENGG,EQ,512.3,-4.17,5861.06,2.18,11.45
MEDPLUS,EQ,874.95,-0.09,10504.18,1.31,11.42
JUSTDIAL,EQ,528,-1.82,4490.36,2.16,11.4
NEXT50IETF,EQ,72.56,-2.21,2398.95,15.57,11.38
NITCO,EQ,99.29,-5.69,2274.89,11.19,11.32
ITI,EQ,281.25,-4.06,27024.95,3.93,11.31
HARDWYN,EQ,23.08,-3.87,1127.31,48.17,11.29
LUMAXIND,EQ,5350,-4.96,5001.04,0.21,11.28
TRUALT,EQ,459.7,-3.38,3942.05,2.42,11.27
PFIZER,EQ,4725,-3.08,21615.8,0.23,11.23
INDIGRID,IV,173.35,-0.09,16512.71,6.46,11.21
AIAENG,EQ,3740,-4.24,34901.82,0.29,11.18
REGAAL,EQ,85.4,-12.09,877.26,12.31,11.15
BANCOINDIA,EQ,599,-3.75,8567.93,1.84,11.14
AIIL,EQ,478,-4.92,40592.98,2.27,11.11
BECTORFOOD,EQ,188,-3.89,5771.42,5.78,11.03
DREDGECORP,EQ,889,-4.33,2489.2,1.22,11.02
NDRAUTO,EQ,820,-2.23,1950.39,1.3,10.98
IOB,EQ,33.84,-1.31,65164.3,32.32,10.94
PICCADIL,EQ,595,-3.9,5865,1.81,10.92
EFCIL,EQ,179.8,-3.63,2468.36,6.02,10.91
RTNINDIA,EQ,34.88,-3.94,4821.36,30.97,10.9
TEGA,EQ,1592.1,-1.87,11961.08,0.68,10.78
GROWWPOWER,EQ,11.97,-2.13,231.18,89.54,10.71
EUREKAFORB,EQ,504.7,-5.35,9761.11,2.08,10.66
SMSPHARMA,EQ,407,-2.95,3811.64,2.59,10.63
ORIENTTECH,EQ,289.65,-5.84,1326.77,3.65,10.63
FIEMIND,EQ,2204.3,-0.77,5801.64,0.48,10.61
AARTIPHARM,EQ,712,-4.15,6454.83,1.47,10.59
SPANDANA,EQ,259.98,-6.15,1853.79,4,10.57
LOTUSDEV,EQ,143.5,-1.75,7013.19,7.26,10.45
AQYLON,EQ,51.97,-3.88,1318.64,19.62,10.38
INTERARCH,EQ,2034.8,-3.25,3412.74,0.5,10.38
HIMATSEIDE,EQ,78.95,-6.15,992.74,12.82,10.36
CAMLINFINE,EQ,120.8,-4.47,2320.47,8.5,10.36
SHANTIGOLD,EQ,208.2,-6.01,1501.04,4.84,10.33
KITEX,EQ,157.99,-5.49,3151.9,6.44,10.33
IGIL,EQ,329.2,-4.26,14226.7,3.05,10.24
ADFFOODS,EQ,270.95,-0.55,2976.75,3.77,10.12
AMIRCHAND,EQ,131.16,-1.62,1358.18,7.72,10.11
SBFC,EQ,93.05,-4.47,10295.18,10.68,10.1
JSWCEMENT,EQ,121.44,-2.89,16556.7,8.22,10.09
EPACKPEB,EQ,191.96,-3.55,1928.28,5.18,10.05
TASTYBITE,EQ,7620,-4.93,1955.29,0.13,10
GSFC,EQ,168.48,-1.4,6713.55,5.94,9.98
SUDARSCHEM,EQ,880,-2.47,6917.85,1.12,9.97
GHCL,EQ,468.9,-4.51,4310.79,2.09,9.96
JINDWORLD,EQ,28.65,-3.89,2872.45,33.33,9.96
UDS,EQ,169,-2.39,1131.51,5.66,9.93
UTIAMC,EQ,970.5,-1.72,12472.95,1.02,9.87
ATULAUTO,EQ,481,-2.38,1334.84,2.01,9.73
SAFARI,EQ,1484,-0.56,7270.7,0.65,9.73
SUVEN,EQ,213.1,-2.17,5619.89,4.57,9.73
EMAMILTD,EQ,432,-2.82,18856.8,2.23,9.72
ABLBL,EQ,102.42,-4.87,12500.58,9.26,9.63
GREENPLY,EQ,258.1,-2.68,3223.72,3.65,9.62
ADVAIT,EQ,1930,-4.79,2110.91,0.49,9.61
JISLJALEQS,EQ,32.58,-3.44,2328.2,29.26,9.6
IPL,EQ,168.81,-5.75,1944.08,5.56,9.6
JUBLPHARMA,EQ,986.2,-1.15,15708.31,0.96,9.57
GKENERGY,EQ,122.01,-4.15,2474.57,7.74,9.54
INDOTHAI,EQ,281,-2.72,3614.17,3.35,9.5
MARKOLINES,EQ,159.35,-3.84,351.22,5.77,9.45
NEXT50,EQ,708.45,-2.2,1245.2,1.32,9.43
SAIPARENT,EQ,475,-2.3,2098.51,1.97,9.41
SAPPHIRE,EQ,172.55,-4,5545.46,5.35,9.35
NIFTY1,EQ,259.2,-1.47,3297.08,3.59,9.33
DHAMPURSUG,EQ,152.8,-3.9,982.6,5.99,9.31
ALPEXSOLAR,SM,914.2,-6.6,2335.14,0.97,9.26
MBAPL,EQ,546,-0.77,4784.43,1.68,9.24
VIMTALABS,EQ,468.3,-4.48,2091.87,1.94,9.23
DBL,EQ,469.95,-3.57,7634.09,1.92,9.19
CAPACITE,EQ,238.85,-2.73,2020.77,3.78,9.17
SAREGAMA,EQ,334.65,-4.17,6452.37,2.71,9.17
TRIVENI,EQ,381,-2.78,8340.01,2.36,9.09
TTML,EQ,41.4,-3.68,8093.4,21.57,9.04
PRABHA,EQ,170,-0.36,2327.39,5.12,9.04
SANDHAR,EQ,508.55,-5.34,3061,1.76,9.03
RISHABH,EQ,485.55,-3.18,1871.9,1.85,9
OPTIEMUS,EQ,424,-1.43,3760.4,2.1,8.97
GCSL,EQ,378,-2.29,855.77,2.32,8.92
ALKYLAMINE,EQ,1603.9,-2.55,8202.99,0.55,8.91
BAJAJELEC,EQ,389,-2.2,4488.7,2.23,8.82
ROSSARI,EQ,508.9,-3.14,2818.46,1.71,8.8
WELENT,EQ,491.3,-4.01,6800.27,1.76,8.74
NEOGEN,EQ,1640,-5.85,4326.59,0.52,8.72
SUMICHEM,EQ,446.95,-4.18,22309.32,1.93,8.71
734GS2064,GS,96.35,-0.37,230276.5,8.98,8.67
3MINDIA,EQ,31045,-2,34972.41,0.03,8.65
DLINKINDIA,EQ,465,-2.66,1650.98,1.84,8.63
KALAMANDIR,EQ,108.15,-6.91,1658.65,7.68,8.55
GOPAL,EQ,320.1,-1.46,3990,2.66,8.51
NIFTYBETA,EQ,258.73,-1.55,68334.54,3.26,8.45
SFL,EQ,557.8,-4.11,6091.12,1.47,8.35
MMFL,EQ,454,-4.14,2191.98,1.84,8.34
EASEMYTRIP,EQ,7.51,-2.21,2731.28,111.62,8.33
VIESL,SM,303.95,-14.46,749.01,2.58,8.29
PENIND,EQ,161.7,-3.61,2182.08,5.07,8.28
ASIANTILES,EQ,60.72,-2.21,1800.2,13.48,8.27
SEPC,EQ,7.33,-6.27,1385.41,109.79,8.23
VIVIDEL,SM,795,-0.24,706.58,1.01,8.21
SPMLINFRA,EQ,201.5,-4.79,1574.85,4.03,8.2
TIRUMALCHM,EQ,207,-2.19,2495.44,4,8.19
SDBL,EQ,85.8,-5.64,1692.63,9.35,8.17
BLSE,EQ,190,-4.84,1726.27,4.25,8.17
NOCIL,EQ,167.9,-2.06,2804.35,4.8,8.16
REPCOHOME,EQ,394,-1.79,2464.92,2.04,8.15
CIGNITITEC,EQ,1306.4,-4.22,3598.73,0.62,8.15
NACLIND,EQ,166,-3.14,3887.36,4.8,8.12
GENESYS,EQ,219,-4.37,915.21,3.64,8.08
VSTTILLERS,EQ,4867,-2.82,4211.3,0.16,8.03
INA,EQ,129.79,-5.05,2860.5,6.04,8.02
DWARKESH,EQ,46.77,-2.09,866.65,16.88,8.02
ALOKINDS,EQ,13.6,-3.27,6752.73,58.48,8.01
PGHH,EQ,9707,-2.01,31509.64,0.08,8
ORCHPHARMA,EQ,704.65,-2.14,3573.92,1.12,7.94
MOTOUR,EQ,71.3,-2.97,18.72,11.14,7.93
ARTEMISMED,EQ,270,-3.96,4273.39,2.87,7.89
EMUDHRA,EQ,475,-5.24,3933.56,1.63,7.83
INFOBEAN,EQ,159,-5.13,1551.94,4.84,7.8
AVL,EQ,542,-0.32,6999.28,1.44,7.79
LUXIND,EQ,1468.9,-5,4417.23,0.52,7.73
FABTECH,EQ,164.5,-2.88,731.22,4.68,7.72
ECOSMOBLTY,EQ,137.5,-9.42,825,5.37,7.71
SANOFI,EQ,3250,-0.52,7484.95,0.24,7.69
ARVINDFASN,EQ,436.7,-2.16,5835.63,1.75,7.66
WONDERLA,EQ,477.9,-1.81,3030.97,1.57,7.64
BBTC,EQ,1465,-2.94,10221.58,0.51,7.63
DIFFNKG,EQ,305.65,-4.74,1143.93,2.49,7.59
ACCENTMIC,SM,445,-6.53,1067.51,1.67,7.58
WENDT,EQ,6925,-4.46,1385,0.11,7.57
MAHLIFE,EQ,324.6,-2.51,6925.1,2.31,7.56
DANISH,SM,878,-2.68,1728.92,0.82,7.55
NUVOCO,EQ,317.7,-3.05,11346.85,2.36,7.54
INDIASHLTR,EQ,833,-0.37,9061.27,0.9,7.48
BASF,EQ,3767.9,-2.71,16309.6,0.19,7.4
OMPOWER,EQ,182.6,-0.69,625.31,3.98,7.39
KIRIINDUS,EQ,394,-4.19,2364.89,1.84,7.38
SANGHVIMOV,EQ,318,-3.71,2753.12,2.32,7.38
63MOONS,EQ,663.45,-5.01,3057.08,1.09,7.35
ONWARDTEC,EQ,266.94,-2.43,607.39,2.72,7.34
EMSLIMITED,EQ,333.5,-5.15,1851.95,2.16,7.29
NFL,EQ,74.3,-3,3645,9.62,7.27
EMIL,EQ,115,-1.72,4424.61,6.43,7.26
FRONTSP,EQ,1640,-8.72,1937.75,0.42,7.23
HARIOMPIPE,EQ,315,-4.83,975.47,2.26,7.21
EXICOM,EQ,114.03,-7.71,1585.93,6.11,7.19
QUESS,EQ,211.95,-3.86,3165.08,3.37,7.18
ALIVUS,EQ,1103.9,-1.96,13548.87,0.65,7.16
MODIS,EQ,366,-0.71,717.04,1.94,7.14
VARROC,EQ,555.3,-0.11,8484.23,1.27,7.07
DCW,EQ,47.39,-4.49,1398.74,14.67,7.07
VAIBHAVGBL,EQ,218.5,-3.76,3650.43,3.21,7.06
NELCO,EQ,679,-4.16,1549.37,1.03,7.06
VALUE360,ST,78.2,-4.98,125.82,8.38,7.05
TARC,EQ,132.45,-1.3,3908.55,5.31,7.02
RAMRAT,EQ,428.5,-1.6,4000.01,1.65,7.01
SYMPHONY,EQ,766,-2.05,5260.23,0.9,6.99
AWHCL,EQ,478,-3.45,1356.66,1.44,6.92
KAMATHOTEL,EQ,174.1,-0.55,513.25,3.91,6.89
BAJAJHCARE,EQ,295,-3.12,931.71,2.29,6.86
ICIL,EQ,282.6,-4.14,5597.02,2.4,6.84
HITECH,EQ,85.65,-3.23,1739.62,7.93,6.82
CANTABIL,EQ,219,-5.46,1831.67,3.04,6.81
VSTIND,EQ,256.5,-1.59,4356.94,2.61,6.75
GMBREW,EQ,917.35,-3.21,2095.86,0.73,6.75
TEMBO,EQ,570.8,-3.33,882.86,1.17,6.75
PRECAM,EQ,158.63,-7.02,1506.76,4.14,6.74
PGHL,EQ,5119,-2.68,8497.22,0.13,6.74
UTLSOLAR,EQ,272,-2.65,8334.38,2.44,6.73
SSWL,EQ,206.7,-2.74,3248.92,3.22,6.71
AJMERA,EQ,118,-5.55,2322.19,5.6,6.71
LINCOLN,EQ,665.2,-4.92,1332.38,0.98,6.66
NAVKARCORP,EQ,95.3,-4.09,1434.45,6.89,6.64
GODAVARIB,EQ,295.15,-2.88,1510.46,2.21,6.63
NESCO,EQ,1220,-4.04,8596.12,0.54,6.62
INDIACEM,EQ,390.5,-1.85,12101.49,1.68,6.61
IFBIND,EQ,1143.2,-4.7,4632.11,0.57,6.54
MOM100,EQ,64.4,-2.28,833.36,10,6.49
GULPOLY,EQ,188.57,-2.12,1176.12,3.41,6.49
MAHLOG,EQ,377.95,-1.86,3750.11,1.69,6.4
AAVAS,EQ,1387,-1.27,10996.52,0.46,6.38
SWELECTES,EQ,626,-4.52,948.94,1,6.37
COSMOFIRST,EQ,759,-2.63,1992.35,0.83,6.37
UNIPARTS,EQ,538.05,-5.22,2428.93,1.17,6.37
MSTCLTD,EQ,427,-2.68,3006.08,1.48,6.34
STUDDS,EQ,455,-0.96,1790.58,1.38,6.29
ASAHIINDIA,EQ,810,-2.47,20649.1,0.77,6.28
ZOTA,EQ,1210,-2.89,4190.54,0.52,6.28
FLAIR,EQ,326.9,-2.42,3445.37,1.87,6.27
RIIL,EQ,763,-1.64,1152.13,0.81,6.24
ANUP,EQ,1977,-4.38,3960.22,0.31,6.18
ERIS,EQ,1356,-1.48,18786.42,0.45,6.18
EXCELSOFT,EQ,85,-6.14,978.22,7.04,6.12
PRAKASH,EQ,143.3,-3.22,2566.24,4.19,6.1
MAYURUNIQ,EQ,602.5,-1.63,2618.02,1.01,6.08
DECNGOLD,EQ,116.4,-0.31,2303.58,5.23,6.08
INGERRAND,EQ,4299.9,-2.98,13573.92,0.14,6.08
APLLTD,EQ,765,-3.07,15037.08,0.78,6.07
WEWORK,EQ,500.95,-4.44,6872.73,1.21,6.06
JSWHL,EQ,12493,-0.33,13866.76,0.05,6.05
NXST,RR,157.2,-0.42,23815.8,3.84,6.04
SOLEX,EQ,1264.8,-4.13,1366.3,0.47,5.99
BAYERCROP,EQ,4435,-1.21,22222.56,0.13,5.96
DATAMATICS,EQ,742.3,-5.41,4387.47,0.78,5.95
E2ERAIL,ST,286.45,-4.99,494.34,2.07,5.94
DBCORP,EQ,214.5,-7.07,3823.38,2.66,5.92
SUNDRMFAST,EQ,830.35,-0.35,17448.01,0.72,5.91
HDFCNIFTY,EQ,263.52,-1.39,4825.96,2.24,5.91
PVTBANIETF,EQ,26.12,-1.51,2783.45,22.56,5.91
EUROPRATIK,EQ,264,-2.87,2698.08,2.17,5.89
DENTA,EQ,270,-5.53,720.9,2.13,5.84
BHARATSE,EQ,189.99,-7.02,1193.14,2.99,5.82
IRBINVIT,IV,60.67,-1.01,7775.47,9.54,5.81
STYRENIX,EQ,2202,-3.87,3872.35,0.26,5.8
MOSMALL250,EQ,16.8,-2.72,214.37,34,5.77
ALLCARGO,EQ,9.38,-3.7,1404.92,61.22,5.76
PROSTARM,EQ,152,-4.9,894.89,3.76,5.76
ISGEC,EQ,1055.1,-3.55,7758.1,0.53,5.75
GARFIBRES,EQ,626,-0.03,6214.04,0.92,5.73
CANHLIFE,EQ,136.97,-2.84,13012.15,4.17,5.73
VENUSPIPES,EQ,1279,-3.88,2649.59,0.43,5.71
HCG,EQ,605.2,-2.6,9035.77,0.93,5.7
TBZ,EQ,135.98,-4.91,907.4,4.17,5.7
GODREJAGRO,EQ,572.55,-1.73,11013.57,0.99,5.69
SWARAJENG,EQ,3800,-2.73,4616.95,0.15,5.68
VADILALIND,EQ,4311,-4.16,3098.67,0.13,5.66
SULA,EQ,166.05,-3.72,1402.25,3.37,5.66
BLUEDART,EQ,5161,-1.85,12245.99,0.11,5.64
NIBE,EQ,989,-3.49,1477.69,0.56,5.63
UTSSAV,SM,257,-0.66,620.6,2.2,5.62
MAXVOLT,SM,463,-0.63,504.85,1.19,5.62
QUADFUTURE,EQ,304,-3.45,1216,1.8,5.6
SOLARWORLD,EQ,217.35,-1.07,1883.83,2.56,5.56
GNA,EQ,382.2,-1.28,1640.82,1.43,5.56
YASHO,EQ,1672.6,-2.4,2016.67,0.32,5.54
JAICORPLTD,EQ,112.49,-3.56,1974.26,4.8,5.46
PRINCEPIPE,EQ,245.6,-3.71,2715.38,2.2,5.42
SRM,EQ,480,-5.09,1101.32,1.1,5.4
HIKAL,EQ,199.85,-4.56,2464.17,2.66,5.39
RELAXO,EQ,290,-6.56,7219.22,1.83,5.39
RADHIKAJWE,EQ,58.3,-9.92,687.94,9.02,5.38
POLYPLEX,EQ,901,-3.66,2828.46,0.59,5.38
AMANTA,EQ,135,-1.34,524.2,3.84,5.38
CARRARO,EQ,583.15,-1.04,3315.3,0.92,5.37
MOMENTUM50,EQ,51.19,-2.4,350.47,10.35,5.35
VISHNU,EQ,576.75,-0.67,3882.41,0.92,5.33
ZUARI,EQ,233.96,-1.03,983.99,2.25,5.32
TIMEX,EQ,342.75,-6.02,3460.06,1.51,5.32
CARYSIL,EQ,899,-2.34,2556.99,0.58,5.3
DPABHUSHAN,EQ,958,-7.61,2186.91,0.55,5.3
SUBROS,EQ,754.9,-3.35,4924.65,0.69,5.29
BATAINDIA,EQ,702.5,-1.29,9029.06,0.75,5.29
ANDHRSUGAR,EQ,93.27,-6.26,1264.14,5.51,5.29
RAMASTEEL,EQ,5.35,-4.97,874.99,97.39,5.26
ITDC,EQ,562,-4.34,4820.24,0.91,5.25
SCODATUBES,EQ,151.95,-4.04,910.32,3.42,5.24
MASFIN,EQ,331,-4.72,6006.11,1.54,5.19
KIOCL,EQ,381.5,-3.6,23185.7,1.34,5.19
HIRECT,EQ,892,-2.35,3065.59,0.57,5.13
SAATVIKGL,EQ,450.5,-4.13,5726.08,1.13,5.13
PSPPROJECT,EQ,789.7,-3.46,3130.51,0.65,5.11
RAJRATAN,EQ,406.25,-4.99,2062.57,1.23,5.1
KAMDHENU,EQ,25.94,-2.77,731.2,19.23,5.1
DALMIASUG,EQ,369,-3.21,2986.66,1.36,5.08
EBBETF0430,EQ,1573.23,-0.03,25153.55,0.32,5.06
DHANBANK,EQ,31.55,-0.5,1245.27,16.2,5.04
PARKHOTELS,EQ,125.1,-3.14,2669.31,3.94,5.01
ESAFSFB,EQ,28.74,-6.54,1482.05,16.88,5.01
SILGO,EQ,76,-0.43,243.09,6.53,4.97
TAKE,BE,29.84,-5,441.44,15.7,4.96
TATVA,EQ,1280,-4.03,2994.18,0.38,4.95
SCILAL,EQ,48.12,-6.78,2241.42,9.96,4.94
CARERATING,EQ,1574,-1.69,4729.69,0.31,4.94
MOTISONS,EQ,11.96,-5.15,1177.41,40.66,4.93
ORISSAMINE,EQ,4105.1,-4.33,2463.06,0.12,4.89
SPAL,EQ,811.8,-2.35,2040.77,0.6,4.89
FINPIPE,EQ,168.9,-3.25,10479.85,2.83,4.83
JSWDULUX,EQ,2931,-3.75,13347.87,0.16,4.81
JKLAKSHMI,EQ,658.3,-3.64,8172.43,0.73,4.81
TVSELECT,EQ,488,-0.2,910.14,0.97,4.76
SETFNIFBK,EQ,549.9,-1.4,3585.34,0.86,4.73
KRSNAA,EQ,580,-1.84,1881.44,0.8,4.73
PGIL,EQ,1500,-2.7,6921.22,0.31,4.68
LTGILTBEES,EQ,29.1,-0.14,2466.28,15.99,4.65
METAL,EQ,13,-0.08,510.84,35.58,4.64
SAKSOFT,EQ,142.5,-6.05,1888.86,3.2,4.63
MICEL,EQ,49.71,-4.99,1198.07,9.24,4.6
SML100CASE,EQ,10.37,-1.61,79.78,44.74,4.59
SPORTKING,EQ,147.14,-1.82,1869.74,3.07,4.59
GIPCL,EQ,146.6,-3.55,2275.47,3.09,4.58
ARKADE,EQ,117.9,-4.02,2188.97,3.78,4.53
SETFNN50,EQ,741,-1.49,2843.03,0.61,4.53
JNKINDIA,EQ,353.9,-4.43,1980.21,1.26,4.53
STYLAMIND,EQ,2463,-3.5,4174.31,0.18,4.5
AMAGI,EQ,409,-0.88,8848.26,1.1,4.49
UNIMECH,EQ,964,-3.34,4902.6,0.46,4.49
HVAX,SM,779,-3.23,216.32,0.57,4.47
TVSHLTD,EQ,13960,-1.15,28244.02,0.03,4.44
TRAVELFOOD,EQ,1150,-4.66,15143.14,0.38,4.42
JGCHEM,EQ,398,-2.31,1559.61,1.13,4.42
PANACEABIO,EQ,367.4,-3.47,2250.35,1.18,4.41
MCLOUD,EQ,25.25,-4.1,1487.39,17.25,4.41
PSB,EQ,23.88,-3.98,16944.26,18.18,4.4
PITTIENG,EQ,930,-3.26,3501.78,0.46,4.37
LGBBROSLTD,EQ,1673.2,-1.26,5336.24,0.26,4.36
SURAKSHA,EQ,295.2,-3.87,1537.42,1.45,4.36
JKIL,EQ,500.1,-1.81,3784.03,0.87,4.36
BALMLAWRIE,EQ,190.5,-2.57,3257.62,2.25,4.32
ADSL,EQ,124.73,-6.51,705.58,3.37,4.28
CHEMPLASTS,EQ,235.2,-2.85,3718.74,1.82,4.28
IT,EQ,31.25,-3.19,225.51,13.65,4.27
BLKASHYAP,EQ,55.11,-5.26,1242.4,7.61,4.27
SENSEXIETF,EQ,864,-0.79,28709.92,0.5,4.26
SOMANYCERA,EQ,445.25,-5.2,1826.1,0.94,4.25
CAMPUS,EQ,246.1,-0.45,7520.65,1.75,4.24
APTECHT,EQ,101,-6.26,585.83,4.14,4.23
FDC,EQ,380,-0.11,6186.78,1.11,4.2
MHRIL,EQ,225.94,-3.74,4564.97,1.84,4.2
SPIC,EQ,65.72,-3.95,1338.32,6.26,4.18
DMCC,EQ,308.95,-3.56,770.52,1.34,4.17
EIHOTEL,EQ,317,-2.89,19824.04,1.3,4.17
GATEWAY,EQ,56.75,-2.47,2835.48,7.28,4.16
GULFOILLUB,EQ,947,-3.46,4688.4,0.43,4.15
SALASAR,EQ,7.17,-3.89,1253.28,57.04,4.14
CAPITALSFB,EQ,275.4,-6.31,1250.83,1.46,4.11
SINDHUTRAD,EQ,23,-0.52,3546.44,17.84,4.1
LMW,EQ,14407,-2.96,15391,0.03,4.1
AEROENTER,EQ,102.1,-2.36,1154.6,4.01,4.1
SOLARA,EQ,512.55,-2.66,1854.04,0.79,4.09
ITETF,EQ,29.84,-3.52,94.85,13.67,4.08
TAJGVK,EQ,311,-2.66,1950.02,1.3,4.08
VRLLOG,EQ,254.2,-4.4,4446.9,1.58,4.08
MAHSCOOTER,EQ,12101,-3.01,13829.71,0.03,4.06
SANSTAR,EQ,98.5,-0.87,1795.11,4.13,4.06
SMARTWORKS,EQ,427,-6.37,4878.99,0.91,4.04
KINGFA,EQ,5260,-0.97,7128.03,0.08,4.03
WSTCSTPAPR,EQ,501,-3.78,3309.05,0.78,4.01
APSISAERO,ST,290,-3.78,349.51,1.28,4.01
UNIECOM,EQ,88.9,-1.2,999.05,4.54,4
CELLECOR,ST,41.5,-1.78,915.81,9.87,3.98
KENNAMET,EQ,2965,-4.61,6516.55,0.13,3.95
SHARDAMOTR,EQ,860,-3.17,4937.06,0.45,3.94
RHIM,EQ,385.05,-3.71,7951.34,1.01,3.93
AHCL,EQ,13.5,-4.39,717.55,28.72,3.92
INSECTICID,EQ,705.8,-1.74,2053.73,0.56,3.92
MTNL,EQ,28.79,-3.91,793.52,13.27,3.89
ASTRAZEN,EQ,8399.5,-2.1,20998.75,0.05,3.88
MIDCAPIETF,EQ,22.75,-2.32,709.42,16.74,3.84
JASH,EQ,411,-3.15,2597.26,0.92,3.84
TALBROAUTO,EQ,318,-2.99,1962.96,1.2,3.84
APCOTEXIND,EQ,486.8,-1.57,2523.81,0.77,3.82
RSL,EQ,138.8,-1.98,1159.92,2.72,3.82
MANGLMCEM,EQ,879.3,-3.46,2417.84,0.43,3.81
GMMPFAUDLR,EQ,860,-3.52,3866.32,0.44,3.81
ASKAUTOLTD,EQ,427,-2.93,8417.99,0.88,3.8
ADVENTHTL,EQ,160,-4.92,863.09,2.3,3.8
SUBEXLTD,EQ,10.95,-0.64,615.39,33.56,3.76
DHANUKA,EQ,1069.8,-0.54,4822.48,0.35,3.71
ASIANENE,EQ,283.35,-3.57,1273.61,1.27,3.7
AARTIDRUGS,EQ,373.5,-2.71,3408.93,0.97,3.68
PLATIND,EQ,248.5,-5.89,1364.88,1.42,3.66
MANAKCOAT,EQ,100,-3.45,1058.34,3.7,3.66
GUJTHEM,EQ,364.6,-5.42,3972.87,0.99,3.65
KOPRAN,EQ,150.74,-4.82,727.89,2.39,3.65
DODLA,EQ,1104.5,-0.75,6663.21,0.33,3.64
SYNCOMF,EQ,13.62,-5.22,1280.28,26.18,3.64
AGARWALEYE,EQ,453,-2.32,14358.19,0.8,3.61
PURPLEUTED,SM,360,-4.45,345.95,0.95,3.61
SKFINDUS,EQ,2032,-3.59,10045.79,0.17,3.6
INFRAIETF,EQ,93.6,-2.26,396.59,3.81,3.59
KCP,EQ,160.8,-4.56,2073.05,2.18,3.58
TECHERA,SM,193.3,-4.99,319.35,1.84,3.58
EVEREADY,EQ,319.45,-4.85,2321.99,1.11,3.58
NELCAST,EQ,147.13,-5.36,1280.05,2.42,3.58
HNDFDS,EQ,526,-1.61,6284.74,0.68,3.56
C2C,SM,435.8,-2.37,739.48,0.81,3.53
PRIZOR,ST,660,-1.93,712.55,0.54,3.52
BCLIND,EQ,34.01,-5.74,1003.85,9.98,3.52
PRAVEG,EQ,266,-8.86,695.34,1.3,3.52
SIKA,EQ,942,-4.04,1997.12,0.36,3.5
BANKNIFTY1,EQ,55.61,-1.35,4534.41,6.29,3.5
ENERGY,EQ,39.65,-1.22,305.74,8.67,3.47
HPAL,EQ,42.9,-4.28,394.14,7.78,3.46
NIITLTD,EQ,68.74,-3.83,937.55,4.98,3.44
BAJEL,EQ,169,-3.77,1955.28,2.02,3.44
KKCL,EQ,457,-3.59,2816.27,0.74,3.43
MOL,EQ,53.75,-4.68,1366.94,6.26,3.41
SPLPETRO,EQ,691,-5.08,12993.66,0.48,3.41
IGARASHI,EQ,410,-4.78,1290.48,0.82,3.41
TVSSCS,BE,113.13,-5,4991.07,2.98,3.41
BEPL,EQ,95.3,-1.41,2371.62,3.59,3.4
FINEORG,EQ,4575,-1.27,14026.94,0.07,3.4
CELLO,EQ,400.5,-2.97,8846.45,0.84,3.4
OILIETF,EQ,11.47,-0.43,283.28,29.33,3.38
MASTERTR,EQ,83.01,-5.44,1021.16,3.91,3.36
IKIO,EQ,162.51,-5.01,1255.89,2.03,3.35
KELLTONTEC,EQ,15.24,-3.05,804.37,21.73,3.34
PPL,EQ,193,-7.18,461.62,1.68,3.32
BANKIETF,EQ,55.25,-0.9,2802.78,6.01,3.31
HINDWAREAP,EQ,220,-4.77,1840.22,1.5,3.31
IVALUE,EQ,232.5,-5.26,1270.16,1.38,3.31
IMAGICAA,EQ,44.69,-3.27,2528.83,7.34,3.29
SOTL,EQ,424.35,-3.34,2909.36,0.76,3.26
MAMATA,EQ,402,-2.44,989.23,0.8,3.26
SUDEEPPHRM,EQ,631.95,-2.75,7137.79,0.51,3.25
VIVIANA,SM,759,-4.77,768.47,0.42,3.25
PRSMJOHNSN,EQ,125.51,-1.66,6317.63,2.57,3.25
SHAREINDIA,EQ,137.99,-4.65,3001.17,2.3,3.24
SHAH,EQ,5.65,-0.53,500.14,56.51,3.2
PARIN,SM,641,-1.29,712.66,0.51,3.19
GANDHAR,EQ,141.02,-3.28,1380.3,2.21,3.18
RBZJEWEL,EQ,132.45,-8.5,529.8,2.35,3.18
SIYSIL,EQ,561.05,-3.97,2545.49,0.55,3.16
CHALET,EQ,763,-2.32,16709.25,0.41,3.14
BOSCH-HCIL,EQ,1430,-2.46,3888.3,0.21,3.14
AHLUCONT,EQ,810.5,-1.56,5429.34,0.39,3.13
MIDWESTLTD,EQ,1290,-3.39,4664.75,0.24,3.12
DCAL,EQ,176.7,-3.54,2770.36,1.76,3.11
ESABINDIA,EQ,6710,-0.47,10328.72,0.05,3.1
TSFINV,EQ,390,-4.27,8662.05,0.78,3.09
BANSALWIRE,EQ,300,-5.26,4696.68,1.01,3.09
SINTERCOM,EQ,76.25,-3,209.9,3.96,3.08
STYL,EQ,255.01,-5.38,4126.21,1.18,3.08
GODIGIT,EQ,307,-1.89,28382.12,0.99,3.07
CHEMICAL,EQ,29.25,-0.78,70.5,10.53,3.06
5PAISA,EQ,312,-4.28,1462.73,0.98,3.05
HLEGLAS,EQ,326.15,-5.15,2265.27,0.91,3.04
RHETAN,EQ,26.25,-1.87,2091.8,11.45,3.03
TINNARUBR,EQ,764.9,-5.42,1378.03,0.39,3.03
ROTO,EQ,56.77,-1.85,1069.81,5.36,3.03
ORIENTCEM,EQ,135.28,-1.86,2779.46,2.22,3.03
PURVA,EQ,211.6,-1.38,5018.09,1.42,3
ADISOFT,ST,220.7,-4.99,360.14,1.34,2.98
HDFCMID150,EQ,22.4,-1.67,178.84,13.26,2.98
VESUVIUS,EQ,471.6,-2.21,9571.63,0.62,2.97
SKFINDIA,EQ,1679,-1.9,8300.63,0.18,2.96
MID150CASE,EQ,11.08,-1.86,250.31,26.62,2.96
ELITECON,EQ,33.55,-4.98,5362.97,8.66,2.95
ARVSMART,EQ,593.85,-5.15,2723.81,0.49,2.94
CITIUSINVT,IV,104.1,-0.62,6350.1,2.8,2.93
GAUDIUMIVF,BE,111,-4.67,807.93,2.61,2.92
BCG,BE,9.34,-1.58,1884.74,31.35,2.92
SHOPERSTOP,EQ,329.75,-5.37,3631.12,0.84,2.9
INDOFARM,EQ,136.4,-5.9,655.42,2.1,2.9
WINDLAS,EQ,763,-4.48,1610.41,0.37,2.89
NPST,EQ,1118,-7.64,2331.1,0.25,2.88
ARROWGREEN,EQ,547.2,-7.86,825.61,0.51,2.87
TCI,EQ,914.9,-2.48,7021.29,0.31,2.87
POKARNA,EQ,825.15,-4.4,2558.3,0.34,2.86
DIGITIDE,EQ,97.9,-5.42,1458.83,2.86,2.85
DOLLAR,EQ,279,-2.05,1582.38,1.02,2.85
SANOFICONR,EQ,4600.1,-1.07,10594.32,0.06,2.84
GALAXYSURF,EQ,1864,-0.66,6608.77,0.15,2.83
KOVAI,EQ,5467.5,-2.43,5982.68,0.05,2.82
PPAP,EQ,212.5,-11.51,299.95,1.25,2.82
VENUSREM,EQ,928.35,-4.59,1240.92,0.3,2.81
SMALL250,EQ,16.81,-2.66,66.8,16.6,2.81
SHK,EQ,147.4,-1.42,2040.32,1.92,2.81
ZIMLAB,EQ,106,-3.01,567.62,2.65,2.8
RAMCOSYS,EQ,380.25,-5.27,1428.2,0.71,2.77
DEFENCE,EQ,73.3,-3.4,82.97,3.75,2.76
DECCANCE,EQ,634.7,-0.12,889.06,0.44,2.74
GHCLTEXTIL,EQ,85.68,-4.51,818.98,3.13,2.73
SHREEPUSHK,EQ,370.25,-4.65,1197.3,0.72,2.71
RIIT,IV,110.55,-0.32,6633,2.43,2.69
CRIZAC,EQ,207.18,-3.51,3625.29,1.28,2.69
SENSEXBETA,EQ,823,-1.7,52469.47,0.32,2.68
UGROCAP,EQ,99.02,-1.7,1536.76,2.68,2.68
UFBL,EQ,346,-6.88,1352.39,0.75,2.68
GOCOLORS,EQ,272.9,-4.55,1435.34,0.96,2.66
KRMAYURVED,ST,242,-3.87,514.51,1.09,2.66
ELIN,EQ,118.75,-4.33,590.3,2.22,2.66
VEEDOL,EQ,1489.8,-1.08,2595.83,0.18,2.65
SUYOG,EQ,790,-2.82,925.65,0.33,2.63
GANESHHOU,EQ,666.6,-3.45,5558.58,0.39,2.6
CENTURYPLY,EQ,765.1,-1.77,16998.46,0.34,2.6
GICL,EQ,39.05,-2.98,437.18,6.53,2.59
COFFEEDAY,EQ,24.81,-3.65,524.12,10.33,2.59
EKC,EQ,115.37,-5.01,1294.54,2.19,2.58
MAITHANALL,EQ,970,-3.22,2823.82,0.26,2.57
HESTERBIO,EQ,1690,-2.34,1437.66,0.15,2.56
MARATHON,EQ,470,-5.32,3168.77,0.53,2.53
FINOPB,EQ,126.6,-2.57,1053.54,1.98,2.53
PIXTRANS,EQ,1525,-0.26,2077.84,0.16,2.49
UNITECH,EQ,4.6,-3.56,1202.73,54.28,2.49
SUPRAJIT,EQ,418,-3.55,5733.75,0.58,2.48
DIVGIITTS,EQ,713.9,-1.84,2183.32,0.34,2.48
IZMO,BE,666,-3.41,996.51,0.37,2.47
OBSCP,SM,377,-4.18,974.38,0.65,2.46
NGLFINE,EQ,2175,-4.58,1343.72,0.11,2.46
SHINDL,EQ,145.05,-2.92,568.81,1.65,2.44
LAXMIINDIA,BE,131.74,-5,688.58,1.83,2.44
KOLTEPATIL,EQ,364,-2.15,3227.96,0.66,2.41
XPROINDIA,EQ,1091,-3.72,2560.62,0.22,2.4
INDOSTAR,EQ,200.51,-6.09,3239.69,1.17,2.4
BANKBETA,EQ,55.26,-1.66,3238.79,4.32,2.4
MIDSMALL,EQ,49.5,-2.42,449.29,4.79,2.39
SIGNPOST,EQ,283,-5.02,1512.63,0.83,2.38
LAXMIDENTL,EQ,204.7,-4.72,1125.08,1.15,2.38
AGARIND,EQ,425,-3.67,635.71,0.56,2.37
SKMEGGPROD,EQ,169.5,-4.75,892.59,1.38,2.37
SAGCEM,EQ,180,-2.81,2352.74,1.29,2.36
CAPILLARY,EQ,528,-5.88,4196.12,0.44,2.36
FOSECOIND,EQ,4790,-4.96,3610.35,0.05,2.32
NDTV,EQ,74.19,-3.97,837.05,3.08,2.32
IGPL,EQ,456,-3.46,1404.25,0.51,2.31
AUTOAXLES,EQ,1734,-3.51,2620.42,0.13,2.29
GATECH,EQ,0.55,-5.17,60.65,382.09,2.29
MINDTECK,EQ,204.2,-5.41,652.51,1.07,2.26
SWANDEF,BE,1923,-0.15,10130.78,0.12,2.26
KPL,EQ,1673.1,-1.92,1736.04,0.13,2.25
SUMMITSEC,EQ,1549,-6.13,1688.69,0.14,2.24
SUPREMEPWR,ST,252.15,-4.99,630.15,0.86,2.23
HDFCNIFBAN,EQ,55.1,-1.45,5210.81,4.02,2.21
ORKLAINDIA,EQ,635,-1.48,8698.82,0.34,2.2
ALLTIME,EQ,247,-6.15,1618.04,0.87,2.2
GILT5YBEES,EQ,64.25,-0.19,260.57,3.42,2.2
PDSL,EQ,286.95,-2.05,4058.68,0.76,2.18
SILVERTUC,EQ,147.68,-5,1872.73,1.47,2.18
MONIFTY500,EQ,22.86,-1.8,270.43,9.48,2.17
FMGOETZE,EQ,444.75,-4.18,2474.24,0.48,2.17
HATHWAY,EQ,10.57,-2.49,1871,20.43,2.17
INDIANHUME,EQ,330,-2.81,1738.5,0.65,2.15
BAHETI,SM,603.95,-0.84,630.94,0.35,2.15
CONNPLEX,SM,273.95,-5.76,523.24,0.77,2.14
GALAPREC,EQ,816,-4.22,1044.28,0.26,2.14
DIAMONDYD,EQ,976.6,-2.41,2334.42,0.22,2.14
RUPA,EQ,143,-4.74,1137.2,1.46,2.13
AMBIKCO,EQ,1520,-2.97,870.2,0.14,2.13
MACPOWER,EQ,1175.3,-0.89,1175.79,0.18,2.12
ADOR,EQ,1025,-2.67,1783.79,0.21,2.12
RPGLIFE,EQ,2323,-3.78,3842.01,0.09,2.12
STANLEY,EQ,156,-5.14,891.16,1.33,2.12
RAJESHEXPO,BZ,111,-4.52,3277.39,1.88,2.11
KRT,RR,117.36,-1.23,52042.11,1.79,2.09
ALICON,EQ,725.1,-3.47,1184.58,0.28,2.09
FISCHER,EQ,35.55,-1.36,2305.47,5.83,2.08
WAAREEINDO,BE,403.4,-4.99,1678.29,0.5,2.07
BSLNIFTY,EQ,27.47,-1.19,3085.81,7.51,2.07
STERTOOLS,EQ,239,-4.74,868.63,0.86,2.06
ESTER,EQ,94.8,-5.37,925.12,2.13,2.06
ASAL,EQ,494,-6.58,783.7,0.41,2.06
MUKANDLTD,EQ,136.25,-0.58,1968.75,1.5,2.06
DDEVPLSTIK,EQ,234.5,-2.49,2426.53,0.86,2.05
BFUTILITIE,EQ,544,-4.22,2049.12,0.37,2.05
SIS,EQ,374,-2.82,5283.58,0.54,2.04
ADVANCE,EQ,106.6,-4.5,685.29,1.87,2.03
WELSPLSOL,EQ,41.69,-3.52,2762.43,4.81,2.02
HUHTAMAKI,EQ,175,-2.19,1321.63,1.15,2.02
IFBAGRO,EQ,1076.1,-3.15,1007.99,0.19,2.01
ALEMBICLTD,EQ,90.46,-2.33,2322.85,2.2,2
MONARCH,EQ,294.75,-3.14,2336.43,0.66,1.99
BAJAJINDEF,EQ,289,-6.28,924.8,0.67,1.98
SIGACHI,BE,21.06,-4.96,804.74,9.34,1.98
PNBGILTS,EQ,69.2,-1.59,1245.67,2.85,1.98
OSIAHYPER,BE,4.81,-4.94,85.12,40.2,1.96
ASHIANA,EQ,348.5,-3.53,3503.29,0.55,1.96
FILATEX,EQ,42.59,-3.69,1891.24,4.54,1.96
718GS2037,GS,103,-0.03,177160,1.89,1.95
BODALCHEM,EQ,69.9,-3.98,880.35,2.76,1.94
FEDDERSHOL,EQ,34.05,-5.6,685.82,5.5,1.93
GREENPANEL,EQ,217.35,-1.16,2665.31,0.88,1.92
CORDSCABLE,EQ,209,-3.27,270.19,0.92,1.91
JAYBARMARU,EQ,87.5,-4.91,947.19,2.14,1.9
AGARWALTUF,SM,124.55,-0.08,220.14,1.5,1.9
TRACXN,EQ,34.33,-4.64,366.6,5.43,1.87
HEALTHIETF,EQ,156.47,-1.54,171.67,1.19,1.87
PFS,EQ,30.27,-3.87,1944.19,6.15,1.87
SMCGLOBAL,EQ,61.99,-3.52,1298.07,2.99,1.86
STARCEMENT,EQ,220,-3.7,9073.44,0.83,1.85
MUKKA,EQ,24.01,-0.46,720.3,7.47,1.85
TOP100CASE,EQ,10.27,-0.87,152.38,18.01,1.84
MMP,EQ,271,-4.57,688.41,0.66,1.84
JAYKAY,EQ,162.48,-5.46,2116.9,1.1,1.83
MOVALUE,EQ,114.7,-0.29,160.55,1.59,1.82
RAMKY,EQ,469,-2.97,3245.38,0.38,1.82
JUNIPER,EQ,202,-3.13,4494.55,0.89,1.81
PSUBNKIETF,EQ,81.65,-1.13,118.77,2.2,1.81
MAXESTATES,EQ,394,-3.71,6439.94,0.45,1.81
RAJOOENG,EQ,57.55,-2.11,1028.28,3.12,1.8
STEELXIND,EQ,10.01,-3.38,1248.47,17.79,1.8
FAIRCHEMOR,EQ,595,-1.79,749.46,0.3,1.79
INDOCO,EQ,218.2,-0.33,2014.06,0.82,1.78
ABSMARINE,SM,223,-7.35,547.47,0.77,1.77
AUTOIETF,EQ,27,-1.89,182.86,6.52,1.77
GROWWRAIL,EQ,31.85,-3.1,130.02,5.49,1.77
RAMCOIND,EQ,281.2,-3.13,2441.98,0.61,1.76
SESHAPAPER,EQ,252.9,-4.31,1594.99,0.67,1.74
VSSL,EQ,267,-2.61,2581.51,0.65,1.74
SURAJEST,EQ,222.9,-3.71,1064.87,0.77,1.73
TNPL,EQ,153.75,-1.47,1064.11,1.13,1.73
GOACARBON,EQ,403.5,-6.34,369.24,0.42,1.72
GGBL,SM,323.8,-5.75,803.06,0.53,1.72
SIMPLEXINF,EQ,202.25,-7.37,1599.7,0.82,1.71
KOTHARIPET,EQ,139,-5.54,817.96,1.2,1.71
BLUSPRING,EQ,68.3,-2.18,1020.49,2.47,1.71
APEXECO,SM,179.5,-6.27,236.67,0.9,1.7
RESPONIND,EQ,165.8,-2.92,4420.37,1.01,1.7
BGRENERGY,BE,260,-3.65,1876.2,0.65,1.7
CNL,EQ,658.9,-2.67,989.45,0.26,1.7
IWARE,ST,362.9,-5,388.88,0.46,1.68
MPSLTD,EQ,1616.5,-2.43,2765.16,0.1,1.67
EVINDIA,EQ,30.06,-2.43,160.06,5.5,1.67
TIIL,EQ,2474.5,-4.09,5610.38,0.07,1.67
ASTEC,EQ,667,-3.93,1486.23,0.24,1.67
NAMOEWASTE,SM,222.15,-6.46,508,0.74,1.66
SHIVALIK,EQ,258,-4.46,406.36,0.63,1.66
ASMS,EQ,7.4,-7.27,225.39,21.81,1.66
GANESHBE,EQ,89.27,-4.81,642.65,1.81,1.65
725GS2063,GS,98,-0.32,235200,1.68,1.65
URJA,EQ,10.48,-4.2,550.68,15.53,1.64
COASTCORP,EQ,58.99,-5.45,395.1,2.77,1.64
PSUBANK,EQ,805.83,-0.69,2244.03,0.2,1.64
HATSUN,EQ,936,-2.54,20849.24,0.17,1.63
SAHASRA,SM,306.05,-5.98,764.9,0.53,1.63
DOLPHIN,EQ,407,-2.62,1628.19,0.38,1.63
FINIETF,EQ,31.7,-2.28,277.58,5.12,1.63
UTTAMSUGAR,EQ,248.85,-2.05,949.07,0.64,1.62
LANDMARK,EQ,375,-3.19,1554.93,0.43,1.62
INFLUX,SM,280,-1.29,648.21,0.58,1.61
DOLATALGO,EQ,76.6,-1.05,1348.16,2.1,1.6
INDUSINVIT,IV,125,-0.29,5536.73,1.28,1.6
SARTELE,SM,146.1,-2.24,723.89,1.08,1.6
SUNDROP,EQ,670,-4.73,2525.69,0.23,1.58
UFLEX,EQ,424,-0.95,3061.77,0.38,1.58
RELTD,EQ,130,-3.44,2322.12,1.2,1.58
SSEGL,SM,369,-4.93,958.61,0.42,1.57
3IINFOLTD,EQ,17.5,-0.62,362.96,8.98,1.57
SAHYADRI,EQ,311.9,-5.76,341.42,0.5,1.56
ICEMAKE,EQ,763,-2.07,1203.99,0.2,1.54
UNICHEMLAB,EQ,365.05,-3.35,2570.16,0.41,1.53
NAHARPOLY,EQ,248,-4.76,609.78,0.61,1.53
MIDCAP,EQ,17.54,-1.79,194.02,8.68,1.52
OSELDEVICE,SM,523.9,-3.03,927.02,0.29,1.52
SETL,EQ,133.68,-2.95,2666.8,1.13,1.52
TVSSRICHAK,EQ,3703,-2.46,2835.41,0.04,1.52
NSIL,EQ,5590,-2.82,2871.12,0.03,1.51
FLYSBS,SM,428,-3.77,740.6,0.35,1.51
TIGERLOGS,EQ,38.33,-10.88,405.24,3.73,1.51
ABCOTS,EQ,224.95,-0.23,494.07,0.67,1.51
INFRABEES,EQ,942,-2.08,182.72,0.16,1.51
TARSONS,EQ,217.38,-1.19,1156.6,0.7,1.5
LEMERITE,EQ,437.5,-0.7,1095.22,0.34,1.49
NITTAGELA,EQ,1280.15,-0.54,1162.27,0.12,1.49
JTEKTINDIA,EQ,137,-3.4,3799.18,1.07,1.49
PRAMARA,SM,342,-0.06,476.89,0.43,1.47
724GS2055,GS,97.66,-0.8,81057.8,1.51,1.47
SHERA,SM,145.55,-6.91,355.71,0.93,1.47
DAVANGERE,EQ,3.59,-1.37,513.37,40.9,1.47
GROWWHOSPI,EQ,50.32,-1.62,39.9,2.88,1.46
MWL,EQ,348,-0.4,1033.58,0.41,1.45
NIF100BEES,EQ,259.75,-1.02,342.53,0.56,1.45
VALIANTORG,EQ,282,-7.9,790.15,0.49,1.45
BORANA,EQ,332.05,-1.7,884.76,0.43,1.43
LICMFGOLD,EQ,135.55,-0.29,1425.41,1.05,1.43
OMINFRAL,EQ,89,-4.59,857.1,1.59,1.43
COCKERILL,EQ,5173,-0.47,2554.33,0.03,1.42
ACCELYA,EQ,1130.3,-2.51,1687.12,0.13,1.42
GANESHCP,EQ,197,-6.29,796.14,0.71,1.42
ASALCBR,EQ,875,-2.03,1660.68,0.16,1.42
MOMIDMTM,EQ,62.86,-1.77,40.05,2.26,1.42
VAKRANGEE,EQ,6.58,-1.94,712.74,21.12,1.39
CONSUMBEES,EQ,124.5,-1.98,199.14,1.1,1.37
MONOLITH,SM,528.95,-4.27,1149.73,0.25,1.37
KIRLOSIND,EQ,3218,-3.87,3381.92,0.04,1.37
HDFCNEXT50,EQ,70.2,-2.42,169.34,1.94,1.37
AVADHSUGAR,BE,498,-0.85,996.92,0.27,1.36
CUBEXTUB,EQ,96.27,-3.57,137.85,1.39,1.36
GOCLCORP,EQ,308,-2.85,1526.83,0.43,1.35
MVGJL,EQ,162,-2.58,791.33,0.83,1.35
ARIHANTCAP,EQ,69.8,-3.46,765.1,1.91,1.35
BOROLTD,EQ,235,-3.92,2810.31,0.56,1.34
HDFCNIFIT,EQ,30.06,-3.56,110.16,4.45,1.34
THEJO,EQ,1741,-1.44,1888.54,0.08,1.34
WANBURY,BE,253.45,-1.52,885.54,0.52,1.33
QUESTLAB,ST,117.25,-4.98,192.14,1.13,1.32
VAL30IETF,EQ,15.52,-1.08,50.33,8.52,1.32
SHREDIGCEM,EQ,72.48,-3.76,1071.76,1.8,1.32
ORIENTHOT,EQ,98.9,-4.21,1766.35,1.3,1.31
20MICRONS,EQ,175,-2.76,617.51,0.74,1.31
ARIES,EQ,349,-3.76,453.85,0.37,1.3
INDNIPPON,EQ,769.1,-4.18,1739.81,0.17,1.3
VPRPL,BE,41.51,-4.99,517.4,3.08,1.29
GROWWNIFTY,EQ,9.44,-1.56,30.84,13.62,1.29
HDFCSENSEX,EQ,84.4,-1.71,917.29,1.52,1.29
AUTOIND,EQ,72.95,-5.96,331.01,1.72,1.28
SBIBPB,EQ,46.8,-1.1,1238.25,2.71,1.28
CYBERTECH,EQ,135.64,-5.42,422.26,0.91,1.27
JUBLCPL,EQ,1819.9,-0.91,2757.6,0.07,1.27
BHARATRAS,EQ,1392,-2.99,2313.65,0.09,1.27
SGIL,EQ,579,-3.9,899.94,0.22,1.26
NAVNETEDUL,EQ,140.55,-3.49,3109.15,0.88,1.26
PATELRMART,EQ,201.8,-2.94,674.02,0.62,1.26
MAANALU,EQ,140.1,-1.8,840.39,0.88,1.26
ALPHAETF,EQ,25.12,-1.99,408.19,4.95,1.25
MANORG,EQ,580.1,-6.43,496.82,0.21,1.25
BIGBLOC,EQ,57,-4.78,806.98,2.15,1.24
TCIEXP,EQ,524,-3.75,2013.16,0.23,1.24
SHALBY,EQ,158.7,-4.09,1714.12,0.77,1.24
POSITRON,ST,220.3,-0.86,167.44,0.53,1.23
SAFEENTP,SM,255,-5.33,1188.41,0.47,1.22
AURUM,EQ,172.55,-1.37,1316.04,0.71,1.22
SUNLITE,ST,493,-2.11,680.63,0.24,1.21
GSMFOILS,SM,198.8,-1.54,280.16,0.6,1.21
VARDHACRLC,EQ,43.8,-3.72,351.99,2.68,1.21
GICHSGFIN,EQ,149,-2.5,802.38,0.8,1.21
LAOPALA,EQ,176.39,-2.08,1957.93,0.68,1.21
ALPL30IETF,EQ,26.47,-1.82,1491.88,4.51,1.2
KSOLVES,EQ,282,-2.83,668.92,0.42,1.19
PILANIINVS,EQ,4560,-3.66,5048.95,0.03,1.19
NILASPACES,EQ,14.11,-4.08,555.78,8.26,1.18
TREJHARA,EQ,164.99,-0.42,397.9,0.72,1.18
ROHLTD,EQ,329.2,-2.65,902.84,0.35,1.17
NIPPOBATRY,EQ,391,-7.63,293.25,0.29,1.17
VISAKAIND,EQ,74.13,-3.61,640.52,1.55,1.16
GLOBAL,EQ,108.5,-4.99,552.28,1.04,1.14
ZUARIIND,EQ,259,-2.34,771.33,0.44,1.14
DEN,EQ,26.21,-4.06,1250.8,4.27,1.14
PSUBANKADD,EQ,81.69,-0.33,152.21,1.39,1.13
THEMISMED,EQ,97.75,-6.49,900.28,1.14,1.13
CHEMCON,EQ,165.94,-3.35,607.85,0.67,1.13
SANGAMIND,EQ,494.7,-3.28,2485.7,0.22,1.13
DEVX,EQ,41,-2.33,369.77,2.71,1.12
JAGRAN,EQ,66,-1.42,1436.52,1.69,1.12
ONMOBILE,EQ,54.75,-1.17,582.11,2.04,1.11
PRIMO,EQ,25.5,-2.19,617.98,4.28,1.11
MODISONLTD,EQ,158.1,-6.06,513.03,0.68,1.11
MAGADSUGAR,EQ,501,-1.3,705.99,0.22,1.11
MEIL,BE,320.85,-4.99,886.51,0.33,1.09
WCIL,EQ,102.92,-4.52,1049.32,1.05,1.09
TNPETRO,EQ,87.2,-1.03,784.55,1.25,1.09
FOCUS,EQ,82.8,-0.9,558.44,1.29,1.08
RANEHOLDIN,EQ,1110,-2.88,1584.84,0.1,1.08
CONTROLPR,EQ,638,-0.75,1020.43,0.17,1.08
RAMAPHO,EQ,133.5,-1.76,472.41,0.8,1.08
GLOTTIS,EQ,58.73,-4.24,542.68,1.78,1.07
IRISDOREME,EQ,36.5,-1.03,694.71,2.89,1.07
RMC,BE,462.9,-0.08,489.6,0.23,1.06
BIRLAPREC,EQ,38.94,-5.46,266.3,2.57,1.05
SJLOGISTIC,SM,292.2,-3.25,446.87,0.35,1.05
DISHTV,BE,3.63,-3.97,668.38,28.76,1.05
SAIFL,SM,7.45,-3.25,44.36,13.64,1.03
TNIDETF,EQ,80.4,-1.05,165.9,1.3,1.03
CLSEL,EQ,274,-3.91,1362.48,0.37,1.02
CKKRETAIL,ST,114.7,-3.08,222.15,0.88,1.02
GPTINFRA,EQ,113.4,-2.77,1432.97,0.89,1.02
ASHIKA,EQ,376,-4.8,1681.66,0.26,1.02
KNAGRI,EQ,189,-0.24,472.48,0.52,1.01
GNRL,EQ,95.75,-3.01,1229.46,1.04,1
CIFL,EQ,28.3,-4.49,1106.69,3.43,1
NIRAJ,EQ,30.97,-6.21,184.87,3.23,1
DCMSRIND,EQ,42.05,-4.8,365.8,2.32,1
TPLPLASTEH,EQ,62.51,-5.47,487.6,1.53,1
JAYBEE,ST,81.3,-4.97,183.47,1.22,1
GROWWCAPM,EQ,11.3,-1.91,32.57,8.76,1
HGS,EQ,416.15,-2.29,1935.94,0.24,0.99
BANKETF,EQ,545.13,-1.4,291,0.18,0.99
OMAXAUTO,BE,218.32,-5,466.58,0.45,0.98
TIL,EQ,197.99,-0.68,1392.9,0.5,0.98
DUGLOBAL,ST,44.5,-2.41,320.14,2.23,0.98
NARMADA,EQ,36.56,-0.76,138.7,2.64,0.97
HONDAPOWER,EQ,2210,-2.99,2241.62,0.04,0.97
COMMOIETF,EQ,103.14,-1.2,133.21,0.93,0.97
BESTAGRO,EQ,17.98,-5.32,637.7,5.26,0.96
PARTH,ST,365,-2.67,498.88,0.26,0.96
NEXT50BETA,EQ,75.25,-0.74,2330.24,1.28,0.96
TIRUPATIFL,BE,40.54,-4.99,513.36,2.33,0.95
MUNJALSHOW,EQ,135,-5.04,539.74,0.69,0.95
OAL,EQ,295.95,-2.84,995.98,0.31,0.94
LTGILTCASE,EQ,29.65,-0.13,117.71,3.18,0.94
BIRLAMONEY,EQ,139,-5.18,785.48,0.66,0.93
CEWATER,EQ,282.85,-3.92,585.39,0.32,0.93
PANAMAPET,EQ,289.9,-2.04,1753.71,0.32,0.92
GPECO,SM,352,-4.1,416.44,0.25,0.92
RPPINFRA,EQ,73.75,-5.38,365.7,1.22,0.92
MONTECARLO,EQ,567,-2.24,1175.51,0.16,0.92
THOMASCOTT,EQ,281.8,-4.31,413.41,0.32,0.92
EXCELINDUS,EQ,965.95,-2.72,1214.27,0.09,0.92
MAKEINDIA,EQ,157.94,-1.67,247.1,0.58,0.92
EFFWA,SM,254.9,-6.1,590.02,0.36,0.91
UGARSUGAR,EQ,41.66,-3.43,468.67,2.16,0.91
PAKKA,EQ,92.87,-0.96,417.43,0.97,0.91
CENTENKA,EQ,433.25,-1.68,946.68,0.21,0.91
ESSARSHPNG,EQ,24,-4.88,496.74,3.72,0.91
GROWWMETAL,EQ,12.25,-0.57,38.66,7.35,0.91
NIKITA,SM,91.05,-5.84,224.6,0.97,0.9
LGHL,EQ,242,-1.28,1212.24,0.37,0.9
BSE500IETF,EQ,37.73,-2,346.46,2.37,0.9
ITADD,EQ,30.24,-2.55,143.02,2.99,0.89
EBBETF0431,EQ,1400.01,-0.11,13130.57,0.06,0.89
BHAGCHEM,EQ,243.5,-2.89,3157.44,0.36,0.89
HEALTHY,EQ,15.7,-1.38,75.78,5.61,0.89
EBBETF0433,EQ,1274.6,-0.1,6244.1,0.07,0.88
SHANTIGEAR,EQ,442.2,-2.5,3392.38,0.2,0.88
AAREYDRUGS,BE,88.5,-3.77,250.94,0.99,0.88
KRISHCA,SM,173,-3.35,257.6,0.52,0.87
EVERESTIND,EQ,386.8,-5.18,613.3,0.22,0.87
HEIDELBERG,EQ,153.65,-2.32,3481.91,0.55,0.86
JINDALPOLY,EQ,710,-0.39,3108.84,0.12,0.86
OCCLLTD,EQ,95.3,-6.1,476.03,0.88,0.86
GROWWEV,EQ,30.25,-1.63,271.73,2.82,0.85
LINC,EQ,99.99,-4.74,594.83,0.83,0.85
BFSI,EQ,26.08,-1.7,424.82,3.23,0.85
AARTISURF,EQ,395.15,-3.88,334.49,0.21,0.85
IRIS,EQ,237.37,-2.79,488.23,0.35,0.84
PIGL,EQ,114,-0.22,218,0.73,0.84
SBINEQWETF,EQ,32.21,-2.01,37.82,2.6,0.84
ATL,EQ,25.2,-5.08,735.49,3.27,0.83
BIRLANU,EQ,1536,-6.55,1158.28,0.05,0.83
UNIVASTU,EQ,71,-2.04,255.51,1.15,0.83
TOLINS,EQ,103.73,-3.7,409.83,0.79,0.83
ORICONENT,EQ,64,-0.08,1005.11,1.28,0.82
SWARAJ,SM,278.5,-2.26,707.1,0.29,0.82
KICL,EQ,4809.1,-3.84,2099.32,0.02,0.81
TVTODAY,EQ,114.63,-5.32,683.98,0.69,0.81
SBIETFIT,EQ,315,-2.67,66.4,0.26,0.81
MANCREDIT,EQ,167.94,-1.32,354.59,0.47,0.81
INDOAMIN,EQ,116.98,-3.16,849.13,0.68,0.8
PHANTOMFX,SM,196.5,-1.82,312.88,0.39,0.79
SHREERAMA,EQ,43.72,-2.43,583.52,1.77,0.79
3BBLACKBIO,EQ,1240,-0.75,1064.25,0.06,0.78
NIFTYADD,EQ,245.5,-1.79,264.45,0.32,0.78
SENSEXETF,EQ,76.7,-1.48,41.76,1.01,0.78
FOODSIN,EQ,58.52,-5.15,430.31,1.32,0.78
RITCO,EQ,237.82,-4.34,680.71,0.32,0.78
CREST,EQ,357,-4.81,1015.66,0.21,0.77
VASCONEQ,BE,37.61,-4.98,871.41,2.04,0.77
BLIL,EQ,74.2,-0.46,1647.04,1.02,0.77
MAWANASUG,BE,106.92,-4.99,418.24,0.7,0.76
SNOWMAN,EQ,38.17,-5.17,637.77,1.95,0.76
FILATFASH,BE,0.25,-3.85,208.35,303.68,0.76
SHETHJI,SM,124.3,-0.32,282.91,0.61,0.76
HMAAGRO,EQ,24.05,-0.78,1204.35,3.15,0.76
GCHOTELS,SM,93.25,-6.66,232.37,0.79,0.75
EMKAY,EQ,210.04,-3.47,553.18,0.35,0.75
ELECTHERM,EQ,724,-3.16,922.58,0.1,0.74
AXISNIFTY,EQ,258.48,-1.42,1238.69,0.29,0.74
SHARIABEES,EQ,465.43,-0.64,55.97,0.16,0.74
OMAXE,EQ,82.4,-4.83,1507.1,0.88,0.74
DHARARAIL,SM,131,-2.78,197.6,0.55,0.73
BRIGHOTEL,EQ,61.29,-2.76,2328.06,1.19,0.73
SOFTTECH,BE,432.05,-3.38,598.05,0.16,0.73
EIHAHOTELS,EQ,319.95,-2.01,1949.66,0.23,0.72
BFINVEST,EQ,412.65,-3.59,1554.35,0.17,0.72
NATHBIOGEN,EQ,162.1,-3.97,308.05,0.43,0.72
GRPLTD,EQ,1800,-2.39,960,0.04,0.71
LOKESHMACH,BE,254.5,-2.12,508.92,0.28,0.71
NAHARSPING,BE,265,-1.82,955.73,0.27,0.71
GUJAPOLLO,EQ,404.05,-7.77,524.05,0.17,0.71
HDFCPVTBAN,EQ,26.6,-0.89,725.39,2.67,0.71
SUKHJITS,EQ,193.24,-3.78,603.76,0.35,0.7
JPOLYINVST,EQ,1047,-5.06,1100.6,0.06,0.69
NV20,EQ,13.94,-1.41,79.54,4.97,0.69
ULTRAMAR,EQ,413,-0.33,1205.96,0.17,0.69
KUANTUM,EQ,76.81,-2.46,670.27,0.89,0.69
SIGMA,EQ,44,-4.7,452.21,1.56,0.68
UFO,EQ,73,-2.89,283.35,0.92,0.68
SACHEEROME,SM,333.3,-4.65,745.69,0.2,0.68
KILITCH,EQ,147.04,-6.87,514.07,0.45,0.68
PDMJEPAPER,EQ,81.2,-3.89,770.99,0.82,0.68
KRONOX,EQ,131.2,-5.92,486.8,0.5,0.67
SATKARTAR,ST,193.5,-2.76,304.66,0.35,0.67
KECL,BE,117.3,-4.24,779.04,0.57,0.67
SRHHYPOLTD,EQ,511,-5.12,877.12,0.13,0.67
DREAMFOLKS,EQ,80,-1.01,426.16,0.85,0.67
TRF,EQ,259,-4.9,285.01,0.25,0.66
REMSONSIND,EQ,108,-5.09,376.69,0.6,0.66
VINYLINDIA,EQ,263.5,-2.3,483.18,0.24,0.65
INTENTECH,EQ,99.49,-6.96,235.04,0.63,0.65
PAUSHAKLTD,EQ,475.25,-4.27,1171.82,0.13,0.65
XELPMOC,EQ,104.75,-1.54,154.61,0.61,0.64
RSWM,EQ,162.3,-1.32,764.46,0.4,0.64
DBOL,BE,112.3,-0.9,745.53,0.56,0.64
MIDSELIETF,EQ,17.99,-1.8,101.81,3.53,0.64
CGRAPHICS,SM,156.15,-3.04,379.23,0.4,0.63
MAXIND,EQ,164.98,-5.85,866.52,0.37,0.63
CHEMFAB,EQ,427.5,-4.77,614.48,0.15,0.63
ZTECH,SM,590.7,-3.48,854.05,0.1,0.63
DENTALKART,SM,401,-1.82,695.48,0.15,0.62
SAHANA,SM,848.7,-3.77,750.01,0.07,0.62
GRAUWEIL,EQ,67.65,-3.47,3067.33,0.91,0.62
ABINFRA,EQ,13.68,-5.13,873.86,4.4,0.62
ANNAPURNA,SM,149.4,-1.87,325.99,0.41,0.62
MAFATIND,EQ,134.5,-2.47,970.6,0.45,0.62
LIKHITHA,BE,209.3,-4.64,825.69,0.29,0.62
MOMENTUM30,EQ,30.35,-0.33,33.27,2.05,0.62
SANGINITA,BE,24.75,-4.26,64.11,2.47,0.62
MEGASTAR,EQ,300,-0.88,338.81,0.2,0.61
ELM250,EQ,16,-1.96,150.86,3.82,0.61
AMBAAUTO,ST,129.5,-0.12,237.3,0.47,0.61
676GS2061,GS,90,-0.77,127889.6,0.67,0.61
SEJALLTD,BE,771,-2.79,878.94,0.08,0.61
HLVLTD,EQ,7.97,-9.53,525.43,7.37,0.61
ELANTAS,EQ,9650,-1.2,7650.21,0.01,0.6
PARSVNATH,BE,6.25,-3.25,271.99,9.34,0.6
PONNIERODE,EQ,312.7,-2.63,268.87,0.19,0.6
TEXINFRA,EQ,99,-4.62,1261.52,0.6,0.6
FORCAS,SM,102.85,-0.34,180.81,0.59,0.6
HERANBA,EQ,209.9,-3.41,839.88,0.28,0.6
ARIHANTSUP,EQ,256.2,-4.22,1108.06,0.23,0.6
BRANDMAN,ST,186,-4.86,343.3,0.31,0.59
DENEERS,ST,211,-0.24,181.6,0.28,0.59
SADHNANIQ,BE,2.58,-1.9,764.89,22.89,0.59
PREMCO,EQ,400,-15.15,132.19,0.15,0.59
SYSTANGO,SM,272,-1.93,398.99,0.21,0.59
TECHLABS,ST,240,-0.52,414.75,0.24,0.59
HALDYNGL,EQ,108.2,-2.21,581.59,0.54,0.59
XCHANGING,EQ,66.2,-2.8,737.49,0.89,0.59
SATIA,EQ,67.5,-2.81,675,0.86,0.58
MANBA,EQ,111.05,-3.52,557.91,0.51,0.58
APS,SM,341.3,-4.86,688.06,0.17,0.58
COMFINTE,EQ,7.91,-3.3,253.07,7.22,0.58
FINKURVE,EQ,67.5,-0.66,945.97,0.85,0.58
ZEELEARN,EQ,5.8,-5.07,189.7,9.71,0.58
FELIX,SM,214.95,-1.53,369.85,0.27,0.58
AARTECH,EQ,40.37,-6.18,128.26,1.4,0.57
BOROSCI,EQ,114.5,-3.38,1018.44,0.49,0.57
SARVESHWAR,BE,3.79,-3.07,466.79,14.97,0.57
KMSUGAR,EQ,29.25,-1.35,269.1,1.93,0.57
NURECA,EQ,272.2,-5.63,259.73,0.2,0.57
AURIGROW,EQ,0.33,-2.94,48.72,169.66,0.56
ACCPL,ST,122,-0.53,135.62,0.46,0.55
PRADPME,EQ,390,-0.81,673.53,0.15,0.55
AKIKO,ST,296.8,-0.74,319.64,0.19,0.55
UNIHEALTH,ST,436,-0.34,693.24,0.13,0.55
MOHEALTH,EQ,46.3,-2.32,40.47,1.18,0.55
ZFSTEERING,EQ,757.3,-7.1,687.12,0.07,0.54
ORIENTPPR,EQ,17.4,-5.02,369.2,3.05,0.54
DIVOPPBEES,EQ,77.25,-1.62,68.85,0.69,0.54
MULTICAP,EQ,15.87,-2.16,81.08,3.33,0.53
LOWVOL1,EQ,20.4,-1.21,185.25,2.59,0.53
FROG,SM,201.65,-7.24,313.65,0.26,0.53
MIDQ50ADD,EQ,240,-1.76,95.56,0.22,0.53
KAMAHOLD,EQ,2640.5,-2.43,8473.52,0.02,0.52
SUDARCOLOR,EQ,345.5,-7.06,797.48,0.15,0.52
SUBAHOTELS,SM,134,-4.29,324.85,0.38,0.52
KHADIM,EQ,101,-5.26,185.62,0.5,0.52
RUSHIL,EQ,16.15,-1.46,473.87,3.24,0.52
GEMAROMA,BE,157.2,-3.3,821.17,0.32,0.51
ALLDIGI,EQ,812.1,-1.6,1237.5,0.06,0.51
9MMFSML,N2,1080,-0.02,0,0.05,0.51
VETO,EQ,108.55,-4.16,207.49,0.46,0.5
KDL,SM,144.5,-4.87,173.75,0.34,0.5
871REC28,N9,1097.6,-1.05,1285.82,0.05,0.5
KOKUYOCMLN,EQ,91.5,-5.18,917.78,0.53,0.5
SHREMINVIT,IV,100.1,-0.89,6114.55,0.5,0.5
HDFCPSUBK,EQ,81.8,-0.54,32.9,0.61,0.5
APRAMEYA,SM,203.9,-13.1,388.23,0.23,0.5
AONETOTAL,EQ,11.44,-1.29,41.81,4.36,0.5
OSWALGREEN,EQ,25.8,-4.05,662.57,1.9,0.5
STCINDIA,EQ,114.9,-3.83,689.4,0.43,0.5
MUFTI,EQ,77.5,-2.88,506.62,0.63,0.49
BHARATGEAR,EQ,110,-4.01,168.91,0.44,0.49
GROWWRLTY,EQ,8.7,-2.79,14.54,5.65,0.49
CHETANA,SM,51.85,-6.66,105.77,0.94,0.49
TCPLPACK,EQ,2731,-2.37,2485.21,0.02,0.49
DVL,EQ,245.75,-3.69,860.73,0.19,0.49
RKSWAMY,EQ,89.8,-5.58,453.29,0.54,0.49
SHRIAHIMSA,SM,269.05,-0.48,630.41,0.18,0.49
CHEVIOT,EQ,1212,-4.81,708.04,0.04,0.48
RUCHIRA,EQ,117.6,-2.89,350.98,0.41,0.48
IGCL,EQ,63.5,-3.19,401.47,0.75,0.48
HDFCNIF100,EQ,25.3,-0.98,76.37,1.91,0.48
MARALOVER,EQ,57.2,-7.62,237.43,0.82,0.48
BHAGERIA,EQ,158,-3.2,689.58,0.3,0.48
ORIENTBELL,EQ,315,-2.61,463.38,0.15,0.48
MOLDTECH,EQ,128.04,-1.67,368.82,0.37,0.47
GOKUL,EQ,39.3,-2.31,389.05,1.2,0.47
MALLCOM,EQ,1056,-0.85,658.94,0.05,0.47
ANONDITA,SM,969,-1.75,1752.59,0.05,0.47
690GS2065,GS,91,-0.44,180180,0.52,0.47
AVONMORE,EQ,11.18,-5.97,315.48,4.11,0.47
892PFCL33,N8,1251.3,-0.25,1078.57,0.04,0.47
HDFCMOMENT,EQ,30.4,-1.3,126.2,1.52,0.46
PANSARI,EQ,268,-9.67,467.57,0.17,0.46
KCK,SM,14.6,-7.3,92.86,3.1,0.46
NILE,EQ,1729,-6.59,519.03,0.03,0.46
AXISTECETF,EQ,310.82,-3.4,147.35,0.15,0.46
JYOTIGLOBL,ST,50.6,-3.62,100.29,0.84,0.46
ONDOOR,ST,177.05,-4.99,100.01,0.25,0.45
HILTON,EQ,22.22,-3.73,114.36,2.02,0.45
GINNIFILA,EQ,41.77,-4.48,357.76,1.06,0.45
MANAKALUCO,EQ,32.5,-8.99,212.99,1.36,0.45
AXITA,EQ,8,-0.25,306.04,5.6,0.45
TRANSTEEL,SM,130,-3.85,287.2,0.34,0.45
RCOM,BE,0.92,-2.13,254.43,48.72,0.44
IFGLEXPOR,EQ,172.92,-5.51,1246.38,0.25,0.44
SCPL,BE,425.8,-5,447.09,0.1,0.44
NIF100IETF,EQ,27.28,-1.2,155.65,1.62,0.44
ENCOMPAS,SM,238,-4.82,337.57,0.18,0.44
PASUPTAC,EQ,51.65,-4.46,460.37,0.82,0.43
TREL,EQ,25.75,-7.47,632.67,1.67,0.43
AVPINFRA,SM,85.85,-0.06,214.45,0.5,0.43
WOMANCART,SM,114.4,-2.18,93.95,0.38,0.43
EUROBOND,EQ,181,-3.2,443.45,0.23,0.43
PUNJABCHEM,EQ,1099,-1.51,1347.61,0.04,0.43
CROWN,EQ,128.86,-10.36,149.35,0.31,0.43
741GS2036,GS,104.65,-0.64,156975,0.41,0.43
JAYSREETEA,EQ,89.5,-4.91,258.45,0.47,0.43
EQUAL50ADD,EQ,334.24,-0.92,1366.93,0.13,0.43
LIBERTSHOE,EQ,239,-3.86,407.26,0.18,0.43
RANASUG,EQ,13.24,-4.82,203.32,3.17,0.43
DYNPRO,EQ,223.4,-3.49,277.65,0.19,0.43
MEDICAMEQ,EQ,282.9,-2.98,383.69,0.15,0.43
ZEEMEDIA,BE,7.79,-4.06,487.21,5.37,0.42
HCL-INSYS,EQ,11.5,-4.96,378.59,3.59,0.42
EMULTIMQ,EQ,42.19,-1.36,33.83,1,0.42
PELATRO,SM,272,-2.86,288.25,0.16,0.42
VRAJ,EQ,130.8,-0.99,431.41,0.32,0.42
ZODIAC,BE,304.6,-3.52,460.67,0.14,0.41
GROWWSC250,EQ,9.67,-2.91,15.46,4.21,0.41
MUTHOOTCAP,EQ,208.28,-0.59,342.57,0.2,0.41
JINDALPHOT,EQ,1036.4,-5.58,1063.17,0.04,0.41
FAZE3Q,BE,438,-0.85,1065.17,0.09,0.41
DONEAR,EQ,90,-1.69,468,0.44,0.41
INTLCONV,EQ,81.28,-3.24,518.41,0.49,0.4
SAWALIYA,SM,274,-2.84,271.76,0.14,0.4
SPECIALITY,EQ,100.71,-4.63,485.78,0.38,0.4
TRANSWORLD,EQ,158,-5.16,346.93,0.25,0.39
MADHUSUDAN,SM,163.5,-0.52,249.17,0.24,0.39
KAYA,EQ,241.55,-4.36,366.86,0.16,0.39
TUNWAL,SM,33.7,-3.85,194.42,1.14,0.39
RICHA,SM,78,-2.5,107.35,0.49,0.39
RADIANTCMS,EQ,42.2,-1.91,450.31,0.92,0.39
HARRMALAYA,EQ,213,-3.55,393.1,0.18,0.39
GROWWNET,EQ,8.92,-1.44,31.06,4.36,0.39
KAPSTON,EQ,339,-0.03,1031.65,0.11,0.39
HAWKINCOOK,EQ,7285,-0.82,3852.17,0.01,0.39
VERTOZ,EQ,48.99,-4.32,417.54,0.77,0.38
GATECHDVR,EQ,0.5,-13.79,9.48,68.57,0.38
FINBUD,SM,121.9,-4.62,232.21,0.31,0.38
GAYAPROJ,BE,18.62,-4.07,348.56,2.03,0.38
SYSTMTXC,EQ,66.15,-3.7,903.2,0.56,0.38
PLASTIBLEN,EQ,168.11,-2.47,436.9,0.22,0.38
82HUDCO27,N2,1033.9,-0.01,2603.59,0.04,0.38
ANUHPHR,EQ,80.1,-3.12,802.79,0.46,0.38
VOLERCAR,SM,220.05,-4.22,245.21,0.17,0.38
CHANDAN,SM,246,-1.5,601.52,0.15,0.38
IPHL,SM,54.95,-2.31,137.32,0.7,0.38
MGEL,EQ,13.48,-3.44,444.24,2.73,0.37
DCMSIL,BE,66.24,-4.17,576.24,0.56,0.37
DENORA,EQ,709.55,-3.66,376.67,0.05,0.37
ECAPINSURE,EQ,24.22,-2.42,14.31,1.53,0.37
SSFL,SM,93.35,-3.16,80,0.4,0.37
GOODYEAR,EQ,766,-1.49,1766.89,0.05,0.37
DBEIL,EQ,78.35,-4.24,364.96,0.46,0.37
NOVAAGRI,EQ,27.81,-5.05,257.3,1.3,0.37
WEWIN,EQ,65.88,-9.98,66.94,0.55,0.37
INDIQUBE,EQ,163.8,-4.7,3472.52,0.22,0.37
BLUEWATER,ST,269,-1.1,295.9,0.14,0.37
REMUS,SM,725,-3.9,854.34,0.05,0.37
AXISHCETF,EQ,155.39,-1.29,22.6,0.23,0.37
ALLETEC,SM,155.5,-2.81,314.02,0.24,0.36
FLEXIADD,EQ,9.84,-0.4,13.84,3.74,0.36
PARAMATRIX,SM,65,-2.26,71.81,0.55,0.36
PREMIERPOL,BE,54.85,-4.48,574.51,0.64,0.36
VGINFOTECH,SM,147,-3.76,365.57,0.24,0.35
KAVDEFENCE,BE,62.63,-4.99,215.29,0.57,0.35
OWAIS,SM,174.55,-4.98,317.37,0.2,0.35
AVROIND,EQ,10.11,-9.97,134.57,3.37,0.35
HILINFRA,BE,50.44,-3.7,361.76,0.7,0.35
ABSLBANETF,EQ,55.1,-1.02,2393.85,0.64,0.35
UNITEDPOLY,EQ,30.7,-5.91,704.61,1.12,0.35
KCPSUGIND,EQ,25.9,-1.78,293.67,1.34,0.35
ORIENTCER,EQ,40,-3.36,478.56,0.86,0.35
HIGREEN,SM,149.5,-6.15,373.6,0.22,0.35
AONENIFTY,EQ,9.62,-1.74,20.97,3.54,0.34
KHAICHEM,BE,56,-3.31,543.14,0.6,0.34
BAJAJST,EQ,418.9,-1.8,871.31,0.08,0.34
LANDSMILL,EQ,0.91,-2.15,128.37,37.42,0.34
SAAKSHI,SM,238,-6.48,420.21,0.14,0.34
DRAGARWQ,EQ,5042,-1.4,2436.71,0.01,0.33
UHTL,SM,54.65,-0.64,103.86,0.62,0.33
ABSLNN50ET,EQ,73.75,-0.14,102.06,0.46,0.33
BSHSL,EQ,91.28,-6.6,957.87,0.35,0.33
AIRAN,EQ,16.09,-5.96,201.16,2.03,0.33
BHANDARI,EQ,3.64,-5.45,121.2,9.02,0.33
GEEKAYWIRE,EQ,26.87,-3.93,280.85,1.23,0.33
YUKEN,EQ,700,-3.43,950.88,0.05,0.33
SRTL,EQ,46.02,-4.36,183.96,0.7,0.33
CENTRUM,EQ,23.6,-2.44,1084.61,1.37,0.33
PCCL,SM,289.6,-0.48,715.31,0.11,0.33
QNIFTY,EQ,255.8,-1.85,61.17,0.13,0.32
DIVINEHIRA,ST,338.9,-0.35,442.17,0.1,0.32
NEXT50ETF,EQ,69.99,-0.68,15.48,0.46,0.32
TRIGYN,EQ,54.7,-8.16,168.4,0.57,0.32
INDOUS,EQ,107,-1.92,214.56,0.3,0.32
BPL,EQ,55.1,-4.09,269.86,0.57,0.32
TERASOFT,EQ,326.1,-4.87,408.01,0.09,0.32
MIRZAINT,EQ,30.5,-6.18,421.52,1.02,0.32
WTICAB,SM,96,-5.97,228.59,0.32,0.32
AVG,EQ,164,-3.46,246.95,0.19,0.31
YAAP,ST,208,-0.48,435.41,0.15,0.31
HOACFOODS,SM,489.4,-5,212.42,0.06,0.31
SETF10GILT,EQ,256.82,-0.44,3206.5,0.12,0.31
BMWVENTLTD,EQ,62,-4.32,537.63,0.5,0.31
INDORAMA,EQ,37.7,-4,984.4,0.81,0.31
NECLIFE,BE,12.95,-4.5,251.57,2.37,0.31
SPENCERS,EQ,36.22,-7.63,326.46,0.83,0.31
MOLOWVOL,EQ,36.02,-1.45,67.32,0.85,0.31
MVKAGRO,SM,510,-1.21,2575.7,0.06,0.31
RUBYMILLS,EQ,229,-0.73,765.78,0.13,0.31
764NABAR31,N2,1094.5,-0.23,1924.94,0.03,0.31
EFACTOR,SM,200,-18.37,262.63,0.14,0.3
AVTNPL,EQ,66.8,-1.45,1017.26,0.45,0.3
BATLIBOI,EQ,83.42,-1.27,393.18,0.36,0.3
KABRAEXTRU,EQ,228.52,-4.14,799.2,0.13,0.3
ALBERTDAVD,EQ,790,-0.27,450.87,0.04,0.3
NAHARCAP,EQ,260,-0.86,435.4,0.11,0.3
CHAVDA,SM,99.3,-4.52,324.27,0.29,0.29
URBAN,SM,149,-1,129.03,0.19,0.29
BHADORA,SM,70,-3.45,130.2,0.38,0.29
ELCIDIN,EQ,119500,-3.01,2390,0,0.29
VHL,EQ,3581.2,-1.82,1142.95,0.01,0.29
BLAL,EQ,191,-5.05,795.41,0.15,0.29
699GS2051,GS,95.5,-0.56,139931.38,0.3,0.29
TOP15IETF,EQ,9.7,-0.92,11.37,3,0.29
GFLLIMITED,EQ,47.79,-2.19,524.97,0.6,0.29
732GS2030,GS,104,-1.23,72800,0.27,0.29
OSWALAGRO,BE,46.9,-3.14,629.56,0.61,0.28
ACSTECH,EQ,36.26,-1.97,220.03,0.78,0.28
ATLANTAA,EQ,39.8,-4.67,324.37,0.7,0.28
CCCL,EQ,15.51,-1.71,692.92,1.79,0.28
ANDHRAPAP,EQ,65.72,-2.22,1306.84,0.42,0.28
BALPHARMA,EQ,80.93,-6.44,128.85,0.33,0.28
HDFCGROWTH,EQ,114.42,-0.81,20.41,0.24,0.28
GROWWCHEM,EQ,28.96,-1.63,10.15,0.96,0.28
JAYESH,SM,158.3,-13.02,137.59,0.16,0.28
SHANKARA,BE,107,-2.78,259.47,0.26,0.28
ASHIMASYN,EQ,15.57,-5.52,298.41,1.77,0.28
ELGIRUBCO,EQ,48.8,-5.55,244.24,0.54,0.27
WIMPLAST,EQ,364.5,-1.91,437.52,0.07,0.27
INTERNET,EQ,11.88,-3.65,26.48,2.27,0.27
NRAIL,EQ,476.1,-5.41,810.28,0.05,0.27
RELIABLE,EQ,119.33,-8.19,123.15,0.22,0.27
NILAINFRA,EQ,8.5,-3.85,334.81,3.14,0.27
MNC,EQ,32.35,-2.12,46.12,0.82,0.27
UMIYA-MRO,EQ,85.5,-3.54,159.75,0.32,0.27
HEALTHCARE,EQ,19.6,-1.51,11.11,1.35,0.27
SUTLEJTEX,EQ,36.35,-1.3,595.52,0.73,0.27
VASWANI,EQ,54.98,-2.29,181.14,0.48,0.27
PVSL,EQ,103.25,-4.05,735.12,0.25,0.27
KCEIL,ST,111.6,-2.15,136.42,0.23,0.26
76NHAI31,NA,1092,-0.36,2921.39,0.02,0.26
OMFREIGHT,EQ,84,-3.44,282.87,0.3,0.26
CENTEXT,EQ,20.3,-3.47,162.4,1.24,0.26
VINEETLAB,BE,36.47,-4.98,70.05,0.7,0.26
ADROITINFO,EQ,9.02,-10.07,48.87,2.77,0.26
BASILIC,SM,224.5,-4.37,567.2,0.11,0.25
RNFI,SM,279,-2.14,699.19,0.09,0.25
746GS2073,GS,99.75,-4.09,116707.5,0.25,0.25
MOMENTUM,EQ,30.79,-0.45,43.79,0.83,0.25
ROSSELLIND,EQ,55.6,-4.58,209.59,0.44,0.25
NDL,EQ,2.69,-3.58,387.76,9.29,0.25
GTPL,EQ,66.85,-1.89,751.82,0.37,0.25
QUAL30IETF,EQ,20.84,-0.86,145.99,1.2,0.25
ANLON,ST,556,-4.14,347.8,0.04,0.25
BASML,EQ,24.15,-3.44,193.01,1.01,0.25
ESCONET,ST,136.1,-4.99,179.6,0.18,0.25
JKIPL,BE,83.65,-4.33,321.1,0.29,0.25
SETCO,BE,25.48,-2,340.84,0.96,0.25
NDLVENTURE,EQ,117.71,-5.66,396.35,0.2,0.25
SYLVANPLY,SM,54.9,-3.51,106.37,0.44,0.25
MANOMAY,EQ,183.5,-2.4,331.19,0.13,0.24
PARTYCRUS,SM,96.5,-0.52,115.66,0.25,0.24
BYKE,BE,35.5,-3.69,185.59,0.67,0.24
GLOSTERLTD,EQ,661,-0.39,723.35,0.04,0.24
RRIL,EQ,19.3,-3.69,233.94,1.29,0.24
VLSFINANCE,EQ,231.55,-4.04,726.57,0.1,0.24
738REC27TF,N2,1053,-0.57,897.2,0.02,0.24
SRGHFL,EQ,292.1,-8.72,458.65,0.08,0.24
VIKASLIFE,BE,1.55,-2.52,287.94,15.24,0.24
MATRIMONY,EQ,431.5,-2.05,891.92,0.05,0.23
CONSUMER,EQ,10.73,-2.45,49.54,2.12,0.23
MADHAVBAUG,SM,250,-3.47,262.84,0.09,0.23
VSTL,EQ,127.9,-0.09,242.53,0.18,0.23
DELAPLEX,SM,122.35,-7.31,111.46,0.17,0.22
MEGATHERM,SM,265,-5.36,499.28,0.08,0.22
865IIFL28,NS,989.15,-0.19,156.55,0.02,0.22
JITFINFRA,BE,315.95,-0.02,812.11,0.07,0.22
MITCON,EQ,83,-1.69,144.57,0.28,0.22
DPWIRES,EQ,173.02,-4.21,268.19,0.13,0.22
MASON,SM,130.75,-2.35,313.02,0.17,0.22
KANPRPLA,EQ,205.25,-6.13,492.86,0.11,0.22
IEML,SM,73,-5.56,133.83,0.29,0.22
CHEMBONDCH,BE,180,-0.82,484.14,0.12,0.22
STEL,EQ,455.5,-4.59,840.64,0.05,0.22
GANESHIN,ST,76,-3,324.68,0.28,0.22
RBMINFRA,SM,365,-3.25,388.1,0.06,0.21
GEECEE,EQ,295.1,-5.64,617.11,0.07,0.21
SHALPAINTS,EQ,52.71,-2.43,441.24,0.4,0.21
KRITINUT,BE,88.05,-5,441.16,0.24,0.21
CSLFINANCE,EQ,226.56,-2.67,516.16,0.09,0.21
MONIFTY100,EQ,24.4,-1.93,13.47,0.86,0.21
RUBFILA,EQ,71.86,-1.68,389.97,0.29,0.21
SAKHTISUG,EQ,17.94,-4.47,213.22,1.15,0.21
MID150,EQ,22.45,-1.79,11.96,0.93,0.21
INDOWIND,BE,9.88,-5,159.07,2.09,0.21
ECOLINE,SM,127.15,-7.29,260.85,0.16,0.21
SINCLAIR,EQ,77.45,-1.92,397.01,0.26,0.2
DAICHI,EQ,256.35,-2.45,191.01,0.08,0.2
ACETEC,SM,116.5,-5.28,190.87,0.17,0.2
718GS2033,GS,103,-0.28,207030,0.19,0.2
GROWWMOM50,EQ,10.41,-1.89,25.65,1.91,0.2
MMWL,EQ,13.59,-9.52,1539.4,1.43,0.2
ADVANIHOTR,EQ,52.79,-1.68,487.98,0.37,0.2
NRL,EQ,53.2,-2.85,367.45,0.37,0.2
EQUAL200,EQ,13.18,-2.15,19.92,1.5,0.2
PILITA,EQ,8.72,-4.39,204.92,2.32,0.2
SPCL,SM,78,-4.88,188.1,0.25,0.2
PRESSTONIC,ST,38.45,-3.88,58.6,0.51,0.2
MAZDA,EQ,205,-3.16,410.51,0.1,0.2
MUNISH,ST,69.45,-4.99,167.17,0.28,0.2
KANORICHEM,EQ,91.75,-4.16,400.89,0.21,0.2
SBIMIDMOM,EQ,61.38,-2.56,8.46,0.31,0.19
SPUNWEB,SM,120.1,-2.36,289.48,0.16,0.19
SURANASOL,EQ,26.92,-3.37,132.46,0.71,0.19
SSFLPP,E1,124,-12.06,214.95,0.15,0.19
MOM50,EQ,243.51,-2.03,54.78,0.08,0.19
INFOLLION,SM,213.65,-0.14,207.38,0.09,0.19
VILINBIO,ST,49.4,-4.73,75.33,0.36,0.19
876HUDCO28,ND,1119,-0.15,911.99,0.02,0.19
INNOVANA,EQ,379.95,-2.56,784.98,0.05,0.19
GRETEX,ST,274.55,-5,425.72,0.07,0.19
MKPL,EQ,5.02,-4.56,188.44,3.67,0.19
TAALTECH,EQ,2850,-2.26,888.16,0.01,0.19
NBIFIN,EQ,2024,-1.43,598.06,0.01,0.18
SAHAJSOLAR,SM,145.9,-4.52,320.57,0.12,0.18
INDBANK,EQ,33.09,-4.28,146.85,0.55,0.18
ETL,SM,1022,-0.2,1090.61,0.02,0.18
TBI,SM,65,-4.13,118.03,0.28,0.18
BANKADD,EQ,54.81,-1.4,591.68,0.33,0.18
875NHAI29,N6,1095,-0.14,1302.84,0.02,0.18
TRANSPEK,EQ,1161,-3.69,648.48,0.02,0.18
TEXMOPIPES,EQ,43.85,-5.88,128.02,0.4,0.18
A2ZINFRA,BE,16.25,-1.28,286.19,1.1,0.18
AKI,EQ,4.8,-6.8,49.54,3.76,0.18
DURLAX,ST,50,-1.96,144.66,0.36,0.18
GLOBALVECT,EQ,167,-5.55,233.8,0.11,0.18
SIKKO,EQ,4.47,-3.46,195.25,3.93,0.18
AARVI,EQ,122.9,-3.11,182.42,0.14,0.18
ORBTEXP,EQ,157.57,-1.78,417.74,0.11,0.18
AFSL,EQ,201.05,-0.55,1021.19,0.09,0.18
DHARIWAL,SM,36.15,-3.21,339.86,0.48,0.18
SUPREME,EQ,49.5,-2.06,191.3,0.35,0.18
NAHARINDUS,EQ,112.7,-2.99,486.93,0.15,0.18
ALANKIT,EQ,8.92,-3.88,241.87,1.94,0.18
WELINV,EQ,1650,-2.48,602.99,0.01,0.17
OPTIVALUE,SM,82.5,-3.62,193.14,0.21,0.17
JAINIK,SM,144.3,-4.09,207.04,0.12,0.17
GURUNANAK,ST,40.3,-4.95,48.36,0.43,0.17
ISFT,EQ,76.85,-5.3,125.36,0.22,0.17
SILINV,EQ,476,-1.66,504.36,0.04,0.17
UEL,EQ,146.34,-3.3,1952.14,0.12,0.17
CONSUMIETF,EQ,116.5,-1.5,55.19,0.15,0.17
NETF,EQ,254,-1.74,695.15,0.07,0.17
AAKAAR,ST,52.9,-4.86,74.97,0.32,0.17
IVC,EQ,7.7,-1.79,241.81,2.18,0.17
EMAMIPAP,EQ,78.95,-2.17,477.64,0.21,0.17
PRECOT,BE,629.85,-2.62,755.82,0.03,0.17
DPSCLTD,EQ,9.51,-5.93,926.07,1.67,0.17
LORDSCHLO,EQ,141,-3.42,404.02,0.12,0.17
GSEC10YEAR,EQ,29.69,-0.07,94.01,0.56,0.16
VINNY,EQ,1.16,-0.85,53.97,14.93,0.16
HECPROJECT,EQ,115,-8.69,124.64,0.14,0.16
QMSMEDI,SM,85,-5.56,164.37,0.19,0.16
KEYFINSERV,EQ,268.4,-7.11,149.41,0.06,0.16
PRITIKAUTO,EQ,13.74,-3.03,228.79,1.17,0.16
PRIMESECU,EQ,274,-2.89,928.87,0.06,0.16
RSSOFTWARE,BE,31.73,-4.97,81.96,0.5,0.16
AFFORDABLE,BE,174.13,-2.61,195.83,0.09,0.16
DCI,BE,267,-3.94,427.2,0.06,0.16
709GS2074,GS,96.02,-1,151711.6,0.17,0.16
MARUSHIKA,SM,86,-5.44,73.42,0.18,0.16
ESFL,ST,125,-3.62,310.49,0.13,0.16
SNXT30BEES,EQ,41.64,-1.77,5.8,0.37,0.16
DSFCL,EQ,27.3,-4.75,237.49,0.56,0.16
EEPL,SM,109.4,-4.62,141.77,0.14,0.16
KRITI,BE,83.75,-3.17,441.33,0.19,0.16
ALMONDZ,EQ,15.45,-7.71,268.28,0.97,0.16
GLOBALPET,SM,135,-1.82,159.13,0.11,0.15
ELDEHSG,EQ,805.15,-7.1,791.7,0.02,0.15
GKWLIMITED,EQ,1699,-1.91,1013.71,0.01,0.15
THEINVEST,EQ,112.25,-6.54,586.42,0.13,0.15
GOYALSALT,SM,120,-6.25,214.8,0.13,0.15
HITECHCORP,EQ,135.52,-1.9,232.77,0.11,0.15
HITECHGEAR,BE,606,-1.46,1140.1,0.03,0.15
SAKUMA,BE,1.83,-1.61,286.89,8.29,0.15
GANGAFORGE,EQ,2.5,-3.85,33.7,5.98,0.15
ASAHISONG,EQ,245.05,-4.78,288.85,0.06,0.15
MOKSH,EQ,12.85,-1.91,113.4,1.14,0.15
DCG,SM,66.3,-2.28,120.33,0.23,0.15
MALUPAPER,EQ,32.62,-0.43,55.65,0.44,0.15
SUMIT,BE,46.25,-4.99,221.35,0.31,0.15
MOGSEC,EQ,63.8,-0.13,168.11,0.23,0.14
BALAXI,BE,26.7,-4.98,147.4,0.53,0.14
TTKHLTCARE,EQ,902,-1.63,1274.56,0.02,0.14
DCMNVL,EQ,152.05,-1.03,284,0.09,0.14
ALUWIND,SM,50.05,-3.66,124.36,0.28,0.14
DEVIT,EQ,28.86,-4.63,162.67,0.48,0.14
GULFPETRO,EQ,33.4,-2.71,170.29,0.41,0.14
SBIETFPB,EQ,264.24,-1.23,395.7,0.05,0.14
GTL,BE,7.6,-5,119.55,1.83,0.14
HTMEDIA,EQ,21.55,-3.1,393.62,0.64,0.14
UNILEX,SM,24.2,-13.88,32.95,0.58,0.14
STARPAPER,EQ,141.68,-0.87,221.14,0.1,0.14
KKJEWELS,SM,107,-2.73,112.19,0.13,0.14
MHLXMIRU,EQ,178.98,-2.15,190.08,0.08,0.14
DIVIDEND,EQ,35.9,-1.43,9.93,0.38,0.14
737GS2028,GS,102.61,-0.04,76957.5,0.13,0.14
SHREYANIND,EQ,166.39,-3.01,230.03,0.08,0.14
MOQUALITY,EQ,197.62,-2.88,24.24,0.07,0.14
CUDML,SM,154.75,-0.61,273.07,0.09,0.14
BANSWRAS,EQ,118.17,-4.06,404.52,0.11,0.14
SBIETFCON,EQ,116.2,-1.67,22.87,0.12,0.14
DHANLAXMI,SM,31.6,-9.06,51.6,0.42,0.14
BELLACASA,EQ,254.9,-1.66,341.25,0.05,0.13
CURRENT,SM,116.05,-5.77,222.21,0.11,0.13
AMBALALSA,EQ,30.75,-3.7,235.65,0.43,0.13
SELECTIPO,EQ,42.55,-2.9,18.65,0.31,0.13
HEXATRADEX,EQ,162.5,-1.74,897.73,0.08,0.13
ARCHIDPLY,EQ,85.6,-3.85,170.04,0.15,0.13
RUCHINFRA,EQ,6.39,-6.17,150.82,1.97,0.13
KOTARISUG,EQ,26.07,-5.13,216.09,0.48,0.13
VLEGOV,BE,13.91,-3.94,150.86,0.92,0.13
BAGDIGITAL,SM,112.2,-4.27,238.07,0.11,0.13
WORTHPERI,EQ,136.5,-2.29,215,0.09,0.13
WSI,EQ,70.9,-0.45,537.86,0.18,0.13
SENSEXADD,EQ,76.8,-1.54,3.32,0.17,0.13
HDFCVALUE,EQ,125.37,-1.66,32.49,0.1,0.13
MODIRUBBER,EQ,139.75,-0.97,349.94,0.09,0.13
SUPREMEINF,EQ,83.25,-0.53,805.33,0.15,0.13
RAJMET,BE,3.99,-0.5,110.32,3.17,0.13
DHUNINV,EQ,910.95,-3.53,555.42,0.01,0.13
SANDESH,EQ,1090,-0.72,825.07,0.01,0.13
TOP20,EQ,8.45,-1.97,11.82,1.47,0.12
JMA,EQ,83.4,-8.55,190.49,0.14,0.12
SADBHAV,BE,8.56,-1.95,146.86,1.46,0.12
MAHICKRA,ST,239,-0.17,233.64,0.05,0.12
GSTL,ST,22.15,-4.94,35.31,0.56,0.12
VISHWARAJ,BE,5.45,-4.72,118.72,2.25,0.12
SHEMAROO,EQ,99.1,-1.8,284.72,0.12,0.12
BONLON,EQ,52.5,-3.31,74.46,0.23,0.12
PTL,EQ,39.6,-1.71,524.21,0.31,0.12
ENIL,EQ,120.15,-1.85,572.76,0.1,0.12
930APMD29,N0,101630,-0.04,1016.29,0,0.12
XTGLOBAL,EQ,30.78,-5.03,412.83,0.39,0.12
MANAKSTEEL,BE,62.52,-4.8,409.72,0.19,0.12
SICALLOG,BE,65,-2.26,518.6,0.19,0.12
FOCE,SM,556,-0.54,652.91,0.02,0.12
HDFCQUAL,EQ,57.5,-0.35,20.19,0.21,0.12
RAMANEWS,EQ,30.9,-3.38,455.84,0.38,0.12
VALUE,EQ,16.37,-0.67,11.59,0.73,0.12
ACL,EQ,55.1,-1.33,507.87,0.21,0.12
96IIFL28,N5,1000.17,-0.05,382.89,0.01,0.12
AJOONI,EQ,4.23,-2.08,72.86,2.75,0.12
UNITEDTEA,EQ,525,-4.35,262.32,0.02,0.12
ATCENERGY,ST,30.25,-4.87,61.68,0.38,0.12
MHHL,SM,39,-9.3,71.12,0.28,0.12
SINGERIND,EQ,70,-2.98,435.53,0.16,0.11
EXXARO,EQ,6.75,-1.03,302,1.7,0.11
MERCANTILE,EQ,28.48,-4.11,318.74,0.4,0.11
BANKPSU,EQ,81.26,-0.88,53.36,0.14,0.11
KAMOPAINTS,BE,5.21,-4.05,163.78,2.15,0.11
RPPL,EQ,17.75,-2.63,131.78,0.63,0.11
TCC,EQ,360,-3.11,1711.01,0.03,0.11
CINELINE,EQ,84.74,-0.82,290.37,0.13,0.11
SMARTLINK,EQ,148.01,-2.7,147.64,0.07,0.11
VMSTMT,BE,47.4,-2.11,235.25,0.23,0.11
AKSHARCHEM,EQ,209.5,-0.2,168.29,0.05,0.11
SCANSTL,EQ,38.5,-0.82,225.62,0.29,0.11
LICNETFGSC,EQ,28.52,-0.45,1863.99,0.39,0.11
AXISBNKETF,EQ,551.82,-1.34,337.62,0.02,0.11
SUNTECH,SM,40,-2.08,77.45,0.27,0.11
RAJSREESUG,EQ,33.3,-5.51,110.34,0.32,0.11
MAITREYA,SM,173.1,-3.83,117.29,0.06,0.11
GLOBECIVIL,BE,44.67,-3.44,266.76,0.24,0.11
INDTERRAIN,EQ,30.3,-1.08,153.52,0.36,0.11
DRONE,ST,46,-4.47,112.24,0.23,0.11
MENNPIS,EQ,58.26,-4.04,297.13,0.18,0.11
SURANAT&P,EQ,18.15,-2.84,246.4,0.58,0.11
CORALFINAC,EQ,33.44,-2.88,134.77,0.31,0.11
NIFTYBETF,EQ,239.92,-1.75,168.2,0.04,0.11
VIRINCHI,BE,17.18,-1.6,184.65,0.63,0.11
PSFL,SM,31,-3.43,61.01,0.34,0.11
SHIGAN,ST,75.05,-0.6,152.56,0.14,0.11
MADHAVIPL,EQ,8.8,-2.44,237.23,1.18,0.11
MOPSE,EQ,106.1,-1.06,1.91,0.1,0.11
SBIETFQLTY,EQ,217,-2.74,78.04,0.05,0.1
AKSHAR,EQ,0.5,-1.96,39.37,20.81,0.1
PRLIND,SM,61.95,-1.82,141.63,0.17,0.1
BANKBETF,EQ,54.5,-1.27,381.77,0.19,0.1
ARCHIES,EQ,14.4,-9.26,48.64,0.69,0.1
MONEYBOXX,EQ,72.6,-2.34,506.81,0.14,0.1
VARDMNPOLY,BE,6.81,-2.3,312.51,1.49,0.1
ORCHASP,EQ,1.97,-2.48,68.25,5.13,0.1
DISAQ,EQ,12098,-0.44,1759.3,0,0.1
ADDICTIVE,SM,76.75,-4.95,122.11,0.13,0.1
ATAM,EQ,76.6,-2.67,87.81,0.13,0.1
HMT,BZ,58,-2.11,2729.89,0.17,0.1
SMALLADD,EQ,16.84,-2.72,5.37,0.58,0.1
BIL,EQ,714,-1.28,957.5,0.01,0.1
1018GS2026,GS,104.69,-0.3,15703.5,0.1,0.1
DJML,BE,93.5,-3.52,321.43,0.1,0.1
UNIENTER,EQ,104,-3.1,723.28,0.09,0.1
SHEETAL,SM,275,-0.63,315.04,0.04,0.1
HOMESFY,SM,110,-4.64,35.49,0.09,0.1
SADHAV,SM,111.6,-3.75,180.04,0.08,0.1
AARON,EQ,134.99,-2.86,282.76,0.07,0.1
HDFCBSE500,EQ,36.22,-0.93,22.63,0.26,0.09
BEWLTD,SM,82.75,-3.95,108.18,0.12,0.09
CINEVISTA,EQ,15,-2.85,86.15,0.62,0.09
GENUSPAPER,EQ,12.51,-3.47,321.66,0.73,0.09
GSLSU,EQ,55.17,-4.99,233.82,0.16,0.09
MODINATUR,EQ,358.05,-3.14,476.44,0.03,0.09
TARAPUR,EQ,22.36,-4.97,43.6,0.4,0.09
BSL,EQ,124,-1.63,127.62,0.07,0.09
ELGNZ,SM,75.7,-4.72,171.08,0.12,0.09
KOTIC,EQ,175.3,-2.54,1893.62,0.05,0.09
SMARTEN,SM,50,-0.7,95,0.18,0.09
LYKALABS,BE,61.48,-4.06,219.42,0.15,0.09
706GS2046,GS,95,-3.55,80750,0.1,0.09
SDREAMS,SM,89,-6.32,166.63,0.1,0.09
SHAHALLOYS,EQ,67,-8.12,132.64,0.13,0.09
HEALTHX,EQ,281.05,-4.73,894.03,0.03,0.09
INVENTURE,EQ,0.99,-1,103.95,9.04,0.09
PARAMOUNT,SM,52.85,-9.97,36.69,0.17,0.09
SOMATEX,EQ,108,-3.88,356.76,0.08,0.09
VAISHALI,BE,7.14,-4.16,93.15,1.22,0.09
SHYAMCENT,EQ,5.54,-2.64,117.54,1.58,0.09
MANAKSIA,EQ,58.5,-3.77,383.37,0.15,0.09
KOTHARIPRO,EQ,71.32,-4.26,425.69,0.12,0.09
MBLINFRA,BE,25.5,-4.35,388.95,0.34,0.09
WEALTH,EQ,905,-2.28,964.28,0.01,0.09
CPEDU,EQ,190,-1.9,345.67,0.04,0.09
BCONCEPTS,EQ,232,-4.73,289.58,0.04,0.09
ENERGYDEV,EQ,16.96,-1.45,80.56,0.52,0.09
MITTAL,EQ,0.91,-1.09,40.39,9.56,0.09
GENCON,EQ,39.5,-1.74,225.1,0.22,0.09
GROWWN200,EQ,10.9,-2.07,16.54,0.79,0.09
MANUFGBEES,EQ,155.67,-1.85,9.39,0.06,0.09
AXSENSEX,EQ,76.98,-2.01,123.32,0.11,0.09
MIDCAPBETA,EQ,222.6,-2.24,13.4,0.04,0.08
ANMOL,EQ,11.42,-5.39,65,0.73,0.08
INVICTA,ST,86.1,-4.65,108.24,0.1,0.08
INVPRECQ,EQ,640,-0.75,640,0.01,0.08
IL&FSENGG,BZ,26.75,-2.69,350.75,0.31,0.08
SMLT,EQ,71.84,-1.07,98.35,0.12,0.08
AONETMMQ50,EQ,10.09,-1.27,7.13,0.81,0.08
NIRMAN,ST,49.7,-1.49,39.81,0.16,0.08
HEALTHADD,EQ,153.66,-1.59,14.24,0.05,0.08
MYMUDRA,SM,73.25,-4.93,83.44,0.11,0.08
TTL,BE,7.68,-4.95,198.38,1.03,0.08
VIJIFIN,BE,4.12,-4.85,58.71,1.93,0.08
BAGFILMS,EQ,4.83,-5.85,95.51,1.63,0.08
CONS,EQ,11.5,-1.79,34.1,0.69,0.08
ZENITHSTL,EQ,6.16,-1.12,87.64,1.29,0.08
SAJHOTELS,SM,38,-3.31,61.27,0.2,0.08
STEELCITY,EQ,80.39,-1.62,121.45,0.1,0.08
DUCON,BE,3.27,-1.51,106.25,2.36,0.08
TANKUP,SM,630,-0.01,333.58,0.01,0.08
KOHINOOR,EQ,24.5,-4.85,90.83,0.31,0.08
ESG,EQ,40.01,-1.62,97.08,0.19,0.08
NIFTYQLITY,EQ,21.05,-0.89,27.59,0.37,0.08
ATLASCYCLE,EQ,99.87,-0.28,64.95,0.08,0.08
INFRA,EQ,11.72,-2.58,9.49,0.66,0.08
743GS2076,GS,100,-0.24,38000,0.08,0.08
RADIOCITY,BE,6,-2.28,207.41,1.23,0.08
AXISCETF,EQ,115.37,-1.95,13.32,0.07,0.08
SBGLP,EQ,26.4,-2.76,457.82,0.29,0.08
ENVIRO,SM,107,-4.72,201.05,0.07,0.08
BBTCL,EQ,191,-4.24,391.76,0.04,0.08
ARIHANTACA,SM,438,-6.81,265.22,0.02,0.07
BI,EQ,65.02,-6.37,153.09,0.11,0.07
SIGIND,EQ,48.61,-4.1,143.09,0.15,0.07
SUNDRMBRAK,EQ,635,-1.66,249.85,0.01,0.07
CONSOFINVT,BE,224,-0.44,724.11,0.03,0.07
UYFINCORP,EQ,14.15,-1.87,269.19,0.52,0.07
BRNL,EQ,20.69,-1.24,173.69,0.35,0.07
AEPL,BE,16.19,-4.37,406.43,0.45,0.07
MOS,SM,13,-2.26,334.67,0.56,0.07
CHEMBOND,BE,182.95,-1.21,246.04,0.04,0.07
ALPA,EQ,68.3,-3.98,143.71,0.1,0.07
HINDCON,BE,24.5,-2.16,125.42,0.29,0.07
601GS2030,GS,98.66,-0.59,97673.4,0.07,0.07
GROWWPSUBK,EQ,81.38,-0.5,5.84,0.09,0.07
EMAPARTNER,SM,88.8,-1.72,206.43,0.08,0.07
PLAZACABLE,BE,54.66,-4.99,239.15,0.13,0.07
KRITIKA,EQ,6.1,-3.48,162.43,1.14,0.07
GAYAHWS,EQ,2.39,-0.83,57.28,2.93,0.07
KLL,SM,39.55,-3.42,73.29,0.18,0.07
BVCL,EQ,42.4,-3.26,93.96,0.16,0.07
NEPHROCARE,SM,85,-2.3,140.13,0.08,0.07
METROGLOBL,EQ,131.11,-0.94,161.72,0.05,0.07
NGIL,EQ,37.25,-0.11,65.33,0.19,0.07
WINSOL,SM,140.6,-3.03,162.18,0.05,0.07
LEXUS,BE,19.7,-1.4,40.96,0.35,0.07
IVZINNIFTY,EQ,2675.4,-1.74,89.54,0,0.07
SRD,EQ,42.86,-0.88,274.16,0.16,0.07
PODDARMENT,EQ,250.2,-2.89,265.46,0.03,0.07
SHUBHSHREE,SM,320,-0.08,167.74,0.02,0.07
AMDIND,EQ,46.2,-4.27,88.55,0.14,0.07
SSDL,EQ,61.05,-3.14,241.76,0.11,0.07
PRAENG,EQ,22.59,-1.87,157.98,0.29,0.07
COMMITTED,ST,272,-3,314.83,0.02,0.07
BENGALASM,EQ,6415,-1.63,7315.6,0,0.07
RBS,ST,99,-1,226.33,0.06,0.06
NATCAPSUQ,EQ,160,-2.42,166.18,0.04,0.06
RADIOWALLA,SM,33.2,-4.87,23.4,0.19,0.06
BAFNAPH,BE,133,-1.81,314.63,0.05,0.06
CMNL,SM,120.5,-1.43,290.82,0.05,0.06
LOVABLE,EQ,71.5,-3.47,105.82,0.09,0.06
82IGT31,NJ,1016,-0.06,608.77,0.01,0.06
EMMIL,SM,146,-2.67,165.37,0.04,0.06
TAMBOLIIN,EQ,175.21,-7.99,173.81,0.03,0.06
GVKPIL,BE,3.38,-1.74,533.57,1.85,0.06
TRU,EQ,6.45,-0.62,76.67,0.97,0.06
MAJESAUT,EQ,300.05,-5.11,311.98,0.02,0.06
AARNAV,EQ,22.11,-3.7,93.39,0.28,0.06
NIBL,EQ,30.88,-3.23,74.82,0.2,0.06
GOYALALUM,EQ,6.9,-1.15,98.49,0.88,0.06
BALAJEE,EQ,32.2,-1.8,262.66,0.19,0.06
RAJTV,EQ,22.64,-3.58,117.53,0.26,0.06
935PFL33,N3,1089,-0.18,60.87,0.01,0.06
SUNDARAM,EQ,1.39,-2.8,65.87,4.28,0.06
EQUAL50,EQ,320.92,-1.96,147.22,0.02,0.06
GROWWNXT50,EQ,69.5,-1.63,8.15,0.09,0.06
GOLDTECH,EQ,40.9,-2.04,213.75,0.14,0.06
ONYX,SM,32.75,-8.9,59.38,0.18,0.06
NECCLTD,EQ,15.5,-4.79,155,0.38,0.06
PRAKASHSTL,EQ,4.32,-3.57,75.6,1.36,0.06
695GS2061,GS,93.5,-2.19,137445,0.06,0.06
MEDIORG,SM,26.5,-8.62,31,0.22,0.06
BANKA,BE,84.11,-1.99,91.87,0.07,0.06
CSSL,SM,95.5,-2.15,229.65,0.06,0.06
ESENSEX,EQ,74.63,-2.21,14.17,0.08,0.06
ITBETA,EQ,297.22,-3.18,6.16,0.02,0.06
KSR,BE,36.6,-1.48,67.26,0.15,0.06
AMJLAND,EQ,38.58,-4.58,158.18,0.14,0.06
SELLOWRAP,SM,69.7,-5.68,95.8,0.08,0.06
BANARISUG,EQ,3605.5,-1.53,4521.19,0,0.06
PROFX,SM,71,-1.53,124.28,0.08,0.06
RKEC,EQ,33.4,-4.35,86.24,0.16,0.06
APCL,EQ,114.12,-2.85,335.22,0.05,0.06
ASHOKAMET,EQ,16,-2.79,39.99,0.35,0.06
BSLSENETFG,EQ,74.7,-2.1,259.49,0.07,0.06
UMAEXPORTS,BE,24.62,-4.94,83.24,0.22,0.06
NEXT50ADD,EQ,68.98,-2.32,8.43,0.08,0.06
INTEGRITY,SM,157,-1.26,67.51,0.04,0.06
AVIANSH,SM,110.5,-0.45,154.45,0.05,0.05
MONEXT50,EQ,69,-1.36,3.62,0.08,0.05
UCAL,EQ,102.74,-2.38,227.2,0.05,0.05
KATARIA,SM,100,-1.14,215.31,0.05,0.05
RULKA,SM,105.9,-0.98,45.1,0.05,0.05
VLINFRA,ST,29.8,-4.94,46.82,0.18,0.05
JHS,BE,8.79,-0.79,75.25,0.61,0.05
EMKAYTOOLS,SM,106.25,-1.16,113.38,0.05,0.05
LAMBODHARA,EQ,106.37,-1.88,110.39,0.05,0.05
ODIGMA,BE,26.6,-4.97,83.15,0.2,0.05
NAGAFERT,BZ,3.9,-0.76,233.25,1.37,0.05
BMETRICS,SM,41.5,-1.19,51.1,0.13,0.05
TOUCHWOOD,EQ,74.01,-5.3,82.01,0.07,0.05
SREEL,EQ,181,-1.6,419.11,0.03,0.05
GROWWPSE,EQ,105.2,-1.03,18.14,0.05,0.05
SHYAMDHANI,SM,65.5,-2.53,135.3,0.08,0.05
HMVL,EQ,63.07,-3.87,464.65,0.08,0.05
ARMOUR,SM,21.7,-6.67,36.61,0.24,0.05
TCL,SM,93,-1.95,226.38,0.06,0.05
RKDL,EQ,20.53,-4.64,49.27,0.25,0.05
DTIL,EQ,141.79,-2.26,148.98,0.04,0.05
RUDRA,BE,20.44,-2.81,205.1,0.25,0.05
K2INFRA,SM,54,-2.44,68.14,0.1,0.05
SPECTSTM,ST,57.95,-4.92,133.82,0.09,0.05
MCON,SM,51.5,-4.98,37.78,0.1,0.05
VICTORYEV,SM,15.55,-1.89,37.46,0.33,0.05
RAJPALAYAM,EQ,794.1,-3.55,732.18,0.01,0.05
769NHAI31,NE,1135,-0.35,1279.9,0,0.05
TAINWALCHM,EQ,200.88,-2.59,188.1,0.02,0.05
875AEL29,NK,1025,-0.49,406.27,0,0.05
OSWALSEEDS,EQ,11.67,-6.42,106.75,0.4,0.05
NDGL,EQ,2660,-3.55,266,0,0.05
AGROPHOS,EQ,31.2,-2.53,63.26,0.16,0.05
843IHFL29,NC,965.51,-2.63,51.88,0.01,0.05
MSCIADD,EQ,28.32,-2.65,3.2,0.17,0.05
TOTAL,EQ,56,-5.28,90.31,0.09,0.05
872MMFSL26,N1,1015,-0.49,25.11,0,0.05
SHREEKARNI,SM,442,-1.56,319.51,0.01,0.05
MGSL,SM,79.9,-0.13,116.51,0.06,0.05
MOALPHA50,EQ,51.89,-0.48,6.54,0.09,0.05
SHEKHAWATI,BE,13.55,-3.49,46.71,0.34,0.05
BEARDSELL,EQ,25.9,-3.14,102.14,0.17,0.05
DIGISPICE,BE,19.88,-4.97,466.13,0.23,0.05
LICNMID100,EQ,60.62,-1.93,641.9,0.08,0.05
MADHAV,EQ,37.29,-2.66,33.36,0.12,0.05
INCREDIBLE,EQ,36.5,-0.14,170.69,0.12,0.05
MAGNUM,BE,20.66,-2.55,141.34,0.22,0.05
PAR,EQ,91,-3.17,111.97,0.05,0.05
DICIND,EQ,532,-1.6,488.32,0.01,0.05
NEXT30ADD,EQ,41.7,-1.84,45.21,0.11,0.05
SAHLIBHFI,EQ,73.5,-2.12,227.03,0.06,0.05
AMNPLST,EQ,170.5,-1.82,938.09,0.03,0.05
VIVIMEDLAB,BE,6.43,-4.03,53.31,0.68,0.04
NAVKARURB,EQ,0.81,-3.57,90.89,5.55,0.04
DELTIC,ST,42.7,-1.84,65.29,0.1,0.04
BLACKROSE,EQ,87,-4.36,443.7,0.05,0.04
SADBHIN,EQ,2.73,-4.21,96.16,1.63,0.04
SURAJLTD,EQ,236,-1.05,433.39,0.02,0.04
SATECH,ST,45,-2.17,58.76,0.1,0.04
HDFCLOWVOL,EQ,19.83,-1.83,33.76,0.22,0.04
SATTVAENGG,SM,68.95,-0.79,120.45,0.06,0.04
VIPULLTD,BE,8.9,-4.51,125.45,0.48,0.04
SHIVAMAUTO,BE,19,-4.76,249.84,0.22,0.04
ACTIVEINFR,SM,179.8,-0.66,269.97,0.02,0.04
TIPSFILMS,EQ,361.75,-3.04,156.38,0.01,0.04
MADHUCON,BE,5.58,-4.94,41.18,0.77,0.04
CYBERMEDIA,EQ,17.05,-5.75,35.22,0.25,0.04
STRIDERS,SM,66.7,-0.6,124.17,0.06,0.04
VDEAL,SM,177,-0.14,86.56,0.02,0.04
ZODIACLOTH,EQ,76.17,-4.37,209.15,0.05,0.04
VISHWAS,SM,54.8,-0.36,54.8,0.08,0.04
CEREBRAINT,BZ,4.24,-4.93,51.38,0.99,0.04
BEACON,SM,103.55,-4.39,187.06,0.04,0.04
BNAGROCHEM,EQ,287,-3.16,2806.08,0.01,0.04
MOINFRA,EQ,62.25,-2.11,2.86,0.07,0.04
LFIC,EQ,142.55,-5.75,42.77,0.03,0.04
SONUINFRA,SM,54.8,-4.94,64.47,0.07,0.04
KARMAENG,EQ,49.98,-0.4,57.83,0.08,0.04
ARCIIL,ST,60,-1.48,61.78,0.07,0.04
TILPP,E1,153.5,-2.23,185.61,0.03,0.04
AMBEY,ST,28.7,-4.81,71.6,0.14,0.04
EMMBI,EQ,80.3,-3.21,154.5,0.05,0.04
VISHNUINFR,SM,158,-3.72,409.62,0.03,0.04
DIGIDRIVE,EQ,22.65,-0.04,87.34,0.18,0.04
MOIPO,EQ,42.72,-3.35,5.34,0.09,0.04
ASPINWALL,EQ,234.9,-4,183.65,0.02,0.04
JEYYAM,SM,32.65,-2.25,155.08,0.12,0.04
SVPGLOB,BE,4.25,-4.92,53.76,0.91,0.04
CPCAP,BE,95.57,-0.47,173.87,0.04,0.04
ABANSENT,BE,35.29,-4.98,246.14,0.11,0.04
MARCO,SM,41,-5.75,76.67,0.09,0.04
TECHNVISN,EQ,5350,-2.32,3357.13,0,0.04
REXPRO,SM,41.95,-4.44,47.01,0.09,0.04
PALASHSECU,EQ,95.95,-2.14,95.98,0.04,0.04
DIAMINESQ,EQ,265.1,-3.18,259.37,0.01,0.04
SHIVAMILLS,EQ,64.8,-4.4,56,0.06,0.04
10IIFL28,N4,1068,-0.19,248.55,0,0.04
BEDMUTHA,BE,114,-0.9,367.81,0.03,0.04
OMFURN,ST,61.75,-5,72.71,0.06,0.04
PIONEEREMB,EQ,25.9,-1.82,79.79,0.14,0.04
GROWWMC150,EQ,220.85,-2.24,5.82,0.02,0.04
EBANKNIFTY,EQ,54.02,-1.33,5.19,0.07,0.04
COMPUSOFT,EQ,13.6,-4.09,107.61,0.27,0.04
BANG,EQ,38.69,-0.85,52.46,0.1,0.04
SHRADHA,EQ,36,-4.23,291.59,0.1,0.04
USK,BE,22.12,-3.83,122.45,0.16,0.04
DOLLEX,SM,31.35,-0.16,125.24,0.12,0.04
REFRACTORY,SM,39.9,-5,86.98,0.09,0.04
MACOBSTECH,SM,223,-7.66,218.43,0.02,0.04
KAKATCEM,BE,126,-3.48,97.95,0.03,0.04
SNXT50BETA,EQ,89.15,-2.61,31.78,0.04,0.04
ABHAPOWER,SM,31.4,-1.88,58.37,0.11,0.04
SGBDEC26,GB,15124,-0.49,314.41,0,0.03
CLASSICEIL,ST,55.4,-0.18,99.53,0.06,0.03
MURUDCERA,EQ,32.5,-3.1,196.77,0.1,0.03
MASTER,SM,349.7,-0.03,139.88,0.01,0.03
GREENCHEF,SM,53.15,-1.57,123.69,0.06,0.03
SHIVATEX,EQ,167.61,-2.86,217.27,0.02,0.03
TOKYOPLAST,BE,85.9,-0.22,81.62,0.04,0.03
TCIFINANCE,EQ,14.2,-1.32,18.28,0.24,0.03
RAJRILTD,BE,20.35,-1.88,1131.63,0.16,0.03
AROGRANITE,EQ,25.75,-5.23,39.4,0.13,0.03
ORIENTALTL,EQ,6.8,-2.16,49.98,0.48,0.03
S&SPOWER,BE,381.3,-1.98,470.58,0.01,0.03
MEP,BZ,1.09,-1.8,20,2.91,0.03
IDFNIFTYET,EQ,256.56,-2.07,3.67,0.01,0.03
DCM,EQ,81.1,-2.05,151.48,0.04,0.03
AHLADA,EQ,43.8,-0.21,56.59,0.07,0.03
KEEPLEARN,EQ,1.95,-3.47,30.36,1.59,0.03
ASHWINI,SM,158,-1.22,237,0.02,0.03
AKSHOPTFBR,BE,7.07,-1.94,115.03,0.45,0.03
APOLSINHOT,EQ,1146.8,-1.42,298.21,0,0.03
GSS,BE,13.98,-0.07,36.57,0.23,0.03
URAVIDEF,BE,126.1,-1.83,143.75,0.02,0.03
935TSIIC28,N0,103000,-0.48,1286.89,0,0.03
CEDAAR,SM,30.25,-4.87,41.98,0.1,0.03
VCL,EQ,1.46,-1.35,26.83,2.09,0.03
EFORCE,ST,25.2,-4.91,58.97,0.12,0.03
SOCL,ST,30.85,-4.93,41.32,0.1,0.03
ALCODIS,ST,79.55,-4.96,81.54,0.04,0.03
ANANTAM,IV,109.1,-0.13,2372.93,0.03,0.03
BALKRISHNA,EQ,18.11,-2.9,58.35,0.16,0.03
PURVFLEXI,ST,61.75,-4.93,129.57,0.05,0.03
601GS2028,GS,99,-0.2,14850,0.03,0.03
9AEL30,NE,1031,-0.39,77.2,0,0.03
SILLYMONKS,EQ,16.79,-2.04,20.92,0.18,0.03
NPBET,EQ,267.6,-1.78,10.47,0.01,0.03
DGCONTENT,EQ,29,-7.82,168.74,0.1,0.03
HGM,EQ,57.15,-7.09,71.98,0.05,0.03
FLEXITUFF,EQ,7.01,-1.27,23.01,0.4,0.03
SAPPL,EQ,292,-0.71,258.44,0.01,0.03
RILINFRA,SM,33,-0.6,61.4,0.08,0.03
JFLLIFE,SM,9.2,-4.66,30.36,0.3,0.03
SURYALAXMI,EQ,57.02,-5.42,107.23,0.05,0.03
HISARMETAL,EQ,149.4,-2.76,80.68,0.02,0.03
ENIFTY,EQ,23.47,-1.63,15.42,0.12,0.03
VEEKAYEM,ST,136,-4.53,79.91,0.02,0.03
KAYTEX,SM,67,-5.1,98.48,0.04,0.03
DELTAMAGNT,EQ,61.25,-0.49,66.46,0.04,0.03
QUALITY30,EQ,20.69,-0.05,2.61,0.13,0.03
BLUEPEBBLE,ST,108.2,-3.91,44.15,0.02,0.03
DUCOL,SM,111,-5.13,180.42,0.02,0.03
364D060527,TB,94.4,-0.27,5664,0.03,0.03
VHLTD,BE,136,-1.37,919.07,0.02,0.03
ARVINDPORT,ST,33.9,-4.64,60.34,0.07,0.03
VELJAN,EQ,1054,-0.76,474.3,0,0.03
NAMAN,SM,51.1,-6.24,66.77,0.05,0.03
JOCIL,EQ,135.39,-1.55,120.24,0.02,0.02
ORTINGLOBE,BE,14.53,-3.13,11.81,0.17,0.02
USHAFIN,SM,30.9,-0.32,134.34,0.08,0.02
LASA,BE,8.24,-1.08,41.28,0.29,0.02
SUVIDHAA,BE,2.89,-0.69,60.63,0.82,0.02
DIGJAMLMTD,EQ,45.1,-4.89,90.2,0.05,0.02
SHANTI,EQ,6.64,-2.92,7.37,0.35,0.02
YUDIZ,ST,27.55,-5,28.43,0.08,0.02
SONAMAC,ST,37.25,-4.97,51.12,0.06,0.02
PRITI,BE,44.01,-2.65,58.77,0.05,0.02
ZSARACOM,EQ,9625,-2.61,1054.83,0,0.02
MOSERVICE,EQ,29.65,-1.1,5.34,0.07,0.02
MANUGRAPH,EQ,14.5,-0.68,44.1,0.15,0.02
RAJINDLTD,SM,72,-1.44,159.95,0.03,0.02
KAUSHALYA,EQ,890,-3.15,30.82,0,0.02
INDPRUD,EQ,6321,-6.77,1059.3,0,0.02
AHLEAST,EQ,158,-0.57,273.21,0.01,0.02
ADL,EQ,72.74,-2.3,40.49,0.03,0.02
GROWWLOVOL,EQ,10.19,-2.02,4.14,0.21,0.02
IPSL,SM,210,-8.7,180.74,0.01,0.02
QVCEL,SM,26.3,-4.88,27.49,0.08,0.02
HPIL,EQ,134.79,-1.6,153.99,0.02,0.02
AMIABLE,SM,65.2,-1.73,11.4,0.03,0.02
BBNPNBETF,EQ,54.02,-1.46,4.52,0.04,0.02
ALKALI,EQ,63.61,-4.69,64.77,0.03,0.02
MOHITIND,EQ,22.9,-1.17,32.42,0.09,0.02
TFL,EQ,11.87,-3.18,65.42,0.17,0.02
12AFIL28,N0,9702,-1.89,48.51,0,0.02
MOBANK10,EQ,15.92,-1.42,5.49,0.13,0.02
1015UCL27,NF,1000,-0.01,39.42,0,0.02
DANGEE,EQ,3.45,-1.43,53.12,0.58,0.02
ARSHIYA,BZ,1.25,-4.58,32.93,1.61,0.02
LICNFNHGP,EQ,265.1,-2.17,710.34,0.01,0.02
EASTSILK,BE,60,-3.23,30,0.03,0.02
115VCCL28,N0,99499.99,-1.16,69.65,0,0.02
UMESLTD,BE,4.94,-4.82,13.05,0.4,0.02
TARMAT,BE,51.06,-2.74,127.98,0.04,0.02
865IFL28,NZ,982,-0.28,87.31,0,0.02
PULZ,SM,24.5,-2.58,53.43,0.08,0.02
SUPREMEENG,BZ,0.97,-4.9,24.25,1.98,0.02
PEARLPOLY,BE,20,-2.82,33.67,0.1,0.02
LIBAS,EQ,12.12,-1.54,31.93,0.16,0.02
CELEBRITY,EQ,7.6,-6.63,45.36,0.24,0.02
MDL,SM,46.4,-5.31,82.31,0.04,0.02
PPSL,ST,6.7,-4.96,19.63,0.27,0.02
TRUST,SM,36.05,-6.49,85.89,0.05,0.02
WILLAMAGOR,EQ,27.79,-2.73,30.45,0.06,0.02
SURYALA,EQ,357.8,-2.11,152.67,0,0.02
DECCANTRAN,SM,20.5,-5.96,46.58,0.08,0.02
TNTELE,EQ,9.37,-1.68,42.79,0.19,0.02
KONSTELEC,ST,43.25,-4.95,65.31,0.04,0.02
FIBERWEB,BE,37.08,-0.51,106.76,0.05,0.02
DEEM,SM,34,-6.98,28.35,0.05,0.02
NATIONSTD,EQ,1300,-2.52,2600,0,0.02
GREENLEAF,SM,84.5,-4.95,50.1,0.02,0.02
MUKTAARTS,EQ,55.6,-5.3,125.57,0.03,0.02
PALREDTEC,BE,37.95,-4.98,46.42,0.04,0.02
LICNETFN50,EQ,260.69,-2.47,835.14,0.01,0.02
RELCHEMQ,EQ,118,-1.4,89.01,0.01,0.02
PARASPETRO,BE,2.12,-3.2,70.85,0.78,0.02
LAHOTIOV,EQ,45.1,-2.65,131.56,0.04,0.02
INDIANCARD,EQ,203,-0.73,120.6,0.01,0.02
GRANDOAK,EQ,29,-0.1,1504.76,0.06,0.02
SUPERSPIN,EQ,5.25,-3.31,28.88,0.3,0.02
IL&FSTRANS,BZ,2.42,-3.59,79.61,0.66,0.02
TIMESCAN,SM,40.1,-1.11,28.02,0.04,0.02
RHL,EQ,177.3,-1.38,306.58,0.01,0.02
MANAV,ST,39.45,-4.94,51.92,0.04,0.02
JISLDVREQS,EQ,23,-0.61,44.38,0.07,0.02
RETAIL,EQ,19.73,-3.47,16.19,0.08,0.02
GUJRAFFIA,EQ,38,-2.14,20.54,0.04,0.02
AEL12126,NI,1009,-0.59,20.1,0,0.02
QUADPRO,SM,2,-4.76,10.11,0.72,0.01
AIROLAM,EQ,84.63,-0.49,126.96,0.02,0.01
CTE,BE,31.7,-2.49,62.23,0.05,0.01
ARABIAN,SM,70.8,-3.93,77.12,0.02,0.01
SCL310524,ZF,1174,-1.51,6.45,0,0.01
MARINETRAN,SM,17.6,-4.86,22.4,0.08,0.01
SLONE,SM,173.25,-2.97,91.29,0.01,0.01
REPL,BE,74.5,-1.65,135.01,0.02,0.01
ACEINTEG,EQ,20.29,-0.39,20.7,0.07,0.01
AISL,SM,55.9,-4.85,65.33,0.02,0.01
SPPPOLY,SM,13.3,-5,20.47,0.1,0.01
NAGREEKCAP,BE,29.35,-0.17,37.03,0.05,0.01
CCHHL,EQ,13.79,-1.78,225.42,0.1,0.01
VERTEXPLUS,SM,73.15,-5,40.08,0.02,0.01
AILIMITED,ST,42.3,-4.94,25.47,0.03,0.01
MIEL,SM,16.15,-5,28.42,0.08,0.01
HALDER,EQ,225.3,-5.71,280.23,0.01,0.01
NITIRAJ,EQ,201,-0.25,206.05,0.01,0.01
AATMAJ,SM,20.55,-8.46,46.44,0.06,0.01
SHRENIK,BZ,0.39,-2.5,23.87,3.2,0.01
AKASH,EQ,26.05,-2.43,43.93,0.05,0.01
VSCL,SM,21,-4.33,26.84,0.06,0.01
SECURKLOUD,BE,23,-1.54,76.84,0.05,0.01
AUSL,SM,20.1,-4.96,49.92,0.06,0.01
KREBSBIO,BE,58.03,-3.28,125.12,0.02,0.01
TECILCHEM,EQ,12,-5.73,22.76,0.1,0.01
KONTOR,SM,67,-8.16,41.41,0.02,0.01
848AEL29,NJ,1002,-1.76,108.94,0,0.01
ANIKINDS,BE,44.3,-2.01,122.95,0.03,0.01
BALCO,ST,23.75,-5,10.37,0.05,0.01
SPLIL,EQ,30.92,-4.77,89.67,0.04,0.01
REGENCERAM,EQ,42.05,-3.69,111.19,0.03,0.01
BLUECOAST,BE,31.99,-1.54,55,0.04,0.01
ENFUSE,SM,191,-2.55,168.99,0.01,0.01
VERITAAS,SM,47.5,-5,13.41,0.02,0.01
TVVISION,EQ,5.15,-0.96,19.95,0.22,0.01
885IHL26,N1,1011.2,-0.84,277.58,0,0.01
AARADHYA,SM,92.3,-3.85,130.49,0.01,0.01
DNAMEDIA,EQ,2.91,-0.34,34.25,0.38,0.01
NAGREEKEXP,EQ,26.3,-0.08,82.19,0.04,0.01
CBAZAAR,SM,4.55,-4.21,9.76,0.24,0.01
GRAVISSHO,EQ,27.1,-1.56,191.11,0.04,0.01
SHBAJRG,EQ,170,-2.28,153,0.01,0.01
SGL,EQ,11.84,-0.34,31.96,0.09,0.01
LAXMICOT,BE,14.06,-0.99,24.11,0.07,0.01
PARAGON,SM,43.5,-3.55,85.11,0.02,0.01
733GS2026,GS,100,-0.3,46000,0.01,0.01
TEAMGTY,EQ,248.55,-1.39,223.52,0,0.01
FWSTC,SM,168,-2.89,170.98,0.01,0.01
LAL,EQ,6.99,-0.71,120.74,0.14,0.01
1180VCCL26,N0,99637.09,-0.05,14.95,0,0.01
1025PATE28,N0,99500,-0.2,89.55,0,0.01
1039UCL26,NE,986.2,-2.36,27.6,0,0.01
HYBRIDFIN,EQ,18.77,-0.58,55.25,0.05,0.01
CRAYONS,SM,33,-0.75,80.62,0.03,0.01
ZENITHDRUG,SM,39,-3.7,66.88,0.02,0.01
TREEHOUSE,BE,7.76,-2.76,32.83,0.12,0.01
LAMOSAIC,SM,22.15,-1.12,22.9,0.04,0.01
BAWEJA,SM,28.9,-4.93,53.25,0.03,0.01
SAGARDEEP,EQ,23.7,-1.25,40.43,0.04,0.01
SGBJ28VIII,GB,15100,-0.27,788.4,0,0.01
READYMIX,SM,90.2,-2.96,98.85,0.01,0.01
91D060826,TB,98.6,-0.1,14668.51,0.01,0.01
SMVD,ST,11,-4.35,11.03,0.08,0.01
CLSL,SM,43.9,-0.23,75.24,0.02,0.01
UWCSL,SM,87.6,-4.99,45.58,0.01,0.01
INFOMEDIA,EQ,5.53,-6.27,27.76,0.15,0.01
SUPERHOUSE,EQ,151.7,-0.27,167.25,0.01,0.01
NEXTMEDIA,EQ,4.15,-2.58,27.76,0.21,0.01
GRADIENTE,BE,8.07,-4.95,268.25,0.1,0.01
LOWVOL,EQ,197.41,-2.38,45.67,0,0.01
ANYA,SM,16.5,-5.17,198,0.05,0.01
SHRIKRISH,EQ,40.66,-3.95,113.85,0.02,0.01
MOTOGENFIN,EQ,23.38,-1.56,90.54,0.04,0.01
WHITEFORCE,ST,50.8,-0.1,58.93,0.02,0.01
ENSER,ST,16,-0.31,139.46,0.05,0.01
SATIPOLY,SM,39,-4.88,19.29,0.02,0.01
WIPL,EQ,153,-1.94,129.86,0.01,0.01
BANARBEADS,EQ,113.61,-3.23,75.39,0.01,0.01
JALAN,SM,1.7,-2.86,2.47,0.45,0.01
182D221026,TB,97.3,-0.05,19849.2,0.01,0.01
KANCHI,BE,396.8,-1.26,172.37,0,0.01
GOLDSTAR,ST,6.85,-2.84,196.05,0.11,0.01
BOSS,SM,38,-4.76,16.9,0.02,0.01
364D220427,TB,94.5,-0.24,5670,0.01,0.01
HEADSUP,EQ,7.54,-2.33,16.65,0.1,0.01
GML,SM,18.05,-8.61,27.39,0.04,0.01
NEELAM,SM,12.1,-2.81,24.46,0.06,0.01
ASTRON,BE,4.25,-0.7,19.76,0.17,0.01
709GS2054,GS,96.2,-2.58,142376,0.01,0.01
JIWANRAM,SM,5.85,-2.5,14.48,0.12,0.01
9SCL27,N2,1048,-0.08,10.92,0,0.01
SAMBHAAV,BE,6.7,-2.47,128.04,0.1,0.01
SHUBHLAXMI,SM,22.65,-0.88,24.02,0.03,0.01
AKCAPIT,EQ,1540,-1.08,1016.4,0,0.01
IIFL60326,YB,953,-5.55,24.89,0,0.01
830PFCL27,N5,1064,-0.01,1309.92,0,0.01
ASHALOG,SM,62.2,-2.81,84.32,0.01,0.01
SIGNORIA,SM,61.1,-4.98,29.07,0.01,0.01
YCCL,SM,10,-9.09,19.3,0.06,0.01
GSEC5IETF,EQ,64.54,-0.2,20.19,0.01,0.01
91D090726,TB,98.7,-0.21,19246.5,0.01,0.01
MTEDUCARE,BE,1.56,-3.7,11.27,0.37,0.01
GLOBALE,BE,13.9,-0.71,14.76,0.04,0.01
AVAILFC,EQ,154.5,-0.08,157.65,0,0.01
SRIVASAVI,SM,57,-1.38,80.79,0.01,0.01
AGARWALFT,ST,37.85,-4.42,27.42,0.01,0.01
1102NFL26,N8,1082.5,-1.14,54.98,0,0.01
ABMINTLLTD,BE,39.6,-4.85,37.26,0.01,0.01
TGBHOTELS,EQ,9.4,-0.42,27.53,0.06,0.01
COMPINFO,BZ,1.35,-2.88,11.58,0.4,0.01
ATLPP,E1,10.4,-0.95,41.39,0.05,0.01
KRISHPP,E1,117.4,-0.09,39.13,0,0.01
KHANDSE,EQ,16.98,-2.58,25.9,0.03,0
PKTEA,EQ,860,-0.46,266.25,0,0
WINSOME,BZ,2.04,-1.92,14.42,0.23,0
DBSTOCKBRO,EQ,27.25,-2.29,95.38,0.02,0
915SCL26,NE,1050,-0.1,205.12,0,0
1075SCFL34,Z6,1024,-0.02,6.83,0,0
ZENITHEXPO,EQ,205,-4.99,110.62,0,0
79NHIT40,N2,307.01,-0.96,460.51,0,0
WEIZMANIND,EQ,85.5,-2.75,132.47,0.01,0
HRHNEXT,SM,28.55,-4.83,37.7,0.01,0
THESL,SM,14.25,-4.68,17.79,0.03,0
ZEAL,SM,70,-2.78,93.17,0.01,0
DAMODARIND,EQ,29.94,-3.29,69.76,0.01,0
750GS2056,GS,98.25,-0.71,4912.5,0,0
EMAMIREAL,BE,101.14,-1.96,443.34,0,0
SHRIKANHA,ST,24.2,-1.83,37.71,0.02,0
779MH54,SG,95.95,-0.11,767.6,0,0
CREATIVEYE,EQ,6.81,-2.99,13.66,0.06,0
UNIVPHOTO,BE,456.2,-2,499.38,0,0
IDENTICAL,ST,18.7,-0.8,26.23,0.02,0
PREMIER,BE,2.84,-4.7,8.63,0.12,0
LICNETFSEN,EQ,840.61,-1.7,693.35,0,0
MICROPRO,SM,19.6,-2.49,28.03,0.02,0
1003IIFL29,NC,1000.01,-0.99,54.32,0,0
862AEL31,NM,1020,-0.15,51.98,0,0
903SFL28,YI,1049,-0.1,52.37,0,0
EUROTEXIND,EQ,15.24,-5.05,13.33,0.02,0
EQUIPPP,BE,15.4,-3.75,158.77,0.02,0
79NHIT47,N3,408.26,-1.6,612.39,0,0
ARVEE,EQ,160.01,-2.33,176.33,0,0
710GS2029,GS,101.45,-0.39,153189.5,0,0
MONOPHARMA,SM,12.5,-4.58,22.09,0.02,0
ABMKNO,EQ,221,-2.42,442.05,0,0
1050UCL28,NH,1027.7,-0.1,56.46,0,0
ICDSLTD,BE,46.5,-1.27,60.57,0,0
GILT5BETA,EQ,65.14,-0.35,25.69,0,0
GTECJAINX,EQ,19.36,-2.71,19.73,0.01,0
591GS2028,GS,100.06,-0.4,51030.6,0,0
91D220526,TB,99.51,-0.09,15927.34,0,0
NIRAJISPAT,BE,237.23,-0.5,14.23,0,0
SHIVAUM,BE,330,-1.03,448.81,0,0
971SCL28I,BC,650,-0.38,4.54,0,0
DCMFINSERV,BE,4.8,-1.84,9.02,0.04,0
79NHIT35,N1,306,-0.97,459,0,0
1225IFL27,N0,8900,-3.25,17.78,0,0
SONAL,EQ,92.25,-1.86,135.96,0,0
760PFCL35,N3,1198,-1.4,186.26,0,0
8SMC29,N1,504,-0.2,100.8,0,0
IMC1,N2,249.48,-1,60.87,0,0
SGBJAN27,GB,15035.12,-0.69,366.26,0,0
CAPTRUST,BE,13.23,-2,45.01,0.01,0
ORTEL,BZ,1.7,-1.73,5.61,0.09,0
QUINT,EQ,39.95,-3.1,188.6,0,0
QUICKTOUCH,SM,25.25,-4.72,32.36,0.01,0
CAGL27,NC,1220,-3.17,2.16,0,0
ABSLMSCIN,EQ,28.49,-1.96,9.9,0,0
GILT10BETA,EQ,26.15,-0.91,23.52,0,0
GSEC10ABSL,EQ,108.7,-1.71,31.27,0,0
PNC,BE,20,-2.82,28.93,0.01,0
773RJ38,SG,97,-4.95,970,0,0
1060ECL29,NS,1059,-5.78,206.78,0,0
VITAL,BE,59,-1.65,141.31,0,0
IMPEXFERRO,BZ,1.63,-2.98,14.33,0.04,0
GVPTECHPP,E1,2.55,-14.72,5.4,0.02,0
96SFIL24A,NB,997.9,-0.01,12.37,0,0
SAYAJIHOTL,EQ,278,-0.02,487,0,0
ABGSEC,EQ,111.1,-0.79,11.43,0,0
880IREDA29,N5,1100,-1.08,258.01,0,0
970CAGL28,ND,1020.5,-0.18,258.42,0,0
719GS2060,GS,98.5,-1.9,63040,0,0
667GS2050,GS,94,-0.95,142459.93,0,0
68GS2060,GS,94.5,-1.35,80251.04,0,0
FICRF3GP,MF,148.95,-9.99,35526.61,0,0
716GS2050,GS,98.76,-0.44,86908.8,0,0