Symbol ,Series ,LTP ,%chng ,Mkt Cap (₹ Crores),Volume (Lakhs),Value (₹ Crores)
HDFCBANK,EQ,849,0.99,1306640.89,528.66,4490.76
ICICIBANK,EQ,1312.8,2.69,939639.84,191.36,2495.81
DIXON,EQ,11035,12.56,67094.89,20.31,2140.87
RSYSTEMS,EQ,313.85,5.28,3718.56,650.17,2136.38
REDINGTON,EQ,257.4,10.78,20122.87,759.6,1979.52
SBIN,EQ,1114,1.41,1028290.8,174.91,1944.21
SILVERBEES,EQ,256.4,3.81,36005.01,583.97,1498.19
SHRIRAMFIN,EQ,1066.7,8.05,200702.61,142.98,1497.15
BSE,EQ,2861.6,3.35,116720.11,52.41,1493.86
LT,EQ,3881.5,1.03,533943.61,33.3,1292.09
TEJASNET,EQ,468.7,10,8324.33,281.45,1285.87
INDIGO,EQ,4383.5,3.46,169471.81,25.8,1131.11
VEDL,EQ,722.85,1.9,282662.4,149.5,1069.48
MAZDOCK,EQ,2488.5,4.25,100381.11,41.38,1008.92
BEL,EQ,463.95,1.44,339137.19,193.98,891.95
M&M,EQ,3296,3.4,409867.1,26.72,872.48
MCX,EQ,2580,0.11,65787.9,33.52,868.17
RCF,EQ,127.7,16.14,7045.06,685.74,852.37
KOTAKBANK,EQ,391.25,1.27,389149.91,213.46,834.99
AXISBANK,EQ,1318.1,2.31,409563.92,62.89,822.74
HAPPSTMNDS,EQ,400.05,17.47,6091.75,208.24,811.73
BAJFINANCE,EQ,941.95,0.42,586094.65,84.75,798.11
NETWEB,EQ,3338.8,4.35,19011.36,22.26,734.84
HAL,EQ,4050.1,1.51,270860.56,16.09,642.59
FACT,EQ,794.5,20,51409.87,81.72,624.46
SUNPHARMA,EQ,1812,0.25,434749.25,32.99,597.81
PGEL,EQ,552,5.68,15750.91,108.24,577.96
CUPID,EQ,92.5,0.98,2487.62,606.01,566.98
ITC,EQ,309.5,1.14,387858.54,183.53,562.9
TMCV,EQ,460.5,2.72,169571.36,118.93,548.57
ABSLAMC,EQ,980,12.37,28300.99,54.93,545.65
JIOFIN,EQ,236.65,1.89,150347.1,231.26,540.5
ULTRACEMCO,EQ,11650,2.39,343301.23,4.61,536.97
NATIONALUM,EQ,391,0.75,71812.3,130.41,505.22
POWERINDIA,EQ,25395,0.93,113191.52,1.96,503.04
TATASTEEL,EQ,195.34,2.27,243853.22,257.83,500.89
GOLDBEES,EQ,132.15,0.61,59554.14,372.42,492.05
MARUTI,EQ,13888,2.81,436642.29,3.54,485.14
COALINDIA,EQ,443.45,1.33,273286.19,108.6,478.47
TMPV,EQ,344.4,3.73,126829.62,137.7,469.24
HINDALCO,EQ,958.45,1.39,215385.43,48.39,458.43
IDFCFIRSTB,EQ,67.45,1.03,58001.55,664.55,443.65
BAJAJ-AUTO,EQ,9631.5,2.65,269198.34,4.64,441.2
HINDPETRO,EQ,388.7,1.08,82708.46,114.12,440.49
POWERGRID,EQ,299.3,1.39,278367.07,146.27,435.6
JPOLYINVST,EQ,1390.5,5.74,1461.68,30.38,431.9
PFC,EQ,413.5,5.27,136459.21,102.44,417.29
NTPC,EQ,377.5,0.33,366049.15,108.76,411.63
INDUSINDBK,EQ,898.15,1.92,69972.72,45.48,407.38
IDEA,EQ,10.03,1.21,108668.06,4048.95,403.28
HDFCAMC,EQ,2530,2.8,108336.98,15.71,394.21
ADANIPORTS,EQ,1428,0.47,329005.36,27.06,386.48
GROWW,EQ,157,5.21,96925.47,238.09,371.2
EICHERMOT,EQ,7545,3.84,206970.07,4.95,369.41
TATSILV,EQ,26.02,3.83,5836.42,1401.7,364.86
TVSMOTOR,EQ,3780,4.2,179582.93,9.57,359.25
KAYNES,EQ,3844.1,3.84,25768.79,9.31,352.08
PETRONET,EQ,289.3,3.86,43395,118.89,344.29
ASHOKLEY,EQ,194,3.78,113952.78,177.55,342.5
GLENMARK,EQ,2238,5.69,63156.54,15.55,341.39
UNIONBANK,EQ,186.99,4.43,142740.79,184.87,339.32
ADANIENT,EQ,2002,0.14,258795.02,16.8,335.55
TITAN,EQ,4230,1.7,375533.55,7.89,332.19
NFL,EQ,77.9,11.49,3821.61,406.35,318.86
AIIL,EQ,486.35,20,41302.08,67.62,318.52
BDL,EQ,1386,3.78,50805.56,23.29,316.81
GAIL,EQ,150.49,1.01,98948.67,208.24,313.46
CANBK,EQ,142.69,1.99,129429.12,217.72,308.8
DRREDDY,EQ,1311.1,1.87,109427.29,23.29,306.58
FEDERALBNK,EQ,276.4,1.13,68067.36,109.75,304.5
FORCEMOT,EQ,22240,7.7,28985.2,1.39,302.68
APOLLOHOSP,EQ,7800,0.27,112152.03,3.81,297.96
ABB,EQ,6230,4.14,132018.92,4.74,293.22
TATAPOWER,EQ,380.55,2.05,121598.65,76.75,292.3
SUZLON,EQ,41.53,4.82,56956.55,708.67,289.63
NIFTYBEES,EQ,275.3,1.06,56486.51,104.45,286.41
GRASIM,EQ,2750,2.57,187144.19,10.35,282.63
MRPL,EQ,194.6,2.4,34105.57,146.14,281.53
CGPOWER,EQ,730,4.65,114968.33,38.76,279.93
AUROPHARMA,EQ,1283.1,2.87,74522.66,21.98,279.65
HEROMOTOCO,EQ,5715.5,4.3,114361.31,4.93,278.93
ADANIGREEN,EQ,858.5,0.51,140913.66,32.4,277.18
RECLTD,EQ,335.45,3.41,88331.5,82.48,274.09
DLF,EQ,585.3,1.8,144880.19,47.02,273.52
ASIANPAINT,EQ,2295,3.34,220135.89,11.92,270.63
TRENT,EQ,3717,0.75,132134.69,7.26,269.5
GRSE,EQ,2520,1.98,28867.1,10.77,269.48
AMBER,EQ,7530,3,26484.55,3.62,267.51
GODREJPROP,EQ,1678.4,1.99,50554.47,15.95,266.81
BANKBARODA,EQ,294.55,2.26,152322.47,89.66,262.69
CUMMINSIND,EQ,4719,0.59,130810.68,5.57,261.86
LUPIN,EQ,2345,1.82,107176.63,11.19,261.65
COROMANDEL,EQ,2083,4.18,61447.54,12.78,259.44
WIPRO,EQ,200.99,1.13,210798.27,129.82,258.93
ARVSMART,EQ,521,3.92,2389.67,45.33,252.77
MOTHERSON,EQ,123.55,4.72,130394.84,204.7,249.81
APLAPOLLO,EQ,2104.9,0.33,58439.61,11.48,244.93
PERSISTENT,EQ,4841.4,1.22,76373.08,4.98,238.33
IDBI,EQ,103.25,4.29,111018.55,233.63,237.3
KRN,EQ,950,3.4,5904.88,24.55,236.12
HDFCLIFE,EQ,658.1,0.67,141992.7,35.48,233.22
HINDCOPPER,EQ,549,1.56,53089.62,42.14,231.69
MANKIND,EQ,2239.1,3.5,92431.18,10.44,230.94
LIQUIDCASE,EQ,113.07,0.02,8677.91,204.1,230.78
PAYTM,EQ,1043,0.41,66734.1,22.01,229.2
HCLTECH,EQ,1362.5,0.29,369736.87,16.72,226.71
SILVERIETF,EQ,267.2,3.73,17043.61,84.2,225.16
PNB,EQ,117.7,2.29,135271.94,183.06,213.7
ADANIENSOL,EQ,1017.2,3.65,122194.47,21.21,213.41
NATCOPHARM,EQ,1038,3.52,18591.6,20.3,210.82
HINDZINC,EQ,590,2.61,249293.82,35.82,210.07
UNOMINDA,EQ,1114,2.95,64324.05,18.84,209.58
HAVELLS,EQ,1354.7,1.75,84974.48,15.31,208.92
WAAREEENER,EQ,2658.1,2.27,76457.83,7.91,208.68
MUTHOOTFIN,EQ,3297,1.7,132364.16,6.19,203.28
CDSL,EQ,1253.6,3.56,26200.24,16.24,201.46
POLICYBZR,EQ,1468,2.66,67923.34,13.77,201.17
MPHASIS,EQ,2211.8,1.1,42172.08,8.86,194.61
DIVISLAB,EQ,6379,0.77,169342.41,2.98,191.29
HDFCSILVER,EQ,256.45,3.73,8687.79,72.84,187.1
AUBANK,EQ,938.95,0.78,70242.01,19.66,184.6
VMM,EQ,111.55,2.67,52128.63,164.75,182.56
INDHOTEL,EQ,630,2.99,89676.23,28.81,180.05
KTKBANK,EQ,220.1,6.94,8323.6,82.57,179.34
SAIL,EQ,150.15,0.42,62019.84,117.23,176.46
CHOLAFIN,EQ,1631,3.03,138936.67,10.63,172.14
BELRISE,EQ,194,0.45,17263.66,87.3,169.26
BRITANNIA,EQ,5980,1.53,144039.24,2.83,169.1
COCHINSHIP,EQ,1478,1.61,38883.34,11.46,168.78
SHREECEM,EQ,23955,1.55,86431.43,0.7,168.14
MFSL,EQ,1733.3,1.51,59818.74,9.71,167.7
RVNL,EQ,284.9,3.15,59402.22,59.2,166.8
TORNTPHARM,EQ,4427.1,1.22,149828.93,3.74,165.99
CAMS,EQ,671.9,3.51,16655.61,24.89,165.83
GODREJCP,EQ,1108,2.56,113375.5,14.9,165.79
BAJAJFINSV,EQ,1871.4,1.62,299526.92,8.85,164.86
NESTLEIND,EQ,1240,0.34,239110.98,13.02,161.77
CGCL,EQ,165,5.95,15875.54,97.47,161.55
MTARTECH,EQ,3707.2,2.6,11403.2,4.31,161.25
BANDHANBNK,EQ,182.79,4.98,29446.95,89.31,160.57
BHEL,EQ,258.8,1.33,90115.8,61.71,158.47
YESBANK,EQ,19.96,1.58,62633.39,782.17,155.57
DEEDEV,EQ,308.05,2.75,2133.66,49.93,152.31
INDIANB,EQ,928,3.24,124998.26,16.27,150.23
JBCHEPHARM,EQ,2121,2.38,34054.5,7.07,149.31
IRFC,EQ,101.03,3.55,132031.12,148.01,147.49
VBL,EQ,438.5,0.17,148304.84,33.18,145.49
MAHABANK,EQ,68.8,4.73,52917.8,209.69,142.32
TECHM,EQ,1339,0.2,131192.5,10.69,142.16
LAURUSLABS,EQ,1041.1,1.97,56204.47,13.67,142.14
BIOCON,EQ,395.2,1.41,64058.28,35.55,140.72
JINDALSTEL,EQ,1185.9,3.65,120972.25,11.9,140.64
NMDC,EQ,79.81,0.86,70167.5,176.56,140.63
APOLLO,EQ,217.91,3.92,7722.55,65.22,140.43
BOROLTD,EQ,255,13.14,3049.34,55.33,140.03
CIPLA,EQ,1335.1,0.76,107846.8,10.5,139.78
J&KBANK,EQ,121.44,8.49,13372.76,118.12,139.51
JSWSTEEL,EQ,1219.6,2.26,298247.57,11.32,136.89
EMCURE,EQ,1567.8,3.07,29721.18,8.72,136.46
GVT&D,EQ,3855,2.29,98705.94,3.52,136.17
LENSKART,EQ,517,2.02,89772.71,26.48,136.08
ASTRAL,EQ,1665,3.68,44730.25,8.19,135.44
GMRAIRPORT,EQ,96.35,4.65,101735.73,140.66,133.32
GOLDIETF,EQ,136.87,0.57,26552.49,97.27,133.09
MANAPPURAM,EQ,264.1,2.82,22354.34,50.46,132.04
KPITTECH,EQ,694.85,0.86,19048.88,18.77,129.89
OLAELEC,EQ,24.33,4.56,10731.55,542.38,129.41
RBLBANK,EQ,309.35,3.84,19114.36,42.47,129.09
SUPREMEIND,EQ,3947.9,3.47,50148.94,3.29,129.04
MARICO,EQ,792,1.8,102812.35,16.15,127.18
PRESTIGE,EQ,1319,1.1,56813.32,9.62,125.75
VIKRAMSOLR,EQ,188,10.08,6811.81,65.93,122.59
SIEMENS,EQ,3296,2.08,117377.32,3.6,118.24
SBILIFE,EQ,1963,2.64,196892.2,5.88,115.02
IKS,EQ,1398,7.11,23985.93,8.27,114.27
MRF,EQ,137005,1.54,58105.78,0.08,113.9
PARADEEP,EQ,108.6,5.24,11272.34,105.58,113.58
HFCL,EQ,69.47,1.56,10633.1,162.07,112.8
PFOCUS,EQ,280,1.01,21727.74,40.01,112.7
LIQUIDIETF,EQ,1002,0.2,1639.4,11.17,111.71
ICICIAMC,EQ,3080,5.95,152231.62,3.57,108.25
BANKINDIA,EQ,156.85,3.68,71408.6,68.66,106.08
SETFGOLD,EQ,136.3,0.58,25858.87,77.78,106.01
RADICO,EQ,2765,0.49,37021.55,3.82,105.39
UNITDSPR,EQ,1406.1,3.71,102272.8,7.47,104.34
TATAELXSI,EQ,4353,1.15,27100.92,2.41,104.2
AMBUJACEM,EQ,462.25,2.28,114260.04,22.49,103.66
STLTECH,EQ,180.39,3.53,8804.91,57.28,102.94
PREMIERENE,EQ,748,3.65,33883.98,13.93,102.92
GSFC,EQ,162.5,8.03,6475.26,63.48,102.49
TATAGOLD,EQ,15.51,0.78,6130.92,650.16,100.65
INDUSTOWER,EQ,444.1,1.28,117160.81,22.39,99.56
ANGELONE,EQ,226.5,3.44,20590.1,44.21,98.84
NYKAA,EQ,257.05,2.94,73594.91,38.61,98.62
CHAMBLFERT,EQ,431.7,4.72,17296.08,22.62,98.02
NAVINFLUOR,EQ,6548,2.51,33546.7,1.48,96.67
STALLION,EQ,106.2,4.29,1232.83,91.64,95.53
SONACOMS,EQ,515,2.86,32025.11,18.41,94.02
JINDALPOLY,EQ,865.55,6.48,3789.93,11,93.41
UPL,EQ,631.25,1,53287.89,14.77,92.68
FRACTAL,EQ,844.1,8.73,14515.58,11.26,92.46
IEX,EQ,121.75,1.24,10856.36,76.51,92.23
SCI,EQ,245.3,5.44,11426.05,38.34,92.06
AGIIL,EQ,308.9,0.78,3773.74,28.89,89.47
IRCTC,EQ,548.3,1.57,43864,16.33,89.1
JSWENERGY,EQ,490,2.32,86107.32,18.02,87.63
BSOFT,EQ,387,5.01,10816.89,22.78,87.62
NHPC,EQ,73.13,0.12,73459.34,119.15,87.05
PIDILITIND,EQ,1423.5,2.68,144871.59,6.14,86.88
GMDCLTD,EQ,550.5,3.86,17505.9,15.89,86.21
HBLENGINE,EQ,688.9,5.83,19095.96,12.76,85.83
KFINTECH,EQ,949.55,4.32,16379.52,9.12,85.83
ABCAPITAL,EQ,333,2.68,87224.79,26.01,85.79
SAGILITY,EQ,39.15,0.49,18327.4,214.78,84.32
NAM-INDIA,EQ,881,5.69,56142.6,9.7,84.32
LIQUIDADD,EQ,1116.71,0.01,1953.63,7.54,84.15
LICI,EQ,823.85,2.29,521084.94,10.29,84.05
BLUESTARCO,EQ,1891.9,0.9,38900.26,4.4,83.85
KALYANKJIL,EQ,395,1.54,40790.18,21.44,83.83
LTF,EQ,275,3.31,68870.62,30.26,82.44
SAMMAANCAP,EQ,144,1.75,11932.8,57.29,82.31
COLPAL,EQ,2209,2.44,60081.63,3.69,80.86
INOXWIND,EQ,83.15,1.72,14370.3,97.48,80.3
HDBFS,EQ,666.9,2.36,55372.97,12.22,80.22
GESHIP,EQ,1394.9,4.21,19914.59,5.72,79.19
ATHERENERG,EQ,697,2.24,26648.78,11.4,78.85
DALBHARAT,EQ,1861.1,1.14,34907.9,4.27,78.77
RPOWER,EQ,22.73,2.2,9400.61,346.07,77.8
UJJIVANSFB,EQ,56.15,5.21,10898.13,140.97,77.03
FORTIS,EQ,885,0.75,66813.8,8.68,76.61
SYRMA,EQ,761.2,4.4,14678.26,10.16,76.58
SBISILVER,EQ,262.55,3.82,6795.09,28.99,76.15
WOCKPHARMA,EQ,1330.8,4.85,21623.58,5.77,76.03
GOLDCASE,EQ,25.12,0.6,2394.43,302.04,75.75
OLECTRA,EQ,929.7,4.33,7631.05,8.12,74.83
ACUTAAS,EQ,2225,3.27,18216.32,3.33,74.52
TARIL,EQ,289.6,4.36,8692.8,26.04,74.33
SILVER,EQ,266.8,3.68,3655.47,27.79,74.24
CCL,EQ,1045,1.32,13953.67,7.03,73.3
JKTYRE,EQ,449,5.62,12944.2,16.56,73.02
HDFCGOLD,EQ,136.21,0.52,23461.12,53.32,72.69
GOLD1,EQ,133.13,0.48,13606.57,54.44,72.46
ABLBL,EQ,103.8,6.35,12668.89,70.21,72.19
SMLMAH,EQ,4152,4.07,6008.63,1.77,71.88
IREDA,EQ,117.31,2.59,32955.09,61.88,71.77
GODFRYPHLP,EQ,2064,2.88,32194.64,3.51,71.72
ALKEM,EQ,5601,2.58,66968.36,1.28,71.56
AVANTIFEED,EQ,1205.6,3.65,16425.77,5.98,70.59
SILVERCASE,EQ,27.15,3.63,1397.15,259.75,70.58
OFSS,EQ,6825,1.68,59397.43,1.04,70.35
PATANJALI,EQ,500,1.82,54395.91,14.03,69.93
PNBHOUSING,EQ,794,5.1,20684.38,8.96,69.89
CARTRADE,EQ,1766.3,0.13,8450.5,3.81,68.39
CHOICEIN,EQ,666.1,2.38,14839.14,10.09,67.79
DEEPAKFERT,EQ,983,5.46,12409.18,6.9,67.58
NBCC,EQ,87.2,3.27,23544,77.16,66.64
LODHA,EQ,903.75,1.68,90274.88,7.32,65.91
ENRIN,EQ,2963.5,2.79,105536.31,2.22,65.55
BALRAMCHIN,EQ,507,2.92,10238.89,13.11,64.77
GOKEX,EQ,637,7.33,4665.38,10.25,64.54
AWL,EQ,178.5,1.65,23199.26,36.08,64.43
SRF,EQ,2600,1.86,77070.45,2.46,63.7
TATACAP,EQ,322.85,3.74,137045.6,19.84,63.55
PAGEIND,EQ,31610,1.49,35257.4,0.2,63.36
JSL,EQ,722,1.83,59523.09,8.75,63.1
CUB,EQ,252,2.17,18724.79,25.12,62.97
ANURAS,EQ,1295.1,3.24,14744.49,4.95,62.82
HYUNDAI,EQ,2100,0.76,170633.63,2.95,62.14
ASTRAMICRO,EQ,1032.3,2.43,9801.17,6,61.68
CONCOR,EQ,474.2,0.09,36115.92,12.98,61.42
BANKBEES,EQ,589.4,1.73,7591.43,10.43,61.22
RELIGARE,EQ,222.51,5.94,7359.62,27.78,60.67
LEMONTREE,EQ,108.3,0.51,8580.03,56.12,60.53
HOMEFIRST,EQ,1073,3.28,11185.6,5.53,60.48
ANANTRAJ,EQ,488.05,3.14,17563.79,12.55,60.44
LICHSGFIN,EQ,514.1,2.78,28278.74,11.8,60.25
BAJAJHLDNG,EQ,10347,0.95,115155.39,0.59,60.24
VOLTAS,EQ,1453.4,1.18,48090.79,4.15,60.15
KARURVYSYA,EQ,302.65,3.52,29250.94,19.73,59.17
SAILIFE,EQ,1017,0.02,21522.68,5.76,58.22
NEWGEN,EQ,467,1.38,6646.24,12.57,58.22
SMSPHARMA,EQ,421.45,9.84,3946.96,13.67,56.22
IRCON,EQ,140,0.8,13167.22,40.31,55.98
BOSCHLTD,EQ,32240,2.03,95087.5,0.18,55.97
LGEINDIA,EQ,1570,2.33,106567.27,3.46,54.45
ENGINERSIN,EQ,200.59,2.77,11274.01,27.32,54.4
IGL,EQ,157.6,1.84,22064.03,33.91,54.07
PRAJIND,EQ,313.8,0.34,5768.05,17.16,53.76
BLISSGVS,EQ,222.54,8.95,2354.23,24.58,53.58
HUDCO,EQ,179.83,3.27,36000.17,29.98,53.38
M&MFIN,EQ,360.4,3.61,50094.56,14.83,53.36
APTUS,EQ,232.49,5.06,11641.54,23.26,53.25
KWIL,EQ,26.5,3.76,6226.42,196.72,51.95
ESCORTS,EQ,3329,3.92,37244.1,1.56,51.64
LIQUID1,EQ,1094.59,0.01,1573.96,4.63,50.62
ZYDUSLIFE,EQ,925.85,1.87,93162.17,5.49,50.53
ITCHOTELS,EQ,164.19,0.02,34198.85,30.56,50.13
PIRAMALFIN,EQ,1775.1,0.88,40237.56,2.82,49.71
IFCI,EQ,53.85,3.44,14508.88,92.95,49.52
DABUR,EQ,480.65,2.99,85252.42,10.3,49.25
CRAMC,EQ,241.25,9.71,4810.95,20.36,48.65
RAIN,EQ,121.3,4.61,4079.87,40.59,48.55
ASIANTILES,EQ,67.15,6.25,1557.29,73.87,48.51
ZEEL,EQ,80.56,0.64,7737.94,60.38,48.44
THANGAMAYL,EQ,3723.9,4.31,11574.63,1.3,48.29
NIFTYETF,EQ,262.45,0.97,4740.39,17.96,47.01
QPOWER,EQ,833,4.66,6451.09,5.73,46.86
HSCL,EQ,451.45,2.57,22776.51,10.37,46.16
STYRENIX,EQ,1950,3.5,3429.2,2.43,45.94
TATATECH,EQ,570,0.69,23140.82,8.06,45.52
JMFINANCIL,EQ,121.5,4.99,11619.82,37.8,44.85
BAJAJHFL,EQ,84.76,2.24,70624.87,53.09,44.67
MOTILALOFS,EQ,717.25,3.51,43153.08,6.27,44.65
SOUTHBANK,EQ,39.85,3.24,10430.72,112.52,44.55
PRECWIRE,EQ,354.1,6,6473.23,12.79,44.4
EDELWEISS,EQ,109.8,3.92,10392.34,40.94,44.31
GRAPHITE,EQ,634.55,1.08,12397.56,7,44.3
LLOYDSME,EQ,1175.1,1.1,62173.38,3.75,44.19
TI,EQ,456.6,4.06,11228.19,9.72,43.84
JKCEMENT,EQ,5060.5,0.1,39101.6,0.86,43.5
PIIND,EQ,3066,1.08,46516.77,1.4,43.19
URBANCO,EQ,109.7,2.13,16040.12,38.92,42.81
LTM,EQ,4343,0.6,128767.05,0.99,42.48
CHEMPLASTS,EQ,257,8.83,4063.42,16.91,42.31
LOTUSDEV,EQ,128.36,7.29,6273.26,33.6,42.2
HGS,EQ,381,9.74,1772.42,10.79,42.17
SHAKTIPUMP,EQ,491,3,6058.84,8.68,42
LIQUIDPLUS,EQ,1075.84,0.01,883.87,3.9,41.99
IIFL,EQ,493,4.58,20966.56,8.66,41.94
TIMETECHNO,EQ,174,4.37,8589.26,24.79,41.81
MID150BEES,EQ,219.85,2.39,2882.35,19.14,41.59
KSHINTL,EQ,398,6.23,2696.68,10.56,41.27
GRANULES,EQ,582.9,4.22,14145.16,7.13,41.2
TIINDIA,EQ,2652,1.66,51321.42,1.57,41.2
APOLLOTYRE,EQ,436,1.25,27690.4,9.41,41.07
KEC,EQ,543.95,3.56,14479.95,7.51,39.88
KPIGREEN,EQ,358,5.54,7064.81,11.4,39.82
TFCILTD,EQ,66.3,4.11,3069.54,58.33,38.84
WEBELSOLAR,EQ,55,5.99,2321.35,71.52,38.61
KAJARIACER,EQ,950.5,1.59,15138.83,4.07,38.44
JPPOWER,EQ,13.56,1.42,9293.29,285.51,38.4
CREDITACC,EQ,1217.3,5.47,19493.46,3.17,38.16
WELCORP,EQ,811.9,4.1,21417.16,4.72,37.96
CLEANMAX,EQ,885,3.28,10361.51,4.26,37.78
FIVESTAR,EQ,387.9,0.99,11426.22,9.68,37.75
ATGL,EQ,477.9,2.14,52559.92,7.93,37.29
IRB,EQ,42.09,4.03,25418.15,89.66,37.28
PSUBNKBEES,EQ,100.7,2.39,4319.53,37.2,37.16
JINDALPHOT,EQ,1256,10.53,1288.45,2.88,37.12
MODEFENCE,EQ,92.47,0.83,1316.77,40.32,37
AJANTPHARM,EQ,3012.3,2.58,37634.36,1.23,36.91
JAMNAAUTO,EQ,126.89,3.77,5071.93,29.31,36.78
JAGSNPHARM,EQ,177.89,5.72,1189.91,19.98,36.69
HDFCSML250,EQ,155.05,2.06,1770.93,23.59,36.36
TORNTPOWER,EQ,1455.1,1.83,73323,2.5,36.36
NAZARA,EQ,246.35,2.73,9126.41,14.82,36.07
SETFNIF50,EQ,260.34,0.99,207325.76,13.82,35.86
SBC,EQ,32.26,1.16,1536.19,110.69,35.74
RICOAUTO,EQ,112.5,6.83,1521.96,32.25,35.44
GNFC,EQ,433.2,5.83,6365.47,8.21,35.17
JUNIORBEES,EQ,725.13,1.91,7142.33,4.86,35.07
PHOENIXLTD,EQ,1602.8,1.55,57318.06,2.18,34.91
PVRINOX,EQ,1045,2.65,10261.9,3.34,34.74
POONAWALLA,EQ,425.15,2.78,34555.72,8.24,34.61
ECLERX,EQ,3137,4.61,14751.86,1.11,34.55
SUNDARMFIN,EQ,5445,0.58,60496.05,0.63,34.44
TOP10ADD,EQ,92.5,2.8,849.68,37.83,34.24
360ONE,EQ,1056,2.02,42864.73,3.27,34.24
LALPATHLAB,EQ,1375.6,0.87,23048.87,2.48,34.18
BLUESTONE,EQ,500,4.96,7590.24,6.75,33.62
FIRSTCRY,EQ,218.4,3.39,11401.4,15.42,33.5
MINDACORP,EQ,506.75,1.83,12115.35,6.5,33.13
CEATLTD,EQ,3408,2.75,13785.39,0.98,33.01
SHAILY,EQ,1895.5,3.14,8710.79,1.74,32.74
CENTRALBK,EQ,36.79,2.82,33300.11,90.13,32.69
MANYAVAR,EQ,361.55,0.89,8784.69,8.95,32.45
SWANCORP,EQ,353.8,2.09,11090.1,9.19,32.11
DELHIVERY,EQ,426.5,2.61,31924.51,7.55,31.96
TRANSRAILL,EQ,524.05,4.31,7035.69,6.16,31.92
TITAGARH,EQ,666.65,1.83,8978.03,4.83,31.86
SWSOLAR,EQ,178.5,2.63,4168.54,17.9,31.51
PROTEAN,EQ,535.8,0.82,2176.24,5.9,31.36
NEULANDLAB,EQ,12598,0.04,16163.09,0.25,31.35
ACC,EQ,1479,1.96,27773.74,2.13,31.22
AARTIIND,EQ,427,4.34,15482.78,7.34,31.03
OSWALPUMPS,EQ,302,4.19,3442.12,10.45,30.83
GPIL,EQ,254.45,2.31,17077.87,12.2,30.78
GRMOVER,EQ,155.99,1.41,2871.09,19.75,30.43
RAMCOSYS,EQ,429,6.49,1606.19,7.07,30.25
DCBBANK,EQ,175.3,4.36,5641.39,17.47,30.17
NCC,EQ,145.1,3.37,9110.05,20.96,30.13
HEG,EQ,522,2.06,10073.43,5.78,29.99
LLOYDSENT,EQ,49.25,4.76,7350.18,61.35,29.98
NIFTYIETF,EQ,273.92,1.03,36993.38,10.99,29.97
BEML,EQ,1614.5,2.32,13447.01,1.87,29.89
SILVERBETA,EQ,258.75,3.85,1613.39,11.52,29.84
CPPLUS,EQ,1646,0.33,19389.56,1.79,29.64
63MOONS,EQ,612,9.54,2820.01,4.9,29.57
PARKHOSPS,EQ,204.4,1.32,8828.67,14.37,29.49
OBEROIRLTY,EQ,1506,2.48,54758.5,1.97,29.25
HCC,EQ,16.12,4.2,4222.58,181.27,28.73
ZUARI,EQ,211,7.15,887.42,13.54,28.65
CROMPTON,EQ,245.6,1.78,15814.55,11.7,28.64
EMAMILTD,EQ,446.5,0.78,19489.72,6.46,28.59
SHRIPISTON,EQ,3048.9,8.46,13430.35,0.96,28.44
AIAENG,EQ,3790,5.26,35368.42,0.75,28.16
VOLTAMP,EQ,8700,1.05,8801.89,0.32,28
AAVAS,EQ,1227.7,2.34,9722.39,2.3,27.67
EXIDEIND,EQ,317,2.62,26945,8.81,27.64
RTNINDIA,EQ,27,8.78,3732.13,104.94,27.63
THERMAX,EQ,3171.7,3.5,37792.8,0.87,27.44
SYNGENE,EQ,410,2.85,16520.52,6.76,27.4
CESC,EQ,154.8,3.06,20519.83,17.84,27.4
ARSSBL,EQ,494.65,7.64,3102.7,5.65,27.39
EMMVEE,EQ,205.3,6.11,14213.84,13.43,27.2
RUSTOMJEE,EQ,410.6,0.28,5183.14,6.65,27.13
BORORENEW,EQ,423.8,3.13,5941.2,6.41,27.1
IXIGO,EQ,170,1.37,7449.12,15.75,26.78
JSFB,EQ,355.8,4.08,3746.41,7.57,26.27
COHANCE,EQ,295.7,4.65,11312.51,9.08,26.24
SJVN,EQ,70.15,1.71,27567.51,37.64,26.22
DIACABS,EQ,139.4,3.42,7345.98,18.66,26.15
CYIENT,EQ,909.85,6.01,10110.29,2.91,26.13
GABRIEL,EQ,899,2.78,12913.59,2.92,26.09
LTTS,EQ,3155,1.32,33441.78,0.83,25.99
BLS,EQ,254,3.25,10458.22,10.33,25.95
SHILPAMED,EQ,339.5,1.91,6640,7.58,25.75
ZAGGLE,EQ,224.66,3.85,3020.74,11.6,25.73
EASEMYTRIP,EQ,7.41,2.77,2694.91,345.07,25.53
FABTECH,EQ,156,15.38,693.43,16.27,25.07
SANSERA,EQ,2185.1,4.21,13596.62,1.16,25
MARATHON,EQ,435,5.24,2932.79,5.84,24.9
NUVAMA,EQ,1239.5,2.57,22563.5,2.01,24.8
SHARDACROP,EQ,1033.1,1.79,9320.68,2.41,24.67
VINCOFE,EQ,133.2,3.18,1923.92,18.66,24.65
SANDUMA,EQ,199.6,3.84,9702.65,12.44,24.54
CASTROLIND,EQ,186,0.29,18396.61,13.21,24.54
BALKRISIND,EQ,2253.5,0.48,43564.03,1.09,24.53
TATAINVEST,EQ,630.3,1.16,31890.08,3.9,24.52
SHREEJISPG,EQ,380.2,2.66,6194.15,6.41,24.44
ARE&M,EQ,790,0.5,14459,3.09,24.31
UCOBANK,EQ,26.74,2.18,33530.78,91.22,24.24
SIGNATURE,EQ,885,1.19,12435.2,2.74,24.2
PCJEWELLER,EQ,8.8,0.23,6449.08,273.88,24.18
SCHNEIDER,BE,924,2.66,22093.21,2.62,24.04
MGL,EQ,1044.8,0.24,10320.3,2.29,23.94
JYOTICNC,EQ,786.4,1.77,17884.55,3.06,23.83
RGL,EQ,105.99,4.46,1137.54,22.86,23.82
RATEGAIN,EQ,499.45,6.3,5899.71,4.88,23.82
MOSCHIP,EQ,172,2.33,3329.26,13.84,23.81
PRINCEPIPE,EQ,249,5.93,2752.97,9.27,23.59
AEGISLOG,EQ,649.9,0.1,22811.49,3.62,23.59
SAMHI,EQ,154,4.95,3406.57,15.35,23.46
TEGA,EQ,1738,2.91,13057.19,1.34,23.41
TMB,EQ,637.3,7.31,10091.74,3.71,23.29
BANCOINDIA,EQ,573.75,2.19,8206.77,4.05,23.03
CPSEETF,EQ,102.85,0.64,24513.03,22.31,22.88
CASHIETF,EQ,1052.76,0.01,881.77,2.17,22.88
TENNIND,EQ,546,4.58,22036.8,4.22,22.83
POCL,EQ,1083,3.31,3304.37,2.13,22.77
WELSPUNLIV,EQ,118.25,2.12,11341.98,19.47,22.76
ASTERDM,EQ,665,1.02,34455.05,3.42,22.74
VIYASH,EQ,198,3.84,8647.27,11.62,22.52
DCMSHRIRAM,EQ,1003.3,4.08,15645.69,2.23,22.5
AXISILVER,EQ,265.89,3.99,2128.1,8.42,22.38
FIEMIND,EQ,2134.6,4.64,5618.19,1.05,22.38
PPLPHARMA,EQ,155.66,2.81,20691.08,14.51,22.29
JINDALSAW,EQ,167.8,3.21,10730.95,13.54,22.28
PCBL,EQ,277,2.99,10898.91,8.14,22.26
CCAVENUE,EQ,15.2,1.74,5299.3,147.22,22.05
CRISIL,EQ,4246.9,1.74,31057.59,0.52,22.03
NLCINDIA,EQ,245.4,2.36,34028.06,9.01,22.03
LIQUIDBETF,EQ,1072.23,0.01,597.27,2.05,22
EQUITASBNK,EQ,58.6,0.79,6686.51,37.27,21.65
DEVYANI,EQ,110.7,0.65,13647.9,19.62,21.58
SONATSOFTW,EQ,250.5,1.42,7024.64,8.69,21.57
LUMAXTECH,EQ,1514.9,2.59,10325.21,1.43,21.46
ATLANTAELE,EQ,1008.6,10,7755.79,2.19,21.46
SARDAEN,EQ,544.7,0.94,19194.21,3.9,21.45
V2RETAIL,EQ,1962,2.81,7154.19,1.1,21.37
GOLDETF,EQ,155.1,0.82,3391.14,13.78,21.36
GODAVARIB,EQ,307.5,10.22,1573.66,7.13,21.25
SILVER1,EQ,25.94,2.98,2556.89,81.7,21.24
ABFRL,EQ,61.79,2,7541.46,34.48,21.14
CSBBANK,EQ,358.6,0.86,6221.2,5.88,21.12
JUBLINGREA,EQ,571,5.49,9094.95,3.63,20.59
IOB,EQ,33.81,2.36,65106.53,60.35,20.21
MIDHANI,EQ,344.2,2.08,6448.24,5.95,20.2
RAILTEL,EQ,289.15,2.48,9279.93,7.05,20.16
MUFIN,EQ,106.5,3.77,1844.91,18.87,20.1
SPARC,EQ,125.12,3.31,4060.14,16.17,20.02
DCW,EQ,43.98,7.9,1298.09,46.02,20.01
AZAD,EQ,1638.4,2.05,10581.07,1.22,19.95
JUSTDIAL,EQ,543,2.87,4617.92,3.7,19.8
WAAREERTL,EQ,803,1.15,8378.97,2.46,19.68
YATHARTH,EQ,681,2.44,6561.73,2.86,19.52
METAL,EQ,11.96,1.79,417.95,164.18,19.46
GROWWLIQID,EQ,108.15,0.01,77.89,17.99,19.45
IIFLCAPS,EQ,303,2.09,9435.84,6.43,19.34
CLEAN,EQ,741.35,0.52,7878.81,2.6,19.33
DYNAMATECH,EQ,10588,2.94,7190.78,0.18,19.17
SBILIQETF,EQ,1029.84,0.01,66.64,1.86,19.12
GRAVITA,EQ,1510,0.89,11145.08,1.27,19.12
AEROFLEX,EQ,221.5,2.69,2864.45,8.68,19.12
SPIC,EQ,64.7,9.16,1317.55,29.93,19.11
TEXRAIL,EQ,98.5,2.75,4007.62,19.69,19.07
LATENTVIEW,EQ,306.85,1.05,6349.49,6.3,19.07
KERNEX,EQ,1028,3.64,1727.29,1.89,19.05
ZENSARTECH,EQ,563,3.43,12804.33,3.37,18.81
TVSELECT,EQ,393,15.11,732.96,4.7,18.59
BBOX,EQ,514.6,4.69,8773.03,3.66,18.56
JUNIPER,EQ,207.8,2.8,4623.6,8.75,18.12
INTERARCH,EQ,1809,4.26,3034.03,1,18.04
LXCHEM,EQ,122.42,4.91,3392.84,14.7,18
LINDEINDIA,EQ,6670,1.49,56884.58,0.27,17.97
MON100,EQ,224,2.17,11343.02,8.01,17.91
STARHEALTH,EQ,448.5,0.27,26389.69,3.94,17.87
BERGEPAINT,EQ,437.3,0.71,50987.7,4.07,17.83
VSTTILLERS,EQ,5287,3.7,4569.74,0.34,17.78
SJS,EQ,1697.5,6.13,5427.97,1.06,17.75
PHARMABEES,EQ,23.81,1.19,1064.62,74.19,17.68
GENESYS,EQ,274.9,1.5,1148.82,6.46,17.65
ASHAPURMIN,EQ,529.8,3.04,5060.97,3.38,17.64
PTCIL,EQ,17685,2.43,26514.32,0.1,17.62
GOLDBETA,EQ,134.5,0.56,4503.02,13.06,17.54
AETHER,EQ,1005,1.86,13333.77,1.74,17.48
KPRMILL,EQ,833,0.17,28473.11,2.09,17.45
DBREALTY,EQ,103.3,2.27,5569.98,17.07,17.44
TECHNOE,EQ,1106.8,2.77,12872.04,1.59,17.44
WABAG,EQ,1200,1.75,7476.18,1.46,17.43
AFFLE,EQ,1401,0.72,19720.11,1.25,17.36
PTC,EQ,158.7,3.24,4697.65,11.06,17.3
BLACKBUCK,EQ,582,3.25,10573.33,2.96,17.19
KSCL,EQ,810,5.54,4166.56,2.16,17.05
GSPL,EQ,274.95,1.25,15512.99,6.11,16.88
AXISGOLD,EQ,133.09,0.57,5585.88,12.55,16.69
SHAREINDIA,EQ,136,5.48,2957.89,12.43,16.66
UTIAMC,EQ,990,4.31,12723.39,1.7,16.66
PGHH,EQ,10741,1.29,34866.08,0.15,16.65
TIMKEN,EQ,3333.2,1.45,25071.91,0.49,16.5
BALUFORGE,EQ,474,4.66,5450.62,3.56,16.48
CORONA,EQ,1612,2.85,9859.01,1,16.38
BHARATCOAL,EQ,32.98,1.79,15358.79,49.7,16.34
FSL,EQ,214.19,1.3,14928.85,7.61,16.21
GOLDIAM,EQ,320,2.19,3613.37,5.06,16.03
INTELLECT,EQ,677.15,0.47,9450.48,2.36,16.03
EUREKAFORB,EQ,445,4.48,8606.46,3.67,16
LGBBROSLTD,EQ,1913.9,8,6103.89,0.84,15.99
RENUKA,EQ,25.04,1.01,5329.74,64.65,15.93
ELGIEQUIP,EQ,518.95,2.77,16445.99,3.06,15.82
ASAHIINDIA,EQ,888,6.26,22637.53,1.85,15.76
APEX,EQ,356.25,3.11,1113.28,4.42,15.69
ISGEC,EQ,937,4.35,6889.72,1.67,15.53
ACE,EQ,862.95,1.66,10276.28,1.81,15.45
NTPCGREEN,EQ,86.75,0.47,73098.41,17.76,15.43
EIDPARRY,EQ,828.95,4.25,14744.76,1.88,15.42
PNGJL,EQ,564,5.95,7653.95,2.77,15.39
FEDFINA,EQ,125.14,3.58,4681.8,12.29,15.24
DBL,EQ,456.25,4.27,7411.55,3.39,15.23
JBMA,EQ,523.1,2.72,12371.01,2.94,15.23
THOMASCOOK,EQ,93.99,6.82,4421.11,16.41,15.17
CRAFTSMAN,EQ,7380,1.27,17605.42,0.2,15.01
HONAUT,EQ,30625,3.11,27077.16,0.05,14.95
PVTBANIETF,EQ,27.89,3.6,3039.42,54.35,14.84
KITEX,EQ,171.53,4.55,3422.02,8.77,14.82
RAYMOND,EQ,376.8,1.52,2508.5,3.98,14.81
PENIND,EQ,144.6,6.77,1951.32,10.55,14.78
GPPL,EQ,162,2.79,7831.73,9.24,14.77
SHRINGARMS,EQ,210,4.51,2025.07,7.06,14.73
GROWWSLVR,EQ,26.18,3.52,383.52,56,14.71
AEGISVOPAK,EQ,194.7,1.21,21572.59,7.65,14.71
AKZOINDIA,EQ,2909.9,7.2,13251.78,0.51,14.68
SILVERADD,EQ,258.41,3.76,2062.57,5.66,14.65
WHIRLPOOL,EQ,880,0.93,11164.72,1.67,14.62
ESILVER,EQ,272,5.03,1684.42,5.39,14.48
NEOGEN,EQ,1497.9,6.99,3951.71,1,14.44
MOREPENLAB,EQ,40.79,4.35,2235.1,35.52,14.33
EPACK,EQ,251,7.05,2415.33,5.88,14.31
GUJGASLTD,EQ,376.6,1.22,25924.77,3.81,14.29
MEDIASSIST,EQ,322,7.46,2397.54,4.56,14.26
HAPPYFORGE,EQ,1315,8.07,12404.12,1.1,14.24
AVL,EQ,462,0.4,5966.18,3.13,14.24
RITCO,EQ,215,15.74,615.39,6.67,14.2
DEEPAKNTR,EQ,1490.3,0.83,20326.65,0.95,14.19
ARIS,EQ,109.3,3.45,893.65,13.19,14.15
JAYNECOIND,EQ,73.15,2.28,7102.85,19.33,14.12
KIRIINDUS,EQ,401,4.3,2406.9,3.58,14.1
INDGN,EQ,452.2,0.01,10874.51,3.08,14.04
TANLA,EQ,439.4,1.38,5827.21,3.19,14.03
STAR,EQ,873,0.77,8046.68,1.61,14.02
FMCGIETF,EQ,52.96,0.61,774.88,26.48,14
INDIGOPNTS,EQ,840.25,0.23,4005.95,1.66,13.94
LLOYDSENGG,EQ,45,3,5270.35,31.21,13.89
MSUMI,EQ,40.79,1.67,27050.55,34.2,13.83
INOXGREEN,EQ,148,0.22,5545.64,9.35,13.81
RKFORGE,EQ,558.55,1,10111.46,2.47,13.76
MIDCAPETF,EQ,21.57,1.7,1451.48,63.83,13.72
MANINDS,EQ,401.9,2.37,3014.63,3.43,13.7
REFEX,EQ,211,0.8,2894.91,6.53,13.7
AVANTEL,EQ,145.5,3.83,3866.09,9.52,13.65
KMEW,EQ,1632.2,4.88,3989.77,0.84,13.61
NIVABUPA,EQ,71.3,1.86,13170.53,19.34,13.6
ERIS,EQ,1358,2.23,18811.46,1.01,13.58
KPEL,EQ,270,9.42,1806.49,5.2,13.57
METALIETF,EQ,11.94,1.7,990.35,113.83,13.5
GREAVESCOT,EQ,149,0.72,3470.15,9.05,13.49
IOLCP,EQ,72.6,1.87,2131.01,18.81,13.49
BLUEJET,EQ,379.7,1.09,6586.48,3.57,13.47
VIKRAN,EQ,63.2,4.9,1630,21.73,13.46
JSLL,EQ,631.95,3.59,7855.18,2.15,13.45
PATELENG,EQ,25.5,2.45,2529.96,53.03,13.33
TRIDENT,EQ,23.3,1.39,11873.58,57.15,13.25
STANLEY,EQ,160,9.76,914.01,8.3,13.18
AKUMS,EQ,503,4.88,7916.92,2.66,13.17
ICICIB22,EQ,122.95,1.33,11092.38,10.77,13.17
MADRASFERT,EQ,66.9,11.97,1077.77,19.52,13.13
ACMESOLAR,EQ,224.5,2.3,13604.07,5.85,12.92
VINDHYATEL,EQ,1125,11.82,1333.22,1.18,12.87
GMMPFAUDLR,EQ,870.2,1.05,3912.18,1.49,12.85
KRBL,EQ,314.8,2.98,7205.45,4.12,12.82
MAPMYINDIA,EQ,1002,1.87,5483.11,1.29,12.82
AMAGI,EQ,390,2.66,8437.22,3.36,12.82
EUROPRATIK,EQ,242,4.6,2473.24,5.42,12.79
ASHOKA,EQ,120.5,2.65,3382.71,10.7,12.7
KRT,RR,116.99,1.76,51878.04,10.89,12.68
PREMEXPLN,EQ,495,1.08,2661.18,2.57,12.65
CANHLIFE,EQ,148,1.59,14060,8.54,12.57
INDOTHAI,EQ,260.4,0.04,3333.59,4.83,12.55
CENTUM,EQ,2835,2.11,4179.07,0.44,12.41
MANORAMA,EQ,1374,4.65,8203.95,0.91,12.35
ARFIN,EQ,81.1,3.4,1368.34,15.21,12.3
SUDEEPPHRM,EQ,595.9,6.83,6730.61,2.13,12.15
BAJAJHIND,EQ,16.61,1.22,2121.69,73.6,12.12
SENCO,EQ,298.95,2.22,4894.36,4.09,12.1
CONCORDBIO,EQ,1200,2.1,12553.94,1.01,12.1
RUBICON,EQ,788.1,2.28,12983.97,1.53,12.06
JKPAPER,EQ,336.6,2.92,5702.08,3.58,12.05
PRICOLLTD,EQ,562.3,3.34,6853.4,2.15,11.97
PANACEABIO,EQ,354,6.02,2168.28,3.4,11.96
BIRLACORPN,EQ,830,0.78,6391.44,1.44,11.93
BATAINDIA,EQ,718,0.06,9228.28,1.66,11.91
AWFIS,EQ,256.95,1.16,1838.23,4.56,11.84
MOBIKWIK,EQ,182.09,0.63,1432.29,6.52,11.84
AXISCADES,EQ,1480,3.75,6292.57,0.81,11.82
SUMICHEM,EQ,393,2.65,19616.43,3.04,11.8
KIRLOSBROS,EQ,1586.9,1.04,12601.4,0.75,11.76
DAMCAPITAL,EQ,134.25,2.63,948.96,8.75,11.57
IONEXCHANG,EQ,345.65,2.61,5069.53,3.36,11.55
KNRCON,EQ,124.25,3.09,3494.34,9.44,11.54
QUADFUTURE,EQ,293.7,5.01,1174.8,3.97,11.51
USHAMART,EQ,421,3.92,12829.63,2.76,11.5
EIEL,EQ,141.6,3.25,2485.5,8.22,11.45
GILLETTE,EQ,8139,1.42,26521.11,0.14,11.42
INFOBEAN,EQ,144.9,0.53,1414.31,7.9,11.35
AURIONPRO,EQ,870,2.4,4803.58,1.32,11.34
EPACKPEB,EQ,162.15,5,1628.83,7.05,11.31
CAPACITE,EQ,220,1.44,1861.29,5.13,11.31
POWERMECH,EQ,1989,1.87,6288.48,0.57,11.2
SHILCTECH,EQ,3839,4.46,4391.89,0.29,11.12
CHOLAHLDNG,EQ,1573.9,2.76,29554.29,0.7,10.96
EMIL,EQ,94.98,5.63,3654.34,11.69,10.9
ABDL,EQ,478.8,4.11,13392.52,2.31,10.86
HUBTOWN,EQ,217.1,4.74,3085.01,5.06,10.82
GENUSPOWER,EQ,259.5,6.31,7894.45,4.28,10.77
ATALREAL,EQ,23.5,2.71,291.16,45.78,10.71
IMAGICAA,EQ,41.98,5.66,2375.49,26,10.6
RHETAN,EQ,24.8,1.06,1976.25,42.53,10.55
SOBHA,EQ,1332,3.75,14243.45,0.8,10.5
FINPIPE,EQ,186.85,3.19,11593.61,5.64,10.43
AVALON,EQ,960,6.1,6408.86,1.11,10.42
STARCEMENT,EQ,200.2,1.02,8256.83,5.22,10.41
MBAPL,EQ,463.5,0.88,4061.51,2.21,10.29
SAWALIYA,SM,338,8.16,335.24,3.03,10.21
PARAGMILK,EQ,201.1,2.67,2515.95,5.13,10.18
BAJAJCON,EQ,374.05,0.81,4885.78,2.72,10.18
BRIGADE,EQ,674,1.66,16485.6,1.53,10.18
METROPOLIS,EQ,1811.2,1.58,9387.8,0.56,10.17
RELINFRA,BE,90.72,1.58,3707.1,11.24,10.15
SBCL,EQ,427,3.24,2459.7,2.33,10.15
CEMPRO,EQ,560.35,2.43,9626.12,1.82,10.13
NSLNISP,EQ,37.75,1.18,11063.04,26.76,10.06
TVSHLTD,EQ,14400,5.59,29134.23,0.07,10.06
RITES,EQ,202.96,1.33,9754.33,4.96,10.02
JYOTISTRUC,EQ,11.15,1.73,1330.93,88.2,9.92
ARVIND,EQ,334.15,0.83,8758.56,2.96,9.9
ORCHPHARMA,EQ,510.4,2.29,2588.7,1.92,9.77
754GS2036,GS,107.48,0.45,160145.2,9.08,9.75
PRUDENT,EQ,2240,2.7,9275.1,0.44,9.73
SWANDEF,BE,2121.8,5,11178.1,0.49,9.69
ANUP,EQ,1501,3.55,3006.72,0.65,9.68
DIVGIITTS,EQ,752,3.01,2299.84,1.28,9.6
NAVA,EQ,569,4.36,16102.77,1.71,9.58
JTLIND,EQ,52.78,2.37,2074.68,18.18,9.54
INOXINDIA,EQ,1193.9,2.9,10836.25,0.8,9.52
ANTHEM,EQ,670.7,1.6,37674.15,1.41,9.51
JKIL,EQ,501,5.66,3790.84,1.94,9.49
LTGILTBEES,EQ,29.43,0.38,2612.7,32.25,9.48
RAMKY,EQ,455,0.59,3148.5,2.06,9.43
SYMPHONY,EQ,794.5,3.59,5455.94,1.2,9.41
TRITURBINE,EQ,469.15,0.16,14913.9,2.01,9.38
EMBDL,BE,54.91,0.38,7635.97,16.83,9.33
DELTACORP,EQ,56.54,2.59,1513.98,16.76,9.33
PURVA,EQ,191.5,5.77,4541.42,4.88,9.31
GRWRHITECH,EQ,4066,3.48,9446.29,0.23,9.29
JAICORPLTD,EQ,103.04,6.91,1808.4,9.2,9.26
CIEINDIA,EQ,462,3.34,17526.54,2.02,9.26
SILVERAG,EQ,262,3.89,1065.11,3.53,9.23
E2E,BE,2422.1,5,4978.62,0.39,9.22
GMRP&UI,EQ,107.4,3.27,8388.13,8.6,9.18
DATAMATICS,EQ,694.9,4.44,4107.3,1.32,9.05
OPTIEMUS,EQ,357.95,3.68,3174.61,2.54,9.03
SUDARSCHEM,EQ,858,7.81,6744.9,1.08,8.97
PICCADIL,EQ,551,3.13,5427.22,1.63,8.93
STYLEBAAZA,EQ,277.9,4.51,2073.62,3.29,8.89
SALZERELEC,EQ,606.2,6,1071.93,1.49,8.83
SAMBHV,EQ,93.34,4.27,2750.46,9.5,8.82
ENDURANCE,EQ,2477.9,2.22,34854.85,0.36,8.75
NETWORK18,EQ,32.83,1.52,5062.39,26.68,8.69
VIPIND,EQ,360.35,1.75,5118.82,2.43,8.68
MAHLOG,EQ,396.05,1.4,3929.71,2.18,8.66
CERA,EQ,4565,0.34,5887.73,0.19,8.65
IBULLSLTD,EQ,9.6,3.78,2231.41,90.59,8.65
ROUTE,EQ,482,3.28,3036.75,1.83,8.65
BOMDYEING,EQ,106.5,4.51,2199.6,8.23,8.64
SKYGOLD,EQ,338.05,3.05,5235.51,2.57,8.6
BALMLAWRIE,EQ,179,2.39,3060.97,4.84,8.58
SUNTECK,EQ,353.25,0.37,5174.73,2.42,8.55
AARTIDRUGS,EQ,352.1,0.9,3213.62,2.44,8.54
SIRCA,EQ,440,1.72,2498.88,1.91,8.43
3MINDIA,EQ,33950,1.51,38244.91,0.02,8.43
INDIGRID,IV,165.7,0.41,15784,5.1,8.43
WONDERLA,EQ,539,8.42,3418.49,1.61,8.43
MEDANTA,EQ,1105.7,1.47,29720.15,0.76,8.41
BAJAJELEC,EQ,379.9,7.03,4383.61,2.26,8.39
MASTEK,EQ,1577.9,1.31,4890.13,0.54,8.37
IMFA,EQ,1230.1,4.42,6636.89,0.69,8.36
EMSLIMITED,EQ,260,0.87,1443.8,3.2,8.33
AGI,EQ,508.5,4,3289.86,1.65,8.32
CRIZAC,EQ,215.95,3.26,3778.75,3.84,8.24
SENORES,EQ,760,2.56,3500.07,1.08,8.18
UTKARSHBNK,EQ,12.73,1.76,2265.33,64.74,8.18
AARTIPHARM,EQ,688.9,1.15,6244.99,1.18,8.15
RTNPOWER,EQ,8.07,2.54,4333.68,101.74,8.12
VARROC,EQ,496,2.59,7578.21,1.63,8.09
TIRUMALCHM,EQ,167.6,3.44,2020.46,4.89,8.04
RATNAVEER,EQ,140.5,3.2,953.58,5.76,8.02
PFIZER,EQ,4797,0.58,21945.19,0.17,8
MOLDTKPAC,EQ,539.95,0.19,1794.2,1.48,7.97
CANFINHOME,EQ,858.5,5.58,11431.28,0.95,7.97
SAREGAMA,EQ,327,1.21,6304.87,2.44,7.95
JAIBALAJI,EQ,60.7,1.28,5537.4,13.11,7.94
HGINFRA,EQ,492,2.41,3206.42,1.62,7.88
VGUARD,EQ,315,2.42,13757.77,2.5,7.85
INDIACEM,EQ,373,1.36,11559.17,2.11,7.81
CYIENTDLM,EQ,300,4.15,2380.93,2.61,7.79
AONELIQUID,EQ,1050.09,0.01,111.19,0.74,7.76
STOVEKRAFT,EQ,490,4.93,1622.26,1.62,7.72
HERITGFOOD,EQ,306.95,3.02,2848.37,2.52,7.69
TBOTEK,EQ,1217,2.27,13215.13,0.63,7.62
LOWVOLIETF,EQ,21.71,0.98,3576.36,34.92,7.57
SURYAROSNI,EQ,212.5,3.17,4624.76,3.63,7.56
SANOFICONR,EQ,4518,2.13,10405.24,0.17,7.55
PRIVISCL,EQ,2935.9,0.27,11468.42,0.26,7.52
MIDWESTLTD,EQ,1178.5,8.69,4261.55,0.66,7.51
OMNI,EQ,190.99,0.2,2361.9,3.86,7.43
DOMS,EQ,2125.5,3.39,12899.31,0.35,7.42
KALAMANDIR,EQ,103,0.24,1579.67,7.2,7.41
MSPL,EQ,31.7,2.79,1796.75,23.31,7.39
RAYMONDREL,EQ,391,3.15,2603.03,1.9,7.36
GOODLUCK,EQ,1069.7,2.47,3555.52,0.69,7.33
DHAMPURSUG,EQ,127.7,0.69,821.19,5.74,7.31
ATULAUTO,EQ,432.95,2.52,1201.49,1.7,7.29
CAPLIPOINT,EQ,1690,1.16,12845.98,0.43,7.27
RAYMONDLSL,EQ,816.8,1.62,4976.24,0.9,7.26
ORIENTTECH,EQ,271.5,4.85,1243.63,2.73,7.26
MOTISONS,EQ,14.24,4.71,1401.87,51.5,7.26
WEWORK,EQ,440,3.17,5897.02,1.67,7.25
HDFCNIFTY,EQ,272.69,1.22,4729.93,2.67,7.23
TTML,EQ,39.4,2.47,7702.42,18.36,7.17
PGINVIT,IV,91.18,0.2,8297.37,7.85,7.16
FOODSIN,EQ,61.77,19.99,454.2,13.03,7.1
MARKSANS,EQ,174.9,3.84,7925.83,4.1,7.06
GICRE,EQ,367.8,0.38,64526.83,1.92,7.05
HONASA,EQ,287.5,0.24,9354.38,2.43,7.05
KPIL,EQ,1122.3,2.87,19165.8,0.63,7.01
EPL,EQ,198.99,3.13,6373.75,3.6,7.01
SENSEXBETA,EQ,862,0.99,51814.92,0.81,7
HCG,EQ,574.05,2.14,8094.54,1.21,6.97
DREDGECORP,EQ,962.8,1.91,2695.84,0.72,6.96
BAYERCROP,EQ,4600,3.05,23049.33,0.15,6.94
DCAL,EQ,165.55,4.61,2595.54,4.31,6.93
ECOSMOBLTY,EQ,144.3,6.05,865.8,4.89,6.92
INDIASHLTR,EQ,710,3.98,7718.82,0.99,6.91
SUNTV,EQ,583.25,0.87,22984.99,1.19,6.87
PARKHOTELS,EQ,118,2.26,2517.82,5.91,6.87
VAIBHAVGBL,EQ,218.98,4.93,3658.05,3.18,6.84
BBL,EQ,2372,2.96,2681.1,0.29,6.81
MMFL,EQ,448,2.25,2163.02,1.54,6.78
SAKAR,EQ,541.6,3.48,1205.06,1.25,6.75
DLINKINDIA,EQ,409,5.07,1452.15,1.67,6.72
BASF,EQ,3461.8,4.5,14984.62,0.2,6.7
WHEELS,EQ,929,1.31,2269.83,0.72,6.67
VIMTALABS,EQ,447,3.28,1995.19,1.51,6.65
INDRAMEDCO,EQ,400.35,2.01,3670.13,1.66,6.61
FINEORG,EQ,4310,0.73,13214.45,0.15,6.61
AUTOBEES,EQ,275.5,3.01,396.1,2.41,6.57
ARVINDFASN,EQ,412.95,1.41,5518.26,1.59,6.55
UGROCAP,EQ,104,3.52,1487.09,6.37,6.53
SHARDAMOTR,EQ,830.45,2.15,4767.42,0.78,6.44
PNCINFRA,EQ,196,1.76,5028.17,3.3,6.41
GANESHCP,EQ,173.3,6.38,700.36,3.74,6.39
MEDPLUS,EQ,833,0.93,10000.55,0.76,6.38
SETL,EQ,124,5.01,2473.7,5.22,6.36
VMART,EQ,518,1.42,4115.94,1.24,6.36
INDIAGLYCO,EQ,870,2.2,5831.33,0.74,6.35
KROSS,EQ,197.54,7.59,1274.32,3.28,6.35
VIDYAWIRES,EQ,52.45,4.34,1115.57,12.28,6.34
STLNETWORK,EQ,19.12,2.8,933.03,33.69,6.32
SUPRIYA,EQ,605,4.16,4869.21,1.06,6.32
PACEDIGITK,EQ,159,3.17,3432.04,4,6.31
BBTC,EQ,1568,1.94,10940.23,0.41,6.31
SULA,EQ,164.9,2.75,1392.53,3.87,6.31
KIOCL,EQ,311.35,1.72,18922.33,2.03,6.29
VENUSPIPES,EQ,1007,1.56,2086.11,0.63,6.29
EIHOTEL,EQ,315.5,0.17,19730.24,1.99,6.29
HIKAL,EQ,181.8,4.51,2241.61,3.53,6.28
SMALLCAP,EQ,40.81,2.28,808.77,15.4,6.24
WENDT,EQ,6500,3.11,1300,0.1,6.23
NIFTY1,EQ,268,1.01,3223.09,2.33,6.23
GARUDA,EQ,171.61,3.82,1596.69,3.68,6.21
KRISHANA,EQ,499.5,4.67,3088.29,1.25,6.2
AVADHSUGAR,EQ,425.35,6.35,851.48,1.49,6.18
SFL,EQ,520,2.57,5652.96,1.19,6.16
ICIL,EQ,260.35,2.95,5156.34,2.39,6.13
ELECTCAST,EQ,63,3.11,3894.56,9.83,6.13
TATVA,EQ,1162,6.06,2718.16,0.53,6.1
SKIPPER,EQ,343,3.81,3872.61,1.79,6.07
ELLEN,EQ,223.28,7.87,3146.81,2.81,6.06
DEEPINDS,EQ,347.9,0.09,2226.56,1.74,6.03
NIACL,EQ,137.99,2.39,22740.75,4.38,6.01
BALAMINES,EQ,1038,3.43,3363.22,0.59,6.01
KANSAINER,EQ,186.2,0.47,15054.73,3.23,6
WESTLIFE,EQ,470.85,0.38,7328.49,1.25,5.99
AYE,EQ,112,0.36,2763.98,5.28,5.98
MOVALUE,EQ,118.2,1.44,149.13,5.09,5.95
SETFNIFBK,EQ,584.91,1.77,3813.02,1.02,5.94
ARMANFIN,EQ,1372,2.45,1442.37,0.43,5.93
ACI,EQ,550,3.54,6790.21,1.09,5.93
SUVEN,EQ,144.9,6.64,3360.98,4.22,5.92
KSB,EQ,761.2,1.01,13247.87,0.77,5.87
HIMATSEIDE,EQ,87.15,1.44,1095.84,6.67,5.86
PGHL,EQ,4880,0.96,8100.5,0.12,5.86
SDBL,EQ,76.98,1.87,1503.24,7.67,5.85
SGFIN,EQ,405,3.85,2263.75,1.46,5.82
LICMFGOLD,EQ,144.05,1.44,1509.61,4.04,5.82
SGMART,EQ,449.75,0.68,5666.85,1.28,5.8
TARC,EQ,139,1.33,4101.84,4.16,5.78
INDSWFTLAB,EQ,142.5,1.93,1162.96,4.01,5.75
GULFOILLUB,EQ,1030,5.21,5088.21,0.57,5.72
ALOKINDS,EQ,13.29,1.3,6598.8,43.38,5.71
MARINE,EQ,188.28,1.97,2603.81,3.04,5.7
JNKINDIA,EQ,235.72,5.09,1318.95,2.42,5.7
ZOTA,EQ,1184.8,0.66,4014.28,0.47,5.66
STYLAMIND,EQ,2215,0.11,3754,0.25,5.63
PREMIERPOL,EQ,61.69,11.21,646.16,9.39,5.63
GMBREW,EQ,998,3.49,2280.12,0.57,5.62
SGBDE31III,GB,16160,1.09,19564.6,0.03,5.58
SHALBY,EQ,147,2.31,1587.74,3.82,5.57
TCI,EQ,1030,7.16,7904.61,0.55,5.55
VENUSREM,EQ,783.5,3.63,1047.3,0.7,5.53
SANDHAR,EQ,502.1,1.29,3022.18,1.1,5.52
GANECOS,EQ,748.7,6.15,2006.22,0.76,5.51
DISHTV,EQ,2.61,2.35,480.57,212.46,5.5
ELIN,EQ,120.13,3.04,596.56,4.59,5.49
ACETEC,ST,123.45,4.97,202.26,4.55,5.49
ANNAPURNA,SM,163,3.66,355.67,3.35,5.48
FILATEX,EQ,41.5,3.91,1842.84,13.23,5.48
SHK,EQ,133.1,2.61,1842.38,4.15,5.48
SBFC,EQ,93.85,1.6,10293.97,5.87,5.45
SGBAUG28V,GB,15809.97,1.15,10038.98,0.03,5.45
CARERATING,EQ,1619.4,1.96,4865.55,0.34,5.44
MMTC,EQ,56,2.53,8400,9.77,5.43
VINATIORGA,EQ,1424.9,4.05,14771.32,0.38,5.39
SPANDANA,EQ,234,1.1,1668.54,2.32,5.38
NEXT50IETF,EQ,70.89,1.82,2162.26,7.62,5.37
SANGHVIMOV,EQ,243.05,2.79,2104.23,2.23,5.35
TEMBO,EQ,533.95,0.24,825.87,1.01,5.35
IFBIND,EQ,1040,0.54,4213.95,0.51,5.33
SUBROS,EQ,702,1.36,4579.55,0.75,5.31
TIRUPATIFL,EQ,40,10.9,497.12,13.53,5.29
ALLCARGO,EQ,8,6.95,1198.22,66.69,5.23
VESUVIUS,EQ,500.9,2.13,10166.31,1.04,5.22
BLSE,EQ,135.98,5.76,1235.47,3.95,5.21
LINCOLN,EQ,638.5,3.55,1278.9,0.81,5.17
SOMANYCERA,EQ,360.25,6.43,1477.49,1.51,5.15
POLYPLEX,EQ,817,2.81,2564.76,0.63,5.15
ORISSAMINE,EQ,3701.1,0.61,2220.66,0.14,5.13
CEIGALL,EQ,279,2.82,4860.32,1.86,5.13
UNIECOM,EQ,100.02,4.31,1124.02,5.18,5.11
GODIGIT,EQ,333.05,0.97,30789.48,1.52,5.07
TTKPRESTIG,EQ,484.25,7.18,6631.85,1.07,5.07
WELENT,EQ,458.05,2.04,6340.04,1.1,5.06
ITI,EQ,257.05,2.49,24699.6,1.99,5.06
BLKASHYAP,EQ,51.7,9.21,1165.52,10.04,5.05
CENTURYPLY,EQ,690,1.58,15329.94,0.74,5.04
BHAGYANGR,EQ,163.05,4.77,521.68,3.04,5.03
734GS2064,GS,100.87,0.58,241079.3,4.99,5.02
HITECH,EQ,79.6,2.45,1616.74,6.36,5.02
GROWWGOLD,EQ,15.63,0.9,471.66,32.11,5.01
MOL,EQ,45.9,4.77,1167.3,11.05,4.98
FUSION,EQ,172.1,3.44,2777.11,2.93,4.97
CHALET,EQ,753,2.48,16487.23,0.67,4.95
KHAICHEM,EQ,53,3.11,514.04,9.28,4.93
TRUALT,EQ,373.1,0.51,3199.43,1.3,4.91
GLOBUSSPR,EQ,860,2.78,2491.6,0.58,4.9
SIGACHI,EQ,19.5,3.89,745.13,25.49,4.89
MAHSEAMLES,EQ,549.05,1.27,7357.23,0.89,4.85
GOLDADD,EQ,154.91,0.46,2266.06,3.12,4.84
GODREJAGRO,EQ,608.8,1.17,11708.99,0.8,4.82
ASKAUTOLTD,EQ,393.8,3.6,7763.48,1.24,4.81
CARYSIL,EQ,840.2,1.79,2389.75,0.57,4.79
WALCHANNAG,EQ,165.49,2.97,1122.72,2.92,4.79
PSPPROJECT,EQ,690.6,0.82,2737.66,0.68,4.72
SKFINDUS,EQ,2269,0.31,11217.47,0.21,4.71
TAJGVK,EQ,317.8,0.16,1992.65,1.48,4.71
MSTCLTD,EQ,428.5,2.44,3016.64,1.11,4.69
ROLEXRINGS,EQ,121.75,2.91,3315.66,3.87,4.68
ALPHA,EQ,47.3,2.38,711.52,9.89,4.66
SUNDRMFAST,EQ,842,0.89,17692.81,0.55,4.62
TIPSMUSIC,EQ,509,1.93,6506.63,0.9,4.61
BIKAJI,EQ,616.9,1.82,15459.06,0.75,4.6
NORTHARC,EQ,245.4,5.64,3964.97,1.91,4.58
ROSSTECH,EQ,727.8,4.28,2743.55,0.63,4.58
ADVENZYMES,EQ,292.4,0.48,3272.74,1.55,4.57
CAMLINFINE,EQ,139,3.56,2670.07,3.34,4.56
AJAXENGG,EQ,490.35,2.63,5609.94,0.93,4.53
HPL,EQ,321.5,5.22,2067.26,1.42,4.51
GVPIL,BE,460.15,4.07,3093.47,0.99,4.47
NUVOCO,EQ,287.45,1.14,10266.45,1.55,4.46
GKENERGY,EQ,105.42,5,2138.1,4.27,4.44
INA,EQ,100,3.3,2203.95,4.43,4.43
SENSEXETF,EQ,80.14,0.63,33.22,5.51,4.42
MAITHANALL,EQ,937.2,0.98,2728.33,0.47,4.41
ADVAIT,EQ,1640,5.76,1793.63,0.28,4.41
MCLOUD,EQ,23.75,3.58,1399.03,18.9,4.4
CELLO,EQ,397.5,0.77,8780.18,1.1,4.36
RIIL,EQ,687.5,2.8,1038.13,0.64,4.35
ALKYLAMINE,EQ,1339,2.53,6848.19,0.33,4.34
KSL,EQ,705,1.12,3077.54,0.62,4.33
REPRO,EQ,387,1.9,555.16,1.12,4.33
LANDMARK,EQ,362.3,1.33,1502.27,1.18,4.32
ORIENTCEM,EQ,143.99,2.82,2958.42,3.02,4.32
GIPCL,EQ,133.85,2.32,2077.57,3.24,4.3
PRAKASH,EQ,123.5,3.56,2211.66,3.5,4.27
DIAMONDYD,EQ,994.5,3.96,2377.21,0.43,4.22
AJMERA,EQ,123.26,2.85,2425.7,3.42,4.21
CANTABIL,EQ,250,5.11,2090.95,1.71,4.19
FISCHER,EQ,36.23,3.93,2349.57,11.69,4.18
BHARATRAS,EQ,1364,1.56,2267.11,0.31,4.14
SPLPETRO,EQ,697.8,1.34,13121.52,0.59,4.11
GHCL,EQ,463.45,1.6,4260.69,0.9,4.11
HEMIPROP,EQ,137.02,1.56,3905.07,3,4.1
SANGHIIND,EQ,55.05,1.72,1422.08,7.35,4.07
SOLEX,EQ,880.1,4.66,950.73,0.45,4.03
TSFINV,EQ,393.95,4.45,8749.78,1.04,4.01
DIGITIDE,EQ,90.33,6.77,1346.02,4.44,4
ALIVUS,EQ,943.85,2.62,11584.47,0.43,3.98
MUTHOOTCAP,EQ,204,6.32,335.53,1.89,3.97
MAHSCOOTER,EQ,12858,1.81,14694.85,0.03,3.97
PDSL,EQ,292.5,0.55,4137.18,1.36,3.96
NOCIL,EQ,135.3,2.88,2259.85,2.94,3.95
EPIGRAL,EQ,881.5,1.57,3802.91,0.45,3.94
SKMEGGPROD,EQ,152.5,4.42,803.07,2.58,3.9
MARKOLINES,EQ,152.9,3.58,337.01,2.54,3.87
VERANDA,EQ,160.09,5.07,1539.58,2.45,3.87
TICL,EQ,25.19,3.79,390.44,15.63,3.86
JSWHL,EQ,16350,3.18,18147.89,0.02,3.86
BMWVENTLTD,EQ,56.67,3,491.41,6.7,3.85
GLOBAL,EQ,107,8.18,544.65,3.59,3.83
ALLTIME,EQ,214.87,2.87,1407.57,1.79,3.81
MPSLTD,EQ,1420,3.9,2429.03,0.27,3.8
SAKSOFT,EQ,134.25,3.71,1779.5,2.87,3.79
MUKANDLTD,EQ,121.5,0.14,1755.62,3.15,3.79
PSB,EQ,24.65,2.84,17490.62,15.49,3.77
DENTA,EQ,228,1.58,608.76,1.67,3.77
HNGSNGBEES,EQ,518,3.02,1221.79,0.73,3.76
CUBEXTUB,EQ,95.95,4.82,137.39,3.86,3.73
KIRLPNU,EQ,1115,0.95,7242.16,0.33,3.73
KOLTEPATIL,EQ,331,1.77,2935.31,1.12,3.72
MTNL,EQ,26.44,4.34,728.74,14.23,3.71
WINDLAS,EQ,753,2.94,1587.12,0.5,3.7
KRSNAA,EQ,609.9,3.71,1978.43,0.61,3.68
SWARAJENG,EQ,3487,2.89,4236.66,0.11,3.68
HATSUN,EQ,922.2,1.46,20541.85,0.4,3.67
VRLLOG,EQ,268,0.24,4688.31,1.37,3.66
SILVER360,EQ,264.5,4.38,56.24,1.38,3.65
GATEWAY,EQ,57.3,1.58,2862.96,6.41,3.64
ZUARIIND,EQ,245,2.45,729.64,1.48,3.63
MOM100,EQ,61.85,1.94,767.89,5.91,3.63
BGRENERGY,BE,339.9,1.72,2452.77,1.07,3.6
APLLTD,EQ,714,1.18,14034.61,0.5,3.6
LUXIND,EQ,885,1.89,2661.34,0.41,3.58
SERVOTECH,EQ,69.44,4.69,1568.27,5.24,3.57
AAKASH,EQ,11.38,0.89,115.22,31.03,3.57
SOLARA,EQ,450,0.1,1627.78,0.79,3.56
IZMO,BE,746.75,5,1117.33,0.48,3.56
BALAJITELE,EQ,100,1.21,1217.6,3.48,3.55
VADILALIND,EQ,5019,1.05,3607.57,0.07,3.54
FCL,EQ,22.47,3.55,2574.5,15.83,3.53
PGIL,EQ,1520,3.71,7013.5,0.23,3.53
KOPRAN,EQ,126.01,4.11,608.47,2.82,3.52
SIYSIL,EQ,501,1.52,2273.04,0.71,3.51
MBEL,EQ,302.45,4.94,1728.45,1.18,3.51
GAEL,EQ,133,1.92,6100.32,2.65,3.5
MOSMALL250,EQ,15.5,2.38,165.54,22.51,3.46
KAMDHENU,EQ,22.75,4.36,641.28,15.28,3.46
UNIMECH,EQ,880.5,1,4477.95,0.39,3.46
VASCONEQ,EQ,34.8,5.39,795.76,10.19,3.45
NACLIND,EQ,123.7,5,2894.74,2.84,3.45
INDOFARM,EQ,128.7,4.41,618.42,2.73,3.44
DYCL,EQ,285,5.89,1381.07,1.24,3.44
AHLUCONT,EQ,762,0.59,5104.45,0.45,3.42
SMARTWORKS,EQ,405,6.64,4627.61,0.86,3.41
MANINFRA,EQ,99.9,3.07,4032.63,3.45,3.41
JINDWORLD,EQ,22.76,1.7,2281.92,14.87,3.4
GREENPOWER,EQ,9.45,6.66,1108.51,36.96,3.39
MOMENTUM50,EQ,50.45,2.88,278.66,6.79,3.39
LEMERITE,EQ,448,1.83,1121.51,0.76,3.38
UDS,EQ,150,0.48,1004.3,2.26,3.38
EXCELSOFT,EQ,79.2,0.65,911.47,4.22,3.37
EXICOM,EQ,86.25,2.34,1199.56,3.96,3.36
MAHASTEEL,EQ,945,8.34,1553.05,0.36,3.35
ORIENTHOT,EQ,90.81,4.31,1621.86,3.76,3.35
PROSTARM,EQ,133.8,5.13,787.74,2.55,3.35
BEPL,EQ,80.7,4.4,2008.29,4.19,3.35
ICEMAKE,EQ,836,1.52,1319.19,0.4,3.33
GRINDWELL,EQ,1533,0.56,16973.38,0.22,3.33
SMCGLOBAL,EQ,73,6.66,1528.62,4.68,3.33
SHYAMMETL,EQ,792,2.77,22107.24,0.42,3.31
BLUEDART,EQ,5374.5,1.41,12752.58,0.06,3.3
RPEL,EQ,699.4,4.62,3211.08,0.48,3.28
INGERRAND,EQ,3878.2,0.12,12242.7,0.08,3.26
ASALCBR,EQ,758,2.28,1438.62,0.43,3.25
NELCAST,EQ,119.9,4.12,1043.14,2.74,3.24
GEOJITFSL,EQ,60.39,3.11,1685.62,5.42,3.23
NITINSPIN,EQ,359,0.43,2018.3,0.89,3.23
MOREALTY,EQ,74.57,1.91,261.44,4.33,3.21
REPCOHOME,EQ,368,3.91,2302.26,0.88,3.17
RPTECH,EQ,363.2,3.21,2393.48,0.88,3.17
REGAAL,EQ,63.83,1.96,655.68,5.02,3.17
MAHLIFE,EQ,355.5,1.99,7584.33,0.9,3.17
KCP,EQ,153.1,0.8,1973.78,2.08,3.16
TAKE,BE,37.86,4.99,560.08,8.4,3.15
MCLEODRUSS,EQ,40.08,9.99,418.66,7.98,3.14
VSTIND,EQ,224.9,2.52,3820.18,1.41,3.14
TRAVELFOOD,EQ,1180.1,1.26,15539.5,0.26,3.14
MWL,EQ,272.65,7.38,809.79,1.16,3.12
FINOPB,EQ,179,2.64,1489.61,1.75,3.1
GULPOLY,EQ,162.18,2.91,1011.53,1.92,3.1
CARRARO,EQ,491,3.38,2791.41,0.64,3.09
QUESS,EQ,189.95,2.63,2834.39,1.63,3.08
NELCO,EQ,600,3.68,1369.1,0.52,3.08
AXISNIFTY,EQ,267.51,1.02,1197.7,1.16,3.07
MACPOWER,EQ,920.2,0.04,920.58,0.32,3.07
VENKEYS,EQ,1304,3.2,1836.99,0.24,3.06
SPAL,EQ,705,6.39,1769.03,0.45,3.06
ASTRAZEN,EQ,8794,1.46,21985,0.03,3.06
HLEGLAS,EQ,317.95,2.8,2208.31,0.97,3.05
WAKEFIT,EQ,181.5,5.58,5931.94,1.7,3.03
KDDL,EQ,2350,0.97,2890.33,0.13,3.02
LOKESHMACH,EQ,217,3.84,433.93,1.38,3
NRBBEARING,EQ,263.9,3.47,2557.79,1.14,2.99
MASPTOP50,EQ,69.4,2.66,1170.25,4.31,2.98
MHLXMIRU,EQ,165,1.56,175.23,1.81,2.97
SHANTIGOLD,EQ,201,0.82,1449.13,1.48,2.96
NAVKARCORP,EQ,90.06,4.04,1355.58,3.29,2.96
AWHCL,EQ,474,3.89,1345.31,0.63,2.95
POKARNA,EQ,885,1.6,2743.85,0.33,2.94
LMW,EQ,14720,1.09,15725.38,0.02,2.93
SAGCEM,EQ,186,2.84,2431.16,1.59,2.91
MEIL,EQ,239,6.25,660.36,1.23,2.9
BHARATWIRE,EQ,164.5,4.68,1128.22,1.78,2.89
GKSL,EQ,108.99,0.36,859.31,2.63,2.87
CARBORUNIV,EQ,803,0.84,15294.3,0.36,2.87
HEALTHY,EQ,15.44,0.92,66.88,18.67,2.87
PFS,EQ,28.48,1.9,1829.22,10.15,2.86
FINIETF,EQ,31.1,3.49,272.32,9.36,2.86
IGARASHI,EQ,319.9,1.81,1006.89,0.89,2.85
NIFTYBETA,EQ,268,1.14,67029.55,1.07,2.85
SAATVIKGL,EQ,347.7,4.21,4419.44,0.83,2.83
EBBETF0430,EQ,1568.95,0.19,25145.97,0.18,2.82
MAYURUNIQ,EQ,520.95,4.1,2263.66,0.55,2.82
SETFNN50,EQ,717,1.78,2863.16,0.39,2.79
GANDHAR,EQ,131.79,3.42,1289.95,2.14,2.79
ICRA,EQ,5470,2.04,5279.22,0.05,2.78
ADVANCE,EQ,108,2.98,694.29,2.59,2.78
BANKIETF,EQ,58.46,1.79,2976.73,4.77,2.78
UTTAMSUGAR,EQ,201.65,2.41,769.06,1.38,2.77
MIDCAPIETF,EQ,21.86,1.82,621.99,12.72,2.77
SGBFEB32IV,GB,16604,0.69,21231.23,0.02,2.73
SSWL,EQ,192.9,2.84,3032.01,1.44,2.73
NESCO,EQ,1080,1.08,7609.68,0.25,2.72
ROHLTD,EQ,331,2.26,907.77,0.83,2.72
SGBMAY29I,GB,15800,1.02,8403.98,0.02,2.72
RACLGEAR,EQ,1397.7,3.39,1647.62,0.2,2.71
APRAMEYA,SM,249,9.98,474.1,1.15,2.71
RUPA,EQ,134,2.79,1065.63,2.07,2.71
NIITLTD,EQ,65.06,4.31,887.31,4.21,2.7
RISHABH,EQ,401.3,6.08,1544.9,0.68,2.69
CEINSYS,EQ,862,0.25,1537.91,0.31,2.69
MASFIN,EQ,308.4,2.37,5596.02,0.88,2.68
RAJOOENG,EQ,61,3.55,1089.92,4.5,2.68
RESPONIND,EQ,168,1.9,4479.02,1.6,2.67
TAC,SM,452.4,9.99,951.23,0.61,2.67
TALBROAUTO,EQ,246.5,0.67,1521.6,1.1,2.67
SOUTHWEST,EQ,206,4.45,614.5,1.29,2.65
INDOTECH,EQ,1380.8,4.53,1466.41,0.19,2.65
GTLINFRA,EQ,1.09,0.93,1386.11,241.41,2.63
TBZ,EQ,136.5,4.6,910.87,1.95,2.62
KELLTONTEC,EQ,17.25,3.73,910.46,15.41,2.62
NIBE,EQ,988,1.72,1432.73,0.27,2.62
WAAREEINDO,BE,321.1,1.81,1335.89,0.81,2.61
MONIFTY500,EQ,22.8,0.88,210.44,11.41,2.6
BHAGCHEM,EQ,198.5,1.08,2573.93,1.3,2.6
SUNFLAG,EQ,230,2.4,4145.05,1.13,2.58
SENSEXIETF,EQ,895.2,1.12,25953.7,0.29,2.57
ARIES,EQ,348.5,7.84,453.2,0.75,2.56
PLATIND,EQ,218.1,5.7,1197.91,1.19,2.56
ORICONENT,EQ,67,4.3,1052.22,3.81,2.55
DSSL,EQ,916,2.77,1165.64,0.28,2.53
NEPHROPLUS,EQ,590,5.04,5920.1,0.43,2.53
MICEL,EQ,34.89,5,840.89,7.29,2.5
BCG,BE,9.69,0.73,1955.37,25.72,2.5
ITDC,EQ,464.9,0.18,3987.42,0.53,2.48
ZYDUSWELL,EQ,378.15,1.24,12031.25,0.65,2.46
MIRCELECTR,EQ,24.97,4.61,922.37,9.9,2.45
INFRABEES,EQ,944.55,0.97,170.46,0.26,2.45
MANGLMCEM,EQ,844.85,2.75,2323.11,0.29,2.43
INDOSTAR,EQ,210.4,0.92,3399.46,1.15,2.43
NIITMTS,EQ,321,2.77,4412,0.77,2.43
ASIANENE,EQ,271.25,1.74,1214.51,0.9,2.43
TNPETRO,EQ,84.6,3.57,761.16,2.87,2.42
NEXT50,EQ,690.9,1.88,1152.17,0.35,2.4
FMGOETZE,EQ,399.5,5.46,2222.5,0.61,2.4
MOSILVER,EQ,263.71,3.59,1164.12,0.9,2.37
REDTAPE,EQ,116.33,1.44,6430.81,2.03,2.37
SALASAR,EQ,7.41,2.63,1295.23,32.51,2.36
ADVENTHTL,EQ,180,2.06,970.97,1.32,2.36
SHREEPUSHK,EQ,320,6.67,1034.81,0.75,2.35
MUTHOOTMF,EQ,154.8,1.47,2639.22,1.5,2.32
VAKRANGEE,EQ,6.09,5.36,659.66,39.2,2.32
INFLUX,SM,218.9,0.92,506.76,1.1,2.32
IT,EQ,33.47,0.09,390.81,6.9,2.28
SHRIRAMPPS,EQ,74.01,1.87,1263.01,3.08,2.27
EKC,EQ,105.59,3.1,1184.8,2.18,2.27
TARSONS,EQ,193.5,0.89,1029.54,1.16,2.26
EEPL,SM,137.85,3.76,178.64,1.67,2.26
EIMCOELECO,EQ,1551.8,1.84,895.14,0.15,2.24
GALLANTT,EQ,538,1.69,12980.91,0.42,2.24
RPSGVENT,EQ,619.7,2.01,2050.36,0.37,2.24
JGCHEM,EQ,355.1,0.78,1391.5,0.62,2.23
PSUBANK,EQ,898.02,2.02,2453.16,0.25,2.23
HUHTAMAKI,EQ,172.22,2.78,1300.64,1.29,2.21
TOP100CASE,EQ,10.45,1.36,126.27,21.22,2.21
ADSL,EQ,107.3,4.95,606.4,2.09,2.21
IPL,EQ,152.45,1.83,1755.67,1.44,2.18
BOSCH-HCIL,EQ,1331,2.31,3619.11,0.16,2.17
GREENPLY,EQ,194,2.46,2422.82,1.13,2.16
ABINFRA,EQ,17.51,1.39,1118.52,12.35,2.16
SUNDROP,EQ,640,4.89,2412.6,0.35,2.14
IRMENERGY,EQ,209.8,1.95,861.43,1.03,2.14
GOKULAGRO,EQ,162.5,1.09,4795.16,1.3,2.12
HIRECT,EQ,1439.8,1.49,2474.12,0.15,2.11
JAYBARMARU,EQ,95,5.94,1028.38,2.26,2.11
DHANUKA,EQ,994.9,3.36,4484.84,0.21,2.09
MOM30IETF,EQ,30.8,2.53,568.82,6.83,2.09
NCLIND,EQ,184,1.29,832.28,1.13,2.08
SURYODAY,EQ,133.72,2.05,1421.31,1.56,2.08
GUFICBIO,EQ,285.25,2.76,2860.56,0.72,2.07
QUICKHEAL,EQ,157.6,4.18,854.71,1.34,2.06
SGBMR29XII,GB,15780,0.99,5098.37,0.01,2.05
MHRIL,EQ,275,1.49,5556.19,0.75,2.04
MOCAPITAL,EQ,46.59,2.87,130.68,4.39,2.03
SCILAL,EQ,43.37,1.36,2020.17,4.68,2.02
MONARCH,EQ,252.6,1.08,2002.32,0.8,2.02
HATHWAY,EQ,10.15,1.2,1796.66,19.99,2.02
GUJALKALI,EQ,441.65,2.78,3243.34,0.46,2.02
PSUBNKIETF,EQ,92,3.13,126.1,2.22,2.01
BCLIND,EQ,28.33,2.72,836.2,7.09,2.01
NIF100BEES,EQ,265.75,1.66,315.89,0.76,2.01
SOLARWORLD,EQ,168,2.95,1456.1,1.19,1.99
FDC,EQ,378.95,1.9,6169.69,0.53,1.98
DPABHUSHAN,EQ,1010,0.11,2305.62,0.2,1.98
MIDSMALL,EQ,46.27,1.85,384.81,4.28,1.97
MULTICAP,EQ,15.59,1.9,63.74,12.63,1.96
RADHIKAJWE,EQ,62.95,7.77,742.81,3.18,1.96
SWELECTES,EQ,514.4,3.62,779.77,0.39,1.96
YAAP,ST,141.75,5,296.73,1.41,1.95
VINYAS,SM,985,0.01,1239.6,0.2,1.94
LAXMIDENTL,EQ,184,5.8,1011.3,1.1,1.94
RAMCOIND,EQ,277.1,5.38,2406.38,0.71,1.94
WSTCSTPAPR,EQ,391.5,2.68,2585.81,0.5,1.94
HNDFDS,EQ,482.5,2.67,5765,0.41,1.93
AIMTRON,SM,790,4.77,1628.12,0.25,1.92
NITCO,EQ,69.9,6.05,1601.52,2.79,1.92
UTLSOLAR,EQ,183,2.66,5607.32,1.05,1.91
MAMATA,EQ,391,1.07,962.16,0.49,1.91
HEIDELBERG,EQ,153.56,1.25,3479.87,1.23,1.89
GUJTHEM,EQ,300.1,5.8,3270.05,0.64,1.89
TEAMLEASE,EQ,1135,2.87,1903.27,0.17,1.88
COFFEEDAY,EQ,26.85,1.78,567.21,7.07,1.88
FLAIR,EQ,305.5,2.16,3219.83,0.61,1.87
TINNARUBR,EQ,661.2,2.24,1191.2,0.29,1.87
HINDWAREAP,EQ,213.13,1.63,1782.75,0.87,1.86
JTEKTINDIA,EQ,134.69,4.23,3735.12,1.41,1.85
BUILDPRO,EQ,992.95,3.6,2407.84,0.18,1.83
RAMRAT,EQ,352,3.56,3284.2,0.53,1.83
RAMAPHO,EQ,123.5,11.88,437.02,1.55,1.83
RAJRATAN,EQ,395,2.69,2005.45,0.47,1.83
ESABINDIA,EQ,5315,0.01,8181.39,0.03,1.82
ANONDITA,SM,759.9,5.54,1374.4,0.25,1.82
STUDDS,EQ,520,2.61,2046.38,0.35,1.81
SGBSEP31II,GB,16090,0.9,18783.4,0.01,1.8
GAUDIUMIVF,BE,77.26,4.99,562.35,2.38,1.8
GPTINFRA,EQ,108.88,2.69,1375.86,1.66,1.79
ESAFSFB,EQ,25.32,1.61,1305.56,7.15,1.78
UNIPARTS,EQ,459.1,3.04,2072.14,0.39,1.77
GILT5YBEES,EQ,64.49,0.48,246.71,2.75,1.77
DOLLAR,EQ,259.2,1.71,1470.08,0.68,1.77
EXPLEOSOL,EQ,775,4.03,1202.78,0.23,1.77
SUNLITE,ST,339,1.97,468.02,0.55,1.77
HDFCNEXT50,EQ,68.64,1.84,146.02,2.57,1.75
NIFTYCASE,EQ,9.74,1.78,26.29,18.14,1.75
TVSSRICHAK,EQ,3660.2,4.33,2802.63,0.05,1.74
UNIHEALTH,ST,343.5,2.95,532.42,0.5,1.74
BSLGOLDETF,EQ,140.2,0.73,3048.27,1.23,1.73
SUBEXLTD,EQ,8.9,2.89,500.18,19.67,1.72
PPL,EQ,194.01,1.47,464.04,0.89,1.72
PARACABLES,EQ,32.4,0.22,988.88,5.28,1.72
ONEPOINT,EQ,46.53,0.67,1223.37,3.67,1.71
MID150CASE,EQ,10.7,2.98,207.38,16.16,1.7
RADIANTCMS,EQ,37.5,2.66,400.15,4.6,1.69
KINGFA,EQ,4170,2.41,5650.93,0.04,1.69
BRANDMAN,SM,159.1,4.5,293.65,1.03,1.68
SINDHUTRAD,EQ,24.9,3.75,3839.4,6.78,1.68
ASMS,EQ,9.41,7.79,286.61,18.31,1.68
5PAISA,EQ,305,2.76,953.27,0.55,1.68
RAMANEWS,EQ,38.9,12.56,573.86,4.18,1.68
TRANSTEEL,SM,148.4,5.21,327.85,1.15,1.67
HDFCNIFBAN,EQ,58.95,2.41,5619.12,2.84,1.66
DIVOPPBEES,EQ,79.99,1.85,69.49,2.09,1.65
ROSSARI,EQ,463.95,1.31,2569.51,0.36,1.65
URAVIDEF,EQ,136.75,0.6,155.9,1.21,1.65
KECL,EQ,84.2,4.51,559.21,2,1.65
PRECAM,EQ,128.6,4.35,1221.52,1.29,1.64
PROZONER,EQ,47,8.82,717.23,3.59,1.64
HDFCLIQUID,EQ,1051.31,0.02,80.39,0.16,1.63
FAZE3Q,BE,466.25,4.38,1133.87,0.36,1.63
C2C,SM,326.8,3.63,554.53,0.51,1.63
EMUDHRA,EQ,417.8,0.65,3459.87,0.39,1.62
CLSEL,EQ,250.95,3.08,1247.86,0.64,1.6
PRAMARA,SM,350,0.69,488.05,0.46,1.59
BANSALWIRE,EQ,249.4,1.84,3904.51,0.64,1.59
LIQGRWBEES,EQ,1030.79,0.01,122.65,0.15,1.59
MANALIPETC,EQ,50.69,1.79,871.86,3.16,1.58
ORIENTELEC,EQ,175.6,2.09,3746.71,0.9,1.57
PRABHA,EQ,163,7.39,2231.56,1.02,1.57
718GS2037,GS,103.48,0.32,177985.6,1.51,1.57
MVGJL,EQ,157.9,6.79,771.3,1.03,1.56
ADFFOODS,EQ,189,2.91,2076.42,0.84,1.56
KIRLOSIND,EQ,2841,0.68,2985.71,0.05,1.56
ROTO,EQ,54.5,2.69,1027.03,2.85,1.54
GOCLCORP,EQ,245.2,0.88,1215.52,0.63,1.54
ARIHANTCAP,EQ,74.14,4.32,812.67,2.09,1.52
EIFFL,EQ,229.32,0.14,568.71,0.66,1.5
KHADIM,EQ,109.89,6.55,201.96,1.38,1.49
NSIL,EQ,5698,2.72,2926.59,0.03,1.49
KAMATHOTEL,EQ,189.95,4.38,559.97,0.8,1.49
INNOVACAP,EQ,703.5,3.34,4025.77,0.21,1.48
UNICHEMLAB,EQ,323,3.93,2274.11,0.46,1.48
NAVNETEDUL,EQ,139.2,0.94,3079.29,1.06,1.47
SMALL250,EQ,15.44,2.18,32.95,9.6,1.47
SYNCOMF,EQ,12.48,4.87,1173.12,12.1,1.46
SUPREMEPWR,SM,164,3.67,409.85,0.88,1.46
BHARATSE,EQ,177.32,3.88,1113.57,0.83,1.45
LAOPALA,EQ,192.2,0.42,2133.42,0.75,1.45
ALPL30IETF,EQ,27.08,1.8,1530.65,5.35,1.44
SGBJUN31I,GB,16070,1.19,12485.25,0.01,1.44
IFBAGRO,EQ,763,4.69,714.71,0.19,1.44
SUPRAJIT,EQ,420.95,2.07,5774.22,0.34,1.44
GRINFRA,EQ,934,1.63,9037.43,0.15,1.43
CONSUMBEES,EQ,123.8,1.37,192.08,1.16,1.43
ASTEC,EQ,631,0.84,1406.01,0.23,1.43
TASTYBITE,EQ,7289,3.43,1870.36,0.02,1.42
DIFFNKG,EQ,264,4.41,988.05,0.54,1.42
VARDMNPOLY,BE,8.75,1.51,401.53,15.86,1.42
RPGLIFE,EQ,1906,2.79,3152.34,0.07,1.41
ANDHRAPAP,EQ,63.8,0.49,1268.66,2.21,1.41
CONFIPET,EQ,29.17,1.25,969.15,4.77,1.4
AFIL,BE,8.28,4.94,353.35,16.83,1.39
DECCANCE,EQ,686.8,4.62,962.04,0.21,1.38
GEMAROMA,EQ,189.6,0.67,990.42,0.72,1.37
AONESILVER,EQ,10.22,4.18,20.46,13.44,1.37
HONDAPOWER,EQ,2112,3.89,2142.22,0.07,1.37
HERANBA,EQ,187,0.21,748.25,0.73,1.36
SIGMAADV,EQ,157.95,3.59,2783.71,0.88,1.36
TECHD,SM,479.75,9.06,358.84,0.29,1.36
DHANBANK,EQ,23.55,2.08,929.52,5.77,1.36
IKIO,EQ,136,3.03,1051.02,1.02,1.36
GHCLTEXTIL,EQ,74.51,4.04,712.21,1.84,1.35
EVEREADY,EQ,314.35,3.01,2284.92,0.43,1.35
SWARAJ,ST,295.7,2.62,651.08,0.46,1.35
DEFENCE,EQ,69.23,1.3,41.01,1.95,1.35
EBGNG,EQ,356.6,4.99,4065.65,0.38,1.34
GALAXYSURF,EQ,1868.3,0.29,6624.01,0.07,1.34
AVG,EQ,135.89,1.43,204.62,0.98,1.34
TOLINS,EQ,104,5.36,410.89,1.31,1.34
VAL30IETF,EQ,15.55,1.83,40.08,8.64,1.34
COMMOIETF,EQ,97.2,0.37,112.9,1.37,1.33
BIOPOL,SM,102,5.48,110.22,1.33,1.33
SGBSEP28VI,GB,15778,0.92,5033.39,0.01,1.32
SCODATUBES,EQ,122.5,4.8,733.88,1.09,1.32
CONTROLPR,EQ,630.5,1.6,1008.44,0.21,1.32
PENINLAND,EQ,16.67,4.12,552.99,7.94,1.32
UNIONGOLD,EQ,156.7,1.06,268.88,0.84,1.31
SHREDIGCEM,EQ,65.5,5.36,968.54,2.07,1.31
PNBGILTS,EQ,76,0.82,1368.08,1.72,1.3
GICHSGFIN,EQ,147.88,0.36,796.35,0.88,1.3
HEALTHIETF,EQ,153.16,0.99,155.02,0.85,1.3
NUCLEUS,EQ,752.5,0.77,1980.98,0.17,1.3
VOLERCAR,SM,236.05,10,263.04,0.57,1.29
ACCELYA,EQ,1199,1.08,1789.66,0.11,1.29
VEEDOL,EQ,1338,2.88,2331.33,0.1,1.29
BSLNIFTY,EQ,28.4,1.25,3186.19,4.53,1.28
WCIL,EQ,98.2,0.01,1001.2,1.3,1.28
INDNIPPON,EQ,798,3.32,1805.19,0.16,1.26
APTECHT,EQ,82.96,3.21,481.19,1.53,1.25
KRYSTAL,EQ,600,3.98,838.32,0.21,1.24
AUTOIETF,EQ,27.62,3.41,183.88,4.52,1.23
BANKETF,EQ,579.5,1.88,250.24,0.21,1.23
DMCC,EQ,231.62,4.03,577.66,0.52,1.22
GANESHBE,EQ,76.46,0.31,550.43,1.59,1.22
SPORTKING,EQ,112.8,5.9,1433.37,1.1,1.2
NDTV,EQ,77.01,0.98,868.86,1.57,1.2
BORANA,BE,399,0.28,1063.15,0.3,1.2
BHAGERIA,EQ,153,1.09,667.76,0.79,1.2
MOLDTECH,EQ,130.3,11.72,375.33,0.95,1.2
BANKNIFTY1,EQ,59.09,1.88,6106.62,2.03,1.19
ENERGY,EQ,36.29,1.37,242.82,3.29,1.19
FILATFASH,EQ,0.2,5.26,166.68,626.11,1.19
ARTEMISMED,EQ,229.5,1.47,3632.38,0.52,1.19
HDFCMID150,EQ,21.48,1.56,154.2,5.57,1.19
URJA,EQ,9.12,4.23,479.21,13.19,1.18
SAHANA,SM,1012,1.34,894.31,0.12,1.18
TOP15IETF,EQ,10.11,1,7.74,11.69,1.18
REMSONSIND,EQ,111.8,6.64,389.94,1.07,1.17
UNIVASTU,EQ,65.5,5.9,235.71,1.75,1.16
PIXTRANS,EQ,1456,2.64,1983.83,0.08,1.16
AEROENTER,EQ,72.11,2.57,815.46,1.61,1.16
DPEL,ST,290,2.47,723.99,0.4,1.16
IGPL,EQ,338.5,2.76,1042.41,0.35,1.15
DBCORP,EQ,212.19,3.41,3782.12,0.55,1.15
BETA,EQ,1118,4.11,1133.3,0.1,1.15
ITADD,EQ,33.5,5.61,103.5,3.65,1.15
MOHEALTH,EQ,44.6,1.2,42.89,2.56,1.14
BFSI,EQ,27.48,2.35,439.38,4.14,1.13
SIGNPOST,EQ,237,2.8,1266.77,0.47,1.13
SILVERBND,EQ,267.11,3.39,14.08,0.42,1.12
UNIVPHOTO,BE,505.7,2,553.57,0.22,1.12
ANDHRSUGAR,EQ,73.7,0.95,998.9,1.52,1.12
AURUM,EQ,169.9,3.62,1295.01,0.67,1.12
STERTOOLS,EQ,199.38,2.19,721.44,0.56,1.11
RNFI,SM,246,0.04,616.49,0.44,1.11
RTL,SM,95.05,5.85,125.46,1.18,1.1
KARNIKA,SM,115,0.04,712.97,0.95,1.1
SHAH,EQ,4.79,0.21,424.02,22.69,1.09
DREAMFOLKS,EQ,75,2.85,399.52,1.45,1.08
OMINFRAL,EQ,81.41,3.44,784.01,1.33,1.08
EXIMROUTES,ST,153,2,286.91,0.7,1.05
DOLATALGO,EQ,75.98,0.6,1337.25,1.38,1.04
ALPHAETF,EQ,24.63,2.5,390.87,4.24,1.04
TIIL,EQ,2140,1.57,4851.98,0.05,1.02
GUJAPOLLO,EQ,401,5.79,473.18,0.26,1.02
HARDWYN,BE,17.45,0.81,852.32,5.84,1.01
725GS2063,GS,98.89,0.39,237336,1.02,1.01
MAGADSUGAR,EQ,454.7,0.23,640.75,0.22,1.01
MAHKTECH,EQ,23.29,3.37,451.15,4.32,1.01
MONTECARLO,EQ,520.1,2.06,1078.27,0.19,1
GRETEX,SM,245,0.41,379.9,0.41,0.99
BODALCHEM,EQ,44.7,1.52,562.97,2.22,0.99
SHIVALIK,EQ,283,0.96,445.74,0.35,0.99
LGHL,EQ,273.8,1.31,1371.53,0.36,0.99
AUTOIND,EQ,67.72,2.37,307.28,1.43,0.97
NDRAUTO,EQ,737.3,7,1753.69,0.14,0.97
SGBJUL28IV,GB,15778,1.08,6517.61,0.01,0.97
NV20IETF,EQ,14.25,1.14,182.72,6.82,0.97
SASKEN,EQ,1148,4.86,1743.41,0.09,0.96
GROWWRAIL,EQ,31.05,1.47,134.34,3.08,0.95
DYNPRO,EQ,226.24,2.34,281.18,0.42,0.95
SAVY,SM,141,9.51,293.4,0.68,0.94
JLHL,EQ,1270.9,1.58,8332.79,0.07,0.94
INDOAMIN,EQ,103.4,6.12,750.56,0.92,0.94
GROWWPOWER,EQ,10.45,2.05,112.79,8.99,0.93
THEMISMED,EQ,82.95,7.88,763.97,1.15,0.93
SIS,EQ,290.55,1.54,4103.91,0.32,0.93
DENTALKART,SM,421,2.06,729.88,0.22,0.92
RUSHIL,EQ,16.3,2.58,478.27,5.63,0.91
SNOWMAN,EQ,36.23,0.06,605.36,2.5,0.91
FOSECOIND,EQ,5160,4.55,3889.23,0.02,0.91
MAXIND,EQ,151.48,5.47,795.62,0.61,0.91
DCMSIL,EQ,60,13.25,521.95,1.58,0.9
SINCLAIR,EQ,74.05,1.08,379.58,1.22,0.9
VALIANTORG,EQ,220,4.72,616.43,0.42,0.9
KALPATARU,EQ,302.8,4.38,6235.08,0.3,0.9
MOMENTUM,EQ,30.28,1.14,42.33,2.96,0.9
PATELRMART,EQ,175,4.09,584.51,0.53,0.9
NGLFINE,EQ,2392,6,1477.78,0.04,0.9
VSSL,EQ,241.6,0.54,2335.93,0.37,0.9
ADOR,EQ,1005,1.79,1748.98,0.09,0.9
PAUSHAKLTD,EQ,416,3.1,1025.73,0.22,0.9
BBNPPGOLD,EQ,154.8,0.62,352.62,0.58,0.89
RUBYMILLS,EQ,205.5,0.1,687.19,0.43,0.89
ESFL,SM,156.5,0.35,388.73,0.57,0.89
RANEHOLDIN,EQ,1230,0.31,1756.17,0.07,0.89
SGBMAY28,GB,15800,1.2,4019.98,0.01,0.88
SBIBPB,EQ,54,5.61,1512.99,1.7,0.88
COMMITTED,SM,222.8,4.95,257.88,0.41,0.88
ONMOBILE,EQ,49.35,2.96,524.7,1.8,0.87
SAFEENTP,SM,240,0.44,1118.51,0.36,0.87
ALLDIGI,EQ,769.5,0.67,1172.59,0.11,0.87
RELTD,EQ,141.16,4.08,2520.47,0.62,0.87
TTL,BE,9.03,0.44,233.25,9.37,0.87
JAGRAN,EQ,63.83,0.9,1389.29,1.34,0.85
MANOMAY,EQ,216,0.93,389.85,0.39,0.85
DAVANGERE,EQ,3.97,2.85,567.71,21.53,0.84
CHOICEGOLD,EQ,157.91,0.48,79.74,0.53,0.84
GLOBALVECT,EQ,163.5,6.86,228.9,0.49,0.84
AONEGOLD,EQ,14.89,0.74,87.44,5.62,0.84
HDFCPSUBK,EQ,90.55,1.94,32.26,0.92,0.83
DHARMAJ,EQ,250,4.1,844.93,0.34,0.83
BOROSCI,EQ,107.05,0.62,952.18,0.77,0.83
OSWALGREEN,EQ,25.21,4.91,647.42,3.27,0.83
ALBERTDAVD,EQ,687.5,5.97,392.37,0.12,0.83
GALAPREC,EQ,740,3.49,947.02,0.11,0.83
GLOTTIS,EQ,44.5,3.39,411.19,1.87,0.82
YUKEN,EQ,721.1,0.23,979.54,0.11,0.82
BFINVEST,EQ,386,3.74,1453.97,0.21,0.81
GREENLEAF,SM,92,1.15,54.55,0.89,0.81
PASUPTAC,EQ,47.13,0.71,420.08,1.68,0.8
VISAKAIND,EQ,58.65,1.14,506.76,1.37,0.8
DANISH,SM,646.15,0.56,1272.37,0.12,0.8
BYKE,EQ,40.35,1.77,210.95,1.98,0.79
BAHETI,SM,562,3.17,582.71,0.14,0.79
OLIL,SM,312,1.23,174.51,0.25,0.79
JUBLCPL,EQ,1789,1.31,2710.78,0.04,0.79
SEJALLTD,EQ,503.65,4.99,508.69,0.16,0.78
APS,SM,306,3.94,616.9,0.26,0.78
MONIFTY100,EQ,25.3,2.51,11.33,3.12,0.78
NDLVENTURE,EQ,117,4.27,393.96,0.67,0.78
OAL,EQ,254.25,4.5,855.64,0.31,0.78
DIGIKORE,SM,88,1.79,111.46,0.89,0.78
MCL,BE,65.16,2.57,176.86,1.22,0.77
MEDICAMEQ,EQ,291.8,1.81,395.76,0.27,0.77
MOGOLD,EQ,157.45,0.38,1780.67,0.48,0.75
SHALPAINTS,EQ,51.55,1.78,431.53,1.46,0.75
JAYBEE,SM,73.9,0.61,166.77,1.01,0.75
TPLPLASTEH,EQ,65,8.33,507.02,1.2,0.75
GPTHEALTH,EQ,122.5,0.77,1005.17,0.61,0.75
VIVIANA,SM,642.5,1.44,650.52,0.12,0.75
JPASSOCIAT,BE,2.43,4.74,596.27,31.46,0.75
SATIN,EQ,147.11,0.62,1625.14,0.51,0.75
COASTCORP,EQ,43.02,0.99,288.14,1.67,0.74
AONENIFTY,EQ,9.96,1.01,17.23,7.49,0.74
MENONBE,EQ,121,3.84,678.08,0.62,0.74
MARUSHIKA,SM,106.5,6.5,90.92,0.68,0.74
SUMMITSEC,EQ,1618.1,2.81,1764.02,0.05,0.73
FELIX,SM,181.2,3.45,311.78,0.4,0.73
KILITCH,EQ,320.95,0.25,561.05,0.23,0.72
ASHWINI,SM,149.8,1.56,224.7,0.48,0.72
DBOL,EQ,101.95,2.94,676.82,0.71,0.72
THEJO,EQ,1654,1.1,1794.17,0.04,0.72
VIPCLOTHNG,EQ,19,3.6,171.25,3.8,0.71
ONWARDTEC,EQ,245.75,2.95,559.09,0.29,0.71
RBZJEWEL,EQ,124,3.57,496,0.6,0.71
SBINEQWETF,EQ,32.19,0.88,32.81,2.21,0.71
BFUTILITIE,BZ,467.45,1.43,1760.77,0.15,0.71
XCHANGING,EQ,61.68,1.73,687.14,1.14,0.7
RKSWAMY,EQ,97,1.56,489.63,0.72,0.7
KOTYARK,SM,310,10.38,318.65,0.23,0.7
CENTENKA,EQ,408.7,1.14,893.03,0.17,0.7
KKCL,EQ,470,2.56,2896.38,0.15,0.7
PILANIINVS,EQ,4500,0.9,4982.51,0.02,0.7
QGOLDHALF,EQ,132.24,0.63,741.6,0.53,0.69
GOLDBND,EQ,159.12,0.26,11.31,0.43,0.69
SHIVAMAUTO,EQ,17.01,0.12,223.67,4.13,0.69
WINDMACHIN,EQ,247,3.87,2150.99,0.28,0.68
AMCL,ST,449.95,3.91,532.51,0.15,0.68
PIGL,EQ,101.99,4.46,181.88,0.67,0.67
INDOCO,EQ,197.5,1.57,1823,0.34,0.67
SONAMLTD,EQ,54.7,8.86,218.98,1.27,0.67
MUKKA,EQ,22.7,5.04,681,3.02,0.67
GROWWEV,EQ,29.31,1.35,252.8,2.3,0.67
HDFCSENSEX,EQ,90.9,3.77,965.66,0.76,0.67
SSEGL,SM,359.95,1.88,935.1,0.18,0.67
GANESHIN,SM,77.25,2.45,330.02,0.86,0.67
NAHARSPING,EQ,197.16,4.12,711.06,0.34,0.66
CENTRUM,EQ,21.69,0.65,996.83,3.06,0.66
CAPITALSFB,EQ,251.45,0.84,1142.05,0.27,0.66
TIL,EQ,197.5,2.71,1315.39,0.34,0.66
GFLLIMITED,EQ,44.25,3.61,486.09,1.51,0.65
KAYA,EQ,316,1.27,479.93,0.21,0.65
SGBJAN29X,GB,15752.01,0.72,1912.37,0,0.65
20MICRONS,EQ,167.25,2.12,590.17,0.39,0.65
JAYSREETEA,EQ,80.85,8.44,233.47,0.82,0.64
GROWWMETAL,EQ,11.2,1.27,34.17,5.75,0.64
AGRITECH,BE,108,2.81,64.15,0.61,0.64
DCMSRIND,EQ,36,4.47,313.17,1.81,0.64
LIBERTSHOE,EQ,227.5,2.37,387.66,0.29,0.64
PDMJEPAPER,EQ,76.2,0.77,723.52,0.83,0.64
ARROWGREEN,EQ,382,3.26,576.36,0.17,0.64
SATIA,EQ,62.28,1.58,622.8,1.02,0.63
SAURASHCEM,EQ,62.37,1.45,694.1,1.01,0.63
CONSUMIETF,EQ,114.96,1.23,53.43,0.55,0.63
LIKHITHA,EQ,148.5,3.25,585.83,0.42,0.63
HILINFRA,EQ,51.2,4.34,367.21,1.23,0.63
GPECO,SM,328.5,0.86,388.64,0.18,0.61
CYBERTECH,EQ,106.78,4.39,332.41,0.58,0.61
EVINDIA,EQ,29.37,1.56,150.66,2.1,0.61
MANCREDIT,EQ,171,2.21,361.05,0.36,0.61
BANKBETA,EQ,58.71,1.61,3806.75,1.04,0.61
GROWWMOM50,EQ,10.17,2.01,22.33,6.01,0.61
OCCLLTD,EQ,85,9.28,424.58,0.73,0.6
ORIENTPPR,EQ,16.72,0.36,354.77,3.54,0.6
CHANDAN,SM,253,0.94,618.64,0.23,0.59
TVTODAY,EQ,112.25,0.82,669.78,0.53,0.59
BSE500IETF,EQ,37.8,1.45,334.62,1.57,0.59
PONNIERODE,EQ,277.95,2.15,238.99,0.21,0.59
BLUSPRING,EQ,49,0.31,730.75,1.19,0.59
WOMANCART,SM,172.8,4.47,121.13,0.34,0.59
AFFORDABLE,EQ,173,1.75,194.56,0.34,0.58
CREST,EQ,348,5.5,990.05,0.17,0.58
QUAL30IETF,EQ,20.4,1.04,161.78,2.87,0.58
SGBAPR28I,GB,15806,0.83,2802.2,0,0.58
REMUS,SM,603,3.46,710.58,0.1,0.58
COMSYN,EQ,156.9,2.55,626.85,0.38,0.58
SML100CASE,EQ,9.45,3.39,44.06,6.24,0.58
MOENERGY,EQ,36.28,0.81,52.53,1.6,0.58
MUNJALAU,EQ,76,3.58,760,0.77,0.58
LOWVOL1,EQ,20.56,0.15,167.79,2.79,0.58
KICL,EQ,4750.5,0.86,2073.74,0.01,0.57
SGBOC28VII,GB,15813,1.07,2940.46,0,0.57
MINDTECK,EQ,192.1,2.63,613.84,0.3,0.57
NILASPACES,EQ,13.2,2.48,519.93,4.28,0.57
MANBA,EQ,113.25,0.55,568.96,0.5,0.57
SJLOGISTIC,SM,284.95,1.12,435.78,0.2,0.57
GTPL,EQ,63.9,5.55,718.64,0.9,0.57
NV20BEES,EQ,145.99,0.92,147.96,0.39,0.56
AXISBNKETF,EQ,585.41,1.79,399.15,0.1,0.56
INDIANHUME,EQ,318.6,4.92,1678.44,0.18,0.56
MONQ50,EQ,95.9,1.62,140.73,0.59,0.56
EXCELINDUS,EQ,912.9,4.11,1147.58,0.06,0.56
SHANKARA,EQ,104,2.27,252.19,0.53,0.56
VILAS,SM,353.65,3.33,865.74,0.16,0.55
MIDCAP,EQ,16.7,1.89,174.2,3.35,0.55
PSUBANKADD,EQ,90.2,1.7,236.07,0.61,0.55
SGBAUG30,GB,15940,0.71,5356.49,0,0.55
GOACARBON,EQ,335,3.16,306.56,0.17,0.54
BROOKS,EQ,62.3,6.57,183.52,0.88,0.54
NEXT50BETA,EQ,72.6,2.3,2210.43,0.75,0.54
AARVI,EQ,133.8,7.87,198.17,0.41,0.54
ZODIAC,EQ,232,4.7,350.87,0.23,0.54
PVP,EQ,26.3,1.43,684.86,2.04,0.54
ACCENTMIC,SM,341,1.19,818.03,0.16,0.54
IGCL,EQ,63,0.3,398.31,0.85,0.54
CHEMCON,EQ,157,2.51,575.1,0.34,0.53
EMKAY,EQ,220.6,2.22,571.59,0.24,0.53
SYSTANGO,SM,254.5,8.92,373.32,0.22,0.53
EVERESTIND,EQ,379.95,1.51,602.44,0.14,0.53
TREJHARA,EQ,170.45,2.32,400.65,0.31,0.53
HDFCNIF100,EQ,26.75,4.98,76.74,2.07,0.53
VINSYS,SM,321,1.33,471.16,0.17,0.53
96IIFL28,N5,998.69,0.37,382.32,0.05,0.53
TNIDETF,EQ,79.9,0.59,158.82,0.66,0.53
AVROIND,EQ,133.89,4.98,178.22,0.39,0.53
OMAXE,EQ,74.98,2.64,1371.39,0.7,0.52
MOMOMENTUM,EQ,60.98,2.26,120.65,0.86,0.52
VERTOZ,EQ,42.6,4.18,363.08,1.23,0.51
NIFTYADD,EQ,254.56,1.01,209.55,0.2,0.51
SANATHAN,EQ,403,1.79,3401.48,0.13,0.51
OSELDEVICE,SM,499,2.47,882.96,0.1,0.51
PARTH,SM,279,3.47,381.34,0.18,0.5
BIRLAMONEY,EQ,124,2.31,700.71,0.41,0.5
SGBD29VIII,GB,15860,1.15,3934.06,0,0.5
SYSTMTXC,EQ,70.19,2.39,958.36,0.71,0.5
BELLACASA,EQ,262,2.68,350.75,0.19,0.5
MAANALU,BE,132,3.89,791.8,0.38,0.49
PYRAMID,EQ,149,1.96,548.09,0.33,0.49
ARCIIL,SM,50.1,9.99,51.59,0.94,0.49
IVZINGOLD,EQ,13905,0.66,777.52,0,0.49
BANKADD,EQ,58.29,1.78,692.66,0.84,0.49
SESHAPAPER,EQ,259,0.25,1633.46,0.19,0.49
AFSL,EQ,204.77,1.86,1037.34,0.24,0.49
HDFCMOMENT,EQ,30.48,2.28,121.35,1.6,0.48
SGBJAN29IX,GB,15849,1.33,4548.48,0,0.48
SETF10GILT,EQ,260.75,0.45,3266.13,0.18,0.48
ARIHANTSUP,EQ,237.1,0.19,1025.46,0.2,0.47
SRHHYPOLTD,EQ,436.55,3.26,749.33,0.11,0.47
AONETOTAL,EQ,11.3,1.53,41.3,4.2,0.47
NOVAAGRI,EQ,28.16,2.18,260.54,1.66,0.47
ELM250,EQ,15.97,2.11,128.3,2.96,0.47
ABSLBANETF,EQ,58.38,2.13,2744.65,0.8,0.47
ESTER,EQ,96.5,2.85,941.71,0.49,0.47
KABRAEXTRU,EQ,238.9,1.29,835.5,0.19,0.47
PRIMESECU,EQ,277,1.52,939.04,0.17,0.47
MANILAM,ST,55.7,5,121.69,0.84,0.46
BIRLACABLE,EQ,136.71,2.98,410.13,0.34,0.46
CLEDUCATE,EQ,51.9,3.97,281.42,0.92,0.46
AARTISURF,EQ,360.75,2.92,305.37,0.13,0.46
RBMINFRA,SM,334,0.74,337.44,0.14,0.46
DELAPLEX,SM,106.9,9.75,97.39,0.43,0.46
SGBJUN28,GB,15761,0.58,3764.24,0,0.46
KUANTUM,EQ,82.9,1.92,723.42,0.56,0.46
3IINFOLTD,EQ,13.2,1.62,273.76,3.5,0.46
VRAJ,EQ,115,0.67,379.3,0.4,0.46
SGBSEP29VI,GB,15835.1,0.92,5574.5,0,0.46
HESTERBIO,EQ,1475.4,1.6,1255.1,0.03,0.46
SHANTIGEAR,EQ,450,1.47,3452.21,0.1,0.45
HARSHA,EQ,355.8,0.3,3239.35,0.13,0.45
GROWWHOSPI,EQ,47.9,0.38,22.1,0.93,0.45
KESORAMIND,BE,8.5,2.78,264.06,5.35,0.44
TARACHAND,EQ,58.6,2.66,461.91,0.74,0.44
PVTBANKADD,EQ,27.6,2.11,501.19,1.6,0.44
CPEDU,EQ,181.69,0.69,330.55,0.24,0.44
DENORA,EQ,712,1.47,377.97,0.06,0.44
BPL,EQ,51.69,1.97,253.16,0.85,0.44
EXCEL,EQ,1.08,9.09,152.36,41.27,0.44
UFO,EQ,67.25,0.7,261.03,0.66,0.44
MEGASTAR,EQ,235,4.79,265.4,0.19,0.44
KRONOX,EQ,114.2,3.84,423.73,0.38,0.43
EBBETF0433,EQ,1279.99,0.29,6420.42,0.03,0.43
SHREERAMA,EQ,49.95,4.89,666.67,0.88,0.43
ABSMARINE,SM,171.9,3.62,422.01,0.25,0.42
CONSUMER,EQ,10.7,2.1,44.26,3.97,0.42
SGBFEB29XI,GB,15751,0.69,1934.09,0,0.42
SARLAPOLY,EQ,81,2.2,676.37,0.52,0.42
ATL,EQ,23.75,1.11,693.17,1.76,0.42
SANGINITA,BE,12.98,4.93,33.62,3.28,0.42
GEECEE,EQ,271.2,3.99,567.13,0.15,0.42
SANGAMIND,EQ,435,3.2,2185.73,0.1,0.41
FORGEAUTO,SM,80,0.63,87.36,0.52,0.41
SOTL,EQ,355,2.88,2433.89,0.12,0.41
SHRIAHIMSA,SM,230,0.41,538.91,0.18,0.41
SAHASRA,SM,243,2.49,607.32,0.17,0.41
MALLCOM,EQ,1076,2.77,671.42,0.04,0.41
INDOBORAX,EQ,247.5,1.64,794.23,0.17,0.41
MEDICO,EQ,40.88,1.57,339.24,0.98,0.4
GGBL,SM,276.45,0.91,685.62,0.14,0.4
PRIZOR,ST,388.65,4.94,415.51,0.1,0.4
RKEC,EQ,41.5,6.19,107.16,0.95,0.4
SGBNV29VII,GB,15826,1.12,5140.66,0,0.4
RPPINFRA,EQ,70.2,1.93,348.09,0.57,0.39
RAPPID,SM,249,6.41,129.28,0.16,0.39
SAAKSHI,SM,183.55,2.66,324.08,0.22,0.39
KOHINOOR,EQ,24.73,0.08,91.68,1.58,0.39
MIDSELIETF,EQ,17.15,2.57,90.2,2.31,0.39
LTGILTCASE,EQ,30.04,0.64,104.39,1.3,0.39
EVIETF,EQ,31.2,8.15,49.11,1.32,0.39
PURPLEUTED,SM,289,2.48,277.72,0.13,0.39
BUTTERFLY,EQ,597.55,2.13,1068.39,0.06,0.39
HITECHCORP,EQ,132.5,11.77,227.58,0.3,0.38
SGBMAR31IV,GB,16101,1.64,5686.21,0,0.38
KAVDEFENCE,BE,62.9,1.93,216.21,0.61,0.38
MON50EQUAL,EQ,32.21,1.07,100.27,1.19,0.38
BLAL,EQ,176.82,1.06,736.36,0.22,0.38
WEL,EQ,140.1,0.25,1877.45,0.27,0.38
SGBJUN29II,GB,15796,0.99,2998.83,0,0.38
NECLIFE,EQ,11.4,0.97,221.46,3.3,0.37
VETO,EQ,100.8,1.59,192.68,0.37,0.37
MAKEINDIA,EQ,156.47,1.96,246.37,0.24,0.37
SADBHAV,BE,8.72,4.93,149.61,4.55,0.37
SUMEETINDS,EQ,30,3.63,1578.98,1.25,0.37
FAIRCHEMOR,EQ,551.4,1.15,694.54,0.07,0.37
HMAAGRO,EQ,24.9,3.28,1246.92,1.51,0.37
SMALLADD,EQ,15.46,2.25,2.49,2.42,0.37
BIGBLOC,EQ,50.1,1.85,709.29,0.72,0.37
UGARSUGAR,EQ,37.95,1.58,426.94,0.97,0.37
AXISVALUE,EQ,32.6,1.09,27.28,1.12,0.36
BRIGHOTEL,EQ,58.35,0.69,2216.38,0.62,0.36
CHEMICAL,EQ,27.5,1.74,50.61,1.33,0.36
DIGISPICE,EQ,17.8,3.85,417.36,2.09,0.36
BAJAJINDEF,EQ,229,4.11,732.8,0.16,0.36
STCINDIA,EQ,110.8,3.27,664.8,0.33,0.36
BASML,EQ,20.65,2.33,165.04,1.73,0.36
NAGAFERT,EQ,4.27,4.15,255.37,8.18,0.36
TAURIAN,SM,201.95,1.71,179.4,0.18,0.35
TOTAL,EQ,59.6,3.17,96.12,0.6,0.35
GATECH,EQ,0.49,8.89,54.03,73.71,0.35
NARMADA,EQ,31.94,3.07,121.17,1.11,0.35
UTSSAV,SM,196,1.87,466.83,0.18,0.35
SICALLOG,BE,66,1.54,430.64,0.53,0.35
SGBJAN30IX,GB,15880,1.23,3705.1,0,0.35
CCCL,EQ,15.75,2.81,703.65,2.23,0.35
TEXINFRA,EQ,92,2.37,1172.32,0.38,0.35
NATHBIOGEN,EQ,150,7.47,285.06,0.24,0.35
MAHICKRA,SM,205.8,3.44,167.15,0.17,0.35
76NHAI31,NA,1155,0.19,3089.93,0.03,0.34
AARON,EQ,148.8,1.22,311.68,0.23,0.34
DVL,EQ,214.25,1.53,750.41,0.16,0.34
SHEMAROO,EQ,97,1.49,265.01,0.35,0.34
MBLINFRA,EQ,25,2.29,381.32,1.35,0.33
NEPTUNE,ST,206.4,1.18,467.57,0.16,0.33
MARC,SM,63,0.24,109.07,0.52,0.33
PUNJABCHEM,EQ,1073.5,0.8,1316.35,0.03,0.33
DELTIC,SM,38.5,4.05,58.87,0.89,0.33
VIKASECO,EQ,1.31,0.77,231.7,25.55,0.33
PRIMECAB,SM,75.5,0.87,138.35,0.43,0.33
KRISHIVAL,EQ,316.3,1.66,810.62,0.1,0.33
EGOLD,EQ,159.05,0.79,1489.47,0.2,0.32
GROWWNIFTY,EQ,9.78,1.03,20.55,3.33,0.32
MIRZAINT,EQ,31.55,1.61,436.03,1.02,0.32
BBETF0432,EQ,1321.19,0.36,10677.96,0.02,0.32
ESSARSHPNG,EQ,25.4,2.88,525.72,1.27,0.32
MMP,EQ,224.5,0.46,570.29,0.14,0.32
BANKPSU,EQ,90.79,2.48,63.61,0.35,0.32
ATLANTAA,EQ,38.5,1.4,313.77,0.82,0.32
SGBN28VIII,GB,15760,0.74,2479.77,0,0.32
DONEAR,EQ,90.5,2.84,470.6,0.35,0.32
SHARIABEES,EQ,465.65,0.46,49.48,0.07,0.32
APCOTEXIND,EQ,366.85,1.34,1901.93,0.09,0.32
RSWM,EQ,146,3.31,687.68,0.22,0.32
MAZDA,EQ,192.52,1.37,385.52,0.16,0.32
MONEYBOXX,EQ,68.05,1.1,445.11,0.46,0.31
AAATECH,EQ,94.73,5,121.51,0.34,0.31
OMAXAUTO,EQ,104.49,4.53,223.31,0.3,0.31
MAWANASUG,EQ,79.3,2.16,310.2,0.39,0.31
XTGLOBAL,EQ,34.6,4.37,464.07,0.89,0.31
OBSCP,SM,305,1.51,745.8,0.1,0.31
MODISONLTD,EQ,129.3,1.78,419.58,0.24,0.31
KCEIL,SM,120,2.61,146.69,0.26,0.3
THEINVEST,EQ,99.5,5.94,519.81,0.31,0.3
TRANSWORLD,EQ,133,3.62,292.04,0.23,0.3
BHARATGEAR,EQ,103,7.01,158.16,0.3,0.3
ALICON,EQ,712.25,1.26,1163.59,0.04,0.3
KCPSUGIND,EQ,23,1.14,260.79,1.31,0.3
82IGT31,NJ,1085.1,0.74,650.17,0.03,0.3
GOKUL,EQ,40.4,0.95,399.94,0.73,0.3
ATMASTCO,SM,140.8,0.04,348.26,0.21,0.29
SGBDE30III,GB,16010,1.07,4500.43,0,0.29
NDL,EQ,2.52,4.56,363.25,12,0.29
VINYLINDIA,EQ,202.48,1.47,371.29,0.14,0.29
SASTASUNDR,EQ,283,4.43,900.24,0.1,0.29
EQUAL50ADD,EQ,333,1.6,1133.25,0.09,0.29
SIGMA,EQ,39.25,4.36,403.39,0.73,0.28
NECCLTD,EQ,14.15,8.85,141.5,2,0.28
DBEIL,EQ,71,0.62,330.72,0.39,0.28
SAHAJSOLAR,SM,110.2,0.09,242.13,0.25,0.28
PLAZACABLE,EQ,36.8,3.6,161.01,0.78,0.28
PRAXIS,EQ,6.67,1.99,123.94,4.18,0.28
KOKUYOCMLN,EQ,77.3,1.95,775.35,0.35,0.28
WEALTH,EQ,984,1.11,1048.45,0.03,0.27
BRNL,EQ,18.7,5.06,156.99,1.52,0.27
SCHAND,EQ,151.01,1.68,532.65,0.18,0.27
SUKHJITS,EQ,174,1.64,543.65,0.16,0.27
IPHL,SM,64,19.63,159.93,0.46,0.27
AURIGROW,BE,0.22,4.76,32.48,135.59,0.27
DEVIT,EQ,28.35,5.51,159.71,1.02,0.27
DSFCL,EQ,27.54,4.71,239.58,1,0.27
BCONCEPTS,EQ,245,3.09,305.81,0.11,0.27
FMNL,EQ,8.08,0.5,49,3.31,0.27
ALANKIT,EQ,7.77,0.78,210.69,3.42,0.27
HARRMALAYA,EQ,180.2,1.72,332.57,0.15,0.27
NEPHROCARE,SM,71.7,7.34,118.21,0.38,0.27
PVSL,EQ,94.46,1.42,672.54,0.28,0.26
INDORAMA,EQ,34.14,0.71,891.44,0.77,0.26
GROWWRLTY,EQ,8.42,0.6,11.71,3.16,0.26
SKP,SM,155.75,2.43,258.55,0.17,0.26
VASWANI,EQ,55.09,1.57,172.69,0.48,0.26
SAKUMA,EQ,1.65,0.61,258.67,15.45,0.26
VMSTMT,EQ,42.82,3.5,212.52,0.61,0.26
NAHARCAP,EQ,221,1.83,370.09,0.11,0.25
MOALPHA50,EQ,48.91,1.56,5.72,0.51,0.25
SLONE,SM,205.4,3.14,108.23,0.12,0.25
NILAINFRA,EQ,7.38,2.22,290.69,3.37,0.25
SACHEEROME,ST,380,4.99,850.17,0.07,0.24
INTLCONV,EQ,74.35,2,474.21,0.33,0.24
MAHEPC,EQ,114.94,2.57,321.17,0.21,0.24
VIGOR,SM,51.5,5.1,53.31,0.48,0.24
KAMOPAINTS,EQ,4.28,3.13,134.54,5.71,0.24
JAIPURKURT,EQ,31.3,5.92,59.75,0.77,0.24
ISFT,EQ,69.65,3.45,113.61,0.35,0.24
GROWWSC250,EQ,8.91,2.06,13.13,2.7,0.24
GANDHITUBE,EQ,830,3.43,1008.62,0.03,0.24
MONEXT50,EQ,67.1,2.6,2.11,0.36,0.24
GCHOTELS,SM,103.8,0.83,258.66,0.23,0.24
WTICAB,SM,106.2,0.24,252.88,0.21,0.24
GROWWCAPM,EQ,9.76,2.95,21.55,2.42,0.23
MOTOUR,EQ,73.2,3.04,8.6,0.32,0.23
ALMONDZ,EQ,14.77,3.94,256.48,1.61,0.23
ABSLPSE,EQ,10.54,0.76,22.98,2.2,0.23
TIPSFILMS,EQ,340.35,0.44,147.13,0.07,0.23
BALAXI,EQ,20.4,9.21,112.62,1.18,0.23
ESCONET,SM,122,3.57,160.99,0.19,0.23
CENTEXT,EQ,20.4,1.14,163.2,1.1,0.23
GLOBECIVIL,EQ,47.08,1.47,281.16,0.48,0.22
EQUAL50,EQ,322.01,1.39,140.96,0.07,0.22
NIF100IETF,EQ,28.15,2.33,154.99,0.8,0.22
PRIMO,EQ,17.39,1.81,421.43,1.29,0.22
FRESHARA,ST,186.3,4.99,437.79,0.12,0.22
MOMIDMTM,EQ,60.58,1.49,26.82,0.36,0.22
MEGATHERM,SM,203,2.22,382.47,0.11,0.22
HCL-INSYS,EQ,12.29,0.66,404.6,1.78,0.22
SBIETFPB,EQ,277,1.84,405.5,0.08,0.22
IFGLEXPOR,EQ,155,0.19,1117.22,0.14,0.22
SGBJUN30,GB,15893.11,0.41,4065.24,0,0.22
PARIN,SM,711,3.35,790.49,0.03,0.21
VHL,EQ,3070,0.25,979.8,0.01,0.21
JAYESH,SM,152.75,5.13,132.76,0.14,0.21
DHARAN,BZ,0.16,6.67,83.66,141.49,0.21
SSDL,EQ,59.34,0.78,234.99,0.35,0.21
OSWALAGRO,EQ,44,3.26,590.63,0.48,0.21
GULFPETRO,EQ,31.15,1.8,158.82,0.68,0.21
GROWWNET,EQ,8.5,1.55,24.33,2.49,0.21
CTE,EQ,25.9,0.43,50.84,0.82,0.21
HDFCPVTBAN,EQ,27.65,1.99,737.64,0.76,0.21
FOCUS,EQ,65.34,0.45,440.69,0.32,0.21
EMMBI,EQ,81.1,0.78,156.04,0.25,0.21
KAYTEX,SM,78.55,0.26,115.46,0.26,0.21
SGBMAY26,GB,15839.89,1.21,1030.13,0,0.21
GTL,EQ,6.96,6.26,109.48,3.04,0.21
ADROITINFO,EQ,9.79,0.31,53.04,2.1,0.21
UNITEDTEA,EQ,526.9,5.7,263.27,0.04,0.21
MACOBSTECH,SM,211.5,1.68,207.17,0.1,0.2
PILITA,EQ,8.22,4.45,193.17,2.54,0.2
SPENCERS,EQ,31.94,2.87,287.88,0.63,0.2
ZEEMEDIA,BE,8.03,0.63,502.22,2.48,0.2
TREL,EQ,24.3,1.12,597.04,0.79,0.2
MHHL,SM,36.4,4.6,66.38,0.58,0.2
NIFTYQLITY,EQ,20.7,1.47,26.3,0.95,0.2
MUNJALSHOW,EQ,125.1,1.39,500.16,0.16,0.2
SILGO,EQ,75,5.19,239.89,0.26,0.2
SILINV,EQ,420,3.55,445.03,0.05,0.19
VLSFINANCE,EQ,236.2,1.2,741.16,0.08,0.19
SGBAUG27,GB,15789,1.2,1618.12,0,0.19
GSMFOILS,SM,204.5,3.05,288.2,0.1,0.19
KRISHCA,SM,179,3.8,258.48,0.11,0.19
CNL,EQ,630.5,0.32,946.8,0.03,0.19
ROCKINGDCE,ST,194,3.22,109.78,0.1,0.19
ADDICTIVE,SM,94.9,0.64,150.98,0.2,0.19
MGEL,EQ,10.3,5.32,339.44,1.89,0.19
BALKRISHNA,EQ,13.29,0.38,42.82,1.44,0.19
GENUSPAPER,EQ,11.75,1.56,302.12,1.62,0.19
NAHARPOLY,EQ,234,4.85,575.36,0.08,0.19
LAKSHYA,SM,110,10,110.92,0.18,0.19
ABSLNN50ET,EQ,70.71,1.87,97.86,0.27,0.19
901NHB34,N6,6190,0.04,824.16,0,0.19
RUCHIRA,EQ,104,2.89,310.39,0.18,0.19
ELIQUID,EQ,1021.63,0.01,36.32,0.02,0.19
FLEXIADD,EQ,9.6,1.16,11.49,1.98,0.19
PHANTOMFX,SM,196.95,0.84,313.6,0.1,0.19
CSSL,SM,110,0.09,264.52,0.17,0.19
LORDSCHLO,EQ,123,2.07,309.39,0.15,0.19
IVC,EQ,7.01,0.29,220.14,2.66,0.19
GEEKAYWIRE,EQ,21.69,2.5,226.7,0.88,0.19
SIKKO,EQ,4.75,3.04,207.48,3.92,0.18
VISHNUINFR,SM,161,0.91,396.22,0.12,0.18
AXISHCETF,EQ,151.58,0.77,22.81,0.12,0.18
TOKYOPLAST,EQ,74.6,1.46,70.88,0.25,0.18
HLVLTD,EQ,7.63,2.28,503.02,2.42,0.18
ARHAM,SM,129.95,4.13,219.88,0.14,0.18
KKJEWELS,SM,89.7,5.53,94.05,0.21,0.18
NIFTY100EW,EQ,33.04,1.26,8.41,0.56,0.18
AXITA,BE,8.75,1.16,334.73,2.08,0.18
NIRAJ,EQ,27.72,0.54,165.47,0.66,0.18
SECURKLOUD,EQ,21.95,9.48,73.34,0.84,0.18
QNIFTY,EQ,265.7,0.9,79.48,0.07,0.18
TECHLABS,SM,235.05,4.98,406.19,0.08,0.18
ABAN,BE,24.58,5,143.46,0.73,0.18
SRD,EQ,52,6.67,332.63,0.35,0.18
SURANAT&P,EQ,17.05,0.95,231.47,1.04,0.18
SBIETFQLTY,EQ,214.73,1.14,73.44,0.08,0.18
INM,SM,173,4.69,242.04,0.1,0.18
UCAL,EQ,99.8,0.09,220.69,0.17,0.18
PRITIKAUTO,EQ,12.7,3.08,211.47,1.39,0.18
SHAHALLOYS,EQ,57.99,2.19,114.81,0.31,0.17
LICNETFGSC,EQ,28.99,0.59,2311.88,0.6,0.17
PRITI,EQ,35.6,0.56,47.54,0.48,0.17
JKIPL,EQ,54.7,2.59,209.97,0.31,0.17
SRGHFL,EQ,251.25,0.46,394.51,0.07,0.17
SPCL,SM,76.4,1.33,184.24,0.22,0.17
PANACHE,BE,316.2,2.33,506.36,0.05,0.17
LATTEYS,EQ,19.97,0.96,114.82,0.84,0.17
INDTERRAIN,EQ,29.97,1.94,151.85,0.56,0.17
DHRUV,EQ,32.1,4.73,60.88,0.54,0.17
AVTNPL,EQ,60.7,1.07,924.36,0.28,0.17
GICL,BE,45.58,1.38,510.29,0.37,0.17
TBI,SM,64,1.03,116.21,0.26,0.17
TRIGYN,EQ,48.4,0.75,149,0.34,0.17
SHEETAL,ST,238.5,2.4,273.23,0.07,0.17
CHAMUNDA,SM,47,8.29,51.72,0.36,0.16
ECAPINSURE,EQ,23.3,1.3,15.57,0.71,0.16
KOTHARIPRO,EQ,62.51,0.73,373.11,0.26,0.16
KRITI,EQ,81,1.43,426.84,0.2,0.16
PRAKASHSTL,EQ,4.26,3.4,74.55,3.89,0.16
PTL,EQ,37.65,1.67,498.4,0.43,0.16
VIRINCHI,EQ,19.01,0.85,195.13,0.83,0.16
JAYAGROGN,EQ,185.2,1.89,555.6,0.09,0.16
MCON,ST,44.35,3.26,32.5,0.36,0.16
AYMSYNTEX,EQ,191.2,0.05,1120.07,0.08,0.16
DPWIRES,EQ,137,0.51,212.36,0.12,0.16
KDL,ST,132.4,5,159.2,0.12,0.16
MNC,EQ,31.6,2.13,42.2,0.5,0.16
RBS,SM,76.75,0.33,175.46,0.2,0.15
VIESL,SM,240,0.42,591.42,0.06,0.15
HDFCBSE500,EQ,35.93,1.41,20.96,0.42,0.15
HIGREEN,SM,125.85,1.21,314.5,0.12,0.15
PUSHPA,SM,87.6,3.55,212.19,0.17,0.15
TCL,SM,90,3.33,219.07,0.17,0.15
CONS,EQ,11.45,0.7,33.67,1.31,0.15
GVKPIL,BE,2.69,1.89,424.65,5.61,0.15
REFRACTORY,SM,37.8,5,82.4,0.41,0.15
CUDML,SM,101,1.2,178.22,0.15,0.15
935TSI32,N0,105817.53,0.76,1322.09,0,0.15
EXXARO,EQ,6.9,1.17,308.71,2.16,0.15
APOLSINHOT,EQ,1180,1.9,306.85,0.01,0.15
STARPAPER,EQ,136,2.37,212.27,0.11,0.15
737GS2028,GS,105.5,0.09,79125,0.14,0.15
SALONA,EQ,276.1,3.02,145.29,0.05,0.15
UNITEDPOLY,EQ,26.22,4.96,601.79,0.55,0.14
ZEELEARN,EQ,5.52,2.6,180.54,2.62,0.14
MIDCAPADD,EQ,21,1.2,5.04,0.68,0.14
MASON,SM,154.7,5.42,370.35,0.1,0.14
MADHAVBAUG,SM,212,0.62,222.89,0.07,0.14
SHYAMDHANI,SM,71.9,4.2,148.52,0.2,0.14
HMVL,EQ,61.6,1.4,453.82,0.23,0.14
ORIENTCER,EQ,37.33,4.19,446.61,0.38,0.14
BHANDARI,EQ,2.56,0.79,61.45,5.43,0.14
BVCL,EQ,40.34,0.65,89.39,0.36,0.14
SUDARCOLOR,EQ,338.25,1.59,780.74,0.04,0.14
SGIL,EQ,507,1.13,788.03,0.03,0.14
AJOONI,EQ,4.52,2.26,77.85,3.11,0.14
KOTARISUG,EQ,25,0.24,207.22,0.56,0.14
PRECISION,SM,8.8,0.57,20.2,1.58,0.14
SPECIALITY,EQ,102.98,3.27,496.73,0.14,0.14
PLASTIBLEN,EQ,139,2.47,361.25,0.1,0.14
MOKSH,EQ,11.55,0.26,101.93,1.2,0.14
MIDCAPBETA,EQ,212.3,1.16,12.03,0.07,0.14
BANSWRAS,EQ,112.5,2.22,385.11,0.12,0.14
BTML,EQ,7,0.86,126.35,1.95,0.14
ASPINWALL,EQ,220,4.88,172,0.06,0.14
AMEYA,SM,106.5,4.93,79.88,0.13,0.14
MANORG,EQ,418,1.16,357.99,0.03,0.14
SURANASOL,EQ,21.7,1.31,106.78,0.64,0.14
SBGLP,EQ,28.94,6.59,501.87,0.51,0.14
SECMARK,EQ,118,7.32,123.27,0.12,0.14
CROWN,EQ,123.6,5.16,139.37,0.11,0.13
WINSOL,SM,120,3.49,138.42,0.11,0.13
TIGERLOGS,EQ,28.26,1.65,298.78,0.47,0.13
RPPL,EQ,16.15,5.14,119.9,0.83,0.13
SHREEKARNI,SM,400.5,6.3,289.51,0.03,0.13
REPL,EQ,78.62,4.42,142.48,0.17,0.13
EQUAL200,EQ,12.89,1.42,16.39,1.01,0.13
VIJIFIN,EQ,2.4,4.8,34.2,5.44,0.13
MANUFGBEES,EQ,156.71,3.22,11.02,0.08,0.13
BSHSL,EQ,83.88,0.59,880.21,0.15,0.13
764NABAR31,N2,1087.59,0.1,1912.78,0.01,0.13
INDBANK,EQ,32.4,1.35,143.79,0.39,0.13
MANAKSIA,EQ,55.75,1.36,365.35,0.23,0.13
URBAN,SM,132.65,0.04,114.87,0.1,0.13
NETF,EQ,263.08,1.29,716.06,0.05,0.13
VISHWARAJ,EQ,5.22,1.36,113.71,2.42,0.13
GROWWNXT50,EQ,67.44,1.57,7.61,0.19,0.13
CONSOFINVT,BE,232,2.04,749.97,0.06,0.13
690GS2065,GS,95.78,0.96,179108.6,0.13,0.12
FINKURVE,EQ,62.8,1.01,879.52,0.2,0.12
IWARE,ST,263,1.54,281.83,0.05,0.12
ISHANCH,EQ,59,4.78,154.23,0.21,0.12
SETCO,EQ,18.16,1.97,242.92,0.69,0.12
10IIFL28,N4,1039.99,0.58,242.03,0.01,0.12
AMNPLST,EQ,150,0.29,825.3,0.08,0.12
SELECTIPO,EQ,41.03,1.56,17.16,0.3,0.12
RACE,EQ,116,7.08,200.18,0.11,0.12
BHADORA,SM,63.9,2.24,118.85,0.19,0.12
SHRADHA,EQ,33.81,0.93,273.85,0.35,0.12
EFFWA,SM,213.65,3.04,494.54,0.06,0.12
SSFLPP,E1,111,1.83,192.41,0.11,0.12
BLBLIMITED,BE,17.54,1.5,92.73,0.68,0.12
XELPMOC,EQ,124.18,5.09,183.28,0.1,0.12
LAMBODHARA,EQ,101.29,6.02,105.11,0.12,0.12
VINEETLAB,EQ,29.95,0.4,57.52,0.39,0.12
TAINWALCHM,EQ,204.9,6.95,191.87,0.06,0.12
SUNDRMBRAK,EQ,571.1,2.99,224.7,0.02,0.12
AGARWALTUF,SM,96,1.32,169.68,0.12,0.12
FORCAS,SM,102,2.67,179.32,0.11,0.12
BALAJEE,EQ,27.54,2.42,224.65,0.43,0.12
USK,BE,25.7,3.34,142.27,0.46,0.11
DIGIDRIVE,EQ,21.4,4.59,82.52,0.53,0.11
CHEMBONDCH,EQ,135,0.78,363.1,0.09,0.11
BALPHARMA,EQ,69.15,0.06,110.09,0.16,0.11
SANDESH,EQ,947,1.02,716.82,0.01,0.11
RAJMET,EQ,3.71,1.09,102.57,3.03,0.11
741GS2036,GS,105.5,0.95,158250,0.11,0.11
EUROBOND,EQ,162,3.18,396.9,0.07,0.11
MID150,EQ,21.41,1.18,6.91,0.52,0.11
OMFREIGHT,EQ,79,0.43,266.04,0.14,0.11
RICHA,SM,62.85,4.92,84.86,0.19,0.11
VIJAYPD,ST,68.5,3.16,133.77,0.16,0.11
CURRENT,SM,115.5,5,221.16,0.1,0.11
LOVABLE,EQ,68.47,1.87,101.34,0.16,0.11
S&SPOWER,BE,364.95,4.99,450.4,0.03,0.11
BANG,EQ,36.1,8.87,48.95,0.29,0.11
MODINATUR,EQ,276.45,1.54,367.86,0.04,0.11
710GS2029,GS,104.95,0.41,158474.5,0.1,0.11
930APMD34,N0,105063.42,0.1,1050.62,0,0.11
GROWWN200,EQ,11.21,2.37,15.05,0.95,0.1
KEN,SM,39.25,3.29,96.42,0.26,0.1
SGBJU29III,GB,15797.99,0.83,2336.89,0,0.1
DJML,BE,87.95,1.37,290.04,0.12,0.1
NIRMAN,ST,48.7,1.56,39.01,0.21,0.1
DUCON,EQ,3.13,5.39,101.7,3.38,0.1
NIFTYBETF,EQ,248.52,1.11,174.23,0.04,0.1
MASTER,SM,298,1.05,119.2,0.04,0.1
875NHAI29,N6,1088.95,0.24,1295.64,0.01,0.1
930APMD27,N0,101271.32,0.27,1012.7,0,0.1
MKPL,EQ,4.7,1.95,176.42,2.15,0.1
SGBJUL27,GB,15680,0.21,840.36,0,0.1
MOM50,EQ,252.86,1.06,54.36,0.04,0.1
NAVKARURB,EQ,1.05,5,117.82,9.82,0.1
DHARARAIL,SM,112.9,1.26,170.3,0.09,0.1
NRAIL,EQ,433,0.72,736.93,0.02,0.1
SYLVANPLY,SM,50.95,5.05,98.71,0.2,0.1
NEXT50ETF,EQ,67.5,1.46,9.53,0.15,0.1
RUDRA,EQ,17,0.47,170.58,0.57,0.1
RHFL,BZ,2.35,4.91,113.87,4.2,0.1
CHAVDA,SM,96.05,0.84,313.66,0.1,0.1
WELINV,EQ,1300,3.25,475.08,0.01,0.1
LINC,EQ,104,2.23,618.69,0.09,0.1
KANPRPLA,EQ,182,5.97,437.03,0.05,0.09
VGL,EQ,61.1,0.03,314.84,0.15,0.09
SUNDARAM,EQ,1.36,1.49,64.45,6.89,0.09
PENTAGON,SM,63,1.61,48.57,0.15,0.09
HEALTHCARE,EQ,18.83,1.35,8.03,0.49,0.09
IVP,EQ,127,0.62,131.14,0.07,0.09
MOINFRA,EQ,58.22,1.52,2.41,0.16,0.09
TUNWAL,SM,30.75,0.99,177.4,0.3,0.09
MAYASHEEL,SM,51,2,112.45,0.18,0.09
MODTHREAD,EQ,55.95,7.2,194.57,0.17,0.09
DCI,EQ,247,1.33,395.2,0.04,0.09
CMNL,SM,98,2.08,236.52,0.09,0.09
PODDARMENT,EQ,219.96,0.91,233.38,0.04,0.09
GSEC10YEAR,EQ,29.8,0.57,94.36,0.3,0.09
AHLEAST,EQ,161.85,4.98,279.87,0.06,0.09
CHEVIOT,EQ,991.3,0.63,579.11,0.01,0.09
DHUNINV,EQ,869.7,2.07,530.27,0.01,0.09
726GS2033,GS,104,0.2,164320,0.08,0.09
EMMIL,SM,144.95,2.58,164.18,0.06,0.09
INVICTA,SM,68.2,10,85.74,0.13,0.09
BANKBETF,EQ,57.88,1.79,401.1,0.15,0.09
VIVIMEDLAB,EQ,6.9,1.62,57.21,1.24,0.09
ROXHITECH,SM,31.05,1.14,71.22,0.27,0.09
FWSTC,SM,176.9,2.85,180.03,0.05,0.08
ARCHIDPLY,EQ,79.99,9.11,158.9,0.11,0.08
HTMEDIA,EQ,21,2.19,383.58,0.41,0.08
PRECOT,BE,460.95,5,553.14,0.02,0.08
CANARYS,SM,23,0.88,131.55,0.36,0.08
AKSHAR,EQ,0.41,10.81,32.29,21.43,0.08
1065NFL27,NC,1005,0.28,94.76,0.01,0.08
745AP37,SG,102.63,0.01,400.26,0.08,0.08
SGBFEB28IX,GB,15770.99,0.97,640.23,0,0.08
JETFREIGHT,EQ,18.89,2.16,87.66,0.44,0.08
ADVANIHOTR,EQ,52.6,2.73,486.23,0.15,0.08
901HUDCO34,NE,1234,0.02,828.21,0.01,0.08
CPCAP,EQ,90.45,1.54,164.56,0.09,0.08
BEARDSELL,EQ,24,0.46,94.65,0.34,0.08
MDL,SM,51,18.33,90.47,0.16,0.08
NIPPOBATRY,EQ,310.8,3.2,233.1,0.03,0.08
RCOM,BE,0.89,4.71,246.13,8.99,0.08
GROWWPSE,EQ,102.3,0.9,17.33,0.08,0.08
RULKA,SM,93.25,9.58,39.71,0.09,0.08
ROSSELLIND,EQ,45.9,1.44,173.03,0.17,0.08
KRITIKA,EQ,5.96,1.19,158.7,1.32,0.08
MSCIINDIA,EQ,30,1.52,1670.68,0.27,0.08
SUPERHOUSE,EQ,143.4,0.07,158.1,0.05,0.08
INVENTURE,EQ,1.05,0.96,110.25,7.45,0.08
KANORICHEM,EQ,62.5,0.21,273.08,0.12,0.08
ATAM,EQ,58.45,3.45,67,0.13,0.08
A2ZINFRA,BE,16.3,1.12,287.08,0.46,0.08
NIDAN,SM,15.55,0.32,21.61,0.49,0.08
SHRIKANHA,SM,23.85,3.92,37.16,0.32,0.07
GSTL,ST,29.8,1.71,47.5,0.25,0.07
709GS2074,GS,96.81,0.43,152959.8,0.08,0.07
AGROPHOS,EQ,32.5,3.04,65.89,0.23,0.07
GOLDTECH,EQ,39.5,0.92,206.43,0.19,0.07
74GS2062,GS,103.6,0.44,161616,0.07,0.07
SADHAV,SM,102.1,1.9,146.54,0.07,0.07
MOXSH,ST,115,1.59,103.08,0.06,0.07
INCREDIBLE,EQ,34,7.53,159,0.22,0.07
HDFCGROWTH,EQ,117.5,1.61,18.14,0.06,0.07
KRITINUT,EQ,63.43,2.92,317.81,0.12,0.07
RELCHEMQ,EQ,113.5,2.46,85.62,0.06,0.07
BEWLTD,SM,97,3.47,126.81,0.07,0.07
KNAGRI,EQ,184.98,3.83,462.43,0.04,0.07
LICNFNHGP,EQ,272.91,1.31,731.27,0.03,0.07
SUTLEJTEX,EQ,30.5,5.17,499.68,0.23,0.07
AKANKSHA,SM,69.1,0.44,135.3,0.1,0.07
MANAKSTEEL,EQ,57.84,5.34,379.05,0.12,0.07
MODIRUBBER,EQ,114,3.72,285.46,0.06,0.07
NGIL,EQ,24.44,1.12,42.86,0.28,0.07
BSLSENETFG,EQ,82,5.64,285.67,0.09,0.07
SELLOWRAP,SM,72,1.77,98.96,0.1,0.07
PRATHAM,SM,129,0.58,234.94,0.05,0.07
SOMICONVEY,EQ,100.5,0.07,118.39,0.07,0.07
GSEC5IETF,EQ,64.73,0.76,20.64,0.1,0.07
VINNY,EQ,1.05,3.96,48.85,6.32,0.07
INDIANCARD,EQ,199,2.02,118.23,0.03,0.07
LOTUSEYE,EQ,109.49,1.79,227.7,0.06,0.06
DCMFINSERV,EQ,4.69,19.95,8.81,1.38,0.06
SMLT,EQ,69.12,0.93,94.62,0.09,0.06
GLOBE,EQ,2.58,1.57,116.21,2.45,0.06
LICNMID100,EQ,57.43,1.07,608.12,0.11,0.06
709GS2054,GS,97.99,1.58,145025.2,0.06,0.06
MARALOVER,EQ,41.79,4.06,173.46,0.15,0.06
MGSL,SM,76.5,3.38,111.55,0.08,0.06
AERON,SM,89,1.42,151.48,0.07,0.06
AMJLAND,EQ,39.98,5.94,163.92,0.16,0.06
AIRAN,EQ,16,0.44,200.03,0.39,0.06
PATINTLOG,EQ,10.21,4.08,71.05,0.61,0.06
WORTHPERI,EQ,137.5,3.99,216.58,0.05,0.06
YASHOPTICS,SM,105.55,2.43,261.4,0.06,0.06
SAHYADRI,EQ,240,2.39,262.71,0.03,0.06
SGBOCT27VI,GB,15790,1.21,1094.58,0,0.06
READYMIX,SM,101,6.37,110.68,0.06,0.06
12VCCL29B,N0,99500,0.51,54.73,0,0.06
LIQUIDSHRI,EQ,1095.17,0.01,36.73,0.01,0.06
SDREAMS,SM,82.05,1.36,153.62,0.07,0.06
LAXMICOT,BE,13.6,0.22,23.32,0.42,0.06
PROFX,SM,62.9,3.54,110.1,0.1,0.06
ACL,EQ,54.4,3.13,501.42,0.11,0.06
96IIFL28A,NF,996,0.08,326.71,0.01,0.06
INNOVANA,EQ,384,5.48,793.34,0.02,0.06
GLOSTERLTD,EQ,540,0.61,590.94,0.01,0.06
AARTECH,EQ,41.39,4.36,131.5,0.14,0.06
MIDQ50ADD,EQ,233.2,1.89,91.1,0.02,0.06
ZODIACLOTH,EQ,74.8,2.68,205.39,0.08,0.06
SMARTEN,SM,59,1.46,112.1,0.1,0.06
SREEL,EQ,197.73,2.68,457.84,0.03,0.06
TSC,SM,37.65,10.74,52.89,0.16,0.06
769NHAI31,NE,1118,0.09,1260.73,0.01,0.06
ATCENERGY,SM,26.1,2.15,53.21,0.22,0.06
JMA,EQ,83.89,0.01,191.61,0.07,0.05
KHAITANLTD,EQ,93.79,1.11,44.55,0.06,0.05
DRCSYSTEMS,EQ,13.66,3.25,196.82,0.4,0.05
NAHARINDUS,EQ,93.5,3.87,403.97,0.06,0.05
EFACTOR,SM,230,2.72,301.03,0.02,0.05
SGBOCT27,GB,15899.99,1.27,724.68,0,0.05
VHLTD,BE,147.8,0.76,998.82,0.04,0.05
HINDCOMPOS,EQ,413.85,3.31,611.22,0.01,0.05
MURUDCERA,EQ,31.47,2.68,190.54,0.17,0.05
SPECTSTM,SM,68.95,2.3,159.23,0.08,0.05
HECPROJECT,EQ,114,1.4,123.56,0.05,0.05
AARADHYA,SM,111,4.72,156.93,0.05,0.05
MRIL,SM,49,6.87,108.31,0.11,0.05
GOYALALUM,BE,6.4,1.75,91.35,0.82,0.05
CRAYONS,SM,39.9,16.5,97.48,0.14,0.05
SBIMIDMOM,EQ,59.65,1.64,9.56,0.09,0.05
897MOFSL29,N4,1016,0.7,96.66,0.01,0.05
TCIFINANCE,BE,14.3,4.53,18.41,0.36,0.05
ONDOOR,SM,152.05,5.63,85.89,0.03,0.05
HINDCON,EQ,18.61,0.32,95.27,0.27,0.05
NATCAPSUQ,EQ,151.05,1.5,156.88,0.03,0.05
943ECL28,NJ,994.99,0.02,58.83,0.01,0.05
HDFCVALUE,EQ,131.45,0.89,33.67,0.04,0.05
SNXT30BEES,EQ,41.5,4.11,4.75,0.12,0.05
M&MFIN,N3,2295,0.14,61.87,0,0.05
GAYAHWS,EQ,2.29,4.57,54.88,2.17,0.05
ACCPL,SM,68.7,4.97,76.37,0.07,0.05
SOCL,SM,31.5,3.62,42.19,0.16,0.05
SRIVASAVI,SM,48.45,7.67,68.67,0.1,0.05
ANIKINDS,EQ,40.9,0.07,113.51,0.12,0.05
PARAGON,SM,44.2,2.79,86.48,0.11,0.05
GRCL,SM,389.5,3.8,223.5,0.01,0.05
KCK,SM,23.9,1.49,152.01,0.2,0.05
JHS,EQ,9.04,5.61,77.39,0.52,0.05
GVPTECH,EQ,6.27,0.16,115.39,0.74,0.05
AGSTRA,BZ,3.2,3.9,41.1,1.45,0.05
KSR,BE,36.51,1.98,67.1,0.13,0.05
NINSYS,EQ,293.6,0.03,545.39,0.02,0.05
CLASSICEIL,SM,47.5,8.08,85.33,0.1,0.05
892NHPC33,N6,1310,0.91,332.25,0,0.05
DIVIDEND,EQ,35.54,1.46,8.4,0.13,0.04
IIFLZC28,NG,1567.5,0.86,106.82,0,0.04
935LTF29,N5,1169,9.25,129.66,0,0.04
KSHITIJPOL,BE,2.41,4.78,37.17,1.83,0.04
RUBFILA,EQ,63.13,0.41,342.59,0.07,0.04
ELDEHSG,EQ,848.25,0.42,834.08,0.01,0.04
QUALITY30,EQ,20.11,1.72,2.14,0.21,0.04
HBSL,EQ,50,0.02,35.69,0.08,0.04
880IREDA29,N5,1091,0.09,255.89,0,0.04
723GS2039,GS,104,0.53,121680,0.04,0.04
PAR,EQ,93.95,4.19,115.6,0.04,0.04
KRIDHANINF,EQ,2.83,2.17,26.82,1.51,0.04
12AFIL27A,N0,9953.89,1.57,29.86,0,0.04
NEELAM,SM,11.4,3.17,23.05,0.36,0.04
LAGNAM,EQ,69,7.33,121.92,0.06,0.04
SUPERSPIN,EQ,5.6,7.28,30.8,0.71,0.04
MOMENTUM30,EQ,30.4,2.01,5.97,0.13,0.04
SBIETFCON,EQ,114.5,0.89,23.05,0.03,0.04
SHYAMCENT,EQ,4.76,1.28,100.99,0.82,0.04
ODIGMA,EQ,23.95,1.18,74.86,0.16,0.04
TFL,EQ,13.2,2.33,72.75,0.29,0.04
NEWJAISA,SM,18.05,1.12,64.57,0.21,0.04
DHANLAXMI,SM,24.05,0.21,39.27,0.16,0.04
SUNREST,SM,46.4,2.88,19.91,0.08,0.04
RUCHINFRA,EQ,5.65,1.44,133.35,0.68,0.04
BAGFILMS,EQ,5.02,1.62,99.27,0.74,0.04
NAGREEKCAP,EQ,24.89,1.43,31.4,0.15,0.04
GCSL,BE,368,0.55,833.13,0.01,0.04
SGBNOV26,GB,15700,0.13,642.8,0,0.04
AXSENSEX,EQ,80.9,1.29,129.6,0.04,0.04
903SFL28,YI,1050,0.96,52.42,0,0.04
DURLAX,SM,44.7,0.11,74.33,0.08,0.04
610GS2031,GS,100,0.16,148000,0.04,0.04
HEXATRADEX,EQ,162,1.81,894.96,0.02,0.04
BSL,EQ,127.95,0.79,131.69,0.03,0.04
MARCO,SM,35.45,7.42,66.29,0.1,0.04
ESG,EQ,41.02,1.41,104.14,0.09,0.04
EMULTIMQ,EQ,40.19,1.85,34.03,0.09,0.04
EBANKNIFTY,EQ,57.08,0.88,12.79,0.06,0.03
QVCEL,SM,25,4.82,26.13,0.14,0.03
PULZ,SM,28.9,2.48,63.03,0.12,0.03
AMDIND,EQ,38.94,6.63,74.64,0.09,0.03
91D220526,TB,98.93,0.13,15834.51,0.03,0.03
AKIKO,ST,200,0.5,215.39,0.02,0.03
VERTEXPLUS,SM,108,4.8,59.18,0.03,0.03
SHIVAMILLS,EQ,54.07,0.2,46.73,0.06,0.03
LCCINFOTEC,BE,4.93,4.89,62.41,0.65,0.03
INFINIUM,SM,208.1,0.05,324.28,0.01,0.03
SMARTLINK,EQ,117,0.82,116.71,0.03,0.03
HDFCLOWVOL,EQ,20.25,1.35,35.08,0.16,0.03
GROWWMC150,EQ,211.58,2.38,6.08,0.01,0.03
KAUSHALYA,EQ,830.45,0.34,28.76,0,0.03
AMBICAAGAR,EQ,23.8,1.02,40.88,0.13,0.03
GROWWCHEM,EQ,27.48,1.89,7.43,0.11,0.03
FIBERWEB,BE,37.52,0.19,108.03,0.08,0.03
RILINFRA,SM,33,2.96,61.4,0.09,0.03
ACEINTEG,EQ,17,0.29,17.34,0.18,0.03
UHTL,SM,50.5,1,95.97,0.06,0.03
VISHWAS,SM,40.5,2.27,40.5,0.08,0.03
GANGABATH,SM,17,7.59,37.75,0.18,0.03
SGBMAR28X,GB,15752.01,0.49,1192.96,0,0.03
676GS2061,GS,92.5,1.3,131442.09,0.03,0.03
1025SCL34,Z8,990,1.02,14.28,0,0.03
73GS2053,GS,99.76,0.15,194532,0.03,0.03
ABSL10BANK,EQ,170.97,1.7,47.15,0.02,0.03
PEARLPOLY,EQ,17.69,1.67,29.78,0.17,0.03
888ECL28,N1,972.46,0.05,39.79,0,0.03
STEELCITY,EQ,81.86,1.83,123.67,0.04,0.03
ZENITHDRUG,SM,44.5,1.14,76.31,0.06,0.03
MADHUSUDAN,SM,144,3.6,208.37,0.02,0.03
MITCON,EQ,55,3.31,95.8,0.05,0.03
SATTVAENGG,SM,43.8,0.69,76.51,0.06,0.03
21STCENMGM,EQ,34.54,1.89,36.27,0.08,0.03
BANARBEADS,EQ,114,2.24,75.65,0.02,0.03
GRAPHISAD,ST,32.5,1.25,59.4,0.08,0.03
ENIFTY,EQ,24.36,1.08,16,0.11,0.03
ASHOKAMET,EQ,14.42,0.91,36.04,0.19,0.03
ATLASCYCLE,EQ,84.29,0.21,54.82,0.03,0.03
BALAJIPHOS,SM,131.75,1.35,313.26,0.02,0.03
BIOFILCHEM,EQ,30.5,1.33,49.64,0.09,0.03
QUESTLAB,ST,109.8,2.66,179.93,0.02,0.03
719HUDCO28,N7,1029,0.15,112.57,0,0.03
SNXT50BETA,EQ,88.72,2.67,31.63,0.03,0.03
865LTF26,NN,1021.01,0.01,406.55,0,0.03
VISASTEEL,EQ,36.1,4.31,466.74,0.07,0.03
SHREYANIND,EQ,149.16,1.06,206.21,0.02,0.02
AKASH,EQ,24.16,0.58,40.74,0.1,0.02
HDFCQUAL,EQ,56.81,1.39,19.38,0.04,0.02
SFML,SM,26,7.22,64.56,0.1,0.02
LASA,EQ,8,3.36,40.08,0.31,0.02
JIWANRAM,SM,5.1,2,12.62,0.48,0.02
ANMOL,EQ,11.29,0.09,64.26,0.21,0.02
TWCGOLDETF,EQ,157.88,0.39,25.03,0.02,0.02
DGCONTENT,EQ,24.4,0.33,141.98,0.1,0.02
TGBHOTELS,EQ,8.9,0.79,26.06,0.26,0.02
MALUPAPER,EQ,31,1.61,52.88,0.08,0.02
MADHAV,EQ,36.72,2.83,32.85,0.06,0.02
SHERA,SM,115.9,2.79,283.25,0.02,0.02
GTECJAINX,EQ,20.75,7.07,21.14,0.12,0.02
ETML,SM,96,1.05,186.97,0.02,0.02
KLL,SM,40.3,2.54,74.68,0.06,0.02
WINNY,SM,56,14.4,12.15,0.04,0.02
GATECHDVR,EQ,0.45,2.27,8.53,5.16,0.02
IVZINNIFTY,EQ,2761.89,0.96,91.88,0,0.02
865IFL28,NZ,981,0.08,87.22,0,0.02
SURAJLTD,EQ,226.9,1.3,416.68,0.01,0.02
YCCL,SM,10.65,6.5,20.56,0.21,0.02
DEEM,SM,38.6,2.93,32.18,0.06,0.02
842IIFL26,NL,992,0.21,146.07,0,0.02
NAGREEKEXP,EQ,23.73,0.81,74.15,0.09,0.02
GUJRAFFIA,EQ,39.78,0.76,21.5,0.06,0.02
DYNAMIC,SM,109.9,1.29,151.07,0.02,0.02
OPTIVALUE,SM,69,1.77,161.54,0.03,0.02
VICTORYEV,SM,14.5,0.35,34.93,0.15,0.02
EMKAYTOOLS,SM,95.85,1.64,102.28,0.02,0.02
CREATIVEYE,EQ,6.82,9.12,13.68,0.33,0.02
CELEBRITY,EQ,7.98,6.68,47.62,0.28,0.02
LICNETFSEN,EQ,881.18,1.83,726.63,0,0.02
MOTOGENFIN,EQ,20.19,0.5,78.19,0.11,0.02
MAXPOSURE,SM,35,2.79,79.59,0.06,0.02
IDFNIFTYET,EQ,266.7,0.9,3.81,0.01,0.02
GROWWLOVOL,EQ,10.33,1.67,4.38,0.2,0.02
KARMAENG,EQ,37.5,0.54,43.39,0.05,0.02
SIGIND,EQ,45.5,2.36,133.94,0.04,0.02
LOWVOL,EQ,202.59,1.3,46.86,0.01,0.02
WIPL,EQ,152.4,0.22,129.35,0.01,0.02
668GS2033,GS,100.21,0.45,22046.2,0.02,0.02
AKI,EQ,4.95,4.87,51.09,0.41,0.02
DTIL,EQ,131.9,2.69,138.59,0.02,0.02
BANARISUG,EQ,3600,0.13,4514.29,0,0.02
RVHL,EQ,40.45,6.59,248.06,0.05,0.02
BONLON,BE,38,0.58,53.9,0.05,0.02
PARASPETRO,BE,2.15,4.88,71.86,0.89,0.02
ALUWIND,SM,61.9,3.17,153.81,0.03,0.02
AUROIMPEX,SM,29.95,8.91,36.54,0.06,0.02
SHUBHSHREE,SM,308.95,4.73,161.95,0.01,0.02
746GS2073,GS,102.63,0.62,120077.1,0.02,0.02
EFORCE,SM,25.45,3.67,59.55,0.07,0.02
MIEL,SM,15.15,4.84,26.66,0.12,0.02
DELTAMAGNT,EQ,57.61,4.35,62.51,0.03,0.02
AONETMMQ50,EQ,9.61,1.91,6.31,0.19,0.02
71GS2034,GS,104.41,0.58,167056,0.02,0.02
GANGESSECU,EQ,120,2.01,120.04,0.01,0.02
IL&FSTRANS,BZ,2.34,3.54,76.98,0.75,0.02
SGBJUN27,GB,15646.11,0.55,719.39,0,0.02
SUPREME,EQ,53.39,5.74,206.34,0.03,0.02
TROM,SM,58.75,7.9,54.02,0.03,0.02
WHITEFORCE,SM,34.5,4.39,40.02,0.05,0.02
PRUDMOULI,EQ,15.1,0.2,48.7,0.11,0.02
SEMAC,EQ,223,3.42,69.52,0.01,0.02
ASTRON,EQ,4.04,2.28,18.79,0.41,0.02
812REC27,NI,1081,0.09,2335.31,0,0.02
CAPTRUST,BE,12.37,2.91,42.08,0.13,0.02
UYFINCORP,EQ,13.7,3.16,260.63,0.12,0.02
BAWEJA,SM,29,1.05,53.44,0.06,0.02
764IRFC31,NO,1117.5,0.51,1334.64,0,0.02
MOPSE,EQ,103,0.68,1.85,0.02,0.02
NIRAJISPAT,BE,241.9,3.82,14.51,0.01,0.02
985ECL28,NK,1035,0.29,281.65,0,0.02
MOMNC,EQ,30.4,1.67,2.28,0.05,0.02
667GS2050,GS,93.28,0.66,141368.75,0.02,0.02
DAMODARIND,EQ,24.3,2.32,56.62,0.06,0.02
NEXT50ADD,EQ,67.15,1.53,7.53,0.02,0.02
QFIL,SM,51.2,0.39,14.61,0.03,0.02
KANANIIND,EQ,1.37,2.24,27.11,1.11,0.02
LPDC,EQ,5.99,2.57,80.35,0.26,0.02
10NIDO26,N6,1055,0.47,368.41,0,0.02
BLUECOAST,EQ,21,0.05,36.1,0.07,0.02
TARAPUR,EQ,24.45,1.37,47.68,0.06,0.01
JOCIL,EQ,125.6,2.63,111.55,0.01,0.01
HGM,EQ,52,1.01,65.49,0.03,0.01
LAL,EQ,7.09,1.87,122.47,0.2,0.01
SYNOPTICS,SM,49.95,4.94,42.36,0.03,0.01
ADL,EQ,69,4.93,38.41,0.02,0.01
INFRA,EQ,11.07,1.93,7.3,0.13,0.01
SGBJAN27,GB,15799,0.2,384.87,0,0.01
CALSOFT,EQ,12.65,4.2,78.21,0.11,0.01
MADHUCON,EQ,4.47,4.93,32.99,0.32,0.01
VILINBIO,ST,34.65,5,48.34,0.04,0.01
GIRIRAJ,ST,139.4,2.92,333.45,0.01,0.01
IDENTICAL,SM,17.35,6.12,24.34,0.08,0.01
PIONEEREMB,EQ,25.1,0.36,77.33,0.05,0.01
ARCHIES,EQ,14.56,4.6,49.18,0.1,0.01
764HUDCO31,N8,1104,0.56,613.99,0,0.01
MAHESHWARI,EQ,42.1,0.24,124.6,0.03,0.01
SENSEXADD,EQ,80.03,0.77,8.66,0.02,0.01
REXPRO,SM,43.2,0.12,48.41,0.03,0.01
668GS2040,GS,97.5,0.14,156000,0.01,0.01
SILGOPP,E1,30.5,2.25,22.51,0.04,0.01
DOLLEX,SM,31.45,3.45,125.64,0.04,0.01
SAGARDEEP,EQ,24.25,7.44,41.36,0.05,0.01
PALREDTEC,EQ,31.01,4.98,37.93,0.04,0.01
3PLAND,EQ,31.2,2.94,56.16,0.04,0.01
BAFNAPH,EQ,109.99,2.8,260.2,0.01,0.01
TOP20,EQ,8.87,0.68,8.94,0.13,0.01
SWASTIK,SM,16.5,0.92,38.33,0.07,0.01
BABAFP,SM,25.85,3.4,42.2,0.05,0.01
SHANTI,EQ,6.4,0.31,7.11,0.18,0.01
97MOFSL34,N7,1149,0.79,260.79,0,0.01
RETAIL,EQ,21.85,4.9,17.93,0.05,0.01
CYBERMEDIA,EQ,13.9,4.91,28.66,0.08,0.01
MOHITIND,EQ,24.2,2.76,34.26,0.05,0.01
HEALTHADD,EQ,154.4,2.93,13.57,0.01,0.01
ORIENTLTD,EQ,68.9,5.22,68.9,0.02,0.01
AVIANSH,SM,113,1.35,157.94,0.01,0.01
SUVIDHAA,EQ,2.8,0.72,58.75,0.4,0.01
ALKALI,EQ,60.5,1.17,61.6,0.02,0.01
AUSOMENT,BE,99.82,3.73,135.99,0.01,0.01
SGBDC27VII,GB,15800,1.43,1024.32,0,0.01
FALCONTECH,SM,15.5,1.97,8.3,0.07,0.01
COUNCODOS,EQ,4.95,1.64,38.41,0.22,0.01
AEL1212026,NO,1005,4.69,33.46,0,0.01
AXISCETF,EQ,114.13,1.08,12.6,0.01,0.01
PALASHSECU,EQ,89.1,3.34,89.13,0.01,0.01
ANTGRAPHIC,EQ,0.81,3.85,12.56,1.31,0.01
NEUEON,BE,14.44,4.94,81.65,0.07,0.01
IMPEXFERRO,BZ,1.74,4.82,15.3,0.6,0.01
930AEL30,NF,1074.95,1.23,241.04,0,0.01
9SCL26BA,NA,1028,0.88,415.83,0,0.01
1025PATE28,N0,99000,1.54,89.1,0,0.01
12AFIL28,N0,9900,1.8,49.5,0,0.01
DNAMEDIA,EQ,3.39,2.73,39.9,0.3,0.01
0MOFSL26,N1,1166.45,1.7,29.19,0,0.01
KHFM,SM,59.95,7.25,138.55,0.02,0.01
BBNPNBETF,EQ,57.12,1.73,4.21,0.02,0.01
UMIYA-MRO,EQ,82.02,0.32,153.25,0.01,0.01
NDGL,EQ,2420,1.68,242,0,0.01
91D190326,TB,99.83,0.01,27643.92,0.01,0.01
182D260326,TB,99.74,0.39,5984.4,0.01,0.01
MONOPHARMA,SM,11,1.38,19.44,0.08,0.01
364D160726,TB,97.95,0.96,6188.47,0.01,0.01
SHKSIL,SM,43.5,8.75,83.48,0.02,0.01
NPBET,EQ,279.71,2.14,10.74,0,0.01
SANWARIA,BZ,0.2,5.26,14.72,4.48,0.01
HPIL,EQ,123.99,6.34,141.65,0.01,0.01
957IIFLS27,NA,993,0.3,13.05,0,0.01
SPPPOLY,SM,13.5,0.37,20.78,0.06,0.01
LFIC,EQ,131,4.82,39.3,0.01,0.01
99AEL29,N7,1083.99,0.37,139.67,0,0.01
RAJTV,EQ,40,2.56,207.65,0.02,0.01
VLINFRA,SM,26.5,2.12,41.64,0.03,0.01
ABMINTLLTD,BE,45.15,5,42.48,0.02,0.01
826GS2027,GS,103.15,0.07,75740.29,0.01,0.01
NEXT30ADD,EQ,40.9,2.82,43.93,0.02,0.01
WEIZMANIND,EQ,82.19,2.11,127.34,0.01,0.01
ZENITHEXPO,EQ,183,0.34,98.75,0,0.01
743GS2076,GS,101,0.45,26260,0.01,0.01
KREBSBIO,EQ,55.89,7.46,120.5,0.01,0.01
MANDEEP,SM,18.95,4.12,19.59,0.04,0.01
LYPSAGEMS,EQ,4.97,3.11,14.65,0.15,0.01
YUDIZ,ST,29.75,2.59,30.7,0.02,0.01
MOMGF,EQ,153.45,1.7,1.53,0,0.01
LICNETFN50,EQ,271.41,1.51,869.75,0,0.01
SANCO,BZ,2.3,2.22,3.01,0.3,0.01
MOQUALITY,EQ,192.13,0.89,18.2,0,0.01
WEWIN,EQ,42.5,4.27,43.18,0.02,0.01
SGL,EQ,11.35,0.98,30.63,0.05,0.01
850IIFL27,NA,1001.8,1.17,13.62,0,0.01
PSFL,SM,28.5,3.26,56.09,0.02,0.01
NKIND,EQ,62,6.33,37.26,0.01,0.01
DBSTOCKBRO,EQ,25.36,1.4,88.76,0.02,0.01
BBTCL,EQ,170,3.33,348.69,0,0.01
MOSERVICE,EQ,31.19,1.3,5.15,0.02,0.01
TECILCHEM,EQ,12.9,0.78,24.46,0.04,0
GILT5BETA,EQ,65.18,0.85,25.7,0.01,0
TVVISION,BE,5.7,0.71,22.08,0.09,0
CIFCZC26A,N3,1253,0.32,10.46,0,0
774IREDA31,N7,1098,0.24,530.9,0,0
ABHAPOWER,SM,29.05,0.17,54,0.02,0
1015ECL29,NR,1015.5,0.04,112.82,0,0
MFML,EQ,22.5,3.73,23.9,0.02,0
SNEHAA,SM,44.35,0.8,45.14,0.01,0
TIJARIA,BE,4.88,4.27,13.97,0.09,0
LAMOSAIC,SM,24.35,0.62,25.17,0.02,0
ICDSLTD,EQ,39,3.72,50.8,0.01,0
948SCL26A,NN,335,6.23,6.43,0,0
860AEL28,NH,1009,0.1,158.88,0,0
GILT10BETA,EQ,26.04,0.15,23.42,0.02,0
FLFL,BZ,1.23,0.82,24.82,0.33,0
1225IFL27,N0,9750,2.1,19.48,0,0
PANSARI,EQ,297,1.66,518.17,0,0
PNC,EQ,23.41,4.84,33.87,0.02,0
MORARJEE,BZ,6.68,4.87,24.27,0.06,0
KONSTELEC,SM,37,1.09,55.87,0.01,0
CELLPOINT,SM,15.2,8.57,28.4,0.02,0
IIFLZC26,NN,1424.8,1.04,41.76,0,0
MOLOWVOL,EQ,37.14,1.84,65.51,0.01,0
9SCL27,N2,1026.2,1.45,10.69,0,0
GLOBALE,EQ,10.99,4.07,11.67,0.03,0
755GJ31,SG,100.03,0.03,2000.6,0,0
NEXTMEDIA,EQ,5.02,0.4,33.58,0.06,0
105UCL2026,NB,1011,1.67,34.53,0,0
855IREDA29,N2,1120,1.82,137.85,0,0
CIF27,NM,1380,19.69,6.74,0,0
9AEL30,NE,1022,0.29,76.53,0,0
MOIPO,EQ,40.94,1.06,4.71,0.01,0
890SFIL23A,NZ,587.3,0.37,6.94,0,0
ORTEL,BZ,1.62,4.52,5.34,0.17,0
UMESLTD,EQ,4.23,2.67,11.17,0.06,0
CIFC26A,N9,1233.5,0.78,13.93,0,0
CIFCZC26,NF,1210,0.83,13.64,0,0
965SCL25C,N0,445.9,15.82,8.14,0,0
1015SCFL29,YY,1065.6,1.39,16.38,0,0
76IGT26,ND,1063,0.95,102.55,0,0
HAVISHA,EQ,1.46,2.82,22.42,0.14,0
633GS2035,GS,100.49,0.99,452205,0,0
364D260326,TB,99.46,0.46,7225.28,0,0
91D090426,TB,99.36,0.01,8942.4,0,0
91D070526,TB,99,0.14,11325.76,0,0
91D140526,TB,98.92,0.19,14838,0,0
182D230726,TB,97.75,0.1,11730,0,0
SCLZC26G,YA,1211.81,1.15,6.79,0,0
PKTEA,EQ,775.05,0.01,239.95,0,0
SURYALAXMI,EQ,53.5,1.29,100.61,0,0
68GS2060,GS,92.65,0.16,78679.98,0,0
SHYAMTEL,EQ,9.98,5.5,11.25,0.02,0
1018GS2026,GS,109.99,2.51,16498.5,0,0
CINEVISTA,EQ,15.71,1.16,90.23,0.01,0
KEEPLEARN,EQ,1.95,1.04,30.36,0.07,0
BILVYAPAR,BE,6.72,3.54,21.08,0.02,0
PREMIER,BE,2.99,3.82,9.08,0.04,0
84TCHF28,NA,1030,0.78,93.29,0,0
ARVEE,BE,158,3.16,174.12,0,0
1119NFL27,ND,1001,0.1,49.85,0,0
1040UCL27B,N1,996,0.4,34.26,0,0
848NTPC28,N2,1090.3,0.03,272.52,0,0
8SMC29,N1,510,0.39,102,0,0
736GS2052,GS,104,0.48,156000,0,0
692GS2039,GS,100.6,1.36,122732,0,0
182D030426,TB,99.61,0.04,5976.6,0,0
753NTPC30E,NC,1104.16,0.1,53.33,0,0
91D300426,TB,98.99,0.12,16828.3,0,0
364D190227,TB,94.54,0.24,7846.82,0,0
698GR2054,GS,94.25,0.27,28275,0,0
LAKPRE,BZ,4.66,0.65,5.1,0.02,0
CURAA,BE,98.88,4.99,97.89,0,0
SCLZC26B,AY,1271.75,0.08,4.89,0,0
0SCL26,YR,1186.75,0.02,7.53,0,0
AEL120924A,N5,1152.7,2.92,26.73,0,0
1050NFL26,N7,1031,3.62,69.59,0,0
GVPTECHPP,E1,2.89,7.04,6.12,0.02,0
ESENSEX,EQ,78.13,1.28,14.68,0,0
ORTINGLOBE,BE,16.25,0.18,13.21,0,0
79NHIT47,N3,429.94,2.37,644.91,0,0
805NMC31,N3,124.63,0.01,24.93,0,0
WINSOME,BZ,1.73,1.76,12.23,0.01,0
GSEC10ABSL,EQ,111.42,1.47,32.61,0,0
862AEL31,NM,1020,1.14,51.98,0,0
79NHIT40,N2,320.99,0.55,481.49,0,0
EUROTEXIND,BE,13.49,1.66,11.8,0,0
ATLPP,E1,10.43,4.3,41.51,0,0
769HUDCO31,N9,1107,0.43,675.32,0,0
9IIFL26,NV,1068.5,0.14,156.1,0,0
885TCAPS29,NC,1060,8.72,183.06,0,0
990SCL26A,NL,345,0.92,2.56,0,0
79NHIT35,N1,315.1,0.03,472.65,0,0