Symbol ,Series ,LTP ,%chng ,Mkt Cap (₹ Crores),Volume (Lakhs),Value (₹ Crores)
HDFCBANK,EQ,800,-5.11,1231358.61,1716.37,13761.37
SILVERBEES,EQ,218.4,-7.9,30200.34,1043.11,2329.17
RELIANCE,EQ,1392,-1.14,1883720.19,164.98,2301.06
ICICIBANK,EQ,1259.7,-2.3,901787.22,144.23,1815.66
LT,EQ,3444,-4.54,473760.61,48.99,1693.51
ETERNAL,EQ,229.5,-5.38,221475.55,723.06,1674.6
SBIN,EQ,1052.6,-1.61,971614.81,134.31,1410.1
BHARTIARTL,EQ,1835.6,-1.07,1046678.45,71.45,1312.82
GOLDBEES,EQ,121.69,-4.86,54519.02,1011.68,1240.83
SHRIRAMFIN,EQ,953,-6.71,179313.18,119.56,1152.33
BSE,EQ,2899.8,-3.2,118278.22,38.71,1135.46
WAAREEENER,EQ,3150.7,-1.07,90627.02,35.55,1125.71
INFY,EQ,1226,-3.24,497190.95,91.56,1125.6
MCX,EQ,2530.3,-2.8,64520.59,40.96,1050
AXISBANK,EQ,1209.1,-3.52,375714.91,82.65,1004.76
BAJFINANCE,EQ,836.7,-4.93,520606.61,115.86,973.8
M&M,EQ,3059.8,-4.82,380494.95,30.6,945.4
VEDL,EQ,669.2,-1.44,261683.17,138.41,933.67
HINDPETRO,EQ,327.45,-6.27,69675.55,258.18,847.67
MARUTI,EQ,12600,-3.43,396147.24,5.69,719.22
NIFTYBEES,EQ,262.4,-2.61,56698.51,269.51,709.28
TCS,EQ,2362.8,-3.2,854881.72,27.57,655.84
KOTAKBANK,EQ,370,-1.44,368018.91,173.08,636.78
DIXON,EQ,10190,-4.85,61957.13,6.17,635.12
INDIGO,EQ,4174,-4.28,161372.27,15.02,630.8
HINDCOPPER,EQ,473.95,-3.11,45832.1,123.92,583.25
IDEA,EQ,9.01,-4.56,97617.07,6369.56,576.45
HINDZINC,EQ,511.95,-4.77,216315.21,107.49,551.81
JBMA,EQ,554,-5.26,13101.78,95.55,535.33
ITC,EQ,299.1,-1.63,374825.49,178.51,535.12
BEL,EQ,432,-2.39,315782.45,122.38,531.05
TATSILV,EQ,22.34,-7.15,5022.37,2310.15,524.64
TMCV,EQ,420,-6.18,154657.92,111.83,474.95
COALINDIA,EQ,454.4,-0.18,280034.38,101.93,464.63
TATASTEEL,EQ,191.2,-2.15,238685.04,241.46,463.92
POLYCAB,EQ,7205,-2.3,108471.64,6.42,461.11
BPCL,EQ,287.35,-5.38,124664.87,154.95,448.98
HINDUNILVR,EQ,2085,-2.36,489889.78,20.99,438.58
HINDALCO,EQ,900,-3.54,202250.39,47.34,430.89
EICHERMOT,EQ,6825,-2.88,187219.44,6.29,429.62
INDUSINDBK,EQ,816,-3.11,63575.06,50.81,417.04
MAZDOCK,EQ,2365.2,-3.73,95407.44,17.17,411.57
SUNPHARMA,EQ,1749.7,-1.61,419801.75,23.01,403.29
NATIONALUM,EQ,378,-2.49,69424.68,104.7,398.96
NTPC,EQ,374.9,-0.95,363528.01,105.68,397.28
MUTHOOTFIN,EQ,3320.1,-3.29,133291.55,11.82,393.21
HAL,EQ,3812.9,-3.75,254997.22,10.15,391.18
JIOFIN,EQ,240.2,-3.22,152602.46,150.46,363.36
GUJGASLTD,EQ,353,-1.67,24300.17,99.04,362.82
TVSMOTOR,EQ,3477.1,-2.68,165192.54,10.45,361.01
URBANCO,EQ,113.5,-6.33,16595.75,302.3,350.69
ASHOKLEY,EQ,169.78,-4.95,99726.3,199.36,339.85
GRASIM,EQ,2609,-4.19,177548.79,12.7,335.21
SILVERIETF,EQ,228.5,-7.66,14411.25,140.09,325.76
TATAPOWER,EQ,399,-0.34,127494.05,81.24,325.13
TMPV,EQ,310.2,-4.48,114235.05,101.46,316.29
MRPL,EQ,184.99,-3.68,32421.32,167.06,314.59
KAYNES,EQ,3579,-3.68,23991.7,8.68,313.02
ULTRACEMCO,EQ,10850,-3.53,319726.9,2.84,308.93
DATAPATTNS,EQ,3266.1,-1.09,18284.92,9.31,307.45
ADANIPORTS,EQ,1360,-2.99,313338.44,21.61,294.92
ADANIENT,EQ,1938.4,-3.43,250573.56,15.11,294.2
IOC,EQ,143.45,-3.25,202569.16,200.77,289.03
COFORGE,EQ,1096.9,-3.1,36829.32,26.12,287.63
NETWEB,EQ,3250,-1.39,18505.72,8.73,284.53
PFC,EQ,413.9,-4.25,136591.21,67.31,281.12
ADANIPOWER,EQ,151.5,-1.67,292163.12,176.36,268.7
CHOLAFIN,EQ,1465,-3.88,124795.97,18.22,268.05
CUMMINSIND,EQ,4510,-4.4,125017.2,5.8,264.08
HDFCAMC,EQ,2410,-2.39,103234.74,10.96,263.91
HDFCSILVER,EQ,218.46,-7.91,7300.52,117.1,261.02
FEDERALBNK,EQ,267,-1.66,65754.78,97.91,260.75
WIPRO,EQ,188.87,-2.79,198087.76,136.85,259.33
BAJAJ-AUTO,EQ,8890,-4.11,248473.58,2.88,258.43
POWERGRID,EQ,297.5,-0.63,276692.96,85.94,256.26
POLICYBZR,EQ,1491,-3.1,68987.54,17.2,255.83
JSWSTEEL,EQ,1134.9,-3.85,277534.57,22.07,252.45
TRENT,EQ,3489,-4.17,124029.58,6.98,245.83
CANBK,EQ,133.9,-2.63,121456.02,181.5,243.67
BAJAJFINSV,EQ,1724,-3.78,275934.82,13.55,234.12
TITAN,EQ,4069,-1.85,361240.19,5.67,230.44
VBL,EQ,405.85,-2.23,137262.3,56.44,229.74
SUZLON,EQ,41.29,-1.83,56627.72,555.94,229.6
PREMIERENE,EQ,860.9,-1,38998.29,26.54,228.97
CDSL,EQ,1196,-3.05,24996.4,19.09,228.96
SAIL,EQ,152.07,-1.52,62812.9,148.42,227.6
ANGELONE,EQ,232.1,-1.74,21099.17,97.86,227.38
RECLTD,EQ,335.4,-3.63,88318.33,66.69,224.9
GROWW,EQ,158.9,-2.72,99687.45,139.19,221.25
AUBANK,EQ,905.55,-2.64,67755.47,24.43,220.62
HCLTECH,EQ,1318,-2.89,357661.06,16.63,220.52
IDBI,EQ,70.6,-5.78,75911.96,299.8,214.29
GOLDIETF,EQ,125.4,-5.17,24396.31,169.05,214.15
PAYTM,EQ,1045,-2.92,66884.77,19.99,209.99
MOTHERSON,EQ,112.3,-4.65,118521.58,185.55,209.2
HEROMOTOCO,EQ,5205,-4.07,104146.73,3.97,208.29
PERSISTENT,EQ,4625,-1.57,72959.38,4.47,206.27
AEGISLOG,EQ,605.05,-0.73,21237.26,32.5,201.77
POWERINDIA,EQ,24750,-0.9,110316.6,0.8,198.21
SOLARINDS,EQ,13200,-3.64,119446.87,1.48,197.15
DLF,EQ,544.9,-3.23,134879.92,35.99,195.65
ASIANPAINT,EQ,2195.5,-2.94,210591.87,8.89,195.34
IDFCFIRSTB,EQ,62.9,-3.62,54101.6,310.46,195.34
APOLLOHOSP,EQ,7292.5,-2.39,104854.96,2.65,193.82
TEJASNET,EQ,432.1,-3.98,7676.84,43.61,193.45
ADANIGREEN,EQ,859.95,-3.52,141151.66,22.2,192.22
MANAPPURAM,EQ,265.25,-1.76,22451.68,71.63,191.71
MAXHEALTH,EQ,955,-2.53,92930.36,19.81,189.3
PGEL,EQ,509,-5.19,14523.94,36.59,187.74
BANKBEES,EQ,554.79,-2.57,7466.32,33.58,186.17
KEI,EQ,4210,-4.1,40247.85,4.34,183.96
BANKBARODA,EQ,274,-3.23,141695.32,66.59,183.16
FORTIS,EQ,822.5,-2.78,62095.31,21.69,177.66
NBCC,EQ,83.95,-5.08,22666.5,211.15,177.6
UPL,EQ,612.1,-3.07,51671.6,28.49,175.89
NMDC,EQ,78.1,-1.75,68664.1,224.15,175.12
MFSL,EQ,1628.5,-2.41,56201.94,10.7,174.8
OLECTRA,EQ,1002,-5.11,8224.49,17.18,174.65
TATAGOLD,EQ,14.38,-4.13,5617.8,1168.85,169.6
MANKIND,EQ,2000,-4.9,82561.01,8.37,169.54
VOLTAS,EQ,1352,-4.96,44735.62,12.42,168.96
UNIONBANK,EQ,172.9,-2.82,131985.04,97.13,168.18
JSWENERGY,EQ,505.95,-0.62,88910.2,32.62,165.53
TECHM,EQ,1350,-2.54,132270.26,12.19,164.75
BDL,EQ,1260.7,-4.51,46212.53,12.87,163.96
KPITTECH,EQ,660,-4.1,18093.49,24.74,163.72
DMART,EQ,3829.9,-0.37,249224.26,4.26,163.09
AMBER,EQ,6710,-2.04,23613.61,2.41,161.24
SETFGOLD,EQ,125.22,-5.04,23648.77,125.82,159.31
PETRONET,EQ,271.9,-6.76,40785,57.38,158.2
SWIGGY,EQ,284.85,-4.65,78627.53,55.25,158.16
HDFCGOLD,EQ,125.74,-4.73,21621.53,124.12,157.2
BANDHANBNK,EQ,159.33,-2.55,25667.61,97.61,154.95
PNB,EQ,110.05,-2.71,126479.84,140.55,154.62
GAIL,EQ,144.75,-4.11,95174.57,105.1,153.41
FORCEMOT,EQ,20845,-3.36,27167.11,0.73,153.33
BHARATFORG,EQ,1715,-4.95,81980.2,8.75,151.18
TATAELXSI,EQ,4055.1,-3.62,25246.62,3.65,149.03
RVNL,EQ,263.95,-4.05,55034.11,55.22,146.47
LTF,EQ,258.5,-3.83,64738.38,55.86,145.11
SBILIFE,EQ,1905,-2.93,191074.7,7.41,142.04
DABUR,EQ,431.75,-4.45,76579.07,32.49,141.05
RSL,EQ,112.7,-7.62,941.81,117.2,139.99
GODREJPROP,EQ,1562.6,-4.89,47066.72,8.88,139.44
STLTECH,EQ,185.3,-4.03,9045.1,73.77,138.61
LICHSGFIN,EQ,484.9,-3.63,26672.55,27.86,136.96
INDUSTOWER,EQ,429.65,-2.56,113348.66,31.79,135.91
YESBANK,EQ,18.45,-2.59,57895.42,733.45,135.62
SHAILY,EQ,2301,-2.14,10574.27,5.79,135.58
NHPC,EQ,76.2,-1.5,76543.17,176.21,135.12
CIPLA,EQ,1245,-1.85,100568.69,10.8,134.8
BRITANNIA,EQ,5684.5,-3.41,136921.58,2.34,133.53
ABB,EQ,6230,-1.7,132018.92,2.12,132.55
NAUKRI,EQ,972.5,-2.25,63058.9,13.57,132.03
DRREDDY,EQ,1280,-1.14,106831.61,10.35,131.97
SRF,EQ,2480,-3.48,73513.36,5.13,127.6
SIEMENS,EQ,3078.9,-4.41,109645.94,4.11,127.52
FLUOROCHEM,EQ,3135,-0.25,34437.97,3.93,127.19
LAURUSLABS,EQ,952.7,-3.12,51432.14,13.29,126.97
GVT&D,EQ,3760,-1.25,96273.5,3.28,124.36
HDFCLIFE,EQ,633.45,-1.54,136674.18,19.42,122.92
SBISILVER,EQ,224.2,-7.71,5736.63,53.41,122.06
INDIANB,EQ,860.55,-3.19,115912.99,14.14,122.04
AXISGOLD,EQ,121.92,-5.33,5142.67,97.2,121.1
BHEL,EQ,253,-2.75,88096.2,47.1,119.37
THERMAX,EQ,3210,-2.11,38249.17,3.57,118.06
CGPOWER,EQ,689,-2.57,108511.82,16.83,116.44
ICICIGI,EQ,1795,-1.98,89456.06,6.4,115.43
ICICIAMC,EQ,2828,-6.35,139776.31,3.96,113.83
AMBUJACEM,EQ,421.9,-4.39,104286.23,26.8,113.66
MAHABANK,EQ,63,-1.76,48456.71,180.37,113.33
BELRISE,EQ,178.69,-2.75,15901.25,62.24,112.74
OBEROIRLTY,EQ,1450,-1.55,52722.32,7.84,112.66
GMRAIRPORT,EQ,89.15,-3.12,94133.27,125.68,111.78
MMTC,EQ,60.99,-2.68,9148.5,182.93,111.64
SILVER,EQ,229.84,-6.96,3107.59,47.96,111.58
NAZARA,EQ,241.9,-5.23,8961.55,43.35,108.6
IRFC,EQ,95.34,-2.96,124595.14,112.87,108
MOIL,EQ,291.85,-0.61,5938.72,36.68,107.33
KALYANKJIL,EQ,374.85,-3.79,38709.36,28.47,107.06
RADICO,EQ,2594,-4.27,34733.12,4.09,106.9
BANKINDIA,EQ,146.4,-3.97,66651.06,71.45,105.3
APLAPOLLO,EQ,1934.3,-3.93,53703.14,5.36,104.55
UNITDSPR,EQ,1295.9,-1.85,94257.4,8.06,104.25
GRSE,EQ,2296.5,-4.02,26306.87,4.48,104.17
AUROPHARMA,EQ,1253,-1.26,72774.44,8.17,102.22
LODHA,EQ,821.5,-3.82,82058.99,12.22,100.76
GLENMARK,EQ,2105,-3.72,59403.27,4.65,98.99
GRANULES,EQ,585,-0.37,14196.12,17.06,98.79
VMM,EQ,103.49,-4.09,48362.1,94.44,98.7
SAMMAANCAP,EQ,136.99,-2.99,11351.91,71.1,98.34
NIFTYIETF,EQ,260.49,-2.79,37031.72,37.45,98.06
NESTLEIND,EQ,1190,-1.23,229469.4,8.27,97.91
HFCL,EQ,70.44,-3.02,10781.56,137.92,97.85
MARICO,EQ,744,-1.59,96581.99,13.05,96.53
PWL,EQ,86.3,-0.6,24679.15,111.42,96.27
NLCINDIA,EQ,258.5,-1.28,35844.56,36.45,96.14
SBICARD,EQ,695,-2.87,66135.83,13.43,93.12
OLAELEC,EQ,23.55,-5.27,10387.5,384.43,91.92
MEESHO,EQ,143.96,-2.83,64971.03,62.64,91.45
PIDILITIND,EQ,1323.8,-4.38,134731.9,6.9,91.29
SYRMA,EQ,757,-3.5,14597.27,11.74,89.92
KRN,EQ,880,-0.56,5469.78,10.13,89.72
ICICIPRULI,EQ,565.8,-3.89,81994.59,15.78,89.66
APOLLO,EQ,197.5,-4.26,7056.53,44.32,88.69
JUNIORBEES,EQ,693.9,-1.78,7019.99,12.78,88.4
COCHINSHIP,EQ,1366.5,-3.22,35949.99,6.32,87.36
TORNTPHARM,EQ,4218.5,-1.65,142769.16,2.03,85.9
PVRINOX,EQ,999,-1.98,9810.18,8.4,84.97
LUPIN,EQ,2262,-1.75,103383.18,3.72,84.32
IREDA,EQ,117.45,-0.44,32994.42,70.33,81.9
NAVINFLUOR,EQ,6325,-0.2,32404.22,1.3,81.75
BLUESTARCO,EQ,1734,-4.7,35653.6,4.64,81.2
MRF,EQ,130790,-2.32,55469.91,0.06,80.23
CHOLAHLDNG,EQ,1421.1,-4.97,26685.06,5.53,79.51
INOXWIND,EQ,78.6,-4.13,13583.95,100.29,79.01
RBLBANK,EQ,293,-2.77,18110.66,26.69,78.4
JUBLFOOD,EQ,455.1,-4.78,30029.56,17.1,78.33
ASTRAL,EQ,1635,-2,43924.3,4.78,78.32
DELHIVERY,EQ,414.05,-2.01,30996.12,18.91,78.28
TATACONSUM,EQ,1047.5,-2.57,103614.9,7.47,78.22
GRINFRA,EQ,880,-4.87,8514.93,8.43,78.15
ZENTEC,EQ,1422,-1.75,12839.29,5.4,77.55
GOKULAGRO,EQ,185,-0.79,5459.1,42.43,77.3
BHARTIHEXA,EQ,1579.4,-0.89,78970,4.68,74.89
GMDCLTD,EQ,536.3,-4.1,17054.34,13.74,74.7
BIOCON,EQ,369,-3.55,59811.5,20.09,74.41
EMMVEE,EQ,232,-2.75,16062.4,31.39,73.92
DIVISLAB,EQ,5998,-2.31,159228.05,1.22,73.84
OFSS,EQ,6386,-3.16,55576.85,1.14,72.92
ADANIENSOL,EQ,1007,-2.86,120969.16,7.19,72.84
SILVERCASE,EQ,23.81,-5.29,1194.72,305.51,72.62
LLOYDSME,EQ,1201,-3.69,65377.52,6.06,72.3
TIINDIA,EQ,2543,-0.65,49218.48,2.86,72.17
BAJAJHLDNG,EQ,9710,-1.51,108066,0.74,72
ABCAPITAL,EQ,313.95,-4.41,82236.24,22.53,71.2
SUNTV,EQ,597.95,-0.07,23564.29,11.83,71.16
ACUTAAS,EQ,2250,-0.35,18421,3.15,71.02
LICI,EQ,766,-2.53,484494.82,9.22,70.98
GOLDETF,EQ,143.3,-4.61,3100.04,49.05,70.79
SAGILITY,EQ,37.58,-4.76,17592.43,187.09,70.72
ITCHOTELS,EQ,153,-3.4,31868.11,45.89,70.69
ANANTRAJ,EQ,451,-4.21,16230.45,15.51,70.41
JINDALPOLY,EQ,957,-5,4190.36,6.98,70.03
PRESTIGE,EQ,1274.5,-3.55,54896.57,5.46,69.6
TATATECH,EQ,524,-4.48,21273.32,12.99,68.77
UNOMINDA,EQ,1043.8,-2.76,60270.6,6.56,68.62
KARURVYSYA,EQ,273,-4.11,26385.29,24.5,67.55
CONCOR,EQ,442.5,-3.56,33701.59,15.18,67.49
ESCORTS,EQ,2902,-6.11,32466.92,2.26,66.45
NATCOPHARM,EQ,945,-1.35,16925.88,6.93,66.06
CYIENTDLM,EQ,299.9,-4.4,2380.14,21.5,66.04
HAVELLS,EQ,1300.9,-3.2,81599.84,5.07,65.95
SETFNIF50,EQ,250.1,-1.59,200689.08,26.27,65.34
PNBHOUSING,EQ,790,-2.19,20580.18,8.26,65.21
CUPID,EQ,78.9,-0.5,10609.37,82.74,65.13
J&KBANK,EQ,119.5,-3.25,13159.13,53.99,65
MSUMI,EQ,37.39,-3.61,24795.78,172.17,64.82
COLPAL,EQ,1892,-2.55,51459.68,3.4,64.8
ITBEES,EQ,31.77,-2.64,3286.66,200.7,64.02
INDHOTEL,EQ,615.7,-3.34,87640.72,10.3,63.79
RPOWER,EQ,21.87,-3.83,9044.93,287,63.31
JBCHEPHARM,EQ,2085,-1.56,33476.49,3.03,63.25
CAMS,EQ,642.45,-2.39,15925.58,9.81,63.12
JINDALSTEL,EQ,1148,-2.65,117106.11,5.42,62.13
KSB,EQ,794,-2.13,13818.71,7.52,61.38
PFOCUS,EQ,255.9,-3.29,19857.6,22.88,59.84
PIRAMALFIN,EQ,1790.3,-1.02,40582.11,3.32,59.76
TORNTPOWER,EQ,1447.8,-0.45,72955.15,4.12,59.72
360ONE,EQ,1041.1,-2.68,42259.91,5.64,59.04
IEX,EQ,119,-3.3,10611.14,48.68,58.08
SOUTHBANK,EQ,36.15,-2.74,9462.25,159.33,58.06
NCC,EQ,143.39,-2.32,9002.69,40.52,57.96
LGEINDIA,EQ,1530,-3.21,103852.18,3.74,57.88
KFINTECH,EQ,915,-3.05,15785.95,6.17,56.42
JAINREC,EQ,436.9,-0.47,15076.8,12.83,56.07
PAGEIND,EQ,31495,-0.71,35129.13,0.18,55.66
GOLDCASE,EQ,23.06,-5.18,2154.49,234.99,55.18
IIFL,EQ,466.2,-4.63,19826.8,11.58,54.97
UJJIVANSFB,EQ,52.68,-5.27,10234.22,102.11,54.61
HDBFS,EQ,637.2,-2.74,52906.97,8.51,54.24
MPHASIS,EQ,2060.9,-2.96,39326.01,2.6,53.65
ENRIN,EQ,2759.4,-2.86,98267.89,1.93,53.61
CASTROLIND,EQ,186.5,-0.38,18446.06,28.48,53.27
BANKBETA,EQ,55.28,-3.07,3590.99,96.24,53.15
TARIL,EQ,277,-4.1,8314.59,19.01,53.07
CUB,EQ,243.5,-3.07,18093.2,21.73,52.94
HBLENGINE,EQ,660.5,-2.94,18308.73,7.83,52.24
PHOENIXLTD,EQ,1567,-3.71,56041.35,3.28,52.05
SILVERADD,EQ,219.6,-8.03,1749.64,23.35,52.03
IRCTC,EQ,527.7,-2.32,42216,9.79,51.86
REDINGTON,EQ,221.2,-4.35,17292.85,23.28,51.72
BANKNIFTY1,EQ,55.52,-2.82,5624.14,92.48,51.23
DALBHARAT,EQ,1839.5,-3.99,34502.76,2.74,50.79
HDFCSML250,EQ,150,-1.53,1808.8,33.53,50.24
NYKAA,EQ,238.75,-2.01,68355.51,20.92,50.01
DEEDEV,EQ,265.85,-5.66,1841.37,18.32,49.13
IFCI,EQ,54.01,-3.71,14551.99,89.54,49.11
ABREL,EQ,1181,-2.99,13191.26,4.1,48.83
ASAHIINDIA,EQ,837.5,-3.11,21350.15,5.66,48.28
SONACOMS,EQ,499.7,-2.36,31073.69,9.65,48.23
PARADEEP,EQ,114.2,-1.68,11855.91,42.33,47.91
HUDCO,EQ,172.2,-3.72,34472.72,27.68,47.91
ZEEL,EQ,74,-3.75,7107.84,63.88,47.88
JINDALSAW,EQ,189.95,-4.09,12147.46,24.88,47.76
CSBBANK,EQ,377,-3.41,6540.42,12.33,47.72
NIFTYETF,EQ,249.8,-2.77,4791.68,18.96,47.57
GODFRYPHLP,EQ,2000,-1.99,31196.35,2.37,47.44
MTARTECH,EQ,3513,-1.79,10805.84,1.34,47.26
SHREECEM,EQ,23355,-2.38,84266.59,0.2,46.81
SCI,EQ,231,-3.85,10759.96,19.93,46.52
PATANJALI,EQ,473.05,-3.49,51463.97,9.59,45.78
LTM,EQ,4200,-2.3,124527.19,1.07,45.34
SETFNIFBK,EQ,550,-2.75,3613.76,8.24,45.24
MID150BEES,EQ,210.03,-1.87,2838.14,21.55,45.18
JYOTICNC,EQ,745.2,-2.47,16947.57,5.99,45.16
LUMAXTECH,EQ,1570.5,-4.77,10704.17,2.82,45.06
MOTILALOFS,EQ,673.4,-3.57,40514.86,6.64,45.02
GOLD1,EQ,123.75,-4.1,12393.15,36.08,44.68
SILVER1,EQ,22.13,-7.79,2174.04,198.66,44.68
LTTS,EQ,3302,-1.93,34999.92,1.33,44.33
GODREJCP,EQ,1025.3,-2.7,104913.27,4.29,44.03
SMLMAH,EQ,3952,-4.65,5719.19,1.08,43.87
AWL,EQ,176.5,-0.43,22939.33,24.71,43.62
MINDSPACE,RR,453,-0.27,29369.94,9.77,43.59
AEROFLEX,EQ,231,-6.77,2987.3,18.4,43.35
VIKRAMSOLR,EQ,189.3,-2.24,6858.91,22.77,43.13
PPLPHARMA,EQ,136.2,-4.84,18104.36,31.31,43.1
KPIGREEN,EQ,374.9,-2.69,7398.32,11.07,42.38
SUPREMEIND,EQ,3835.8,-4.36,48724.97,1.09,42.15
BANKIETF,EQ,54.94,-2.93,2811.5,76.5,41.99
CHOICEIN,EQ,613.35,-4.91,13664,6.78,41.93
RAYMOND,EQ,368.1,-2.33,2450.58,10.9,41.76
FIVESTAR,EQ,358,-4.99,10545.47,11.45,41.42
EXIDEIND,EQ,302.7,-1.96,25729.5,13.65,41.28
CROMPTON,EQ,243,-2.86,15647.13,16.86,41.06
IPCALAB,EQ,1540,-0.23,39070.45,2.64,41.04
NH,EQ,1648,-2.49,33678.66,2.47,40.85
WOCKPHARMA,EQ,1181,-2.85,19189.55,3.41,40.71
CARTRADE,EQ,1641.5,-3.33,7853.42,2.44,40.49
HCC,EQ,15.17,-3.07,3973.73,262.94,40.47
ACC,EQ,1355.7,-3.52,25458.32,2.94,40.11
COROMANDEL,EQ,1967,-2.85,58029.38,2.01,40
JWL,EQ,262.5,-3.14,11218.47,15.02,39.72
APTUS,EQ,209.75,-4.3,10503.08,18.61,39.62
JKTYRE,EQ,416,-4.75,11992.84,9.32,39.04
RAIN,EQ,108.3,-5.82,3642.62,35.24,38.73
SILVERBETA,EQ,221.7,-7.22,1363.08,17.16,38.66
NAM-INDIA,EQ,855,-3.37,54493.88,4.49,38.59
EDELWEISS,EQ,105.61,-4.47,9995.76,35.96,38.38
BAJAJHFL,EQ,81.88,-1.46,68225.16,46.65,38.19
BOSCHLTD,EQ,30300,-2.27,89365.73,0.13,37.95
APOLLOPIPE,EQ,394,-2.38,1735.5,9.35,37.92
QPOWER,EQ,803.3,-2.71,6221.08,4.65,37.61
HOMEFIRST,EQ,960,-2.41,10007.62,3.85,37.46
TITAGARH,EQ,624,-3.87,8403.64,5.91,37.29
AVANTIFEED,EQ,1177,-4.34,16036.11,3.13,37.16
LEMONTREE,EQ,106.75,-0.77,8457.23,33.47,35.69
CENTRALBK,EQ,33.74,-4.09,30539.43,104.22,35.55
ZAGGLE,EQ,208.5,-5.27,2803.46,16.67,35.33
NEWGEN,EQ,442.7,-3.71,6300.41,7.93,35.19
ENGINERSIN,EQ,188.35,-3.2,10586.07,18.48,35.12
ANANDRATHI,EQ,2996,-2.22,24872.98,1.15,34.98
GRAPHITE,EQ,602.7,-3.38,11775.29,5.73,34.89
AADHARHFC,EQ,469.95,-1.77,20423.68,7.42,34.28
RELIGARE,EQ,222.09,-2.21,7389.83,15.08,34.05
BLISSGVS,EQ,208.61,-3.16,2206.86,16.13,33.99
BEML,EQ,1509.9,-3.22,12575.81,2.22,33.98
SAILIFE,EQ,1009.6,-0.42,21380.11,3.36,33.9
LENSKART,EQ,502,-1.81,87168.08,6.71,33.87
WABAG,EQ,1202,-2.28,7488.64,2.77,33.63
PARAS,EQ,631.5,-3.45,5089.09,5.26,33.56
SBC,EQ,31.4,-1.47,1495.24,105.74,33.51
HEXT,EQ,422.3,-3.31,25803.21,7.91,33.48
ATLANTAELE,EQ,1069.5,-0.7,8224.09,3.07,33.38
BHARATCOAL,EQ,33.8,-2.85,15740.66,96.98,33.31
IRCON,EQ,124.14,-4.32,11675.56,26.36,33.07
CRISIL,EQ,4005,-0.71,29288.57,0.82,32.75
BSOFT,EQ,363.65,-0.21,10164.25,8.98,32.68
HYUNDAI,EQ,1952.2,-1.92,158624.27,1.67,32.66
ONESOURCE,EQ,1444,-1.88,16551.3,2.24,32.58
TIMETECHNO,EQ,157.5,-5.07,7774.76,20.41,32.54
IGL,EQ,154.41,-1.86,21617.42,20.86,32.47
ZYDUSLIFE,EQ,878.95,-2.3,88442.94,3.66,32.29
ASTERDM,EQ,636,-3.93,32952.5,5.01,32.12
TENNIND,EQ,536,-3.16,21633.19,5.85,32.08
IGIL,EQ,334.1,-1.49,14438.46,9.66,32.04
PCBL,EQ,245.6,-4.17,9663.44,12.84,31.68
ALKEM,EQ,5257,-1.77,62855.32,0.6,31.52
SJVN,EQ,68.89,-2.2,27072.36,45.24,31.48
HAPPSTMNDS,EQ,371,-3.37,5649.4,8.29,31.12
SHAKTIPUMP,EQ,495,-3.18,6108.2,6.09,30.34
TATACOMM,EQ,1443,-3.59,41125.5,2.08,30.19
JSL,EQ,708,-3.64,58368.91,4.23,30.17
SCHAEFFLER,EQ,3966,-2.17,61990.04,0.75,30
AXISILVER,EQ,226,-8.3,1811.54,12.92,29.9
LINDEINDIA,EQ,7095,-1.75,60509.16,0.42,29.7
INFOBEAN,EQ,137.9,-2.45,1345.99,20.81,29.67
TFCILTD,EQ,65.75,-0.9,3044.08,44.95,29.52
TRIDENT,EQ,23.88,-2.29,12169.14,124.77,29.38
NEULANDLAB,EQ,12115,-2.4,15543.41,0.24,29.19
JKCEMENT,EQ,4998,-2.12,38618.67,0.58,29.17
AJANTPHARM,EQ,2947,-3.59,36818.53,0.98,29.17
JMFINANCIL,EQ,122.61,-3.75,11725.98,23.46,29.03
POONAWALLA,EQ,400,-2.92,32511.55,7.15,28.71
GOLDBETA,EQ,123.95,-4.65,4166.23,23.04,28.62
HEG,EQ,490.9,-3.95,9473.27,5.75,28.53
M&MFIN,EQ,313.85,-2.35,43624.24,9.06,28.39
SILVERAG,EQ,230,-4.54,940.54,12.44,28.31
FINCABLES,EQ,853,-2.73,13045.73,3.32,28.28
GAUDIUMIVF,EQ,81.5,-14.01,593.21,34.53,28.27
FACT,EQ,788,-3.21,50989.27,3.49,27.92
TATACHEM,EQ,635.8,-2.25,16197.4,4.32,27.81
DCBBANK,EQ,170.6,-5.06,5490.14,16.02,27.69
PIIND,EQ,2899,-0.98,43983.08,0.95,27.58
DEVYANI,EQ,103.7,-4.94,12785.59,25.89,27.33
MANYAVAR,EQ,361.1,-0.76,8773.76,7.64,27.25
AXISCADES,EQ,1414,-2.73,6011.96,1.89,27.2
GRAVITA,EQ,1407.2,-2.68,10386.33,1.87,26.52
SUNDARMFIN,EQ,4829.5,-3.41,53657.61,0.54,26.36
SWANCORP,EQ,326,-5.96,10218.69,7.95,26.26
SANSERA,EQ,2149.3,-2.25,13373.86,1.21,26.04
TI,EQ,432.1,-4.23,10625.72,5.87,26.01
CEATLTD,EQ,3490,-1.84,14117.08,0.75,25.98
AZAD,EQ,1460.8,-3.6,9434.1,1.76,25.92
RAINBOW,EQ,1105.8,-1.61,11230.41,2.33,25.8
ECLERX,EQ,1465.6,-1.37,13784.07,1.74,25.57
EMBASSY,RR,418,-0.47,39621.96,6.07,25.31
WAAREERTL,EQ,839.25,-2.88,8757.22,2.97,25.27
GOKEX,EQ,577.5,-3.03,4230.03,4.31,25.12
CPPLUS,EQ,1665,-1.12,19613.38,1.49,25.06
YATRA,EQ,104,-2.48,1631.93,23.63,25.06
JAYNECOIND,EQ,70.64,-4.13,6859.13,34.06,24.51
AAVAS,EQ,1110,-1.22,8790.3,2.22,24.4
PRECWIRE,EQ,301,-2.16,5502.52,7.98,24.36
SGMART,EQ,433.2,-1.49,5458.32,5.49,24.3
WELCORP,EQ,798,-2.87,21050.49,3.03,24.24
PSUBNKBEES,EQ,94.15,-2.3,4024.45,25.61,24.13
CGCL,EQ,168.5,-1.07,16212.29,14.17,24.12
PCJEWELLER,EQ,8.39,-1.53,6636.08,285.26,23.9
KWIL,EQ,24.05,-2.67,5650.77,99.24,23.87
IXIGO,EQ,161.01,-3.6,7055.19,14.76,23.81
RAILTEL,EQ,271.45,-3.89,8711.87,8.7,23.81
CHAMBLFERT,EQ,426,-2.94,17067.71,5.52,23.72
SYNGENE,EQ,408.2,-2.77,16447.99,5.75,23.62
VINCOFE,EQ,126.95,-3.22,1833.65,18.21,23.53
TATACAP,EQ,313.75,-3.19,133182.77,7.43,23.53
SIGNATURE,EQ,767.5,-4.27,10784.2,2.95,23.04
IDEAFORGE,EQ,424,-2.02,1834.87,5.37,22.91
STAR,EQ,898.05,-0.99,8277.57,2.54,22.91
TECHNOE,EQ,1095.9,-2.6,12745.27,2.04,22.67
SIRCA,EQ,421.6,-2.86,2394.38,5.25,22.51
IRB,EQ,41.53,-0.57,25079.97,53.48,22.13
THANGAMAYL,EQ,3350.8,-4.31,10414.96,0.64,21.92
CYIENT,EQ,833,-2.93,9256.63,2.61,21.9
BALKRISIND,EQ,2120,-2.4,40983.24,1.02,21.78
JSWINFRA,EQ,254,-2.31,53340.04,8.49,21.73
GPIL,EQ,251.3,-3.38,16866.45,8.49,21.6
NEXT50IETF,EQ,67.9,-1.86,2120.63,31.21,21.07
ELECON,EQ,387,-2.7,8684.28,5.45,21.04
AHLUCONT,EQ,740,-0.8,4957.08,2.81,20.94
BLUEJET,EQ,365,-4.77,6331.49,5.66,20.93
SWSOLAR,EQ,169.46,-3.26,3957.43,12.14,20.9
ACE,EQ,837.95,-0.78,9978.58,2.47,20.8
NAVA,EQ,548,-3.09,15508.47,3.77,20.73
INOXINDIA,EQ,1180,-0.77,10710.09,1.73,20.7
KIRLOSENG,EQ,1420,-1.09,20639.65,1.45,20.66
GROWWSLVR,EQ,23.35,-3.83,329.46,89.61,20.6
TBOTEK,EQ,1106.5,-5.46,12015.24,1.84,20.56
HDFCNIFTY,EQ,259.01,-2.79,4561.54,7.89,20.51
FIRSTCRY,EQ,209.21,-2.27,10921.64,9.75,20.45
CESC,EQ,154.25,-1.34,20446.92,13.1,20.36
AFFLE,EQ,1300.3,-3.42,18302.68,1.56,20.36
PATELENG,EQ,24.7,-1.08,2450.59,81.22,20.27
IOLCP,EQ,72.89,-1.38,2139.52,27.36,20.27
DIACABS,EQ,124.5,-4.36,6560.79,16.16,20.25
MODEFENCE,EQ,86,-3.21,1254.31,23.39,20.25
DOMS,EQ,2192,-2.33,13302.88,0.93,20.19
NUVAMA,EQ,1156.4,-1.88,21050.77,1.75,20.19
ARE&M,EQ,772,-1.64,14129.56,2.6,20.16
OSWALPUMPS,EQ,307.95,-3.36,3509.93,6.47,20.03
INDIGRID,IV,164.19,-0.33,15640.16,12.14,19.94
LATENTVIEW,EQ,269,-5.98,5566.28,7.24,19.8
INTELLECT,EQ,658.1,-2.77,9184.62,2.96,19.68
PGINVIT,IV,90,-0.22,8189.99,21.77,19.64
SHARDACROP,EQ,962,-4.89,8679.21,2.01,19.54
TATAINVEST,EQ,608.6,-2.79,30792.16,3.14,19.28
ZYDUSWELL,EQ,412.1,-4.02,13111.4,4.59,19.25
ABSLAMC,EQ,939,-3.14,27116.97,2.01,19.07
GENESYS,EQ,268.6,-2.82,1122.49,6.81,19.07
CPSEETF,EQ,101.2,-0.86,21773.7,18.75,19.06
KECL,EQ,82.5,-0.84,547.92,21.78,18.94
STYLAMIND,EQ,2215.4,-0.01,3754.67,0.86,18.93
DEEPAKFERT,EQ,920,-2.48,11613.88,2.05,18.88
DCAL,EQ,160.9,-6.27,2522.64,11.26,18.76
GOLDADD,EQ,142.2,-5.32,2102.89,12.65,18.24
MON100,EQ,224.88,-0.18,11336.98,8.17,18.22
TRANSRAILL,EQ,495.05,-3.85,6646.34,3.58,17.87
AARTIIND,EQ,413.85,-4.4,15005.97,4.28,17.86
JAMNAAUTO,EQ,118,-4.49,4716.59,15.05,17.85
BLSE,EQ,141.8,-1.1,1288.34,12.51,17.77
GILLETTE,EQ,7900,-0.38,25742.32,0.22,17.27
RELINFRA,BE,76.2,-3.85,3113.77,22.44,17.27
AVANTEL,EQ,126.17,-5.19,3352.47,13.36,17.19
FSL,EQ,219.4,-3.65,15291.98,7.73,17.18
LTFOODS,EQ,384.35,-2.62,13346.67,4.43,17.16
JUBLINGREA,EQ,572.45,-0.64,9118.05,2.97,17.03
BALUFORGE,EQ,439.75,-4.25,5056.77,3.83,16.95
METALIETF,EQ,11.55,-0.94,969.72,148.35,16.94
SKYGOLD,EQ,339.75,-4.11,5261.84,4.98,16.94
CONFIPET,EQ,36.07,-1.45,1198.39,45.1,16.93
KPRMILL,EQ,830,-1.02,28370.56,2.03,16.9
BATAINDIA,EQ,651.85,-3.16,8378.07,2.58,16.87
DBREALTY,EQ,97.43,-4.3,5253.47,17.03,16.8
SOBHA,EQ,1269,-1.91,13569.77,1.31,16.77
BAJEL,EQ,160.95,-4.21,1861.97,10.32,16.76
UGROCAP,EQ,92.69,-6.83,1346.24,17.79,16.62
RTNPOWER,EQ,8.32,-0.6,4467.93,198.59,16.6
BLS,EQ,240.9,-2.01,9918.84,6.86,16.56
KRBL,EQ,279.75,-4.1,6403.19,5.83,16.47
ASHAPURMIN,EQ,485.7,-4.21,4639.7,3.35,16.46
AIIL,EQ,482,-0.72,40932.67,3.42,16.44
JSLL,EQ,614.8,-2.08,7642.01,2.62,16.18
PTCIL,EQ,17310,-0.21,25952.1,0.09,16.14
TEXRAIL,EQ,90,-3.44,3661.78,17.65,15.97
ELLEN,EQ,203.9,-2.48,2873.68,7.73,15.97
SHADOWFAX,EQ,108.6,-3.37,6313.21,14.7,15.91
SMALLCAP,EQ,39.34,-1.65,812.68,40.46,15.88
BORORENEW,EQ,418,-4.4,5859.89,3.72,15.73
CMSINFO,EQ,284.5,-2.17,4683.94,5.48,15.67
EMSLIMITED,EQ,291.8,-1.78,1620.39,5.24,15.61
ABFRL,EQ,57,-3.76,6956.91,27.08,15.61
MAHSEAMLES,EQ,554,-1.79,7423.56,2.8,15.58
GABRIEL,EQ,838,-3.87,12037.36,1.83,15.47
GENUSPOWER,EQ,245,-1.07,7453.33,6.23,15.46
MOSCHIP,EQ,165.35,-3.3,3200.55,9.23,15.44
JSWCEMENT,EQ,115.25,-2.89,15712.78,13.3,15.44
SHRIPISTON,EQ,2943,-3.44,12963.86,0.52,15.32
AARTIPHARM,EQ,645.3,-1.64,5850.14,2.36,15.3
RCF,EQ,115.91,-3.91,6394.62,13.01,15.25
SARDAEN,EQ,508.15,-3.57,17906.25,2.97,15.24
ASIANTILES,EQ,59,-2.54,1368.28,25.31,15.23
NEOGEN,EQ,1328.1,-0.1,3503.75,1.12,15.23
SAMHI,EQ,149,-2.5,3295.97,10.04,15.09
NIFTY1,EQ,255.4,-2.59,3113.7,5.89,15.09
YATHARTH,EQ,652,-3.16,6282.3,2.29,15.04
ABLBL,EQ,94.3,-4.55,11509.4,15.88,14.94
ASTRAMICRO,EQ,910.5,-3.76,8644.74,1.62,14.93
DYNAMATECH,EQ,9530,-3.34,6472.25,0.15,14.89
KRT,RR,114.5,-0.68,50773.87,13.09,14.88
SASKEN,EQ,1091.5,-5.12,1657.6,1.29,14.84
SANDUMA,EQ,181.24,-3.71,8810.16,8.13,14.82
POWERMECH,EQ,1995,-1.9,6307.45,0.74,14.81
TMB,EQ,604.85,-4.37,9577.89,2.42,14.79
GOLDIAM,EQ,291.55,-4.78,3292.12,5.02,14.78
SEAMECLTD,EQ,1370,-0.75,3483.22,1.06,14.75
BAYERCROP,EQ,4478,-0.17,22438.02,0.33,14.67
POLYMED,EQ,1251.5,-2.16,12685.14,1.18,14.67
AEGISVOPAK,EQ,178.68,-5.6,19797.59,8.1,14.59
DEEPAKNTR,EQ,1384.8,-2.02,18887.71,1.05,14.57
ANTELOPUS,EQ,528.45,-0.52,1858.15,2.71,14.55
SHYAMMETL,EQ,783.2,-0.43,21861.61,1.85,14.52
RAYMONDREL,EQ,409,-5.54,2722.87,3.46,14.45
ELECTCAST,EQ,72.4,-0.52,4475.66,19.99,14.37
DODLA,EQ,1015,-7.59,6123.27,1.39,14.35
BAJAJHCARE,EQ,303,-1.64,956.97,4.67,14.33
IKS,EQ,1336.7,-0.98,22934.18,1.07,14.3
VOLTAMP,EQ,8430,-3.38,8528.73,0.17,14.25
WELSPUNLIV,EQ,112.7,-2.18,10809.65,12.56,14.21
EIEL,EQ,146.4,-4.12,2569.76,9.6,14.17
EQUITASBNK,EQ,56.12,-3.49,6403.53,24.82,14.09
CCL,EQ,1035,-1.05,13820.14,1.35,14.08
POCL,EQ,1032,-3.92,3148.76,1.36,14.06
CREDITACC,EQ,1155.5,-2.75,18504.96,1.21,14.06
PRIVISCL,EQ,2924,-2.43,11421.94,0.48,14.03
MIDCAPETF,EQ,20.8,-1.7,1440.44,67.23,13.9
RENUKA,EQ,23.78,-1.16,5061.55,57.72,13.89
INDOTHAI,EQ,254,-1.24,3251.66,5.33,13.74
USHAMART,EQ,400,-2.95,12189.67,3.4,13.62
PROTEAN,EQ,514.7,-3.09,2090.54,2.63,13.61
EPACK,EQ,233,-5.17,2242.12,5.76,13.59
INDIAMART,EQ,2033,-3.1,12215.72,0.66,13.56
PACEDIGITK,EQ,166.49,-2.84,3593.71,8.01,13.54
DCXINDIA,EQ,165,-4.56,1837.88,8.06,13.5
LALPATHLAB,EQ,1330,-1.25,22284.82,1.02,13.47
BAJAJHIND,EQ,15.68,-1.63,2002.9,84.37,13.42
AIAENG,EQ,3588.1,-3.54,33484.28,0.37,13.35
HEMIPROP,EQ,136.29,-1.28,3884.26,9.66,13.33
RICOAUTO,EQ,107,-5.44,1447.55,12.24,13.25
TANLA,EQ,413,-4.23,5477.1,3.15,13.23
LLOYDSENT,EQ,45.52,-4.09,6793.5,28.92,13.23
BAJAJCON,EQ,347,-1.67,4532.46,3.81,13.2
KAJARIACER,EQ,926.95,-2.98,14763.74,1.42,13.18
TIRUMALCHM,EQ,172.3,-5.87,2077.12,7.42,13.18
UCOBANK,EQ,24.89,-3.08,31210.96,52.47,13.14
ALPHA,EQ,44.9,-2.73,700.11,29.12,13.13
STARHEALTH,EQ,450.6,-2.4,26513.25,2.85,13.09
PAISALO,EQ,33.8,-1.94,3074.18,38.56,13.08
CHALET,EQ,735,-2.1,16095.33,1.77,13.03
KIRIINDUS,EQ,376.5,-4.62,2259.85,3.38,12.95
AURIONPRO,EQ,808,-3.42,4461.25,1.58,12.94
CLEANMAX,EQ,848.5,-2.18,9934.17,1.51,12.92
INDIASHLTR,EQ,715,-4.99,7776.23,1.78,12.92
IOB,EQ,31.71,-2.64,61062.65,40.2,12.81
SEPC,EQ,4.97,-4.42,939.36,256.54,12.8
CEMPRO,EQ,546.5,-0.55,9388.19,2.34,12.71
EMCURE,EQ,1475,-3.69,27964.46,0.85,12.7
INDIAGLYCO,EQ,870,-0.83,5831.33,1.43,12.65
IIFLCAPS,EQ,273.25,-4.09,8509.38,4.58,12.58
CLEAN,EQ,699.35,-2.28,7432.45,1.78,12.56
MANINDS,EQ,371.85,-3.33,2789.23,3.34,12.51
GODAVARIB,EQ,312,-3.93,1596.69,3.9,12.47
SBCL,EQ,393.5,-6.1,2266.73,3.09,12.45
VERANDA,EQ,131,-5.63,1259.82,9.22,12.43
LXCHEM,EQ,119,-4.57,3298.06,10.24,12.38
LLOYDSENGG,EQ,41.15,-4.79,4819.45,29.57,12.34
GOCOLORS,EQ,261.35,-1.66,1374.6,4.69,12.34
ZENSARTECH,EQ,559,-3.53,12713.36,2.18,12.24
PGHH,EQ,9918,-1.01,32194.56,0.12,12.19
PARAGMILK,EQ,194.4,-3.64,2432.13,6.23,12.17
AUTOBEES,EQ,255.1,-3.15,388.45,4.76,12.12
WHIRLPOOL,EQ,806,-4.09,10225.87,1.48,12.11
RBA,EQ,61.29,-0.63,3572.09,19.57,12
INDIGOPNTS,EQ,747.95,-2.67,3565.9,1.6,11.99
NETWORK18,EQ,30.25,-4.84,4664.55,38.86,11.98
BERGEPAINT,EQ,413,-0.47,48155.92,2.91,11.96
INDGN,EQ,445.1,-1.7,10703.77,2.67,11.95
ABDL,EQ,413.3,-2.39,11560.42,2.86,11.92
KSHINTL,EQ,413,-1.1,2798.31,2.9,11.91
RKFORGE,EQ,517,-3.14,9359.28,2.26,11.73
MANORAMA,EQ,1287,-3.31,7684.49,0.91,11.69
CAMLINFINE,EQ,119.5,-7.77,2295.49,9.5,11.63
PTC,EQ,160.7,-1.86,4756.85,7.15,11.59
SEDEMAC,EQ,1509,-1.57,6663.97,0.77,11.56
GSFC,EQ,155.5,-3.33,6196.33,7.32,11.53
MBAPL,EQ,443,-1.41,3881.87,2.62,11.52
BBOX,EQ,501.5,-1.35,8549.7,2.25,11.41
VIYASH,EQ,189.13,-3.17,8262.16,5.92,11.37
BRIGADE,EQ,659,-3.96,16118.71,1.71,11.34
APEX,EQ,360.25,-2.54,1125.78,3.15,11.34
GRWRHITECH,EQ,3688.7,-4.91,8569.73,0.3,11.34
HCG,EQ,548.2,-3.82,7730.04,2.04,11.25
VTL,EQ,530.25,-3.36,15339.17,2.08,11.16
HONASA,EQ,278.8,-0.94,9071.31,4.01,11.14
GPPL,EQ,149.56,-2.97,7230.33,7.35,11.1
HUBTOWN,EQ,185.1,-6.09,2630.28,5.78,11.04
ENDURANCE,EQ,2282.8,-3.39,32110.51,0.48,11.02
SJS,EQ,1586,-4.31,5071.44,0.69,10.99
MIDHANI,EQ,308.95,-3.93,5787.87,3.5,10.95
GICRE,EQ,360.85,-2.71,63307.52,3.01,10.94
CENTUM,EQ,2742.9,-3.28,4043.3,0.39,10.93
ASHOKA,EQ,112.93,-3.76,3170.21,9.57,10.93
ANUP,EQ,1626,-1.94,3257.12,0.66,10.91
UBL,EQ,1570,-2.97,41511.61,0.69,10.91
AVALON,EQ,935,-0.54,6242.64,1.16,10.79
SHILCTECH,EQ,3925.2,-2.18,4490.51,0.27,10.76
THELEELA,EQ,407.5,-0.83,13608.78,2.62,10.68
PNCINFRA,EQ,186.6,-2.44,4787.02,5.68,10.68
CERA,EQ,4760,-4.46,6139.23,0.22,10.66
JUBLPHARMA,EQ,841.2,-1.8,13398.73,1.25,10.65
PRICOLLTD,EQ,540,-1.07,6581.6,1.98,10.62
SYMPHONY,EQ,784,-3.95,5383.84,1.33,10.55
ANTHEM,EQ,639,-1.45,35893.52,1.66,10.52
STYL,EQ,229.6,-9.42,3715.06,4.4,10.45
RRKABEL,EQ,1404,-2.38,15879.39,0.74,10.45
GREAVESCOT,EQ,134.25,-3.45,3126.63,7.7,10.36
JYOTISTRUC,EQ,10.43,-3.43,1244.99,98,10.33
AARTIDRUGS,EQ,336.2,-1.45,3068.5,2.98,10.31
RATEGAIN,EQ,487,-4.38,5752.64,2.09,10.3
KERNEX,EQ,952,-1.63,1599.59,1.07,10.29
JSFB,EQ,349,-2.85,3674.81,2.93,10.24
BANCOINDIA,EQ,553,-3.61,7909.96,1.84,10.2
RGL,EQ,96.03,-6.13,1030.65,10.4,10.19
NSLNISP,EQ,36.11,-2.98,10582.42,28.01,10.18
FRACTAL,EQ,805,-0.14,13843.19,1.27,10.14
TEGA,EQ,1626,-4.05,12215.76,0.61,10.12
DCMSIL,EQ,93.5,-6.87,813.38,10.12,10.04
COHANCE,EQ,300.9,-1.75,11511.45,3.34,10.01
PRAKASH,EQ,120.76,-1.42,2162.59,8.21,10
EPACKPEB,EQ,152.02,-5,1527.07,6.3,9.9
EBGNG,EQ,377,-2.73,4298.23,2.57,9.9
EMAMILTD,EQ,407,-2.36,17765.55,2.42,9.87
NFL,EQ,68.46,-3.56,3358.5,14.3,9.86
EIDPARRY,EQ,794,-3.28,14123.09,1.23,9.85
63MOONS,EQ,530.2,-5.08,2443.08,1.83,9.85
BAJAJELEC,EQ,339.55,-2.51,3918.01,2.89,9.83
HONAUT,EQ,28540,-2.41,25233.71,0.03,9.79
INOXGREEN,EQ,140.51,-2.86,5641.36,6.89,9.79
MOM30IETF,EQ,29.29,-1.94,495.07,33.52,9.78
MOBIKWIK,EQ,183,-1.21,1440.76,5.35,9.76
GMRP&UI,EQ,101.58,-2.52,7933.58,9.56,9.75
WENDT,EQ,6661,-1.42,1332.2,0.15,9.73
LUMAXIND,EQ,4980,-5.59,4655.17,0.19,9.7
SKIPPER,EQ,351,-1.13,3962.93,2.76,9.66
KIRLOSBROS,EQ,1550,-1.73,12308.38,0.62,9.61
MASTEK,EQ,1460,-4.97,4525.61,0.65,9.55
LOTUSDEV,EQ,116.5,-5.5,5693.63,8.03,9.55
HGINFRA,EQ,483.5,-4.2,3151.02,1.95,9.51
ELGIEQUIP,EQ,468,-2.92,14831.34,2.01,9.49
PARKHOSPS,EQ,197,-2.05,8509.04,4.78,9.38
V2RETAIL,EQ,1897,-1.37,6917.17,0.49,9.35
ARSSBL,EQ,466.6,-4.02,2926.76,1.98,9.35
FMCGIETF,EQ,50.48,-1.87,722.85,18.35,9.27
INTERARCH,EQ,1740,-3.32,2918.3,0.53,9.26
METROPOLIS,EQ,1825,-2.3,9459.33,0.5,9.25
STALLION,EQ,112.39,-5,1304.69,8.11,9.21
SENCO,EQ,293.75,-3.23,4811.82,3.12,9.18
PENIND,EQ,138.5,-3.56,1869.01,6.48,9.17
DELTACORP,EQ,53.9,-2.5,1443.29,16.98,9.16
FEDFINA,EQ,131.93,-3.65,4936.9,6.86,9.14
KPEL,EQ,275.5,-1.52,1862.27,3.25,9.13
GARUDA,EQ,157.5,-4.47,1465.41,5.72,9.12
ERIS,EQ,1288,-1.54,17841.8,0.7,9.09
NXST,RR,155.35,-2.21,23535.53,5.79,9.04
EMBDL,BE,49.75,-3.38,6918.4,17.89,8.98
JISLJALEQS,EQ,30.57,-6.2,2184.56,28.8,8.96
BIRET,RR,328.95,-0.65,24651.04,2.71,8.94
MOREPENLAB,EQ,37.1,-3.96,2032.91,23.84,8.94
KRISHNADEF,EQ,895,-5.04,1336.43,0.99,8.92
REFEX,EQ,200.5,-3.07,2750.85,4.33,8.83
SENORES,EQ,732.5,-2.33,3373.43,1.17,8.8
KNRCON,EQ,119.3,-3.1,3355.13,7.35,8.8
MEDIASSIST,EQ,322.35,-5.11,2405.03,2.67,8.78
CANFINHOME,EQ,832,-1.17,11078.42,1.05,8.77
ARMANFIN,EQ,1461.2,-1.7,1536.15,0.58,8.73
BOMDYEING,EQ,102.5,-4.69,2116.98,8.39,8.72
SAMBHV,EQ,91,-1.89,2681.51,9.51,8.67
GROWWGOLD,EQ,14.86,-1.52,446.93,59.82,8.67
PRUDENT,EQ,2300,-2.47,9523.54,0.38,8.66
JYOTHYLAB,EQ,208.2,-2.8,7645.41,4.09,8.57
SBFC,EQ,86,-3.16,9515.16,9.85,8.54
MAPMYINDIA,EQ,871,-1.06,4766.26,0.98,8.54
MAFANG,EQ,159.7,-0.32,3949.44,5.31,8.53
VAIBHAVGBL,EQ,205.23,-4.14,3428.36,4.13,8.51
SGBDE31III,GB,14955,-5.5,18105.73,0.06,8.45
RATNAVEER,EQ,139.8,-4.67,948.83,5.97,8.44
VSTTILLERS,EQ,5222,-1.38,4513.56,0.16,8.36
ZFCVINDIA,EQ,13572,-1.08,25742.81,0.06,8.34
ARVIND,EQ,358.7,-1.78,9402.05,2.3,8.32
SUMICHEM,EQ,382,-1.88,19067.37,2.17,8.29
SUPRIYA,EQ,579,-1.74,4659.95,1.43,8.29
SAPPHIRE,EQ,162.2,-5.43,5212.83,5.01,8.26
BECTORFOOD,EQ,184.25,-3,5656.3,4.46,8.24
SANGHVIMOV,EQ,247,-2.45,2138.43,3.34,8.24
CAPLIPOINT,EQ,1622,-1.59,12329.1,0.51,8.23
TRITURBINE,EQ,465.6,-2.08,14801.05,1.76,8.21
CCAVENUE,EQ,14.11,-4.01,4919.28,57.81,8.2
VENKEYS,EQ,1243,-5.9,1751.06,0.65,8.18
SHRINGARMS,EQ,191.7,-5.19,1848.6,4.18,8.18
MEDANTA,EQ,1015,-2.78,27282.22,0.79,8.09
VIKRAN,EQ,60.25,-4.88,1553.91,13.27,8.08
JKPAPER,EQ,332.05,-0.49,5625,2.43,8.08
MIDWESTLTD,EQ,1247.8,-4.86,4512.15,0.62,8.02
3MINDIA,EQ,32730,-0.74,36870.57,0.02,8
GMBREW,EQ,995,-3.26,2273.27,0.8,7.99
TIMKEN,EQ,3208,-5.06,24130.17,0.24,7.95
MAITHANALL,EQ,895,-3.97,2605.48,0.89,7.94
PICCADIL,EQ,541.6,-0.84,5334.64,1.43,7.85
MAHLOG,EQ,358,-6.28,3552.16,2.15,7.84
MUFIN,EQ,102.75,-2.84,1779.95,7.61,7.82
SETFNN50,EQ,692,-1.35,2749.84,1.14,7.82
SGBAUG28V,GB,14600,-4.3,9270.68,0.05,7.81
ACI,EQ,573,-0.4,7074.17,1.36,7.8
ENTERO,EQ,1109.2,-0.24,4826.23,0.71,7.8
ARKADE,EQ,103,-3.37,1912.34,7.44,7.78
SIMPLEXINF,EQ,168,-4.93,1328.8,4.57,7.75
BIRLACORPN,EQ,815.1,-4.45,6276.71,0.94,7.72
MOMENTUM50,EQ,48.71,-0.53,289.44,16.07,7.67
RAMCOCEM,EQ,945,-3.81,22329.63,0.8,7.65
PROSTARM,EQ,127,-2.3,747.71,6.05,7.64
SHAREINDIA,EQ,122.81,-5.02,2671.02,6.16,7.63
KIMS,EQ,652.5,-2.9,26109.07,1.16,7.63
AEQUS,EQ,123.7,-2.04,8296.13,6.16,7.61
FISCHER,EQ,36.14,-1.26,2343.73,20.58,7.58
CRAMC,EQ,235.8,-1.32,4702.26,3.18,7.58
AWFIS,EQ,265.3,-3.89,1897.97,2.8,7.56
GODIGIT,EQ,328,-0.06,30323.27,2.29,7.55
KMEW,EQ,1512,-3.21,3695.95,0.49,7.53
EUROPRATIK,EQ,212,-4.83,2166.64,3.46,7.52
SONATSOFTW,EQ,231.4,-3.94,6489.03,3.21,7.49
CANHLIFE,EQ,144.99,-1.57,13774.05,5.15,7.47
SHILPAMED,EQ,315,-2.96,6160.83,2.35,7.47
GRINDWELL,EQ,1403.4,-1.84,15538.44,0.53,7.42
QUADFUTURE,EQ,302,-1.6,1208,2.44,7.4
SRM,EQ,396.1,-1.66,908.82,1.83,7.39
AEROENTER,EQ,73.53,-6.98,831.51,9.93,7.38
PREMEXPLN,EQ,440.7,-2.16,2369.26,1.66,7.35
PINELABS,EQ,169.79,-0.99,19496.58,4.39,7.33
CIEINDIA,EQ,469.9,-2.35,17826.24,1.55,7.33
DREDGECORP,EQ,867.5,-4.72,2429,0.83,7.32
DEEPINDS,EQ,366.6,-0.26,2346.24,2.02,7.32
NOCIL,EQ,140.85,-4.9,2352.55,5.1,7.28
MOTOUR,EQ,71.49,-0.43,9.11,10.4,7.23
THYROCARE,EQ,363.2,-2.54,5780.88,1.99,7.22
FINOPB,EQ,149.7,-1.95,1245.78,4.87,7.22
AGARWALEYE,EQ,424,-2.29,13432.64,1.7,7.18
RAMASTEEL,EQ,5.33,-6.33,871.72,132.59,7.16
RHIM,EQ,367,-3.73,7578.6,1.91,7.11
FINPIPE,EQ,174.12,-1.93,10803.74,4.06,7.09
PVTBANIETF,EQ,26.12,-1.43,2703.33,27.36,7.05
MEDPLUS,EQ,821.9,-2.78,9867.29,0.85,7.03
GAEL,EQ,133.99,-1.87,6145.73,5.27,7.02
CONCORDBIO,EQ,1103.5,-3.45,11544.4,0.63,7.01
STYLEBAAZA,EQ,242.15,-4.53,1806.86,2.87,6.99
MARKSANS,EQ,162.14,-3.42,7347.6,4.25,6.96
TTML,EQ,37.9,-4.82,7409.18,18.07,6.96
FIEMIND,EQ,2005,-3.34,5277.09,0.34,6.95
VENUSPIPES,EQ,962,-3.98,1992.89,0.71,6.93
NIFTYBETA,EQ,258.7,-1.33,66351.44,2.69,6.91
RITES,EQ,191.7,-2.84,9213.17,3.56,6.87
KITEX,EQ,159.5,-3.1,3182.03,4.27,6.86
MOM100,EQ,59.6,-1.86,750.39,11.5,6.81
ALOKINDS,EQ,12.87,-2.72,6390.26,51.91,6.77
OPTIEMUS,EQ,335.5,-4.13,2975.51,2.01,6.77
JUSTDIAL,EQ,518.1,-2,4406.16,1.3,6.75
SGBFEB32IV,GB,15349,-4.25,19626.49,0.04,6.73
ARVINDFASN,EQ,404.5,-1.16,5405.34,1.65,6.67
KANSAINER,EQ,168.85,-3.52,13651.94,3.9,6.66
VIJAYA,EQ,915.3,-2.44,9402.41,0.72,6.64
SGBSEP31II,GB,14800,-7.29,17277.46,0.04,6.64
CELLO,EQ,404,-1.04,8923.76,1.64,6.63
DAMCAPITAL,EQ,127.5,-3.39,901.25,5.16,6.62
NIVABUPA,EQ,70,-2.19,12932.2,9.45,6.61
IMFA,EQ,1222,-2.9,6593.19,0.53,6.57
FDC,EQ,337,-0.01,5486.7,1.93,6.53
JTLIND,EQ,50.1,-4.5,1969.34,12.82,6.52
VIDYAWIRES,EQ,53.05,-4.07,1128.33,12.19,6.52
RTNINDIA,EQ,26.6,-4.14,3676.84,24.02,6.5
VINATIORGA,EQ,1419.9,-0.74,14719.48,0.46,6.49
PGHL,EQ,4818,-2.47,7997.58,0.13,6.48
HNGSNGBEES,EQ,499.99,-2.67,1179.31,1.29,6.46
PGIL,EQ,1482.2,-3.57,6839.09,0.43,6.42
JAIBALAJI,EQ,62.05,-3.15,5660.55,10.22,6.41
WALCHANNAG,EQ,145.5,-3.1,987.1,4.35,6.38
SMSPHARMA,EQ,365.15,-4.47,3419.7,1.72,6.35
NAVKARCORP,EQ,84.7,-1.47,1274.9,7.25,6.34
ORIANA,SM,1730.25,-2.12,3515.72,0.36,6.33
BALAMINES,EQ,1021.5,-4.33,3309.76,0.61,6.3
REGAAL,EQ,71.05,-5.05,729.85,8.63,6.27
INDRAMEDCO,EQ,391.1,-3.94,3585.33,1.59,6.27
RUBICON,EQ,760,-1.03,12521.02,0.83,6.26
GANECOS,EQ,820.05,-2.08,2197.4,0.76,6.24
NUVOCO,EQ,286.9,-5.7,10246.81,2.16,6.24
POLYPLEX,EQ,875,-1.13,2746.84,0.72,6.23
UNIVCABLES,EQ,637.2,-2.44,2210.79,0.97,6.22
GOODLUCK,EQ,1014,-4.1,3370.38,0.6,6.13
EASEMYTRIP,EQ,6.9,-2.4,2509.43,88.73,6.13
RAYMONDLSL,EQ,796,-5.84,4849.52,0.75,6.12
UNIECOM,EQ,90.5,-5.07,1017.03,6.68,6.1
GODREJIND,EQ,823,-1.08,27719.04,0.73,6.1
GNFC,EQ,411.75,-2.1,6050.28,1.47,6.1
GLAND,EQ,1596,-4.13,26295.13,0.38,6.09
UTKARSHBNK,EQ,11.9,-1.82,2117.63,51.18,6.09
SANDHAR,EQ,473.25,-2.97,2848.53,1.28,6.06
SAREGAMA,EQ,340.1,-3.33,6557.45,1.77,6.02
ORIENTCEM,EQ,133.11,-4.48,2734.88,4.46,6
ATUL,EQ,6228,-1.94,18336.33,0.1,5.98
WEWORK,EQ,471,-5.2,6312.5,1.24,5.92
BCG,BE,8.9,-2.94,1795.95,66.92,5.91
HPL,EQ,284.6,-3.92,1829.99,2.05,5.9
RALLIS,EQ,242,-0.98,4706.15,2.41,5.87
AFCONS,EQ,277,-3.8,10187.63,2.08,5.85
HERITGFOOD,EQ,311,-2.87,2885.96,1.86,5.85
ALLCARGO,EQ,8.09,-2.29,1211.7,72.6,5.84
AGI,EQ,504.3,-2.96,3262.69,1.14,5.8
ISGEC,EQ,899,-0.68,6610.3,0.65,5.78
SDBL,EQ,71.7,-3.98,1414.47,7.97,5.77
BASF,EQ,3311,-3.3,14331.88,0.17,5.73
MONIFTY500,EQ,22.24,-0.63,223.07,25.98,5.69
MSTCLTD,EQ,407.5,-4.48,2868.8,1.36,5.64
EFCIL,EQ,197.6,-3.2,2712.72,2.83,5.63
JSWHL,EQ,15926,-4.48,17677.26,0.03,5.57
GLAXO,EQ,2378.9,-2.41,40300,0.23,5.52
ICICIB22,EQ,118.14,-1.1,10149.61,4.7,5.52
MINDACORP,EQ,500,-1.07,11953.97,1.1,5.5
BLUEDART,EQ,5067,-3.41,12022.94,0.11,5.49
DCW,EQ,40.3,-4.5,1189.47,13.49,5.49
MOREALTY,EQ,70.84,-2.93,256.58,7.76,5.48
ORIENTTECH,EQ,265,-1.69,1213.86,2.05,5.48
IBULLSLTD,EQ,9.95,-4.05,2312.76,53.78,5.41
HLEGLAS,EQ,285,-0.49,1979.46,1.9,5.4
TCI,EQ,943.2,-1.73,7238.47,0.57,5.39
ORISSAMINE,EQ,3469,-5,2081.4,0.15,5.36
LOWVOLIETF,EQ,20.64,-2.46,3385.86,25.62,5.31
ALKYLAMINE,EQ,1286,-4.75,6577.13,0.41,5.29
STLNETWORK,EQ,18.38,-1.39,896.92,28.59,5.25
ENERGY,EQ,35.91,-1.07,221.96,14.55,5.24
STYRENIX,EQ,1962,-1.27,3450.3,0.27,5.23
HINDWAREAP,EQ,197.1,-2.95,1648.67,2.59,5.21
SENSEXIETF,EQ,864.55,-1.21,26794.2,0.6,5.18
AWHCL,EQ,438.4,-1.87,1244.27,1.18,5.17
WAKEFIT,EQ,157.35,-5.6,5142.65,3.21,5.15
PSPPROJECT,EQ,654,-3.55,2592.57,0.78,5.13
TVSSCS,BE,101.5,-2.91,4477.98,5.07,5.13
BIKAJI,EQ,608.7,-1.56,15253.58,0.84,5.12
ALGOQUANT,EQ,55.8,-2.12,1568.52,9.15,5.09
COSMOFIRST,EQ,626,-2.64,1643.23,0.8,5.09
ALIVUS,EQ,926.1,-1.68,11366.61,0.55,5.09
SAWALIYA,SM,314,-3,311.43,1.59,5.08
GULFOILLUB,EQ,929.9,-4.1,4593.71,0.54,5.04
OILIETF,EQ,11.17,-1.59,265.62,45,5.03
SPARC,EQ,115.5,-3.95,3747.97,4.29,5
VMART,EQ,507,-3.83,4028.54,0.98,4.99
NIFTYCASE,EQ,9.32,-1.48,38.01,53.56,4.95
MARSONS,EQ,133.39,-3.31,2295.64,3.62,4.95
MANGLMCEM,EQ,807.9,-2.04,2221.51,0.61,4.95
SANGHIIND,EQ,50.65,-4.16,1308.42,9.75,4.95
TARC,EQ,122.82,-1.79,3624.37,3.99,4.94
TVSHLTD,EQ,13695,-1.05,27707.87,0.04,4.87
EPL,EQ,188.6,-3.71,6040.95,2.55,4.86
HDFCMID150,EQ,20.44,-2.71,155.32,23.73,4.86
VIMTALABS,EQ,419.1,-2.92,1872.09,1.14,4.81
HAPPYFORGE,EQ,1251.5,-3,11805.14,0.38,4.81
BSLGOLDETF,EQ,129.89,-4.39,2845.93,3.67,4.81
SHK,EQ,124.8,-3.28,1727.49,3.78,4.74
ATULAUTO,EQ,418.9,-1.49,1162.5,1.12,4.68
NEXT50,EQ,656.55,-2.64,1104.74,0.71,4.68
SURYAROSNI,EQ,206.5,-2.28,4494.18,2.26,4.68
ECOSMOBLTY,EQ,115.5,-5.94,693,3.93,4.67
JPOLYINVST,EQ,1188,-3.81,1248.82,0.39,4.65
ITIETF,EQ,31.68,-2.91,432.15,14.54,4.63
NPST,EQ,1037.3,-3.61,2162.84,0.44,4.62
PARKHOTELS,EQ,108.39,-3.79,2312.76,4.14,4.59
CARBORUNIV,EQ,749,-2.44,14265.8,0.61,4.58
LTGILTBEES,EQ,29.32,-0.27,2569.95,15.62,4.58
648GS2035,GS,101,-0.05,193920,4.52,4.57
ADVAIT,EQ,1578.4,-3.01,1726.26,0.28,4.53
HIMATSEIDE,EQ,79.2,-3.57,995.88,5.67,4.51
VARROC,EQ,504.5,-3.78,7708.07,0.88,4.51
WELENT,EQ,460,-1.45,6367.04,0.97,4.49
MANAKCOAT,EQ,110.99,-3.44,1174.65,4.03,4.48
CARYSIL,EQ,790,-2.9,2246.97,0.57,4.46
AJMERA,EQ,108.6,-5.97,2137.2,4,4.44
ICEMAKE,EQ,774,-4.87,1221.35,0.56,4.43
GODREJAGRO,EQ,575.9,-2.55,11076.23,0.77,4.43
KROSS,EQ,181.5,-3.16,1170.85,2.42,4.41
ASALCBR,EQ,724,-2.72,1374.09,0.6,4.39
CIGNITITEC,EQ,1075,-3.11,2961.3,0.4,4.38
KSL,EQ,649,-4.44,2833.08,0.67,4.38
METAL,EQ,11.37,-2.57,419.5,38.32,4.38
KAMDHENU,EQ,21.14,-2.63,595.9,20.62,4.38
CEINSYS,EQ,929.95,-2.77,1659.14,0.46,4.35
SUVEN,EQ,134.5,-2.61,3119.75,3.2,4.33
INA,EQ,96.8,-3.63,2133.42,4.4,4.33
DBL,EQ,425,-2.83,6903.91,1.01,4.31
SIGACHI,EQ,19.11,-3.87,730.23,22.27,4.3
SFL,EQ,520,-1.7,5652.96,0.83,4.29
MARINE,EQ,173,-3.3,2392.49,2.45,4.28
BBTC,EQ,1518,-1.48,10591.37,0.28,4.27
JKLAKSHMI,EQ,595,-3.36,7386.59,0.71,4.27
MOVALUE,EQ,110.8,-2.82,146.67,3.83,4.25
SUNTECK,EQ,307,-5.74,4497.21,1.36,4.25
NESCO,EQ,1045,-2.03,7363.07,0.41,4.24
INDIACEM,EQ,355.15,-3.9,11006,1.18,4.23
675GS2029,GS,102.6,-0.39,104652,4.08,4.19
CARERATING,EQ,1546,-1.03,4645.27,0.27,4.18
SPMLINFRA,EQ,165,-3.79,1245.04,2.5,4.18
MONARCH,EQ,266,-1.48,2108.54,1.56,4.18
TRAVELFOOD,EQ,1095,-3.33,14418.9,0.37,4.18
OMINFRAL,EQ,85,-4.17,818.58,4.81,4.16
GHCL,EQ,441,-2.25,4054.3,0.93,4.16
JARO,EQ,474,-2.63,1051.16,0.88,4.15
EPIGRAL,EQ,848,-0.71,3658.39,0.49,4.15
NIACL,EQ,130.3,-3.22,21473.44,3.16,4.15
NIBE,EQ,975,-1.95,1413.87,0.42,4.14
SERVOTECH,EQ,68.35,-3.94,1543.65,5.97,4.12
ALLTIME,EQ,216,-0.3,1414.97,1.87,4.1
TATVA,EQ,1156.6,-1.68,2705.53,0.35,4.1
EIHOTEL,EQ,315,-2.54,19698.97,1.29,4.09
HITECH,EQ,75.45,-3.18,1532.45,5.37,4.09
AKUMS,EQ,468.5,-2.66,7373.91,0.87,4.08
SKFINDIA,EQ,1570,-1.79,7761.76,0.26,4.07
TIPSMUSIC,EQ,515.15,-2.61,6585.24,0.79,4.07
VPRPL,EQ,37.5,-4.6,467.42,10.68,4.07
EMUDHRA,EQ,409,-0.74,3387,0.99,4.05
ESILVER,EQ,228.85,-7.95,1452.9,1.74,4.04
HARIOMPIPE,EQ,306,-4.61,947.6,1.31,4.03
WSTCSTPAPR,EQ,420.4,-0.94,2776.7,0.96,4.03
SPIC,EQ,61.25,-2.5,1247.3,6.54,4.01
TOP10ADD,EQ,86.1,-2.05,704.45,4.66,4
VGUARD,EQ,324.5,-2.24,14172.68,1.22,3.98
MID150CASE,EQ,10.09,-2.98,204.25,38.96,3.96
754GS2036,GS,107.3,-0.24,159877,3.68,3.95
BBL,EQ,2328,-2.03,2631.37,0.17,3.94
CRIZAC,EQ,205.65,-5.46,3598.52,1.87,3.93
SHREEJISPG,EQ,360,-2.96,5865.06,1.07,3.92
MANINFRA,EQ,90.29,-3.57,3644.7,4.27,3.92
TAJGVK,EQ,308.9,-1.67,1936.85,1.26,3.91
KALAMANDIR,EQ,98.8,-2.88,1515.26,3.93,3.9
GATEWAY,EQ,51.7,-2.86,2583.16,7.51,3.9
VENUSREM,EQ,860.4,-3.84,1150.1,0.45,3.89
TSFINV,EQ,364.9,-1.46,8104.57,1.06,3.85
EBBETF0431,EQ,1388,-0.96,13119.56,0.28,3.85
SUDARSCHEM,EQ,770,-5.63,6053.12,0.49,3.84
PSUBNKIETF,EQ,85,-3.05,114.8,4.5,3.84
NRBBEARING,EQ,249,-3.04,2413.37,1.52,3.82
MASFIN,EQ,294,-2.08,5334.73,1.3,3.81
HDFCNIFBAN,EQ,55.19,-2.7,5262.1,6.92,3.81
SENSEXBETA,EQ,829.9,-2.24,51302.19,0.46,3.8
UTIAMC,EQ,946,-2.53,12158,0.4,3.79
MAHSCOOTER,EQ,12470,-1.64,14251.42,0.03,3.79
SWARAJENG,EQ,3600,-2.76,4373.95,0.1,3.79
SAKSOFT,EQ,117,-2.09,1550.85,3.22,3.79
HIRECT,EQ,1506,-0.86,2587.88,0.25,3.76
MBEL,EQ,267,-5.1,1525.86,1.38,3.76
JKIL,EQ,497.55,-2.06,3764.74,0.75,3.75
LUXIND,EQ,911.95,-1.43,2742.39,0.41,3.71
SALASAR,EQ,6.92,-2.54,1209.58,52.86,3.68
SULA,EQ,153.85,-3.63,1299.22,2.38,3.68
MOSMALL250,EQ,14.99,-1.51,174.48,24.56,3.67
HDFCNEXT50,EQ,65.85,-1.86,142.39,5.56,3.64
INDSWFTLAB,EQ,142,-2.34,1158.88,2.54,3.64
INSECTICID,EQ,567.5,-2.26,1651.3,0.63,3.62
JAGSNPHARM,EQ,181.96,-1.81,1217.14,1.96,3.58
BUILDPRO,EQ,910,-4.71,2206.69,0.39,3.57
MTNL,EQ,24.65,-3.94,679.41,14.3,3.56
PSB,EQ,22.9,-2.64,16248.89,15.5,3.55
DYCL,EQ,268.85,-3.17,1302.81,1.31,3.55
ICIL,EQ,231,-3.65,4575.06,1.53,3.54
IZMO,BE,719,-0.83,1075.81,0.5,3.54
RIIL,EQ,639,-2.93,964.89,0.55,3.5
RHETAN,EQ,24.57,-0.69,1957.92,14,3.49
IFBIND,EQ,982,-4.62,3978.95,0.35,3.47
KRISHANA,EQ,475.25,-2.86,2938.36,0.73,3.47
SETL,EQ,116,-2.32,2314.1,2.96,3.46
SANOFI,EQ,3409,-1.5,7851.14,0.1,3.46
QUESS,EQ,178.93,-2.04,2669.95,1.92,3.45
STUDDS,EQ,484,-2.27,1904.7,0.71,3.43
HIKAL,EQ,166.4,-4.14,2051.72,2.04,3.43
KDDL,EQ,2247.2,-3,2763.89,0.15,3.42
ZOTA,EQ,1095,-5.71,3729.64,0.31,3.41
SPANDANA,EQ,208.2,-2.21,1484.57,1.63,3.4
RESPONIND,EQ,151.06,-4.68,4027.39,2.18,3.39
VIPIND,EQ,324.5,-3.69,4609.57,1.03,3.39
BSE500IETF,EQ,36,-2.65,322.65,9.36,3.38
VSTIND,EQ,217.9,-3.84,3701.27,1.53,3.38
VADILALIND,EQ,4554,-2.7,3273.34,0.07,3.38
PFIZER,EQ,4720,-2.03,21592.93,0.07,3.37
CEIGALL,EQ,273.9,-1.35,4771.47,1.24,3.37
SARVESHWAR,EQ,3.08,-3.14,378.45,107.82,3.35
BHAGCHEM,EQ,181.91,-5.35,2358.81,1.8,3.35
GALLANTT,EQ,548,-1.41,13222.2,0.61,3.35
REMSONSIND,EQ,87.5,-3.8,305.19,3.75,3.31
SHANTIGOLD,EQ,183.85,-3.63,1325.48,1.79,3.31
CONSUMBEES,EQ,120,-1.14,189.78,2.78,3.3
AKZOINDIA,EQ,2812.1,-3.72,12806.39,0.12,3.29
PURVA,EQ,183,-3.79,4339.84,1.77,3.29
MAYURUNIQ,EQ,501.4,-0.91,2178.71,0.66,3.29
LMW,EQ,14004,-2.72,14960.47,0.02,3.28
AJAXENGG,EQ,490,-0.19,5605.93,0.68,3.26
PVTBANKADD,EQ,26.5,-0.64,502.54,12.58,3.26
GANESHCP,EQ,170.01,-0.09,687.06,1.93,3.25
PDSL,EQ,262,-4.87,3705.78,1.23,3.25
SOLARWORLD,EQ,159,-3.58,1378.1,2.01,3.22
TEMBO,EQ,499.85,-1.68,773.13,0.64,3.22
JAICORPLTD,EQ,99.3,-3.31,1742.76,3.21,3.2
SOUTHWEST,EQ,193.1,-5.97,576.02,1.62,3.19
KIOCL,EQ,314.6,-3.23,19119.85,1.02,3.19
RAJESHEXPO,BZ,99,-4.26,2923.07,3.17,3.17
APLLTD,EQ,662,-2.11,13012.48,0.48,3.17
SHRIRAMPPS,EQ,68.6,-1.68,1170.69,4.65,3.17
C2C,SM,355,-3.83,602.38,0.88,3.14
NIITLTD,EQ,62.62,-5.46,854.04,4.88,3.12
BEPL,EQ,84.86,-3.51,2111.81,3.63,3.12
NUCLEUS,EQ,817,-1.52,2150.78,0.38,3.08
NELCO,EQ,585,-3.83,1334.88,0.52,3.08
SSWL,EQ,181.45,-2.85,2852.04,1.69,3.07
GREENPOWER,EQ,9.24,-3.25,1083.88,32.69,3.05
MOL,EQ,42.7,-4.96,1085.92,7.06,3.05
MIDSELIETF,EQ,16.11,-3.13,87.15,18.79,3.04
LICMFGOLD,EQ,134.15,-3.52,1399.42,2.26,3.04
MUTHOOTMF,EQ,148.2,-3.41,2526.69,2.02,3.04
FABTECH,EQ,146,-1.86,648.98,2.08,3
EXCELSOFT,EQ,76.25,-1.7,877.52,3.9,2.99
KCP,EQ,137.78,-4.03,1776.28,2.13,2.98
MPSLTD,EQ,1511.3,-1.88,2585.2,0.2,2.98
LGBBROSLTD,EQ,1735.1,-4.27,5533.65,0.17,2.98
VRLLOG,EQ,243,-1.96,4250.97,1.21,2.95
MSPL,EQ,30.32,-0.95,1718.53,9.83,2.95
MAMATA,EQ,375.5,-3.03,924.02,0.77,2.95
CORONA,EQ,1609,-1.35,9840.66,0.18,2.94
NIFTYADD,EQ,242,-2.75,204.54,1.21,2.94
DLINKINDIA,EQ,399.5,-1.36,1418.42,0.73,2.93
AYE,EQ,103.99,-5.07,2566.31,2.76,2.92
ROLEXRINGS,EQ,119.5,-1.52,3254.38,2.46,2.91
SALZERELEC,EQ,549.5,-1.81,971.67,0.53,2.91
DOLPHIN,EQ,380.2,-2.05,1520.97,0.75,2.91
MMFL,EQ,429.15,-1.38,2072,0.68,2.89
RELAXO,EQ,273.5,-4.24,6808.47,1.05,2.89
EMIL,EQ,91.15,-2.67,3506.98,3.14,2.89
FINEORG,EQ,4282.3,-0.87,13129.52,0.07,2.89
KELLTONTEC,EQ,16.23,-4.19,856.63,17.57,2.88
ALPL30IETF,EQ,25.66,-2.28,1449,11.21,2.88
MOCAPITAL,EQ,45.6,-2.44,132.7,6.29,2.88
RAMKY,EQ,471,-2.7,3259.22,0.61,2.88
SOLEX,EQ,937,-1.42,1012.19,0.31,2.87
SILVER360,EQ,223.91,-7.76,47.61,1.24,2.86
MAXESTATES,EQ,372.6,-0.4,6089.98,0.76,2.86
EXICOM,EQ,88.19,-3.83,1226.54,3.17,2.83
NITINSPIN,EQ,365.1,-1.8,2052.59,0.77,2.83
DALMIASUG,EQ,299.4,-0.35,2423.32,0.94,2.83
METROBRAND,EQ,937.5,-4.51,25544.76,0.29,2.82
COFFEEDAY,EQ,24.1,-5.3,509.12,11.55,2.81
DCMSHRIRAM,EQ,1043.9,-4.59,16278.82,0.26,2.79
AXITA,BE,8.79,-0.68,336.26,31.56,2.77
MIDSMALL,EQ,44.5,-2.37,377.21,6.2,2.76
ARIHANTSUP,EQ,214.5,-3.05,927.71,1.27,2.75
RITCO,EQ,195.74,-2.25,560.26,1.4,2.74
WONDERLA,EQ,518,-0.31,3285.3,0.53,2.73
IGPL,EQ,364.6,-3.82,1122.78,0.74,2.69
SUNFLAG,EQ,218.49,-0.96,3937.61,1.24,2.68
BHARATSE,EQ,156.04,-6.24,979.93,1.68,2.68
TARSONS,EQ,182.39,-3.04,970.43,1.45,2.68
GIPCL,EQ,131.5,-2.46,2041.09,2.02,2.67
SGFIN,EQ,377,-1.59,2107.24,0.7,2.66
GNA,EQ,381,-3.78,1635.66,0.69,2.66
BANKETF,EQ,545.36,-2.89,236.04,0.49,2.65
IT,EQ,31.75,-2.79,378.03,8.31,2.64
BSLNIFTY,EQ,27.11,-2.38,3065.54,9.75,2.64
RPTECH,EQ,340.7,-2.29,2245.2,0.77,2.64
TEAMLEASE,EQ,1171,-2.94,1963.64,0.22,2.63
AUTOIETF,EQ,25.62,-2.84,167.62,10.26,2.62
GKSL,EQ,102.01,-2.84,804.28,2.53,2.62
ASTRAZEN,EQ,8379,-1.23,20947.5,0.03,2.62
GVPIL,BE,438.5,-2.14,2947.92,0.59,2.62
JASH,EQ,367.15,-0.64,2309.56,0.71,2.59
DENTA,EQ,241,-2.27,643.47,1.07,2.59
ROSSARI,EQ,416,-2.95,2303.95,0.62,2.59
HEALTHIETF,EQ,145.42,-2.19,150.82,1.78,2.58
GROWWDEFNC,EQ,79.5,-2.09,275.85,3.27,2.58
DIGITIDE,EQ,74.17,-3.9,1105.22,3.43,2.58
GTLINFRA,EQ,1.04,-0.95,1322.53,250.5,2.58
JGCHEM,EQ,336,-2.17,1316.65,0.76,2.58
SENSEXETF,EQ,76.45,-2.86,38.57,3.35,2.58
BGRENERGY,BE,297,-4.67,2143.2,0.86,2.58
ADVENZYMES,EQ,274.3,-2.7,3070.15,0.93,2.57
FUSION,EQ,160,-3.9,2581.86,1.59,2.56
DIAMONDYD,EQ,914.5,-2.32,2185.98,0.28,2.56
SHARDAMOTR,EQ,793,-4.14,4552.43,0.32,2.56
SCILAL,EQ,41,-2.82,1909.78,6.17,2.55
KRSNAA,EQ,598,-1.17,1939.83,0.43,2.55
ARIS,EQ,103.47,-2.12,845.98,2.47,2.55
TOP100CASE,EQ,9.98,-2.25,131.28,25.45,2.53
ORCHPHARMA,EQ,518,-3.79,2627.25,0.48,2.52
QGOLDHALF,EQ,122,-4.65,687.1,2.04,2.51
EVEREADY,EQ,293,-1.81,2129.74,0.85,2.51
STCINDIA,EQ,107.01,-6.57,642.06,2.32,2.51
GEMAROMA,BE,167,-1.28,872.36,1.48,2.51
DATAMATICS,EQ,681,-4.18,4025.15,0.36,2.5
MOTISONS,EQ,12.73,-1.77,1253.22,19.54,2.49
POKARNA,EQ,832.9,-3.67,2582.32,0.29,2.48
GULPOLY,EQ,155.97,-1.27,972.79,1.58,2.48
EBBETF0430,EQ,1564,-0.11,24998.86,0.16,2.47
BALAJITELE,EQ,85,-5.32,1035.4,2.86,2.47
EIMCOELECO,EQ,1516,-3.78,874.49,0.16,2.46
SUDEEPPHRM,EQ,601.35,-3.32,6792.17,0.41,2.46
CENTURYPLY,EQ,660,-3.31,14663.42,0.37,2.45
UNITECH,EQ,4.27,-4.9,1116.45,56.52,2.44
ZUARI,EQ,197.7,-4.47,831.49,1.22,2.43
SIS,EQ,278.9,-0.23,3939.36,0.87,2.42
FLAIR,EQ,311,-2.51,3277.8,0.78,2.42
SANOFICONR,EQ,4215.1,-1.5,9707.64,0.06,2.42
GHCLTEXTIL,EQ,72.65,-1.33,694.43,3.31,2.42
SMALL250,EQ,14.93,-1.65,42.91,16.18,2.41
IRBINVIT,IV,59.42,-0.59,7615.27,4.04,2.41
FCL,EQ,21.89,-1.4,2508.05,11,2.41
SILVERBND,EQ,228,-8.3,12.02,1.03,2.4
DHANUKA,EQ,975.9,-2.85,4399.19,0.24,2.4
REPCOHOME,EQ,355.9,-3.08,2226.56,0.67,2.4
UNIPARTS,EQ,454,-1.29,2049.12,0.52,2.38
ASIANENE,EQ,281,-3.4,1262.73,0.83,2.38
BALMLAWRIE,EQ,162.8,-1.07,2783.94,1.46,2.37
RAJOOENG,EQ,56.11,-3.13,1002.55,4.18,2.36
GALAXYSURF,EQ,1660,-4.06,5885.49,0.14,2.36
NIITMTS,EQ,291,-1.29,3999.66,0.82,2.35
PARACABLES,EQ,34.1,-2.71,1040.77,6.75,2.34
ROHLTD,EQ,322,-0.43,883.09,0.72,2.33
GKENERGY,EQ,104.8,-1.96,2125.52,2.23,2.32
RATNAMANI,EQ,2341.8,-2.49,16414.14,0.1,2.32
ROSSTECH,EQ,684,-2.11,2578.44,0.33,2.31
NEPHROPLUS,EQ,529,-4.5,5308.02,0.43,2.31
FINIETF,EQ,29.88,-2.26,262.84,7.77,2.3
PSUBANK,EQ,845,-2.51,2310.43,0.27,2.29
ARVSMART,EQ,521,-5.01,2389.67,0.43,2.28
MCLOUD,EQ,21.73,-4.19,1280.04,10.31,2.27
KOPRAN,EQ,114.65,-2.68,553.62,1.98,2.27
BHARATRAS,EQ,1271.2,-5,2112.87,0.18,2.26
TBZ,EQ,130,-3.45,867.5,1.74,2.26
HDFCSENSEX,EQ,84.11,-2.84,900.26,2.67,2.26
EQUAL50ADD,EQ,316,-2.41,1075.71,0.71,2.25
SGBMAY29I,GB,14599,-4.5,7765.17,0.02,2.25
IPL,EQ,136.9,-0.28,1576.59,1.63,2.22
INDOSTAR,EQ,193.65,-2.34,3128.83,1.15,2.22
PANSARI,EQ,270.15,-1.03,471.33,0.79,2.22
RAMCOSYS,EQ,406,-1.77,1520.07,0.55,2.22
GANESHHOU,EQ,600.9,-3.67,5010.73,0.37,2.21
MAHKTECH,EQ,22.91,-0.87,443.79,9.69,2.21
TIIL,EQ,2200,-1.07,4988.02,0.1,2.2
SIYSIL,EQ,472,-3.84,2141.47,0.45,2.18
OSIAHYPER,EQ,5.25,-4.89,92.9,41.45,2.18
RAJRATAN,EQ,369,-4.97,1873.45,0.58,2.18
AIMTRON,SM,797,-2.69,1642.55,0.27,2.17
ORIENTELEC,EQ,163.99,-3.21,3498.99,1.31,2.15
DIFFNKG,EQ,246.65,-2.12,923.12,0.88,2.15
MOMIDMTM,EQ,58.48,-4.52,28,3.7,2.15
VESUVIUS,EQ,476,-2.76,9660.93,0.45,2.14
VINDHYATEL,EQ,1068,-5.13,1265.67,0.2,2.13
LANDMARK,EQ,365,-1.87,1513.47,0.58,2.12
KHAICHEM,EQ,49.07,-5.53,475.93,4.25,2.11
NELCAST,EQ,119.5,-5.38,1039.66,1.73,2.11
INDIANHUME,EQ,323.45,-0.08,1703.99,0.65,2.11
PITTIENG,EQ,776,-2.32,2921.92,0.27,2.1
ITETF,EQ,30.23,-2.8,90.64,6.91,2.09
QUICKHEAL,EQ,143.5,-5.12,778.24,1.43,2.09
SPAL,EQ,699.5,-2.3,1755.23,0.29,2.08
SGBJUN31I,GB,14885,-5.1,11564.59,0.01,2.08
MOSILVER,EQ,229.5,-6.14,1035.16,0.9,2.08
SGBMAY28,GB,14600,-4.48,3714.67,0.01,2.05
FILATEX,EQ,39.95,-1.7,1774.01,5.08,2.03
MODIS,EQ,307.2,-1.03,601.84,0.65,2.03
SUYOG,EQ,670,-2.61,785.05,0.3,2.03
AFIL,BE,8.65,-2.04,369.14,22.77,2.01
EGOLD,EQ,147,-4.82,1381.03,1.35,2.01
PIXTRANS,EQ,1418.6,-2.27,1932.87,0.14,2
BIRLANU,EQ,1241.8,-2.95,936.43,0.16,2
MOLDTKPAC,EQ,519,-0.76,1724.58,0.38,1.99
VASCONEQ,EQ,31.9,-3.77,729.45,6.2,1.99
SKFINDUS,EQ,2212.7,-1.72,10939.14,0.09,1.98
SUNCLAY,EQ,1290,-2.36,2843.95,0.15,1.98
INFRABEES,EQ,924.19,-0.27,173.72,0.22,1.96
ALEMBICLTD,EQ,78.48,-3.54,2015.22,2.47,1.95
MARATHON,EQ,408,-3.49,2750.76,0.47,1.95
ARTEMISMED,EQ,229.55,-0.39,3633.17,0.85,1.94
ADVANCE,EQ,98,-3.16,630,1.97,1.94
ADVENTHTL,EQ,151.85,-1.26,819.12,1.26,1.93
JAYKAY,EQ,130.9,-4.26,1705.46,1.46,1.92
ORIENTHOT,EQ,91.55,-0.93,1635.08,2.11,1.91
ADSL,EQ,100.5,-4.65,567.97,1.87,1.91
SUPRAJIT,EQ,398.5,-2.18,5466.27,0.48,1.91
MIDCAP,EQ,16.15,-1.16,172.34,11.95,1.9
IRMENERGY,EQ,202,-0.65,829.41,0.94,1.9
PDMJEPAPER,EQ,73.19,-1.12,694.94,2.61,1.9
ASTEC,EQ,565.15,-5.06,1259.28,0.33,1.9
INGERRAND,EQ,3583,-2.98,11310.81,0.05,1.89
PRINCEPIPE,EQ,240,-3.61,2653.47,0.78,1.89
SHREMINVIT,IV,94.25,-4.31,5757.21,2,1.89
HDFCPVTBAN,EQ,26.3,-1.79,702.61,7.23,1.88
FMGOETZE,EQ,380.9,-4.75,2119.03,0.49,1.88
STANLEY,EQ,147.21,-1.51,840.95,1.28,1.87
THEMISMED,EQ,75.5,-2.78,695.36,2.43,1.86
SUBEXLTD,EQ,8.15,-3.78,458.03,22.57,1.86
DANISH,SM,613,-4.97,1207.1,0.3,1.85
MVKAGRO,SM,440,-6.35,2222.17,0.41,1.84
INDOTECH,EQ,1280,-2.64,1359.36,0.14,1.84
PLATIND,EQ,202.7,-3.93,1113.33,0.9,1.84
KKCL,EQ,435,-1.91,2680.7,0.42,1.83
TAC,SM,451.7,-1.99,949.76,0.41,1.83
SAKAR,EQ,528.6,-1.99,1176.13,0.34,1.83
PFS,EQ,27.1,-1.78,1740.59,6.72,1.82
RPGLIFE,EQ,1820,-5.48,3010.1,0.1,1.82
AONESILVER,EQ,8.85,-6.55,19.15,20.2,1.82
SML100CASE,EQ,9.04,-1.2,49.88,20.22,1.81
HATHWAY,EQ,9.84,-2.57,1741.78,18.29,1.81
DOLLAR,EQ,254,-2.7,1440.59,0.71,1.8
SGBMAR31IV,GB,14785,-5.2,5221.45,0.01,1.8
IMAGICAA,EQ,40.24,-2.04,2277.03,4.45,1.8
IVALUE,EQ,227,-2.68,1240.11,0.79,1.79
GREENPLY,EQ,199.8,-0.24,2495.26,0.9,1.79
BHARATWIRE,EQ,165.2,-2.19,1133.02,1.08,1.78
BFUTILITIE,BZ,413,-3.45,1555.67,0.43,1.78
AONEGOLD,EQ,13.72,-4.72,82.05,12.79,1.78
SUBROS,EQ,680,-2.35,4436.03,0.26,1.78
LAOPALA,EQ,184.6,-0.85,2049.06,0.95,1.77
INDOFARM,EQ,125.47,-4.5,602.9,1.39,1.76
PRSMJOHNSN,EQ,125.02,-1.1,6292.96,1.4,1.76
BFSI,EQ,25.92,-3.25,415.99,6.77,1.76
GEOJITFSL,EQ,58.7,-2.31,1638.45,3.01,1.75
ASHIANA,EQ,298.55,-3.37,3001.17,0.57,1.72
INFRAIETF,EQ,90.25,-2.14,373.46,1.91,1.72
ARROWGREEN,EQ,390,-2.59,588.43,0.44,1.72
AGARIND,EQ,411,-5.02,614.77,0.41,1.72
BOROLTD,EQ,226.8,-3.01,2712.12,0.75,1.71
EIFFL,EQ,230.35,-0.39,571.27,0.74,1.71
SKMEGGPROD,EQ,161.89,-1.88,852.51,1.04,1.7
WESTLIFE,EQ,431.1,-1.91,6709.81,0.39,1.69
RPEL,EQ,636.8,-3.33,2923.67,0.26,1.69
TALBROAUTO,EQ,237.45,-3.36,1465.73,0.7,1.68
GANDHAR,EQ,129.2,-2.04,1264.6,1.3,1.67
OMAXE,EQ,70.25,-2.65,1284.88,2.31,1.67
RACLGEAR,EQ,1200,-1.69,1414.57,0.14,1.66
AUTOAXLES,EQ,1658,-4.96,2505.57,0.1,1.66
VISHNU,EQ,510,-1.52,3433.08,0.32,1.66
SGBJAN29X,GB,14599,-4.37,1772.39,0.01,1.66
PNBGILTS,EQ,68.78,-2.12,1238.11,2.42,1.66
MICEL,EQ,32.85,-2.38,791.72,5,1.65
DDEVPLSTIK,EQ,231.85,-3.27,2399.11,0.7,1.65
ALPHAETF,EQ,23.3,-2.55,373.03,7.06,1.64
5PAISA,EQ,288,-3.14,900.14,0.56,1.63
NDTV,EQ,70.6,-3.37,796.54,2.3,1.63
WANBURY,BE,242,-2.95,845.53,0.67,1.63
RPSGVENT,EQ,608.9,-1.44,2014.63,0.27,1.62
SCODATUBES,EQ,124,-6,742.87,1.28,1.62
RUSTOMJEE,EQ,373.6,-3.38,4716.08,0.43,1.62
RUPA,EQ,123,-3.11,978.15,1.31,1.61
TICL,EQ,25.04,-4.97,388.12,6.42,1.61
GALAPREC,EQ,752,-2.93,962.38,0.21,1.61
UDS,EQ,141.94,-0.03,950.33,1.15,1.61
INNOVACAP,EQ,681,-3.4,3897.02,0.23,1.6
ELECTHERM,EQ,614.7,-1.93,783.3,0.26,1.59
GARFIBRES,EQ,610.3,-2.8,6058.19,0.26,1.59
SSEGL,SM,331.7,-1.99,861.71,0.48,1.58
MHRIL,EQ,259.8,-0.25,5249.09,0.61,1.58
SOMANYCERA,EQ,382,-1.65,1566.69,0.41,1.57
MEIL,EQ,230.51,-4.53,636.9,0.67,1.57
GROWWNIFTY,EQ,9.31,-2.82,22.12,16.7,1.56
KIRLOSIND,EQ,2740.2,-2.44,2879.78,0.06,1.56
CNL,EQ,600,-0.9,901,0.26,1.55
CSLFINANCE,EQ,246,-0.47,560.45,0.63,1.55
MIRCELECTR,EQ,24.95,-4.63,921.63,6.17,1.55
VAKRANGEE,EQ,5.82,-3.48,630.42,26.49,1.54
PNGSREVA,EQ,367.45,-1.13,1164.76,0.42,1.54
LAXMIDENTL,EQ,176,-0.54,967.33,0.88,1.54
AFFORDABLE,EQ,148,-2.37,166.44,1.04,1.54
VMARCIND,SM,658,-3.54,1606.88,0.23,1.53
MASPTOP50,EQ,68.15,-0.93,1149.17,2.24,1.53
HNDFDS,EQ,479.05,-1.9,5723.77,0.32,1.53
JNKINDIA,EQ,232.5,-3.87,1300.93,0.64,1.52
20MICRONS,EQ,150,-3.86,529.3,1,1.52
738GS2027,GS,103.2,-0.19,146544,1.46,1.5
ROTO,EQ,55.92,-3.9,1053.79,2.66,1.5
MACPOWER,EQ,845.45,-2.97,845.8,0.17,1.49
TVSELECT,EQ,388.5,-3.94,724.56,0.38,1.48
RANEHOLDIN,EQ,1069,-3.8,1526.3,0.14,1.48
SYNCOMF,EQ,11.85,-1,1113.9,12.5,1.47
VIVIANA,SM,675,-2.35,683.42,0.22,1.47
UFLEX,EQ,437.55,-2.89,3159.61,0.33,1.45
PRECAM,EQ,116.62,-3.87,1107.72,1.23,1.45
NEXT50BETA,EQ,69.15,-2.3,2133.04,2.09,1.44
SPLPETRO,EQ,659,-1.18,12391.92,0.22,1.44
CENTENKA,EQ,406.7,-3.57,888.66,0.34,1.44
BLKASHYAP,EQ,49.99,-2.72,1126.97,2.87,1.43
AMRUTANJAN,EQ,514.75,-0.68,1488.17,0.28,1.43
KAMATHOTEL,EQ,180,-2.27,530.64,0.79,1.43
TNPETRO,EQ,82,-4.41,737.77,1.73,1.42
SMARTWORKS,EQ,395,-1.41,4513.35,0.36,1.42
SGBJUL28IV,GB,14669,-4.06,6059.5,0.01,1.41
WINDLAS,EQ,719.9,-1.57,1517.35,0.19,1.41
SGBJAN29IX,GB,14566.16,-4.62,4180.32,0.01,1.4
SARTELE,SM,173.65,-5.39,818.02,0.79,1.39
ANONDITA,SM,695,-0.75,1257.02,0.2,1.39
PANACEABIO,EQ,333,-2.33,2039.65,0.41,1.38
SHALBY,EQ,138.34,-4.32,1494.21,0.98,1.38
MUKANDLTD,EQ,124.01,-2.32,1791.89,1.08,1.38
SURAKSHA,EQ,253.7,-3.85,1321.29,0.54,1.37
CAPINVIT,IV,68,-0.18,3342.55,2.02,1.37
UNICHEMLAB,EQ,314.4,-2.65,2213.56,0.44,1.37
SGBJUN28,GB,14580,-3.87,3482.18,0.01,1.37
TRF,EQ,225.1,-5.74,247.71,0.59,1.37
SUPREMEPWR,SM,163,-4.96,407.36,0.82,1.37
ABSLBANETF,EQ,54.8,-2.89,2497.32,2.48,1.36
NSIL,EQ,5380,-1.99,2763.26,0.03,1.36
SHIVALIK,EQ,243.6,-3.26,383.68,0.55,1.36
VENTIVE,EQ,652,-2.28,15226.91,0.21,1.35
MOGOLD,EQ,149,-2.45,1675.89,0.91,1.34
DECCANCE,EQ,646.5,-2.17,905.58,0.21,1.34
KINGFA,EQ,4052,-4.19,5491.02,0.03,1.34
EKC,EQ,103.82,-1.62,1164.94,1.28,1.33
GPTINFRA,EQ,102.3,-4.61,1292.71,1.29,1.33
DMCC,EQ,215,-0.84,536.21,0.61,1.33
AONENIFTY,EQ,9.56,-2.05,18.55,13.82,1.32
PAKKA,EQ,83.26,-4.11,374.24,1.56,1.3
SACHEEROME,ST,333,-3.2,745.01,0.39,1.3
MOMOMENTUM,EQ,58.21,-2.28,116.19,2.24,1.3
FOSECOIND,EQ,5155,-1.88,3885.46,0.02,1.28
JAGRAN,EQ,61.05,-1.97,1328.78,2.08,1.27
AMBIKCO,EQ,1262.9,-2.5,723.01,0.1,1.27
NCLIND,EQ,170.11,-4.51,769.45,0.73,1.27
740IIFCL33,N1,1120.6,-0.39,1295.89,0.11,1.27
KALPATARU,EQ,296.45,-3.45,6104.32,0.42,1.27
DISHTV,EQ,2.27,-0.44,417.97,55.77,1.27
INDIQUBE,EQ,145.25,-0.41,3078.79,0.86,1.27
BALAJIPHOS,SM,125,-3.85,297.21,1.01,1.26
STERTOOLS,EQ,178.85,-4.5,650.02,0.7,1.26
PPL,EQ,187.9,-3.57,449.43,0.66,1.26
SILGO,EQ,71.65,-0.5,229.18,1.75,1.25
PVP,EQ,24.74,-3.59,644.24,4.98,1.25
HUHTAMAKI,EQ,162.5,-2.06,1227.23,0.77,1.25
ZUARIIND,EQ,228.6,-4.03,680.8,0.54,1.25
VEEDOL,EQ,1328.9,-1.08,2315.48,0.09,1.25
THOMASCOTT,EQ,247.1,-5.74,362.51,0.49,1.24
ITDC,EQ,421.8,-4.54,3617.75,0.29,1.24
SHREDIGCEM,EQ,60.49,-3.17,894.46,2.03,1.23
CONTROLPR,EQ,612.5,-5.16,979.65,0.2,1.23
BIL,EQ,695.5,-2.24,932.69,0.17,1.21
SBIETFQLTY,EQ,203.97,-2.54,70.74,0.59,1.2
BORANA,BE,358.15,-4.99,954.3,0.33,1.19
SGBJU29III,GB,14598,-4.43,2159.38,0.01,1.19
ELM250,EQ,15,-5.6,124.56,7.82,1.18
SURAJEST,EQ,201,-1.21,960.25,0.59,1.18
TCIEXP,EQ,486.1,-0.7,1867.55,0.24,1.18
IGCL,EQ,57,-2.71,360.38,2.05,1.17
MAXVOLT,SM,250,-2.7,272.6,0.46,1.17
SINDHUTRAD,EQ,24.2,-3.47,3731.47,4.7,1.16
MCLEODRUSS,EQ,35.15,-2.5,367.16,3.3,1.16
GROWWRAIL,EQ,29.56,-2.28,128.57,3.89,1.15
KUANTUM,EQ,79.6,-3.46,694.62,1.43,1.15
GOLD360,EQ,145,-3.69,133.09,0.78,1.14
IVZINGOLD,EQ,12680,-5.79,715.36,0.01,1.14
CANTABIL,EQ,244,-3.04,2040.77,0.47,1.14
PRABHA,EQ,154,-2.16,2108.35,0.74,1.14
JINDALPHOT,EQ,1142.5,-5.55,1172.01,0.1,1.14
TERASOFT,EQ,326.1,-3.71,408.01,0.35,1.14
DELPHIFX,EQ,9.54,-5.45,233.99,11.38,1.13
INNOVANA,EQ,352,-5.2,727.23,0.31,1.13
SMCGLOBAL,EQ,65,-3.27,1361.1,1.73,1.13
HGS,EQ,361.25,-0.4,1680.55,0.31,1.12
SGBSEP29VI,GB,14600,-4.46,5139.7,0.01,1.12
MVGJL,EQ,147,-0.72,718.06,0.77,1.12
NAVNETEDUL,EQ,127.5,-3.37,2820.47,0.87,1.12
ADOR,EQ,941,-3.07,1637.6,0.12,1.12
LEMERITE,EQ,450,-1.88,1126.51,0.25,1.12
SGBOC28VII,GB,14589.99,-4.48,2713.03,0.01,1.12
URJA,EQ,9,-3.02,472.91,12.32,1.12
MULTICAP,EQ,14.83,-2.69,69.53,7.48,1.11
GOPAL,EQ,274,-2.16,3415.37,0.4,1.11
ASHWINI,SM,142.5,-0.9,213.75,0.79,1.11
PATELRMART,EQ,167,-3.79,557.79,0.65,1.11
JAYBARMARU,EQ,85,-4.19,920.13,1.28,1.11
ANDHRSUGAR,EQ,68.76,-2.12,931.94,1.6,1.1
MUFTI,EQ,75.22,-1,491.71,1.45,1.1
GANESHBE,EQ,76,-1.5,547.12,1.44,1.1
RADIANTCMS,EQ,35.35,-1.31,377.21,3.09,1.1
OILCOUNTUB,EQ,40.9,-0.49,212.64,2.57,1.1
MAHESHWARI,EQ,43,-4.47,127.27,2.51,1.1
SUNDROP,EQ,612.2,-1.72,2307.8,0.18,1.1
DPABHUSHAN,EQ,988.9,-3.37,2257.45,0.11,1.09
HDFCVALUE,EQ,124.86,-2.76,32.73,0.87,1.09
EVINDIA,EQ,27.55,-2.89,142.98,3.94,1.09
VAL30IETF,EQ,14.9,-1.84,44.14,7.25,1.08
BASILIC,SM,184,-3.36,464.88,0.6,1.08
JLHL,EQ,1280,-0.16,8392.45,0.08,1.07
SGBFEB29XI,GB,14647,-3.96,1798.53,0.01,1.07
ARIHANTCAP,EQ,67.1,-4.12,735.5,1.54,1.06
NV20IETF,EQ,13.69,-1.37,177.43,7.78,1.06
MAHAPEXLTD,EQ,125,-6.76,176.88,0.8,1.05
DOLATALGO,EQ,72.48,-2.41,1275.65,1.44,1.05
GREENPANEL,EQ,194,-1.39,2378.97,0.54,1.04
OCCLLTD,EQ,87.74,-0.63,438.27,1.2,1.04
IRISDOREME,EQ,29.7,-2.37,565.28,3.5,1.04
ONWARDTEC,EQ,239.95,-3.36,545.9,0.43,1.04
SAHASRA,SM,226.05,-2.94,564.96,0.45,1.03
GUFICBIO,EQ,295,-2.03,2958.33,0.35,1.03
BANKADD,EQ,54.89,-2.76,605.99,1.88,1.03
DEN,EQ,26.15,-1.8,1247.94,3.95,1.03
MARKOLINES,EQ,150.91,-2.95,332.62,0.68,1.03
SPUNWEB,SM,83,-2.06,200.06,1.25,1.03
PARSVNATH,EQ,6.66,-2.2,289.83,15.38,1.03
ADFFOODS,EQ,178.5,-3.64,1961.07,0.57,1.02
HDFCBSE500,EQ,34.61,-1.76,20.19,2.96,1.02
HERANBA,EQ,170.3,-4.62,681.43,0.58,1.01
3IINFOLTD,EQ,13.5,-0.22,279.98,7.46,1
SGBMAR30X,GB,14712,-6.13,2265.2,0.01,1
GSMFOILS,SM,200,-0.5,281.85,0.5,1
LOWVOL1,EQ,19.87,-2.31,164.94,5.06,1
SAGCEM,EQ,173,-1.41,2261.24,0.58,0.99
SUMIT,EQ,46.35,-0.26,209.82,2.15,0.99
LOKESHMACH,EQ,199.8,-3.52,399.54,0.49,0.99
SATIN,EQ,147.05,-0.68,1624.48,0.67,0.99
SGBJUN29II,GB,14550,-4.81,2762.28,0.01,0.98
TVTODAY,EQ,103,-3.52,614.59,0.95,0.98
SANSTAR,EQ,81.71,-1.87,1489.12,1.18,0.98
ANDHRAPAP,EQ,61,-2.24,1212.99,1.6,0.98
NDRAUTO,EQ,680,-3.57,1617.4,0.14,0.97
PAR,EQ,87,-2.72,107.05,1.09,0.97
KHADIM,EQ,91.55,-3.96,168.25,1.05,0.97
SGBAPR28I,GB,14551,-5.01,2579.71,0.01,0.97
DSSL,EQ,885,-2.68,1126.19,0.11,0.97
GOCLCORP,EQ,239.75,-1.11,1188.5,0.4,0.96
BETA,EQ,1067,-3.82,1081.61,0.09,0.96
DBCORP,EQ,204.85,-3.43,3651.29,0.46,0.95
EXPLEOSOL,EQ,722.15,-4.07,1120.76,0.13,0.95
DREAMFOLKS,EQ,70.5,-4.15,375.55,1.33,0.94
BAHETI,SM,503,-3.96,521.54,0.18,0.94
BCLIND,EQ,27.23,-1.87,803.73,3.4,0.93
DHANBANK,EQ,22.8,-1.6,899.91,4.01,0.92
SGBSEP28VI,GB,14510,-4.91,4628.88,0.01,0.92
FOODSIN,EQ,52.9,-2.2,388.98,1.72,0.92
HDFCNIFIT,EQ,30.35,-3.19,108.79,3,0.92
ESTER,EQ,91.5,-1.99,892.91,1,0.91
BLUSPRING,EQ,44.6,-4.76,665.13,2.02,0.91
MATRIMONY,EQ,409.9,-5.51,847.28,0.22,0.91
SGBNV29VII,GB,14550,-5.05,4726.19,0.01,0.91
TECHLABS,SM,182.15,-4.98,314.77,0.49,0.91
SBIBPB,EQ,49.05,-2.02,1376.07,1.85,0.9
DBOL,EQ,97.12,-1.36,644.76,0.93,0.9
IKIO,EQ,118.3,-4,914.23,0.75,0.9
YAAP,SM,141,-4.08,295.16,0.61,0.89
APTECHT,EQ,77.67,-3.17,450.51,1.13,0.89
JINDWORLD,EQ,21,-3.93,2105.46,4.19,0.89
PREMIERPOL,EQ,57.8,-1.72,605.41,1.53,0.89
MASTERTR,EQ,67.5,-7.43,830.36,1.29,0.89
GICHSGFIN,EQ,143.65,-3.04,773.57,0.61,0.89
MANALIPETC,EQ,45.62,-2.75,784.66,1.93,0.88
BHAGYANGR,EQ,145.5,-3.64,465.53,0.6,0.88
TOLINS,EQ,97.5,-4.27,385.21,0.88,0.88
MWL,EQ,262.2,-3.01,778.75,0.33,0.87
SGBJUL29IV,GB,14649,-4.04,4283.02,0.01,0.87
SHALPAINTS,EQ,45.5,-4.59,380.89,1.89,0.87
CHANDAN,SM,246,-2.34,601.52,0.35,0.86
STEELXIND,EQ,7.46,-2.61,930.43,11.47,0.86
RAMAPHO,EQ,113.1,-4.85,400.22,0.76,0.86
INDNIPPON,EQ,750,-2.89,1696.61,0.12,0.86
CHEMICAL,EQ,26.01,-2.8,49.95,3.28,0.86
RADHIKAJWE,EQ,56.5,-5.12,666.7,1.49,0.86
LAXMIINDIA,EQ,80.49,-3.71,420.7,1.05,0.86
INDOWIND,EQ,8.71,-3.01,140.23,9.52,0.86
WCIL,EQ,91.5,-3.22,932.89,0.93,0.85
HEIDELBERG,EQ,150,-1.97,3399.2,0.57,0.85
JUBLCPL,EQ,1664,-2.5,2521.37,0.05,0.85
SPCENET,EQ,3.8,-8.43,215.74,20.79,0.85
SGBMR29XII,GB,14625,-4.19,4725.2,0.01,0.85
IGARASHI,EQ,306.5,-3.45,964.71,0.27,0.84
AONETOTAL,EQ,10.83,-2.17,39.58,7.64,0.83
ESAFSFB,EQ,23.3,-0.72,1201.49,3.56,0.83
CHEMCON,EQ,147.82,-2.23,541.48,0.55,0.83
MANOMAY,EQ,198.8,-4.89,358.81,0.4,0.83
VIKASLIFE,EQ,1.32,-1.49,245.21,63.48,0.83
NV20BEES,EQ,139.85,-1.91,143,0.59,0.82
SANATHAN,EQ,370.1,-4.06,3123.79,0.22,0.82
MONQ50,EQ,95.09,-0.93,139.54,0.86,0.82
RAMCOIND,EQ,254,-4.11,2205.78,0.32,0.82
OAL,EQ,244.6,-1.67,823.17,0.32,0.81
CCCL,EQ,14.75,-4.03,658.97,5.45,0.81
SHAH,EQ,4.74,-0.63,419.59,17.05,0.81
SGBD29VIII,GB,14570,-4.82,3614.08,0.01,0.8
MINDTECK,EQ,179.99,-2.05,575.14,0.45,0.8
MANCREDIT,EQ,161.5,-4.79,340.99,0.47,0.79
724GS2055,GS,98.65,-0.14,76947,0.8,0.78
TVSSRICHAK,EQ,3565,-1.97,2729.74,0.02,0.78
SBINEQWETF,EQ,30.78,-2.63,31.83,2.52,0.78
HONDAPOWER,EQ,2004,-2.93,2032.67,0.04,0.77
DUCOL,SM,109.9,-7.76,178.63,0.69,0.77
ORIENTPPR,EQ,15.84,-4.58,336.1,4.81,0.77
BLAL,EQ,165.7,-3.27,690.05,0.46,0.77
TECHD,SM,512.4,-2.62,383.26,0.15,0.77
BALAJEE,EQ,24.5,-4.93,199.85,3.03,0.76
UFO,EQ,63.4,-2.54,246.09,1.19,0.76
BESTAGRO,BE,14.5,-1.56,514.27,5.21,0.76
SWANDEF,BE,2165.3,-5,11407.27,0.03,0.76
SJLOGISTIC,SM,270.5,-5.1,413.68,0.27,0.75
INDOAMIN,EQ,89.21,-3.45,647.55,0.83,0.75
VRAJ,EQ,109.6,-2.19,361.49,0.68,0.75
HILINFRA,EQ,48.9,-3.46,350.71,1.53,0.75
ALLETEC,SM,140,-2.27,282.72,0.52,0.74
GROWWHOSPI,EQ,45.99,-0.41,23.91,1.65,0.74
SGBAUG30,GB,14830,-3.92,4983.49,0,0.74
TCC,EQ,354.3,-3.1,1683.92,0.21,0.74
DEVX,EQ,36.6,-8.59,330.09,1.95,0.74
VILAS,SM,385,-2.57,942.48,0.19,0.74
INDOCO,EQ,191,-1.34,1763,0.39,0.74
VLEGOV,EQ,11.3,-3.42,122.55,6.33,0.73
BOROSCI,EQ,104.5,-1.86,929.5,0.69,0.72
SHREEPUSHK,EQ,306,-0.73,989.53,0.24,0.72
AHCL,EQ,112.8,-1.15,599.55,0.64,0.72
ACCELYA,EQ,1195,-0.18,1783.69,0.06,0.71
SAFEENTP,SM,218,-1.82,1015.98,0.33,0.71
JTEKTINDIA,EQ,127.25,-2.79,3528.8,0.56,0.71
GPTHEALTH,EQ,123.76,-0.22,1015.51,0.57,0.71
SGBJAN30IX,GB,14617,-4.6,3410.42,0,0.71
XCHANGING,EQ,56.38,-2.98,628.09,1.24,0.7
KSOLVES,EQ,284.5,-0.21,674.61,0.25,0.7
PAUSHAKLTD,EQ,401,-4.43,988.74,0.17,0.7
BFINVEST,EQ,378,-0.79,1423.84,0.19,0.7
CLSEL,EQ,232.05,-3.75,1153.88,0.29,0.7
AGARWALTUF,SM,89.05,-3.15,157.39,0.77,0.7
VIDHIING,EQ,271,-2.24,1353.51,0.25,0.7
APS,SM,301,-2.21,606.82,0.23,0.7
BELLACASA,EQ,268,-0.37,358.79,0.26,0.69
INFOLLION,SM,291,-2.04,282.47,0.24,0.69
LIKHITHA,EQ,141.5,-1.75,558.22,0.49,0.69
ALLDIGI,EQ,745,-0.71,1135.26,0.09,0.69
NAGAFERT,EQ,3.95,-2.95,236.24,17.5,0.68
SGBAUG27,GB,14700,-3.75,1506.51,0,0.68
GUJTHEM,EQ,277,-2.82,3018.34,0.24,0.68
PSUBANKADD,EQ,85,-2.58,209.54,0.8,0.68
SINCLAIR,EQ,74.05,-3.05,379.58,0.9,0.67
ABSLPSE,EQ,10.28,-1.44,22.41,6.62,0.67
UNIDT,EQ,151.4,-7.04,307.39,0.43,0.67
JAYBEE,SM,82.1,-6.7,185.28,0.78,0.67
SHOPERSTOP,EQ,288,-4.29,3171.38,0.23,0.67
OBSCP,SM,290.5,-4.82,710.34,0.22,0.66
TNPL,EQ,131.5,-2.56,910.12,0.5,0.66
AURUM,EQ,165.01,-3.17,1258.11,0.39,0.66
SNOWMAN,EQ,34.79,-2.17,581.3,1.88,0.66
CHEMFAB,EQ,358.05,-3.9,514.65,0.18,0.65
MAYASHEEL,SM,41.25,-4.18,90.96,1.56,0.65
MEDICO,EQ,38,-2.14,315.34,1.7,0.65
TCPLPACK,EQ,2399,-2.29,2183.09,0.03,0.65
SIGNPOST,EQ,240,-3.46,1282.8,0.27,0.65
ONMOBILE,EQ,49.3,-1.66,524.16,1.31,0.64
STEELCAS,EQ,231,-1.54,2337.72,0.28,0.64
SAHANA,SM,968,-3.01,855.43,0.07,0.64
DAVANGERE,EQ,3.85,-3.51,550.55,16.43,0.63
MONTECARLO,EQ,513.8,-1.69,1065.21,0.12,0.63
ACCENTMIC,SM,353,-2.11,846.81,0.18,0.63
UTSSAV,SM,198.5,-6.98,472.79,0.31,0.63
ESFL,SM,128.85,-4.98,320.05,0.48,0.63
PANAMAPET,EQ,260,-4.81,1572.83,0.24,0.63
VISHWARAJ,EQ,4.98,-4.78,108.48,12.28,0.62
NARMADA,EQ,31.05,-6.17,117.79,1.93,0.62
NAHARSPING,EQ,203.5,-1.53,733.93,0.3,0.62
CREST,EQ,307.1,-5.64,873.69,0.19,0.62
IFGLEXPOR,EQ,146,-0.22,1052.35,0.43,0.62
VINYAS,SM,901.8,-2.51,1134.89,0.07,0.62
KRYSTAL,EQ,554,-3.54,774.05,0.11,0.61
MAKEINDIA,EQ,147,-3.03,232.92,0.41,0.61
GROWWEV,EQ,27.59,-2.61,240.09,2.2,0.61
PENINLAND,EQ,15,-2.85,497.59,3.98,0.6
BASML,EQ,19.75,-1.55,157.84,3,0.6
AVTNPL,EQ,59.01,-3.88,898.63,0.99,0.6
NILKAMAL,EQ,1212,-1.63,1808.61,0.05,0.59
MAWANASUG,EQ,78.23,-0.05,306.01,0.76,0.59
CGRAPHICS,SM,142,-0.77,344.86,0.42,0.59
INDORAMA,EQ,31.32,-5,817.81,1.85,0.59
KARNIKA,SM,108.45,-4.99,672.36,0.54,0.59
GOACARBON,EQ,307.5,-4.27,281.39,0.19,0.59
MOS,SM,12.55,-7.04,323.09,4.56,0.58
MID150,EQ,20.34,-3.05,7.99,2.84,0.58
DHARMAJ,EQ,238.43,-1.1,805.83,0.24,0.58
SUDARCOLOR,EQ,314,-0.77,724.77,0.18,0.58
BANSALWIRE,EQ,252.4,-2.94,3951.47,0.23,0.58
ASMS,EQ,8.18,-3.08,249.14,7.04,0.58
RML,EQ,721,-3.65,1992.64,0.08,0.58
TARACHAND,EQ,55.95,-2.53,441.03,1.02,0.57
ESABINDIA,EQ,5299,-1.29,8156.76,0.01,0.57
GLOBAL,EQ,99.01,-3.12,503.98,0.57,0.57
ADDICTIVE,SM,79.8,-0.31,126.96,0.72,0.57
865IIFL28,NS,981,-0.91,155.26,0.06,0.57
MADRASFERT,EQ,60.7,-5.36,977.88,0.92,0.57
MUTHOOTCAP,EQ,195.35,-1.69,321.3,0.28,0.57
OSELDEVICE,SM,510,-3.44,902.42,0.11,0.57
GROWWMETAL,EQ,10.73,-2.28,33.54,5.26,0.57
DIVOPPBEES,EQ,76.05,-2.62,65.5,0.74,0.57
TNIDETF,EQ,78.45,-1.59,156.88,0.72,0.56
MAXIND,EQ,140.22,-3.52,736.48,0.39,0.56
INFLUX,SM,214.5,-5.3,496.58,0.26,0.56
ZIMLAB,EQ,66.74,-0.96,325.26,0.83,0.56
EFACTOR,SM,191.35,-4.8,250.44,0.28,0.56
INDOBORAX,EQ,244.2,-1.31,783.64,0.23,0.56
AARTISURF,EQ,352,-0.17,297.97,0.16,0.56
JITFINFRA,BE,319.95,-4.13,822.39,0.17,0.55
SATIA,EQ,58.05,-2.99,580.5,0.94,0.55
CUBEXTUB,EQ,87.77,-4.56,125.68,0.62,0.55
DEFENCE,EQ,64.13,-3.68,43.83,0.85,0.55
DIGIKORE,SM,76,-3.74,96.26,0.71,0.55
RISHABH,EQ,387.5,-2.01,1491.77,0.14,0.54
NILASPACES,EQ,12.66,-2.39,498.66,4.22,0.54
SCHAND,EQ,147.75,-2.85,521.15,0.36,0.54
RUSHIL,EQ,15.82,-0.38,464.19,3.44,0.54
SGBJUN30,GB,15130,-3.49,3870.05,0,0.54
IRIS,EQ,233,-0.81,479.24,0.23,0.53
DENORA,EQ,712,-5.1,377.97,0.07,0.53
JAYESH,SM,159.5,-0.96,138.63,0.33,0.53
GROWWRLTY,EQ,8.02,-1.84,11.96,6.7,0.53
KAYA,EQ,289.45,-0.02,439.61,0.18,0.53
GLOTTIS,EQ,43.11,-2.91,398.35,1.22,0.53
VIKASECO,EQ,1.26,-4.55,222.86,42.07,0.53
BHAGERIA,EQ,143.01,-3.35,624.16,0.36,0.53
MIDCAPBETA,EQ,203,-3.1,12.93,0.26,0.52
TEXINFRA,EQ,88.6,-0.44,1129,0.59,0.52
QNIFTY,EQ,252.8,-2.85,75.88,0.2,0.52
AUTOIND,EQ,59.35,-4.14,269.3,0.87,0.52
HDFCPSUBK,EQ,85.23,-2.37,30.87,0.59,0.51
KABRAEXTRU,EQ,213.2,-3.4,745.62,0.24,0.5
PARIN,SM,634,-2.14,704.88,0.08,0.5
EVERESTIND,EQ,320.5,-3.98,508.18,0.15,0.5
EXCELINDUS,EQ,872.9,-1.08,1097.3,0.06,0.5
SPENCERS,EQ,29.21,-1.75,263.28,1.67,0.5
EMKAY,EQ,217.91,-6.29,564.62,0.22,0.5
RAMRAT,EQ,306.1,-2.28,2855.95,0.16,0.49
WEL,EQ,135.5,-1.91,1815.81,0.36,0.49
JAYSREETEA,EQ,85,-2.88,245.46,0.57,0.49
CELLECOR,SM,23.7,-2.87,523.01,2.07,0.49
ARIES,EQ,334,-0.48,434.34,0.15,0.49
RBZJEWEL,EQ,115.9,-1.85,463.6,0.43,0.49
NOVAAGRI,EQ,26,-3.38,240.55,1.88,0.49
QUAL30IETF,EQ,19.32,-2.91,152.5,2.53,0.49
TRACXN,EQ,32.25,-0.83,344.22,1.51,0.49
BYKE,EQ,32.25,-4.61,168.6,1.49,0.49
CYBERTECH,EQ,110.22,-1.17,343.12,0.45,0.49
RELTD,EQ,132.7,-2.07,2369.42,0.37,0.49
VSSL,EQ,234.95,-1.49,2271.63,0.21,0.49
ANUHPHR,EQ,74.94,-2.71,751.08,0.64,0.48
CIFL,EQ,25.22,-4.61,986.24,1.88,0.48
ANNAPURNA,SM,155.5,-5.79,339.3,0.3,0.48
MUKKA,EQ,21.26,-2.16,637.8,2.24,0.48
HILTON,EQ,15.75,-2.96,54.65,2.99,0.48
KICL,EQ,4466,-3.29,1949.55,0.01,0.48
CLEDUCATE,BE,45.55,-3.13,246.99,1.01,0.48
DENTALKART,SM,387.55,-2.93,671.89,0.12,0.48
PRIMECAB,SM,74.3,-2.3,136.15,0.64,0.48
SBIETFIT,EQ,316.32,-2.85,65.03,0.15,0.47
ALICON,EQ,654.75,-3.04,1069.65,0.07,0.47
NIFTY100EW,EQ,32.29,-0.06,9.51,1.49,0.47
SUBAHOTELS,SM,116.95,-1.6,283.52,0.41,0.47
SGBDE30III,GB,14939.99,-4.06,4199.65,0,0.47
ROCKINGDCE,ST,163.45,-5,92.5,0.28,0.47
RPPINFRA,EQ,68.02,-6.45,337.28,0.67,0.47
GROWWNET,EQ,8.49,-1.28,25.59,5.62,0.47
BCONCEPTS,EQ,230,-0.5,287.08,0.2,0.47
GOKUL,EQ,41.25,-3.76,408.35,1.12,0.47
BIRLAMONEY,EQ,113.63,-2.8,642.11,0.41,0.46
MEDICAMEQ,EQ,262.2,-3.44,355.62,0.18,0.46
TPLPLASTEH,EQ,60.86,-5.38,474.73,0.74,0.46
KRONOX,EQ,111.1,-1.01,412.23,0.42,0.46
WSI,EQ,68.75,-0.56,521.55,0.67,0.46
REPRO,EQ,369,-1.51,529.34,0.12,0.46
AMANTA,EQ,95.55,-1.62,371.01,0.48,0.46
TCL,SM,85.15,-6.63,207.27,0.54,0.46
INDUSINVIT,IV,124.5,-0.65,5514.59,0.36,0.46
SOTL,EQ,345,-0.09,2365.33,0.13,0.45
SGBN28VIII,GB,14503,-5.11,2281.98,0,0.45
BANSWRAS,EQ,111.9,-0.28,383.06,0.4,0.45
ZTECH,SM,509.5,-0.61,736.65,0.09,0.45
DVL,EQ,210.04,-4.03,735.66,0.21,0.45
INTERNET,EQ,11.17,-3.54,19.09,4.03,0.45
MAL,SM,31.2,-4.59,77.02,1.42,0.45
BAJAJINDEF,EQ,232,-2.13,742.4,0.19,0.45
SINGERIND,EQ,70.43,-7.9,438.21,0.61,0.44
LIBERTSHOE,EQ,251.95,-1.21,429.32,0.18,0.44
DCMSRIND,EQ,34.2,-1.81,297.51,1.29,0.44
ATMASTCO,SM,130,-0.12,321.55,0.34,0.44
ABINFRA,EQ,17.03,-1.79,1087.86,2.57,0.44
MUNJALAU,EQ,74.5,-2.4,745,0.58,0.43
DCI,EQ,271.85,-2,434.96,0.16,0.43
SHREERAMA,EQ,45.59,-5.57,608.48,0.93,0.43
PRIZOR,ST,371,-3.2,396.64,0.12,0.43
PURPLEUTED,SM,281,-1.11,270.04,0.15,0.43
GOLDBND,EQ,146.22,-4.99,10.39,0.29,0.43
REMUS,SM,646,-1.03,761.25,0.07,0.43
AVONMORE,EQ,12.35,-4.19,348.5,3.33,0.43
INDTERRAIN,EQ,28,-5.98,141.87,1.5,0.42
ELGNZ,SM,66.5,-3.34,150.29,0.63,0.42
SHANTIGEAR,EQ,443.7,-1.48,3403.88,0.1,0.42
PONNIERODE,EQ,265.05,-0.69,227.9,0.16,0.42
CANARYS,SM,18.95,-6.19,111.32,2.2,0.42
PRIMESECU,EQ,281,-1.16,952.6,0.15,0.42
TASTYBITE,EQ,6805.5,-1.75,1746.29,0.01,0.42
RKSWAMY,EQ,87.7,-2.2,442.69,0.47,0.42
CAPITALSFB,EQ,235.1,-1.69,1067.8,0.17,0.42
TBI,SM,65.85,-0.6,119.57,0.65,0.41
SUMEETINDS,EQ,29.73,-4.99,1564.77,1.34,0.41
MONOLITH,SM,409.95,-0.27,891.07,0.1,0.41
VIESL,SM,229,-3.03,564.31,0.18,0.41
ATL,EQ,22.69,-1.43,662.23,1.8,0.41
RUCHIRA,EQ,99.15,-1.91,295.91,0.41,0.41
HARDWYN,BE,17.8,-0.84,869.41,2.26,0.4
GREENLAM,EQ,211.5,-1.05,5396.37,0.19,0.4
SUMMITSEC,EQ,1515,-3.16,1651.62,0.03,0.4
AARTECH,EQ,46.44,-1.8,147.54,0.87,0.4
FAZE3Q,BE,421,-4.51,1023.83,0.09,0.4
DONEAR,EQ,85,-1.97,442,0.47,0.4
BIGBLOC,EQ,51,-0.37,722.04,0.79,0.4
GFLLIMITED,EQ,44.01,-3.06,483.45,0.89,0.4
FOCUS,EQ,66.01,-2.98,445.2,0.6,0.4
BPL,EQ,47.55,-4.25,232.88,0.82,0.39
PASUPTAC,EQ,44.8,-3.36,399.32,0.87,0.39
BRANDMAN,SM,129.5,-7.37,239.02,0.3,0.39
VERTOZ,EQ,36,-4.59,306.83,1.07,0.39
ATLANTAA,EQ,36.2,-4.49,295.03,1.05,0.39
SPECIALITY,EQ,95.5,-2.98,460.65,0.4,0.39
DIAMINESQ,EQ,220,-2.17,215.25,0.17,0.38
GGBL,SM,257.9,-0.86,639.62,0.15,0.38
VETO,EQ,95.5,-1.96,182.55,0.4,0.38
EMAPARTNER,SM,73.05,-7.65,169.82,0.52,0.38
MNC,EQ,29.94,-1.19,39.99,1.28,0.38
GEECEE,EQ,256,-3.1,535.34,0.15,0.38
BRIGHOTEL,EQ,60,-0.25,2279.06,0.63,0.38
SYSTANGO,SM,255.8,-1.6,375.23,0.15,0.38
RTL,SM,94,-1.16,124.07,0.4,0.38
HIGREEN,SM,125,-2.34,312.38,0.3,0.38
DIGISPICE,EQ,16.9,-1.05,396.26,2.17,0.37
GANESHIN,SM,80,-2.44,341.77,0.45,0.37
MENONBE,EQ,116.2,-5.42,651.18,0.31,0.37
SHEEL,SM,50,-2.63,101.76,0.74,0.37
LYKALABS,EQ,52.45,-4.32,187.19,0.68,0.36
KOHINOOR,EQ,22.6,-3.46,83.78,1.56,0.36
POLYSIL,ST,160,-4.39,360.08,0.21,0.36
EXCEL,EQ,1.04,-1.89,146.71,34.54,0.36
KRITI,EQ,73.85,-5.02,389.16,0.47,0.36
HDFCGROWTH,EQ,110.36,-2.63,17.7,0.32,0.35
RPPL,EQ,15.41,-2.53,114.41,2.25,0.35
SHYAMDHANI,SM,61.85,-0.64,127.76,0.58,0.35
SUTLEJTEX,EQ,28.85,-1.87,472.65,1.2,0.35
ENIL,EQ,105.5,-0.39,502.92,0.33,0.35
SYSTMTXC,EQ,61,-4.4,832.88,0.56,0.35
VGINFOTECH,SM,117.5,-1.63,292.21,0.3,0.35
HTMEDIA,EQ,20.34,-3.51,371.52,1.74,0.35
ATCENERGY,SM,22.6,-6.42,46.08,1.62,0.35
ZODIAC,EQ,249.09,-2.58,376.72,0.14,0.35
SGBAUG29V,GB,14799,-3.78,3393.03,0,0.35
YUKEN,EQ,686,-1.82,931.86,0.05,0.35
SASTASUNDR,EQ,281,-1.61,893.88,0.12,0.35
ALMONDZ,EQ,13.8,-1,239.63,2.42,0.34
RUBYMILLS,EQ,199.6,-0.87,667.46,0.17,0.34
ORICONENT,EQ,67.51,-0.04,1060.23,0.5,0.34
NV20,EQ,13.97,-1.9,79.02,2.43,0.34
TIGERLOGS,EQ,24.99,-6.51,264.21,1.32,0.34
MODISONLTD,EQ,122,-1.76,395.89,0.27,0.34
FAIRCHEMOR,EQ,512.5,-3.13,645.54,0.06,0.34
KCEIL,SM,117.5,-2.61,143.63,0.28,0.33
INTLCONV,EQ,69.4,-0.72,442.64,0.48,0.33
TRIGYN,EQ,48,-4.23,147.77,0.68,0.33
BANKBETF,EQ,54.35,-3.1,376.64,0.61,0.33
RANASUG,EQ,11.46,-0.17,175.99,2.84,0.33
HCL-INSYS,EQ,11.82,-0.67,389.13,2.77,0.33
MMP,EQ,217.96,-0.43,553.68,0.15,0.33
GROWWMOM50,EQ,9.79,-0.91,22.05,3.39,0.33
WTICAB,SM,104,-0.34,247.64,0.32,0.33
HPAL,EQ,30.8,-1.28,282.97,1.03,0.32
IEML,SM,72.25,-2.5,132.46,0.44,0.32
CONSUMER,EQ,10.17,-3.14,45.73,3.13,0.32
HDFCNIF100,EQ,24.45,-2.9,71.61,1.3,0.32
MAZDA,EQ,176.79,-2.79,354.02,0.18,0.32
MOHEALTH,EQ,43.07,-0.21,41.41,0.75,0.32
RKEC,EQ,34.36,-4.9,88.72,0.91,0.32
OMAXAUTO,EQ,98.3,-2.22,210.08,0.32,0.31
VLSFINANCE,EQ,227,-1.77,712.3,0.14,0.31
UMAEXPORTS,EQ,21.25,-4.32,71.85,1.43,0.31
ESSARSHPNG,EQ,23.8,-1.77,492.6,1.29,0.31
TREJHARA,EQ,164.69,-2.01,387.11,0.19,0.31
MBLINFRA,EQ,21.05,-5.69,321.07,1.44,0.31
ORIENTBELL,EQ,272,-2.79,400.12,0.11,0.31
GLOBECIVIL,EQ,42.6,-1.46,254.4,0.72,0.31
MUNISH,SM,54.8,-9.12,131.91,0.55,0.31
FONEBOX,SM,71,-2.74,72.85,0.43,0.3
FLEXIADD,EQ,9.3,-0.85,11.82,3.32,0.3
SRHHYPOLTD,EQ,433.4,-3.27,743.92,0.07,0.3
AKI,EQ,4.48,-3.66,46.24,6.54,0.3
GSLSU,EQ,60.9,-3.55,258.11,0.5,0.3
96IIFL28A,NF,993,-0.06,325.73,0.03,0.3
SANGAMIND,EQ,433.8,-1.48,2179.7,0.07,0.3
HLVLTD,EQ,7.03,-1.54,463.46,4.2,0.3
BROOKS,EQ,53.9,-5.37,158.77,0.54,0.3
HARRMALAYA,EQ,168.7,-1.54,311.34,0.17,0.3
EIHAHOTELS,EQ,302.7,-2.23,1844.54,0.1,0.3
AAREYDRUGS,EQ,67.6,-6.06,191.68,0.43,0.3
AERON,SM,85,-3.9,144.67,0.34,0.3
GCSL,BE,322.8,-4.97,730.8,0.09,0.29
SGBDC27VII,GB,14695.25,-3.64,952.7,0,0.29
SBIETFPB,EQ,265,-1.06,393.23,0.11,0.29
SDREAMS,SM,79.5,-7.72,148.84,0.36,0.29
ZEEMEDIA,BE,7.42,-1.98,464.07,3.88,0.29
VASWANI,EQ,52.5,-1.67,164.57,0.54,0.29
DELAPLEX,SM,94.5,-0.68,86.09,0.29,0.28
RAMANEWS,EQ,33.51,-2.19,494.35,0.83,0.28
DEVIT,EQ,28.48,-2.13,160.44,1.01,0.28
LORDSCHLO,EQ,119.4,-2.36,300.34,0.24,0.28
TREL,EQ,24.3,-3.69,597.04,1.14,0.28
TRIDHYA,SM,7.75,-11.93,18.05,3.51,0.28
CHAVDA,SM,92.5,-2.53,302.07,0.3,0.28
PATILAUTOM,SM,136.5,-1.19,297.85,0.2,0.28
MOMENTUM,EQ,29.13,-2.02,42.59,0.95,0.28
FELIX,SM,170,-1.13,292.51,0.16,0.28
JEYYAM,SM,29.65,-3.73,140.83,0.92,0.27
NAHARCAP,EQ,221,-2.95,370.09,0.12,0.27
RACE,EQ,101,-4.95,174.3,0.27,0.27
DCMNVL,EQ,109.51,-1.66,204.54,0.24,0.27
UYFINCORP,EQ,13.04,-5.03,248.07,2.03,0.27
POSITRON,SM,131,-3.64,99.57,0.21,0.27
UNIVASTU,EQ,63,-2.37,226.72,0.43,0.27
VIPCLOTHNG,EQ,17.4,-3.49,156.83,1.52,0.27
SALSTEEL,BE,37.44,-0.5,390.19,0.73,0.27
RSWM,EQ,134.02,-2.3,631.26,0.2,0.27
NDL,EQ,2.27,-2.58,327.21,11.58,0.26
SEJALLTD,EQ,490.1,-0.63,558.71,0.05,0.26
ARCIIL,SM,45.5,-1.09,46.85,0.56,0.26
DBEIL,EQ,67,-3.5,312.09,0.39,0.26
MOM50,EQ,241,-2.54,54.22,0.11,0.26
ADROITINFO,EQ,8.6,-6.42,46.59,2.94,0.26
NETF,EQ,252.8,-1.81,688.07,0.1,0.26
CROWN,EQ,114.5,-4.92,132.71,0.22,0.26
MUNJALSHOW,EQ,121,-2.52,483.77,0.21,0.26
MANAKALUCO,BE,24.38,-4.02,159.77,1.05,0.26
GICL,BE,44.25,-0.25,495.4,0.6,0.26
ASHIMASYN,EQ,13.81,-4.69,264.68,1.84,0.26
GROWWN200,EQ,10.54,-2.77,14.15,2.45,0.26
NATHBIOGEN,EQ,140,-2.26,266.06,0.18,0.26
TRANSTEEL,SM,143.95,-0.31,318.01,0.18,0.26
VINYLINDIA,EQ,190.15,-2.05,348.68,0.13,0.25
ALANKIT,EQ,7.64,-0.13,207.16,3.31,0.25
MOLDTECH,EQ,121,-1.02,348.54,0.2,0.25
GANDHITUBE,EQ,802,-2.29,974.59,0.03,0.25
EMULTIMQ,EQ,38.44,-1.54,33.41,0.64,0.25
MIRZAINT,EQ,30.78,-1.47,425.39,0.8,0.25
SGBJUN27,GB,14570,-4.15,669.91,0,0.24
KILITCH,EQ,319.4,-0.08,558.34,0.08,0.24
SADBHAV,BE,7.61,-4.99,130.57,3.16,0.24
HMT,BZ,58.84,-4.99,2769.43,0.41,0.24
MANORG,EQ,395,-2.51,338.3,0.06,0.24
CENTEXT,EQ,18.98,-0.94,151.84,1.26,0.24
APRAMEYA,SM,215.25,-4.48,409.84,0.1,0.24
FRESHARA,ST,176,-2.55,413.59,0.13,0.24
SRD,EQ,44.6,-5.55,285.29,0.52,0.24
TOP15IETF,EQ,9.47,-3.07,8.65,2.47,0.24
GANGESSECU,EQ,107.99,-5.09,108.03,0.21,0.23
PLASTIBLEN,EQ,132,-3.71,343.06,0.17,0.23
OSWALGREEN,EQ,24.69,-2.6,634.06,0.94,0.23
96IIFL28,N5,992.2,-0.1,379.84,0.02,0.23
VISAMAN,ST,104.3,-4.97,208.99,0.22,0.23
FCSSOFT,EQ,1.42,-2.07,242.76,16.1,0.23
NEELAM,SM,10.6,-1.85,21.43,2.16,0.23
KRISHCA,SM,170.5,-1.84,246.2,0.14,0.23
IITL,EQ,132,-0.82,297.63,0.17,0.23
SMARTEN,SM,54.2,-0.09,102.98,0.42,0.23
SAHAJSOLAR,SM,116.9,-1.1,256.85,0.2,0.23
LICNETFGSC,EQ,28.92,-0.03,2305.71,0.79,0.23
MANBA,EQ,115.85,-1.42,582.02,0.19,0.22
BAIDFIN,EQ,10.83,-3.13,162.54,2.04,0.22
DSFCL,EQ,22.6,-3.21,196.6,0.95,0.22
KAMOPAINTS,EQ,4.26,-2.29,133.92,5.1,0.22
GTPL,EQ,58.39,-0.92,656.67,0.37,0.22
PUNJABCHEM,EQ,1032.8,-1.7,1266.44,0.02,0.22
VMSTMT,EQ,41.7,-1.95,206.96,0.52,0.22
GCHOTELS,SM,87.05,-6.3,216.92,0.24,0.22
GOLDKART,SM,245.5,-0.61,412.08,0.09,0.21
DRONE,SM,42.2,-1.17,102.97,0.52,0.21
RVHL,EQ,35.8,-1,219.55,0.59,0.21
INTENTECH,EQ,86.8,-1.44,205.06,0.24,0.21
PVSL,EQ,85.01,-4.11,605.26,0.24,0.21
751HUDCO28,N5,1040.01,-0.48,1325.22,0.02,0.21
753IRFC30,NJ,1107,-0.18,1189.16,0.02,0.21
PRAMARA,SM,348,-0.22,485.26,0.06,0.21
GULFPETRO,EQ,28.1,-4.06,143.27,0.72,0.21
OSWALAGRO,EQ,41.69,-5.64,559.62,0.49,0.21
654GS2032,GS,100.25,-0.29,156390,0.2,0.21
SWARAJ,ST,291,-1.07,640.73,0.07,0.2
892NHPC33,N6,1201,-0.06,304.6,0.02,0.2
KOKUYOCMLN,EQ,78.35,-3.77,785.88,0.25,0.2
SSDL,EQ,56.2,-2.26,222.55,0.36,0.2
875NHAI29,N6,1085.3,-0.88,1291.3,0.02,0.2
STEL,EQ,439,-4.63,810.19,0.04,0.2
XELPMOC,EQ,95,-2.45,140.22,0.21,0.2
NRL,EQ,49.35,-3.48,340.86,0.4,0.2
SAKUMA,EQ,1.5,-0.66,235.16,13.34,0.2
NILAINFRA,EQ,7.05,-2.76,277.69,2.78,0.2
MALLCOM,EQ,1025.1,-1.87,639.66,0.02,0.2
KODYTECH,ST,681.15,-1.99,868.3,0.03,0.2
ABSLNN50ET,EQ,68.78,-0.23,95.71,0.29,0.2
KRITINUT,EQ,64,-4.66,320.66,0.3,0.2
WOMANCART,SM,169.95,-4.04,119.13,0.12,0.2
DHUNINV,EQ,807.25,-1.93,492.19,0.02,0.2
UWCSL,SM,93.05,-4.95,48.42,0.21,0.2
MASON,SM,137,-7.31,327.98,0.14,0.2
TECH,EQ,31.07,-2.85,108.34,0.62,0.19
KRISHIVAL,EQ,320.9,-0.83,822.41,0.06,0.19
BIRLACABLE,EQ,129.9,-1.93,389.7,0.15,0.19
CHOICEGOLD,EQ,148.5,-2.93,52.71,0.13,0.19
MEGATHERM,SM,191.25,-2.92,360.33,0.1,0.19
VIJAYPD,ST,68.45,-5,133.67,0.28,0.19
BEWLTD,SM,80.3,-3.83,104.98,0.23,0.19
774IREDA31,N7,1096.25,-0.25,530.05,0.02,0.19
SUNTECH,SM,31.45,-2.18,60.9,0.59,0.19
KANORICHEM,EQ,60.87,-3.49,265.96,0.31,0.19
GLOBALPET,SM,91.35,-10.44,107.68,0.2,0.19
AQYLON,EQ,68.7,-4.98,1743.13,0.27,0.19
NIFTYQLITY,EQ,19.46,-3.04,25.7,0.96,0.19
ANYA,SM,18.95,-0.26,227.4,1,0.19
NAHARINDUS,EQ,89.27,-3.01,385.7,0.21,0.19
BHANDARI,EQ,2.53,-1.56,60.73,7.31,0.19
AXISBNKETF,EQ,551.85,-3.01,343.16,0.03,0.19
QUESTLAB,ST,109,-3.02,178.62,0.17,0.18
INNOMET,SM,72.25,-3.02,93.49,0.25,0.18
COASTCORP,EQ,43.95,-0.97,294.36,0.41,0.18
INVENTURE,EQ,1.01,-0.98,106.05,17.9,0.18
PTL,EQ,37.65,-0.76,498.4,0.48,0.18
PARAGON,SM,44.5,-5.32,87.07,0.41,0.18
AXISTECETF,EQ,314.47,-3.09,148.14,0.06,0.18
TWCGOLDETF,EQ,145.5,-4.91,23.07,0.12,0.18
NAHARPOLY,EQ,235.85,-2.81,579.91,0.07,0.18
PAVNAIND,EQ,18,-0.72,251.15,0.99,0.18
NEPHROCARE,SM,65.45,-0.98,107.9,0.28,0.18
EFFWA,SM,197.5,-1.25,457.16,0.09,0.18
SUNDARAM,EQ,1.2,-7.69,56.87,14.45,0.18
NAMOEWASTE,SM,157,-2.48,359.02,0.11,0.18
TTKHLTCARE,EQ,827,-0.82,1168.58,0.02,0.18
JYOTIGLOBL,SM,35.55,-3.92,70.46,0.48,0.17
MSCIINDIA,EQ,28.79,-0.24,1512.61,0.62,0.17
BANARISUG,EQ,3600,-0.04,4514.29,0,0.17
RADIOWALLA,SM,30.55,-11.45,21.53,0.56,0.17
MANAKSIA,EQ,50.2,-2.18,328.98,0.35,0.17
SHREEKARNI,SM,368,-2.59,266.02,0.05,0.17
DUCON,EQ,2.85,-5,92.6,5.92,0.17
EXIMROUTES,ST,133.65,-4.98,250.62,0.13,0.17
BHARATGEAR,EQ,96.78,-3.39,148.61,0.18,0.17
EMAMIREAL,EQ,57.81,-3.49,253.4,0.29,0.17
EMAMIPAP,EQ,68.3,-1.9,413.21,0.25,0.17
SAKHTISUG,EQ,14.26,-1.66,169.48,1.18,0.17
DHARIWAL,ST,41.15,-1.08,193.43,0.42,0.17
SGBMAY26,GB,14580,-4.35,948.19,0,0.17
VHLTD,BE,138,-1.43,932.59,0.12,0.17
JKIPL,EQ,51,-3.94,195.77,0.33,0.17
UEL,EQ,147.9,-4.09,1972.95,0.11,0.17
RUBFILA,EQ,61.39,-2.34,333.15,0.27,0.17
VIJIFIN,BE,3.03,-4.72,43.18,5.33,0.16
KDL,ST,116.4,-4.98,139.96,0.14,0.16
AONETMMQ50,EQ,9.28,-0.96,6.1,1.79,0.16
ACTIVEINFR,SM,170,-5.56,255.26,0.1,0.16
GTL,EQ,6.48,-4.42,101.93,2.51,0.16
SGBMAR28X,GB,14564.01,-4.5,1102.99,0,0.16
AMNPLST,EQ,148.88,-0.46,819.14,0.11,0.16
BANKPSU,EQ,84.92,-2.39,57.12,0.19,0.16
MIDCAPADD,EQ,21.27,-0.51,5.11,0.78,0.16
TAURIAN,SM,200,-0.99,177.66,0.08,0.16
BEACON,SM,74.7,-0.47,134.94,0.21,0.16
VHL,EQ,3115.1,-3.04,994.2,0.01,0.16
DPSCLTD,EQ,7.9,-1.5,769.29,1.98,0.16
EQUAL50,EQ,305.9,-2.8,137.89,0.05,0.16
NIRAJ,EQ,24.95,-6.13,148.94,0.6,0.16
CHETANA,SM,33.5,-3.04,68.34,0.48,0.16
CHEVIOT,EQ,982,-1.22,573.67,0.02,0.16
SREEL,EQ,187.5,-1.31,434.16,0.08,0.16
690GS2065,GS,94.62,-0.52,176939.4,0.16,0.16
SAVY,SM,125.7,-4.7,261.56,0.12,0.15
SPECTSTM,SM,62.15,-9.93,143.52,0.24,0.15
STARTECK,EQ,246.5,-2.16,244.29,0.06,0.15
NURECA,EQ,240,-3.38,229.01,0.06,0.15
AAATECH,EQ,92.02,-2.21,118.03,0.16,0.15
STARPAPER,EQ,132.5,-0.98,206.81,0.12,0.15
BRNL,EQ,19.7,-1.7,165.38,0.77,0.15
VIVIMEDLAB,EQ,6.36,-2.45,52.73,2.35,0.15
HECPROJECT,EQ,105,-3.37,113.8,0.14,0.15
GROWWCHEM,EQ,26.07,-2.54,7.18,0.57,0.15
MOMENTUM30,EQ,28.26,-3.84,6.39,0.52,0.15
BSLSENETFG,EQ,74.89,-2.71,260.15,0.2,0.15
USK,BE,22.83,-1.38,126.38,0.64,0.15
PRITIKA,SM,53.4,-9.11,140.79,0.26,0.15
ESSENTIA,EQ,1.27,-0.78,135.6,11.6,0.15
SHIVASHRIT,SM,122,-1.25,222.88,0.12,0.15
871REC28,N9,1097,-0.08,1285.11,0.01,0.15
INDOUS,EQ,103.9,-2.56,208.34,0.14,0.14
A2ZINFRA,BE,15.88,-1.24,279.68,0.9,0.14
GREENCHEF,SM,48.6,-1.32,113.1,0.3,0.14
MGSL,SM,76.3,-8.07,111.26,0.18,0.14
SBIETFCON,EQ,109.1,-3.22,21.96,0.13,0.14
82HUDCO27,N2,1025,-0.16,2581.18,0.01,0.14
MEGASTAR,EQ,250,-0.42,282.34,0.06,0.14
PPAP,EQ,198.24,-3.94,279.82,0.07,0.14
SUPREME,EQ,52.89,-1.08,204.4,0.27,0.14
DBSTOCKBRO,EQ,25.01,-3.32,87.53,0.54,0.14
TPHQ,EQ,0.48,-4,52.62,28.35,0.14
MMEL,SM,24.3,-0.82,45.7,0.56,0.14
SILINV,EQ,410,-1.03,434.43,0.03,0.14
AVANA,SM,62.5,-2.87,141.53,0.22,0.14
RSSOFTWARE,EQ,27.14,-4.91,70.11,0.5,0.14
EMMBI,EQ,79.21,-3.48,152.4,0.17,0.14
PASHUPATI,EQ,984,-0.37,1553.15,0.01,0.14
AXISHCETF,EQ,143.8,-2.14,21.64,0.09,0.14
WEALTH,EQ,861.25,-6.28,917.66,0.02,0.13
NBIFIN,EQ,1725.5,-2.17,509.86,0.01,0.13
SGBJAN27,GB,14750,-3.73,359.32,0,0.13
SGBNOV26,GB,14580,-3.87,596.94,0,0.13
SADBHIN,EQ,2.7,-4.93,95.1,4.89,0.13
LOVABLE,EQ,65.62,-2.26,97.12,0.2,0.13
PRECOT,BE,481.5,-3.66,577.8,0.03,0.13
MOALPHA50,EQ,46.76,-2.2,5.68,0.28,0.13
SATIPOLY,SM,33,-0.9,16.33,0.39,0.13
SUKHJITS,EQ,156.8,-4.99,489.91,0.08,0.13
SURANASOL,EQ,22.15,-0.58,108.99,0.58,0.13
KOTARISUG,EQ,23.62,-0.71,195.78,0.54,0.13
AKANKSHA,SM,68.65,-1.93,134.42,0.18,0.13
KALYANIFRG,EQ,551,-4.29,200.45,0.02,0.13
ALBERTDAVD,EQ,671,-0.3,382.95,0.02,0.13
CPCAP,EQ,84.01,-3.48,152.84,0.15,0.13
SNEHAA,SM,41,-6.07,41.73,0.31,0.13
DELTAMAGNT,EQ,52.82,-4.16,57.32,0.23,0.13
BSHSL,EQ,78.55,-2.51,824.28,0.16,0.12
MARC,SM,63.9,-0.16,110.63,0.19,0.12
ITBETA,EQ,299.5,-3.18,5.16,0.04,0.12
WORTHPERI,EQ,129.5,-0.17,203.98,0.09,0.12
EUROBOND,EQ,147.1,-4.44,360.39,0.08,0.12
MANUFGBEES,EQ,145.1,-2.85,11.65,0.08,0.12
AIRAN,EQ,15.3,-1.48,191.28,0.8,0.12
UNIENTER,EQ,93.36,-3.76,649.28,0.13,0.12
830PFCL27,N5,1056.01,-0.19,1300.08,0.01,0.12
SETCO,EQ,16.2,-2.17,216.7,0.74,0.12
SUPERSPIN,EQ,4.3,-4.87,23.65,2.8,0.12
HINDCOMPOS,EQ,383.1,-1.05,565.8,0.03,0.12
INFINIUM,SM,199,-1.97,310.1,0.06,0.12
SATKARTAR,SM,165.9,-0.66,261.21,0.07,0.12
XTGLOBAL,EQ,29.5,-4.81,395.66,0.4,0.12
HITECHGEAR,BE,604,-2.04,1136.34,0.02,0.12
TRU,EQ,6,-1.15,71.32,1.98,0.12
PURVFLEXI,SM,41,-3.53,86.03,0.29,0.12
OMFREIGHT,EQ,71.18,-2.8,239.7,0.16,0.12
888IRFC29,NE,1172.8,-0.61,511.83,0.01,0.12
BLBLIMITED,BE,16.97,-0.53,89.71,0.7,0.12
GRCL,SM,390,-2.29,223.78,0.03,0.12
CALSOFT,EQ,12.3,-8.89,76.05,0.92,0.12
EFORCE,SM,20.1,-2.9,47.03,0.58,0.12
810IRFC27,N2,1055.46,-0.28,3267.12,0.01,0.12
GSS,EQ,10.92,-2.59,28.56,1.05,0.12
NITIRAJ,EQ,201.5,-6.78,206.56,0.05,0.12
ECAPINSURE,EQ,22.75,-1.77,15.43,0.51,0.12
NRVANDANA,SM,54.25,-2.86,126.37,0.21,0.11
K2INFRA,SM,46.5,-3.43,58.68,0.25,0.11
ARABIAN,SM,70.05,-1.89,76.3,0.16,0.11
HDFCLOWVOL,EQ,18.88,-4.36,32.42,0.59,0.11
NIRMAN,ST,45.75,-2.14,36.64,0.25,0.11
HDFCQUAL,EQ,53.66,-2.7,18.31,0.21,0.11
SSFL,SM,130.5,-4.33,111.84,0.09,0.11
UNIONGOLD,EQ,148.4,-1.79,321.42,0.08,0.11
SHREEOSFM,SM,74,-0.67,113.99,0.15,0.11
SPCL,SM,74.25,-1.13,179.06,0.15,0.11
VINSYS,SM,288,-4.82,422.72,0.04,0.11
MONEYBOXX,EQ,61.01,-3.25,399.06,0.18,0.11
865LTF26,NN,1021,-0.34,406.55,0.01,0.11
SUNDRMBRAK,EQ,531.85,-2.58,209.26,0.02,0.11
RNFI,SM,261,-1.14,654.08,0.04,0.11
EMMIL,SM,127.6,-3.63,144.53,0.09,0.11
718GS2037,GS,103.5,-0.24,178020,0.11,0.11
LINC,EQ,99.3,-1.16,590.73,0.11,0.11
NAVKARURB,EQ,0.89,-4.3,99.87,12.06,0.11
GLOBE,EQ,2.41,-3.21,108.55,4.41,0.11
BTML,EQ,6.66,-1.48,120.21,1.62,0.11
717GS2030,GS,104.7,-0.3,107841,0.1,0.11
CHEMBONDCH,EQ,124.11,-4.12,333.81,0.08,0.11
PODDARMENT,EQ,211.91,-2.24,224.84,0.05,0.11
MOKSH,EQ,10.64,-1.75,93.9,1.01,0.11
GSEC5IETF,EQ,64.11,-0.53,20.44,0.16,0.11
CEDAAR,SM,22.8,-4.6,31.64,0.46,0.11
DHRUV,EQ,30,-0.03,56.9,0.35,0.11
PALREDTEC,EQ,28.51,-4.07,34.88,0.36,0.1
SIKKO,EQ,4.73,-0.63,206.61,2.21,0.1
DENEERS,ST,143.15,-1.88,123.2,0.07,0.1
LATTEYS,EQ,18.9,-4.69,108.67,0.54,0.1
GROWWNXT50,EQ,64.65,-1.94,7.58,0.16,0.1
SENSEXADD,EQ,78.5,-0.33,2.81,0.13,0.1
YASHOPTICS,SM,105.45,-3.12,261.15,0.1,0.1
RAJMET,EQ,3.47,-0.86,95.94,2.96,0.1
PIONEEREMB,EQ,24.5,-3.24,75.48,0.41,0.1
MOMGF,EQ,143.2,-3.26,1.79,0.07,0.1
SAJHOTELS,SM,42,-1.75,67.72,0.24,0.1
GOLDTECH,EQ,39.05,-2.91,204.08,0.25,0.1
PLAZACABLE,EQ,33.77,-2.54,147.75,0.29,0.1
RNPL,SM,136,-1.77,155.02,0.07,0.1
NEXT30ADD,EQ,38.82,-1.9,41.7,0.25,0.1
KATARIA,SM,101,-1.08,217.47,0.1,0.1
CONSOFINVT,BE,221.95,-1.63,717.48,0.04,0.1
MON50EQUAL,EQ,30.35,-3.59,95.81,0.31,0.1
RUDRA,EQ,16.34,-1.09,163.96,0.59,0.1
ORIENTALTL,EQ,5.21,-2.43,38.3,1.86,0.1
HISARMETAL,EQ,142.99,-0.83,77.21,0.07,0.1
SAHYADRI,EQ,236.25,-1.66,258.61,0.04,0.1
LOWVOL,EQ,192.01,-2.72,44.42,0.05,0.1
SOFTTECH,EQ,253.5,-3.61,350.9,0.04,0.09
FMNL,EQ,7.74,-4.56,46.94,1.21,0.09
HEXATRADEX,EQ,159,-1.85,878.39,0.06,0.09
MOBILISE,SM,45,-2.7,42.8,0.21,0.09
HEALTHCARE,EQ,17.88,-2.35,7.63,0.53,0.09
LAMBODHARA,EQ,95.9,-3.47,99.52,0.1,0.09
SHEETAL,ST,233,-0.85,266.92,0.04,0.09
SBIMIDMOM,EQ,56.98,-2.46,7,0.16,0.09
SHEMAROO,EQ,95.89,-4.22,261.97,0.09,0.09
GOYALSALT,SM,107.95,-4.09,193.23,0.08,0.09
ONDOOR,SM,134,-5.8,75.69,0.07,0.09
SMLT,EQ,67,-1.69,91.72,0.14,0.09
KNAGRI,EQ,177.1,-4.94,442.73,0.05,0.09
SADHNANIQ,EQ,1.53,-4.97,453.6,5.88,0.09
MEGAFLEX,ST,147.45,-3.78,178.87,0.06,0.09
PRUDMOULI,EQ,11.45,-9.56,36.93,0.76,0.09
DJML,BE,80,-0.01,263.82,0.11,0.09
ACEINTEG,EQ,15.85,-5.26,16.17,0.54,0.09
CHEMBOND,EQ,125.95,-2.35,169.38,0.07,0.09
AARVI,EQ,125.7,-2.64,186.17,0.07,0.09
SETF10GILT,EQ,260.1,-0.07,3254.08,0.03,0.09
KANPRPLA,EQ,178.06,-2.77,427.57,0.05,0.09
KRITIKA,EQ,5.72,-1.72,152.31,1.52,0.09
SGBJ28VIII,GB,14598,-4.46,762.19,0,0.09
MGEL,EQ,10,-0.5,329.56,0.86,0.09
SHIVAMAUTO,EQ,16,-0.99,210.39,0.53,0.09
ORCHASP,EQ,2.15,-4.02,74.48,3.86,0.09
SADHAV,SM,95.05,-4.95,136.42,0.09,0.09
MADHAV,EQ,33,-7.87,29.53,0.25,0.08
VARDHACRLC,EQ,32.75,-1.47,263.19,0.26,0.08
SNXT30BEES,EQ,39.4,-0.08,4.7,0.22,0.08
JAINIK,SM,116.05,-3.29,166.51,0.07,0.08
JAYAGROGN,EQ,166.1,-2.57,498.3,0.05,0.08
UNITEDTEA,EQ,510.25,-4.02,254.95,0.02,0.08
DYNAMIC,SM,97,-5.83,133.34,0.09,0.08
TEXMOPIPES,EQ,41,-2.36,119.7,0.2,0.08
RADIOCITY,EQ,5.3,-0.93,183.21,1.5,0.08
UHTL,SM,50,-1.96,95.02,0.16,0.08
865IRFC29,NA,1169.95,-0.83,805.35,0.01,0.08
RNBDENIMS,BE,87.74,-4.99,789.43,0.09,0.08
UNIINFO,EQ,12.18,-0.9,13.02,0.65,0.08
CSSL,SM,113,-2.38,271.73,0.07,0.08
10IIFL28,N4,1033.5,-0.06,240.52,0.01,0.08
GREENLEAF,SM,73,-0.88,43.28,0.11,0.08
RAJTV,EQ,37.5,-4.56,194.68,0.22,0.08
VARDMNPOLY,BE,7.6,-2.56,348.76,1.02,0.08
SGBJUL27,GB,14547.72,-4.42,779.68,0,0.08
CRAYONS,SM,33,-2.51,80.62,0.24,0.08
LICNMID100,EQ,55.1,-2.82,583.45,0.14,0.08
MAHICKRA,ST,205,-1.91,166.5,0.04,0.08
RAPPID,SM,254.9,-4.89,132.34,0.03,0.08
DELTIC,SM,34.1,-2.29,52.14,0.22,0.08
SURANAT&P,EQ,17.5,-1.35,237.58,0.44,0.08
364D101226,TB,95.54,-0.03,7261.04,0.08,0.08
AXSENSEX,EQ,77.08,-2.98,123.48,0.1,0.08
ENERGYDEV,EQ,15.01,-0.2,71.3,0.5,0.08
743GS2076,GS,100.25,-0.74,26065,0.08,0.08
TOP20,EQ,8.4,-2.89,9.48,0.89,0.07
ISFT,EQ,65.88,-4.98,107.46,0.11,0.07
IMPAL,EQ,992.1,-2.96,1238.14,0.01,0.07
PRLIND,SM,53,-2.39,121.17,0.14,0.07
VISASTEEL,EQ,31,-4.26,400.8,0.24,0.07
TAINWALCHM,EQ,180.15,-2.85,168.69,0.04,0.07
URAVIDEF,EQ,124.4,-2.04,141.82,0.06,0.07
SOMICONVEY,EQ,100.48,-1.1,118.36,0.07,0.07
ASHALOG,SM,57.25,-1.29,77.61,0.13,0.07
AESTHETIK,SM,65,-2.4,111.93,0.11,0.07
KREBSBIO,EQ,47.8,-1.44,103.06,0.15,0.07
726GS2032,GS,103.2,-0.01,152736,0.07,0.07
VCL,EQ,1.42,-1.39,26.09,4.93,0.07
VERITAAS,SM,46,-0.54,12.99,0.16,0.07
SGBOCT26,GB,14550.9,-4.27,454.8,0,0.07
DIGJAMLMTD,EQ,37.74,-4.94,75.48,0.18,0.07
URBAN,SM,125,-0.75,108.25,0.06,0.07
842IIFL26,NL,985,-0.06,145.04,0.01,0.07
MADHAVBAUG,SM,195,-5.16,205.01,0.04,0.07
RULKA,SM,85.75,-2.06,36.52,0.08,0.07
MKPL,EQ,4.91,-0.81,184.31,1.42,0.07
AKIKO,ST,216.95,-0.48,233.65,0.03,0.07
QMSMEDI,SM,76,-0.52,146.96,0.09,0.07
JAIPURKURT,EQ,28.64,-4.5,54.68,0.24,0.07
MONIFTY100,EQ,23.73,-3.22,11.01,0.28,0.07
741GS2036,GS,104.9,-0.8,157350,0.06,0.07
SKP,SM,149,-1,247.34,0.04,0.07
668GS2040,GS,96.6,-0.41,154560,0.07,0.07
THEINVEST,EQ,97.55,-2.19,509.62,0.07,0.07
NRAIL,EQ,409,-5.34,696.08,0.02,0.07
TARMAT,BE,54.74,-1.23,137.2,0.12,0.07
BABAFP,SM,22,-3.51,35.92,0.3,0.07
GENUSPAPER,EQ,11.15,-2.87,286.7,0.58,0.06
LAKSHYA,SM,100.25,-2.62,101.09,0.06,0.06
DEEM,SM,35.8,-1.38,29.85,0.18,0.06
AMJLAND,EQ,37.5,-2.5,153.75,0.17,0.06
GROWWMC150,EQ,201.82,-3.1,5.8,0.03,0.06
KAYTEX,SM,69,-2.95,101.42,0.09,0.06
892PFCL33,N8,1234,-0.15,1063.66,0.01,0.06
SURYALAXMI,EQ,53,-3.99,99.67,0.11,0.06
BALPHARMA,EQ,67.3,-2.36,107.15,0.09,0.06
SGBSEP27,GB,14502.05,-5.09,910.57,0,0.06
935TSIIC33,N0,103700,-0.38,1295.64,0,0.06
HITECHCORP,EQ,132,-3.59,226.72,0.05,0.06
COMMITTED,SM,258,-0.52,298.62,0.02,0.06
LICNETFN50,EQ,257.94,-2.74,826.59,0.02,0.06
JMA,EQ,78.01,-3.83,178.18,0.08,0.06
CTE,EQ,24.21,-3.62,47.53,0.25,0.06
NECCLTD,EQ,12.9,-4.59,129,0.47,0.06
AMEYA,SM,100.15,-2.77,75.11,0.06,0.06
KRIDHANINF,EQ,2.27,-7.72,21.51,2.58,0.06
ONELIFECAP,EQ,14.71,-0.61,19.65,0.42,0.06
ALCODIS,SM,64,-7.25,65.6,0.09,0.06
SNXT50BETA,EQ,82.66,-4.46,29.47,0.07,0.06
MASTER,SM,300.1,-0.02,120.04,0.02,0.06
AXISCETF,EQ,110,-1.77,12.15,0.05,0.06
REFRACTORY,SM,30.55,-4.98,66.6,0.19,0.06
DIVIDEND,EQ,34.12,-2.4,8.34,0.17,0.06
ELGIRUBCO,EQ,38.5,-3.17,192.69,0.15,0.06
BONLON,BE,39.79,-0.23,56.44,0.15,0.06
JFLLIFE,SM,9.75,-0.51,32.17,0.6,0.06
INFRA,EQ,10.66,-2.65,7.56,0.55,0.06
SOLARAPP1,E1,290,-1.04,341.07,0.02,0.06
ANIKINDS,EQ,38.76,-3.46,107.57,0.15,0.06
COMPUSOFT,EQ,13.38,-1.4,105.87,0.44,0.06
JHS,EQ,7.9,-2.23,67.63,0.71,0.06
APOLSINHOT,EQ,1085,-0.05,282.14,0.01,0.06
ENIFTY,EQ,23.21,-2.6,15.25,0.24,0.06
VINNY,EQ,1.07,-4.46,49.78,5.27,0.06
GILLANDERS,EQ,79.1,-1.86,168.82,0.07,0.06
SEL,SM,141.5,-2.41,32.81,0.04,0.06
IPSL,SM,236,-7.45,203.11,0.03,0.06
WINSOL,SM,117,-2.5,134.96,0.05,0.06
NIBL,EQ,29,-2.39,70.27,0.19,0.06
MEDIORG,SM,23.05,-4.95,26.97,0.24,0.06
ANMOL,EQ,10.61,-3.46,60.39,0.53,0.06
SANDESH,EQ,925.1,-1.38,700.25,0.01,0.06
BAGFILMS,EQ,4.29,-1.61,84.83,1.29,0.06
73GS2053,GS,99.5,-0.55,194025,0.06,0.05
DCCL,SM,33.95,-5.69,48.47,0.16,0.05
HEALTHADD,EQ,140.5,-3.77,12.18,0.04,0.05
IVZINNIFTY,EQ,2633.84,-3.02,88.15,0,0.05
WEIZMANIND,EQ,76,-5.05,117.75,0.07,0.05
TRUST,SM,32.5,-1.66,77.43,0.17,0.05
AGSTRA,BZ,2.88,-1.71,36.99,1.88,0.05
TSC,SM,34,-0.44,47.76,0.16,0.05
734IRFC28,N4,1062.2,-0.34,2717.86,0.01,0.05
SIL,EQ,13.83,-1.07,88.97,0.38,0.05
DCG,SM,55,-3.08,99.82,0.1,0.05
HOLMARC,SM,75.1,-4.94,75.48,0.07,0.05
MANAKSTEEL,EQ,51.55,-3.72,337.83,0.1,0.05
699GS2026,GS,102.75,-0.05,57540,0.05,0.05
MOPSE,EQ,99.6,-2.25,1.79,0.05,0.05
CPEDU,EQ,169.4,-3.44,308.19,0.03,0.05
GAYAHWS,EQ,2.17,-1.81,52,2.4,0.05
GRAPHISAD,ST,32.2,-4.17,58.85,0.16,0.05
876HUDCO28,ND,1107,-0.04,902.21,0,0.05
ESCONET,SM,111.9,-0.62,147.67,0.04,0.05
RUCHINFRA,EQ,4.88,-3.37,115.18,0.98,0.05
ARHAM,SM,122.1,-3.9,206.59,0.04,0.05
RAJINDLTD,SM,63,-3.3,139.95,0.07,0.05
FIBERWEB,BE,36,-0.11,103.65,0.14,0.05
1075SCL34,ZR,1000,-4.76,8.99,0,0.05
MHLXMIRU,EQ,164,-2.04,174.17,0.03,0.05
364D031226,TB,95.6,-0.06,6500.8,0.05,0.05
TARAPUR,EQ,25.31,-1.06,49.35,0.18,0.05
SIGIND,EQ,42.82,-5.16,126.05,0.11,0.05
DOLLEX,SM,29.85,-2.13,119.25,0.16,0.05
HCG-RE,BE,23,-8.73,19.08,0.2,0.05
BANK10ADD,EQ,16.5,-0.66,5.53,0.29,0.05
SILKFLEX,ST,116.25,-4.99,134.93,0.04,0.05
QUALITY30,EQ,18.76,-3.15,2.18,0.24,0.05
AMDIND,EQ,36.95,-2.22,70.82,0.12,0.05
LICNFNHGP,EQ,259.46,-2.85,695.23,0.02,0.05
MITCON,EQ,53,-3.09,92.32,0.09,0.05
INDBANK,EQ,31.25,-0.7,138.68,0.14,0.05
SHRITECH,SM,56.2,-8.54,140.22,0.08,0.05
MRIL,SM,39.55,-2.35,87.42,0.11,0.04
NINSYS,EQ,291.65,-0.49,541.77,0.02,0.04
SYNOPTICS,SM,46.5,-2.92,39.43,0.1,0.04
MAGNUM,EQ,18.66,-1.79,127.66,0.24,0.04
BLUEWATER,SM,148,-1.27,162.8,0.03,0.04
ZENITHSTL,EQ,5,-1.19,71.14,0.87,0.04
SGBOCT27,GB,14800,-2.76,674.55,0,0.04
SATECH,ST,44,-1.68,57.45,0.1,0.04
VGL,EQ,58.01,-2.85,298.92,0.07,0.04
ETML,SM,90,-2.12,175.29,0.05,0.04
VITAL,EQ,38.7,-3.25,92.69,0.11,0.04
DICIND,EQ,500,-0.4,458.95,0.01,0.04
VAISHALI,EQ,6.09,-0.65,79.45,0.7,0.04
DCM,EQ,61.37,-2.15,114.63,0.07,0.04
TROM,SM,57,-2.4,52.41,0.07,0.04
364D070127,TB,95.1,-0.07,7608,0.04,0.04
MUKTAARTS,EQ,42.5,-0.56,95.99,0.1,0.04
SHANTHALA,SM,23.7,-17.85,15.87,0.17,0.04
PRAENG,EQ,19.45,-2.56,136.03,0.21,0.04
SUPREMEINF,BZ,68.51,-2.97,662.74,0.06,0.04
ABHAPOWER,SM,28.5,-6.71,52.98,0.14,0.04
APCL,EQ,113.47,-0.97,333.32,0.04,0.04
GROWWPSE,EQ,99.55,-1.68,17.01,0.04,0.04
LCCINFOTEC,BE,4.73,-4.44,59.88,0.86,0.04
893NHB29,N6,5450,-0.91,362.54,0,0.04
ESG,EQ,39.17,-2.85,97.98,0.1,0.04
915APSBC28,N0,100600,-1.12,552.29,0,0.04
NEPTUNE,ST,200,-2.13,453.07,0.02,0.04
QUADPRO,SM,2.05,-2.38,10.36,1.92,0.04
BSL,EQ,120,-2.08,123.51,0.03,0.04
NGIL,EQ,23.51,-4,41.23,0.16,0.04
UCAL,EQ,97.05,-3.95,214.61,0.04,0.04
ENSER,SM,10.7,-4.89,93.26,0.35,0.04
ANANTAM,IV,102.95,-0.01,2239.16,0.04,0.04
UNILEX,SM,24.4,-8.27,33.23,0.16,0.04
EBANKNIFTY,EQ,54.43,-2.16,12.25,0.07,0.04
709GS2074,GS,95.71,-1.21,151221.8,0.04,0.04
GURUNANAK,SM,26.2,-8.07,31.44,0.14,0.04
769HUDCO31,N9,1101.01,-0.09,671.67,0,0.04
ONYX,SM,30.55,-4.53,55.39,0.12,0.04
MODIRUBBER,EQ,110,-2.9,275.45,0.03,0.04
SMARTLINK,EQ,115.27,-3.31,114.98,0.03,0.04
INSPIRISYS,BE,79,-2.82,312.97,0.05,0.04
364D190227,TB,94.36,-0.2,7831.88,0.04,0.04
GATECHDVR,EQ,0.39,-2.5,7.4,9.44,0.04
PROV,SM,1165,-1.27,402.32,0,0.04
SHRIKANHA,SM,21,-4.98,32.72,0.18,0.04
SHYAMCENT,EQ,4.45,-0.67,94.42,0.83,0.04
TIJARIA,BE,4.52,-2.16,12.94,0.85,0.04
LAGNAM,EQ,64.23,-0.05,113.49,0.06,0.04
BEARDSELL,EQ,23.1,-3.55,91.1,0.16,0.04
CURRENT,SM,110.4,-5.64,211.39,0.03,0.04
ACCURACY,EQ,3.97,-1.98,59.77,0.91,0.04
PERFECT,SZ,1.65,-2.94,2.89,2.16,0.04
LIBAS,EQ,9.95,-3.68,26.21,0.36,0.04
JOCIL,EQ,111.5,-1.74,99.02,0.03,0.04
MOQUALITY,EQ,182.31,-2.66,20.88,0.02,0.04
SGBOCT27VI,GB,14750,-3.04,1022.48,0,0.04
704GS2029,GS,103.5,-0.43,91080,0.03,0.04
STUDIOLSD,SM,9.55,-1.55,49.56,0.36,0.04
SELECTIPO,EQ,39.67,-3.1,16.59,0.09,0.03
PATINTLOG,EQ,9.58,-0.21,66.66,0.36,0.03
PRESSTONIC,ST,36.1,-4.87,55.02,0.1,0.03
PPSL,SM,6.65,-1.48,19.48,0.51,0.03
ASPINWALL,EQ,207,-0.77,161.84,0.02,0.03
364D040227,TB,94.51,-0.41,10210.91,0.04,0.03
PANACHE,BE,319.85,-0.98,512.21,0.01,0.03
SUPERHOUSE,EQ,142.99,-1.42,157.65,0.02,0.03
UMESLTD,BE,6.2,-4.32,16.38,0.53,0.03
ITALIANE,ST,39.1,-2.25,57.78,0.08,0.03
KAKATCEM,EQ,100.01,-3.27,77.75,0.03,0.03
WHITEFORCE,SM,36.75,-10.37,42.63,0.08,0.03
68GS2060,GS,92.12,-1.07,78229.9,0.04,0.03
GOYALALUM,BE,6,-1.96,85.64,0.54,0.03
ROSSELLIND,EQ,46,-1.01,173.4,0.07,0.03
INM,SM,180,-0.83,251.83,0.02,0.03
890AEL31,NN,1004.1,-0.13,204.99,0,0.03
LLOYDS,SM,47.05,-6.83,113.55,0.07,0.03
AHLADA,EQ,39.75,-1.51,51.36,0.08,0.03
SHANTI,EQ,6.25,-0.32,6.94,0.51,0.03
KLL,SM,39.5,-1.13,73.19,0.08,0.03
EQUAL200,EQ,12.3,-2.69,16.62,0.26,0.03
DANGEE,EQ,2.78,-0.71,42.81,1.09,0.03
AKG,EQ,10.67,-2.82,33.91,0.28,0.03
PILITA,EQ,7.34,-1.48,172.49,0.42,0.03
LAMOSAIC,SM,23.65,-0.84,24.45,0.13,0.03
888REC29,NF,1110.77,-2.56,324.95,0,0.03
ASHOKAMET,EQ,14.05,-1.26,35.12,0.22,0.03
WEWIN,EQ,40,-2.34,40.64,0.08,0.03
GSEC10IETF,EQ,260.69,-0.02,539.66,0.01,0.03
SELMC,EQ,28.35,-3.96,93.94,0.1,0.03
CORALFINAC,EQ,30.99,-1.09,124.9,0.1,0.03
ANLON,SM,373.75,-0.45,233.8,0.01,0.03
SWASTIK,SM,16.55,-2.65,38.45,0.18,0.03
BVCL,EQ,37,-2.71,81.99,0.08,0.03
MCON,ST,41.05,-2.15,30.09,0.07,0.03
SSFLPP,E1,101.2,-2.79,175.42,0.03,0.03
364D231026,TB,96.3,-0.22,6500.25,0.03,0.03
ATAM,EQ,58.01,-0.84,66.5,0.05,0.03
RKDL,EQ,18.7,-2.09,44.88,0.15,0.03
SICALLOG,BE,64.06,-2.05,511.1,0.04,0.03
TOTAL,EQ,51.63,-3.59,83.26,0.05,0.03
LICNETFSEN,EQ,837.81,-2.99,690.87,0,0.03
AGROPHOS,EQ,31.25,-3.61,63.36,0.09,0.03
HINDCON,EQ,18.79,-0.58,96.19,0.15,0.03
VLINFRA,SM,22.8,-1.94,35.82,0.12,0.03
SGBFEB27,GB,14511,-5.4,300.94,0,0.03
NIKITA,SM,111.55,-5.47,275.17,0.02,0.03
ORIENTLTD,EQ,59.1,-6.06,59.1,0.04,0.03
ASIANHOTNR,EQ,294.5,-1.7,572.9,0.01,0.03
AUROIMPEX,SM,27.95,-6.52,34.1,0.1,0.03
MOHITIND,EQ,23.4,-2.74,33.13,0.11,0.03
UMA,SM,16,-3.03,32.44,0.16,0.03
ABSL10BANK,EQ,164.7,-0.82,45.42,0.02,0.03
CHAMUNDA,SM,42.65,-3.07,46.93,0.06,0.03
SHIVAMILLS,EQ,54,-0.3,46.67,0.05,0.02
STEELCITY,EQ,80.88,-0.82,122.19,0.03,0.02
MANDEEP,SM,17.7,-4.32,18.3,0.14,0.02
SAGARDEEP,EQ,22.62,-2.12,38.58,0.11,0.02
VIAZ,SM,61.6,-2.07,82.77,0.04,0.02
SPCON,ST,102,-2.39,80.18,0.02,0.02
SRGHFL,EQ,253.1,-5.95,397.41,0.01,0.02
KOTHARIPRO,EQ,64.4,-1.04,384.39,0.04,0.02
AIROLAM,EQ,85.95,-2.01,128.94,0.03,0.02
812REC27,NI,1082.9,-0.09,2339.42,0,0.02
SAROJA,SM,29.6,-4.98,11.9,0.08,0.02
NPBET,EQ,261,-4.13,10.21,0.01,0.02
GANGAFORGE,EQ,2.8,-0.71,37.74,0.84,0.02
MOTOGENFIN,EQ,20.47,-2.01,79.27,0.12,0.02
MARALOVER,EQ,39.99,-2.37,165.99,0.06,0.02
PNC,EQ,20.5,-2.61,29.66,0.11,0.02
ALKALI,EQ,55.24,-3.81,56.25,0.04,0.02
734GS2064,GS,100.2,-0.19,239478,0.02,0.02
BIOFILCHEM,EQ,29.72,-2.37,48.37,0.08,0.02
NEWJAISA,SM,18.8,-3.84,67.26,0.12,0.02
VICTORYEV,SM,15,-0.33,36.13,0.15,0.02
BAWEJA,SM,28.2,-0.53,51.96,0.08,0.02
DTIL,EQ,127.1,-2.07,133.55,0.02,0.02
880IREDA29,N5,1099.9,-0.01,257.98,0,0.02
SONAMAC,SM,31.05,-5.19,42.61,0.07,0.02
SUVIDHAA,EQ,2.85,-4.04,59.79,0.77,0.02
RHL,EQ,170.25,-1.51,294.39,0.01,0.02
ELDEHSG,EQ,816,-1.72,802.37,0,0.02
KONSTELEC,SM,30.5,-2.24,46.05,0.07,0.02
SPEB,SM,52,-5.45,116.82,0.04,0.02
MALUPAPER,EQ,31.35,-1.85,53.48,0.07,0.02
CELEBRITY,EQ,7.13,-6.55,42.55,0.29,0.02
GROWWLOVOL,EQ,9.88,-1.59,4.01,0.21,0.02
QUICKTOUCH,SM,28.9,-0.86,37.04,0.07,0.02
PSFL,SM,24.5,-3.92,48.22,0.08,0.02
AROGRANITE,EQ,23.5,-0.72,35.95,0.09,0.02
SAMBHAAV,EQ,5.53,-4.66,105.68,0.36,0.02
9SCL26BA,NA,1025,-0.1,414.61,0,0.02
364D021026,TB,96.6,-0.05,5800.92,0.02,0.02
LOTUSEYE,EQ,105,-3.64,218.36,0.02,0.02
SGBFEB28IX,GB,14700,-3.8,596.76,0,0.02
LFIC,EQ,124,-0.86,37.2,0.02,0.02
HGM,EQ,45.25,-6.57,56.99,0.04,0.02
BRACEPORT,SM,58,-3.89,65.55,0.03,0.02
1102NFL26,N8,1060.35,-0.9,53.85,0,0.02
LEXUS,BE,30.33,-4.98,62.15,0.06,0.02
MODTHREAD,EQ,43.8,-6.29,152.32,0.04,0.02
SYLVANPLY,SM,46,-3.06,89.12,0.04,0.02
GROBTEA,EQ,917,-0.57,106.59,0,0.02
VDEAL,SM,152,-0.65,74.33,0.01,0.02
NIDAN,SM,14.25,-2.4,19.81,0.13,0.02
AEPL,EQ,17.45,-5.01,438.06,0.1,0.02
TGL,ST,35.55,-1.93,42.66,0.05,0.02
SHEKHAWATI,EQ,11.69,-1.6,40.3,0.15,0.02
1015ECL29,NR,1010,-0.1,112.21,0,0.02
ALUWIND,SM,58.25,-0.6,144.74,0.03,0.02
UMIYA-MRO,EQ,80.41,-1.07,150.24,0.02,0.02
JISLDVREQS,EQ,21.37,-4,41.23,0.08,0.02
VIVIDHA,EQ,0.57,-3.39,16.68,3.11,0.02
79NHIT35,N1,315,-0.28,472.5,0.01,0.02
CLSL,SM,43.5,-3.55,74.56,0.04,0.02
NEOCHEM,SM,72,-5.26,123.27,0.02,0.02
CINEVISTA,EQ,15.25,-1.68,87.59,0.11,0.02
MEP,BZ,0.91,-1.09,16.69,1.88,0.02
PARTYCRUS,SM,85,-1.68,101.87,0.02,0.02
AAKAAR,ST,53,-0.19,75.12,0.03,0.02
RAJRILTD,BE,20.95,-1.55,1164.99,0.08,0.02
1075WCA28,N0,9840,-0.1,19.68,0,0.02
RELCHEMQ,EQ,114.6,-0.07,86.45,0.01,0.02
1050ISFL28,N5,1010,-2.88,159.29,0,0.02
AMBEY,SM,20.6,-4.41,51.39,0.08,0.02
IL&FSTRANS,BZ,2.19,-3.1,72.04,0.76,0.02
TOKYOPLAST,EQ,71,-3.15,67.46,0.02,0.02
MONOPHARMA,SM,11.5,-4.17,20.32,0.14,0.02
ASTRON,EQ,3.8,-3.31,17.67,0.41,0.02
FORCAS,SM,99,-1.98,174.04,0.02,0.02
930AEL30,NF,1060.01,-0.47,237.69,0,0.02
ZEAL,SM,65.4,-2.61,87.05,0.02,0.02
KANANIIND,EQ,1.36,-1.45,26.91,1.14,0.02
PRECISION,SM,8.55,-3.93,19.63,0.18,0.02
SHIGAN,ST,50,-4.12,101.64,0.03,0.01
96SFIL24A,NB,960,-0.52,11.9,0,0.01
NAGREEKCAP,EQ,22.5,-5.34,28.38,0.06,0.01
SITINET,BZ,0.32,-3.03,27.91,4.45,0.01
SFML,SM,22.6,-5.64,56.11,0.06,0.01
MOIPO,EQ,40.3,-1.78,4.63,0.04,0.01
SOMATEX,BE,94.92,-1.99,313.55,0.02,0.01
KSHITIJPOL,BE,2.34,-2.5,36.09,0.6,0.01
81TCHF28,N8,1010.07,-1.46,38.66,0,0.01
ROML,EQ,43.4,-1.77,65.05,0.03,0.01
ARMOUR,SM,22.35,-2.83,37.7,0.06,0.01
ARISTO,SM,83,-3.82,56.5,0.02,0.01
PEARLPOLY,EQ,16.61,-0.18,27.96,0.08,0.01
SURAJLTD,EQ,222.01,-3.89,407.7,0.01,0.01
BMETRICS,SM,40.05,-3.03,49.32,0.03,0.01
BEDMUTHA,BE,113.5,-0.51,366.2,0.01,0.01
TAKE,BE,38.12,-1.98,563.92,0.03,0.01
GUJRAFFIA,EQ,37.11,-1.28,20.06,0.03,0.01
AKASH,EQ,24,-0.08,40.47,0.05,0.01
MTEDUCARE,BE,1.37,-1.44,9.9,0.84,0.01
DECCANTRAN,SM,18.5,-1.33,42.04,0.06,0.01
AUSOMENT,BE,101.94,-0.21,138.88,0.01,0.01
AGNI,SM,14.4,-4,28.13,0.07,0.01
HEADSUP,EQ,6.7,-0.74,14.8,0.16,0.01
SECMARK,EQ,105.1,-2.47,109.8,0.01,0.01
DIRL,SM,8.9,-4.81,8.49,0.12,0.01
97SFL29,YZ,1050,-1.96,35.86,0,0.01
RAJPUTANA,SM,210.1,-6.12,147.77,0.01,0.01
KHAITANLTD,EQ,94.15,-4.9,44.72,0.01,0.01
697GR2034,GS,92.12,-2.06,1563.64,0.01,0.01
901HUDCO34,NE,1232,-0.65,826.86,0,0.01
JIWANRAM,SM,5.2,-1.89,12.87,0.18,0.01
ODIGMA,EQ,22.91,-1.55,71.61,0.04,0.01
116VCCL27,N0,95000,-2.66,19,0,0.01
APEXECO,SM,118,-3.28,155.59,0.01,0.01
NAGREEKEXP,EQ,21.05,-3.66,65.78,0.04,0.01
JAINAM,SM,180,-2.7,210.8,0.01,0.01
GKWLIMITED,EQ,1585,-3.7,945.69,0,0.01
MOLOWVOL,EQ,35.17,-2.71,65.2,0.02,0.01
COUNCODOS,EQ,4.18,-2.11,32.44,0.2,0.01
READYMIX,SM,85,-3.41,93.15,0.01,0.01
RITEZONE,SM,16.25,-2.11,6.87,0.05,0.01
MANUGRAPH,EQ,13.2,-0.53,40.15,0.06,0.01
TGBHOTELS,EQ,8.6,-2.16,25.19,0.09,0.01
910TCAP28,NA,1063,-0.65,363.39,0,0.01
M&MFIN,N3,2277,-0.37,61.39,0,0.01
SGL,EQ,11.12,-0.8,30.01,0.07,0.01
SUNREST,SM,45.9,-0.22,19.7,0.02,0.01
SPPPOLY,SM,12.1,-4.72,18.62,0.06,0.01
TECILCHEM,EQ,12.3,-5.31,23.33,0.06,0.01
ARVEE,BE,144,-4,158.69,0,0.01
CREATIVEYE,EQ,6.58,-1.64,13.2,0.11,0.01
ANKITMETAL,BZ,1.55,-1.27,21.87,0.46,0.01
888ECL28,N1,975,-0.71,39.9,0,0.01
KAUSHALYA,EQ,780,-1.06,27.01,0,0.01
LYPSAGEMS,EQ,4.61,-2.95,13.59,0.14,0.01
ANSALAPI,BZ,3.33,-1.77,52.42,0.2,0.01
TVVISION,BE,5.3,-0.75,20.53,0.12,0.01
BBNPNBETF,EQ,54.05,-2.38,3.98,0.01,0.01
SALONA,EQ,265,-3.09,139.45,0,0.01
925ECL28,N2,971,-8.33,46.95,0,0.01
VEEKAYEM,SM,123.5,-5,72.57,0.01,0.01
HYBRIDFIN,EQ,16.26,-0.18,47.86,0.04,0.01
SVLL,EQ,512,-9.38,588.48,0,0.01
S&SPOWER,BE,334.4,-1.99,412.7,0,0.01
WELINV,EQ,1265.3,-3.96,462.4,0,0.01
VIPULLTD,BE,11.12,-1.94,156.75,0.05,0.01
VELS,SM,48.05,-4.95,62.02,0.01,0.01
667GS2050,GS,92.18,-0.83,139701.67,0.01,0.01
DNAMEDIA,EQ,3.33,-1.77,39.2,0.17,0.01
COMPINFO,BZ,1.08,-0.92,9.26,0.52,0.01
957NIDO26,N5,982.55,-0.55,24.41,0,0.01
JALAN,SM,2.2,-4.35,3.2,0.24,0.01
DCMFINSERV,BE,7.01,-4.88,13.17,0.08,0.01
105IIFL29,N7,1016,-6.27,15.7,0,0.01
ICDSLTD,BE,44.89,-4.99,58.48,0.01,0.01
971SCL28I,BC,750,-13.19,5.24,0,0.01
VISHWAS,SM,32.05,-10.97,32.05,0.02,0.01
91D040626,TB,98.48,-0.12,15264.4,0.01,0
NIRAJISPAT,BE,205.8,-4.99,12.35,0,0
HBSL,EQ,49.59,-0.64,35.4,0.01,0
824GS2027,GS,102.6,-0.05,98894.65,0,0
PARAMOUNT,SM,39.05,-4.76,27.11,0.01,0
GILT10BETA,EQ,26,-0.27,23.38,0.02,0
GAJANAND,SM,7.4,-0.67,13.94,0.06,0
1225IFL27,N0,8720.35,-4.17,17.42,0,0
970CAGL28,ND,1017.11,-0.67,257.56,0,0
TAPIFRUIT,SM,55,-4.76,23.65,0.01,0
RETAIL,EQ,19.4,-3.87,15.92,0.02,0
ESENSEX,EQ,74.96,-2.14,14.09,0.01,0
ORTINGLOBE,BE,15.79,-1.31,12.84,0.03,0
DIVYADHAN,SM,19.6,-3.45,28.04,0.02,0
KONTOR,SM,63,-4.55,38.93,0.01,0
SILLYMONKS,EQ,15.9,-0.38,19.81,0.02,0
INCREDIBLE,EQ,31.81,-2.27,148.76,0.01,0
79NHIT40,N2,314.05,-0.93,471.07,0,0
BIKEWO,ST,17.6,-3.3,22.96,0.02,0
837IIFL28,Y4,970.1,-0.5,85.92,0,0
IMPEXFERRO,BZ,1.58,-1.86,13.89,0.23,0
92GS2030,GS,115.44,-0.05,71439.52,0,0
MAXPOSURE,SM,34,-2.86,77.32,0.01,0
MICROPRO,SM,20.95,-4.56,29.96,0.02,0
AHLEAST,EQ,152,-0.46,262.83,0,0
TFL,EQ,12.76,-1.09,70.33,0.02,0
INFOMEDIA,EQ,4.88,-2.2,24.49,0.06,0
PROLIFE,SM,59.8,-4.93,24.48,0.01,0
817GS2044,GS,119.8,-4.92,103028,0,0
797IGT31,NL,1010.11,-1.74,41.63,0,0
KEYFINSERV,EQ,258.3,-2.86,143.79,0,0
KHANDSE,EQ,16.36,-0.85,24.96,0.02,0
905PFL26,N1,1010,-2.23,132.66,0,0
10CAGL27,N5,1015,-0.2,56.33,0,0
935LTF29,N5,1056.1,-1.57,117.14,0,0
74GS2062,GS,101.35,-0.64,158106,0,0
865TCAPS27,N8,1050.1,-0.46,630.47,0,0
SETUINFRA,BZ,0.38,-2.56,4.78,0.59,0
1050SCL31,ZP,960.3,-8.37,1.73,0,0
BLUECOAST,EQ,19.2,-2.34,33.01,0.01,0
903SFL28,YI,1040,-1.14,51.92,0,0
182D140526,TB,98.9,-0.05,6923,0,0
91D220526,TB,98.85,-0.05,15821.7,0,0
MORARJEE,BZ,6,-4.15,21.8,0.03,0
WIPL,EQ,146.5,-4.19,124.34,0,0
FELDVR,BZ,2.66,-1.12,10.47,0.06,0
SABEVENTS,BE,11.58,-4.93,12.14,0.01,0
ATLPP,E1,8.59,-3.27,34.19,0.02,0
897MOFSL29,N4,1017,-0.1,96.76,0,0
SHAHALLOYS,EQ,58.15,-3.65,115.12,0,0
ADL,EQ,67.5,-0.5,37.57,0,0
ARENTERP,EQ,38.92,-2.99,12.1,0,0
956AEL29,N6,1025,-0.49,51.62,0,0
SILGOPP,E1,30.99,-1.27,22.87,0,0
ABSLMSCIN,EQ,27.22,-4.02,10.27,0,0
AEL12126,NI,963,-3.22,19.19,0,0
NEXTMEDIA,EQ,5.13,-0.97,34.32,0.02,0
MFML,EQ,22.73,-4.86,24.14,0,0
965SCL26A,ZB,1061,-1.04,8.04,0,0
591GS2028,GS,100.31,-1.61,51158.1,0,0
9IIFL31,Y9,995,-0.13,111.68,0,0
714CG32,SG,96.42,-0.29,1928.4,0,0
LAKPRE,BZ,4.9,-4.67,5.36,0.02,0
ARTNIRMAN,EQ,33.45,-9.91,83.48,0,0
891IIFCL34,N4,1225,-1.21,729.98,0,0
TEAMGTY,EQ,247,-1.46,222.13,0,0
826GS2027,GS,103.5,-1,75997.29,0,0
699GS2051,GS,96.4,-0.19,141250.1,0,0
843IHFL29,NC,967,-1.19,51.96,0,0
764HUDCO31,N8,1094.99,-0.18,608.98,0,0
563GS2026,GS,102.27,-0.03,164146.56,0,0
GSEC10ABSL,EQ,109.3,-1.61,31.45,0,0
ABMINTLLTD,BE,45.2,-0.22,42.52,0,0
772GS2055,GS,109,-0.55,85020,0,0
71GS2034,GS,104.7,-0.1,167520,0,0