Symbol ,Series ,LTP ,%chng ,Mkt Cap (₹ Crores),Volume (Lakhs),Value (₹ Crores)
HDFCBANK,EQ,882.1,-0.64,1357502.98,383.79,3374.97
RELIANCE,EQ,1360,-2.43,1840416.28,237.29,3222.81
LT,EQ,4054,-5.24,557672.91,65.42,2652.07
ICICIBANK,EQ,1374.8,-0.3,983963.51,169.29,2318.54
BHARTIARTL,EQ,1872,-0.39,1067434.12,117.86,2210.67
SBIN,EQ,1189.5,-1.02,1097981.96,162.71,1932.54
ETERNAL,EQ,242.3,-1.62,233828,733.89,1768.53
NETWEB,EQ,3701.3,-4.15,21075.46,43.96,1671.92
INDIGO,EQ,4533,-6.09,175251.58,34.65,1587.07
INFY,EQ,1288.9,-0.86,522607.04,97,1248.22
BSE,EQ,2650,-2.11,108089.28,43.45,1151.15
M&M,EQ,3324.8,-2.14,413448.47,29.98,995.94
TCS,EQ,2611.7,-0.97,944935.92,33.74,879.49
MARUTI,EQ,14368,-3.29,451733.62,6.04,869.44
BAJFINANCE,EQ,975,-2.1,606658.83,84.93,831
SHRIRAMFIN,EQ,1048.1,-2.9,197202.96,67.18,707.66
AXISBANK,EQ,1367.2,-1.21,424781.11,51.33,702.75
REDINGTON,EQ,261.1,-6.9,20412.13,240.09,645.04
TATASTEEL,EQ,210.87,-0.69,263240.14,305.23,643.1
KOTAKBANK,EQ,411.2,-0.96,408992.83,152.37,626.79
ADANIPORTS,EQ,1468.9,-3.43,338428.55,42.08,616.22
DATAPATTNS,EQ,3201.9,-0.26,17925.51,18.54,606.69
ASIANPAINT,EQ,2303,-3.08,220903.25,25.28,583.53
TMCV,EQ,498.1,-1.42,183416.93,115.33,572.4
CLEANMAX,EQ,858,-10.63,10045.39,68.25,571.24
NIFTYBEES,EQ,281.99,-1.16,56975.13,201.64,567.23
IOC,EQ,179.08,-4.48,252883.14,314.65,565.01
POLYCAB,EQ,8550,-0.7,128719.76,6.54,561.05
BPCL,EQ,376,-2.44,163125.08,149.39,557.73
NTPC,EQ,377,-1.28,365564.31,147.32,552.86
PAYTM,EQ,1059.4,-3.54,67783.42,49.95,527.23
HINDUNILVR,EQ,2320,-0.77,545105.17,22.73,525.84
HINDPETRO,EQ,425.3,-3.07,90496.29,122.5,524.04
IDEA,EQ,10.35,-2.27,112135.04,4987.24,513.19
DIXON,EQ,10160,-3.5,61774.72,5,512.84
SUZLON,EQ,41,-3.91,56229.68,1160.14,474.38
POWERGRID,EQ,295.3,-1.12,274646.83,156.9,464.37
JIOFIN,EQ,249.1,-2.47,158256.76,184.13,456.58
ADANIENT,EQ,2124,-1.75,274565.75,21.35,448.76
KAYNES,EQ,3755,-2.63,25171.51,11.84,444.12
UNIONBANK,EQ,198.8,-1.72,151756.08,222.57,442
TMPV,EQ,371.3,-2.97,136735.89,118.05,438.92
IDFCFIRSTB,EQ,71.85,-2.22,61785.19,605.17,435.9
CANBK,EQ,153.89,-2.21,139588.25,282.09,434.93
GROWW,EQ,161.2,-1.4,99518.38,261.68,415.91
APOLLOHOSP,EQ,7780,-0.53,111864.46,5.34,413.71
GODREJPROP,EQ,1729.3,-0.1,52087.61,24.08,411.86
GVT&D,EQ,3775,-1.95,96657.57,10.47,401.07
CDSL,EQ,1231,-3.24,25727.9,31.51,388.04
WAAREEENER,EQ,2642.2,-2.48,76000.48,14.71,387.48
EICHERMOT,EQ,7809,-2.52,214211.96,4.94,387.35
TVSMOTOR,EQ,3802.3,-1.74,180642.37,10.02,382.93
MAXHEALTH,EQ,1079.2,-1.17,105016.17,34.68,374.29
ASHOKLEY,EQ,209.2,-0.9,122881.04,177.28,371.36
ADANIPOWER,EQ,138.1,-1.43,266321.63,267,364.43
SAIL,EQ,165.61,-0.06,68405.63,218.48,361.59
SWIGGY,EQ,289.85,-3.94,80007.69,121.54,353.9
BHEL,EQ,262.1,-1.08,91264.88,128.71,336.58
TITAN,EQ,4258.5,-1.59,378063.74,7.71,328.74
MAZDOCK,EQ,2218,-0.31,89469.68,14.49,322.62
BAJAJ-AUTO,EQ,9769.5,-2.04,273055.41,3.3,321.96
APOLLO,EQ,214.02,-10,7584.69,145.04,321.17
RGL,EQ,115.1,-2.87,1235.32,282.67,318.26
COALINDIA,EQ,425.45,-1.21,262193.28,74.98,318.04
MOTHERSON,EQ,128.66,-3.51,135787.94,245.42,315.68
ADANIGREEN,EQ,906.85,-4.28,148849.8,34.83,314.18
BAJAJFINSV,EQ,1935,-2.93,309706.42,15.95,311.51
GRSE,EQ,2390,-1.81,27377.93,12.82,310.69
IDBI,EQ,114.88,-0.97,123523.6,272.48,310.47
BANKBARODA,EQ,315.85,-1.89,163337.47,98.23,310.17
TRENT,EQ,3835,-1.65,136329.44,8.01,306.98
POWERINDIA,EQ,25555,-0.04,113904.67,1.19,302.82
PERSISTENT,EQ,4679,-1.14,73811.23,6.37,299.25
ULTRACEMCO,EQ,12481,-1.55,367789.07,2.38,295.69
PNB,EQ,126.35,-2.39,145213.34,229.15,290.29
RVNL,EQ,300.05,-5.15,62561.03,95.78,288.16
COFORGE,EQ,1166.9,-1.59,39177.56,24.48,286.19
HCLTECH,EQ,1370.8,-1.32,371989.21,20.89,286.08
GAIL,EQ,165.45,-2.41,108785.02,172.68,285.48
YESBANK,EQ,20.24,-2.32,63511.94,1410.55,284.65
MAHABANK,EQ,72.16,-3.48,55502.16,389.24,283.09
BHARATFORG,EQ,1887,-1.27,90202.12,14.91,280.59
IRFC,EQ,99.73,-3.69,130332.21,277.3,275.69
POLICYBZR,EQ,1474,-0.51,68200.96,18.45,269.67
NAUKRI,EQ,1009.8,-1.92,65477.51,26.66,267.63
PFC,EQ,405.6,-1.98,133852.13,63.88,258.47
DLF,EQ,588,-2.62,145548.52,42.43,249.22
GRASIM,EQ,2770,-1.06,188504.7,9.01,248.95
HEROMOTOCO,EQ,5584,-2.21,111730.13,4.32,242.54
CUMMINSIND,EQ,4844,-1.11,134275.68,5,242.42
AUBANK,EQ,952.95,-0.56,71264.77,25.34,241.56
LAURUSLABS,EQ,1068,-0.73,57656.68,22.62,240.64
VMM,EQ,117.04,-0.63,54692.82,199.11,233.07
ABCAPITAL,EQ,338.25,-1.8,88590.79,68.4,232.99
VBL,EQ,445,-1.42,150503.2,51.84,231.45
LTF,EQ,276.3,-2.69,69174.13,80.62,223.89
FORCEMOT,EQ,23350,-4.09,30431.85,0.95,223.25
HDFCAMC,EQ,2643.1,-2.06,113180.03,8.16,216.87
VOLTAS,EQ,1500,-3.93,49632.71,14.19,214.4
KRN,EQ,916.5,-8.17,5696.65,22.42,210.48
TECHM,EQ,1344.5,-0.98,131731.38,15.64,210.28
TARIL,EQ,306,-1.34,9185.07,69.27,209.32
WIPRO,EQ,198.75,-1.1,208446.38,104.87,208.03
TATAPOWER,EQ,368.15,-2.49,117636.43,56.46,207.82
SUPREMEIND,EQ,3962,-0.33,50328.05,5.13,204.2
SBILIFE,EQ,2031.4,-0.28,203752.83,10.09,203.91
RECLTD,EQ,339.85,-2.84,89490.12,59.52,202.17
LODHA,EQ,970.95,-1.75,96987.2,20.83,201.44
MANAPPURAM,EQ,276.7,-2.31,23420.85,70.99,200.5
SIEMENS,EQ,3321.9,-2.83,118299.67,5.99,200.2
JINDALSTEL,EQ,1236.4,-0.63,126123.69,15.9,197.48
360ONE,EQ,1068.4,-3.19,43368.06,18.38,197.23
HDFCLIFE,EQ,707.75,-1.06,152705.26,27.42,194.38
BANKINDIA,EQ,172.5,-2.02,78533.52,111.69,192.52
KALYANKJIL,EQ,402.25,-1.91,41538.86,48.04,191.72
DIVISLAB,EQ,6400,-0.13,169899.89,3,191.2
NHPC,EQ,73.4,-2.56,73730.56,257.23,190.2
APARINDS,EQ,10688,-4.41,42931.9,1.73,188.08
NMDC,EQ,81.29,-0.55,71468.68,229.82,185.97
FEDERALBNK,EQ,294.8,-1.68,72593.4,62.75,185.65
MTARTECH,EQ,3740,-1.75,11504.09,4.83,183.55
CGPOWER,EQ,713,-1.68,112290.56,25.8,183.41
CAMS,EQ,652.5,-3.7,16174.71,27.16,177.62
COCHINSHIP,EQ,1452.9,-2.6,38223.01,11.65,171.85
BELRISE,EQ,187.5,-0.12,16685.23,90.59,168.13
CHOLAFIN,EQ,1695.8,-2.02,144429.5,9.86,167.69
RBLBANK,EQ,313.95,-1.81,19391.19,52.96,165.55
ABB,EQ,5980,-1.53,126721.21,2.75,164.72
ANGELONE,EQ,226.5,-2.87,20590.1,70.13,158.7
CUPID,EQ,384,-5.56,10326.99,40.89,157.56
J&KBANK,EQ,120,-1.15,13214.19,129.38,154.28
TATACONSUM,EQ,1124.5,-1.45,111231.46,13.68,153.61
OLAELEC,EQ,24.14,-4.28,10647.74,634.09,152.69
UPL,EQ,623.3,-2.21,52616.78,24.04,151.09
BANDHANBNK,EQ,178.25,-2.05,28715.57,83.92,150.42
INDUSINDBK,EQ,943,-1.44,73466.88,15.68,148.15
NESTLEIND,EQ,1277,-1.14,246245.74,11.62,148.03
IREDA,EQ,116.5,-4.7,32727.54,125.96,147.08
INDUSTOWER,EQ,449.65,-1.16,118624.99,32.36,145.72
RPOWER,EQ,23.09,-3.67,9549.5,626.42,143.89
AMBER,EQ,7915,-0.74,27838.67,1.83,143.89
PETRONET,EQ,310.15,-4.1,46522.5,45.85,143.5
DMART,EQ,3800,-1.24,247278.57,3.78,143.34
CHENNPETRO,EQ,938.5,-2.44,13975.33,15.17,142.28
INDIANB,EQ,974.5,-1.62,131261.64,14.35,139.94
GODREJCP,EQ,1176.9,-3.33,120425.65,11.73,138.12
UNOMINDA,EQ,1147.3,-3.47,66246.84,12.12,138.07
AMBUJACEM,EQ,491.9,-1.7,121589,28.2,137.6
ZENTEC,EQ,1345,-1.1,12144.05,10,136.58
HFCL,EQ,67.75,-1.11,10369.83,202.9,135.09
TATAELXSI,EQ,4460,-1.17,27767.04,3.03,134.82
ATHERENERG,EQ,707,-0.55,27031.11,19.5,134.75
JKTYRE,EQ,481.15,-3.98,13871.05,27.7,132.42
ADANIENSOL,EQ,972.4,-3.88,116812.72,13.63,132.34
TORNTPOWER,EQ,1550.1,-1.04,78110.09,8.54,132.28
GRAPHITE,EQ,709,-1.27,13852.13,18.65,131.59
UNITDSPR,EQ,1371.9,-0.64,99785.26,9.57,130.82
NEWGEN,EQ,488,-4.08,6945.11,26.1,127.99
DEEDEV,EQ,269.9,-8.31,1869.42,45.6,127.47
KPITTECH,EQ,755,-2.09,20697.86,16.81,126.82
INDHOTEL,EQ,651.05,-2.4,92672.56,18.95,123.97
MRPL,EQ,188.65,-4.07,33062.78,65.44,123.73
GODFRYPHLP,EQ,2050,-3.09,31976.26,6,122.75
SAMMAANCAP,EQ,146.51,-2.27,12140.8,83.17,121.71
JSWENERGY,EQ,483,-0.97,84877.22,25.08,120.29
LENSKART,EQ,524,-2.49,90988.2,22.73,119.17
PRESTIGE,EQ,1374.9,-1.3,59221.1,8.64,118.64
NBCC,EQ,89.8,-3.1,24246,132.6,118.26
SAGILITY,EQ,39.13,-1.06,18318.04,305.32,117.21
SYRMA,EQ,783,-4.77,15098.63,14.93,116.88
HAVELLS,EQ,1358,-2.8,85181.48,8.62,116.64
GMRAIRPORT,EQ,96.7,-3.91,102105.3,119.96,116.13
PGEL,EQ,618,-1.58,17634.18,18.93,115.92
ENGINERSIN,EQ,213.09,-3.91,11976.56,53.42,113.96
UJJIVANSFB,EQ,57.1,-1.65,11082.52,200.29,113.72
APLAPOLLO,EQ,2224,-0.47,61746.25,5.1,113.51
LICI,EQ,840,-1.11,531299.81,13.33,111.63
BRITANNIA,EQ,5977,-0.42,143966.98,1.85,110.58
GMDCLTD,EQ,553.85,-2.73,17612.43,19.76,109.79
ANANTRAJ,EQ,510.65,-3.61,18377.12,21.43,109.64
FORTIS,EQ,928.7,-1.48,70112.96,11.78,109.6
HBLENGINE,EQ,662.2,-3.29,18355.85,16.3,109.21
INOXWIND,EQ,89.9,-2.42,15536.86,120.82,108
AUROPHARMA,EQ,1212,-0.69,70393.16,8.88,107.42
DABUR,EQ,507.1,-2.2,89943.83,21.07,107.23
SCI,EQ,257,-2.47,11971.03,40.83,105.27
IFCI,EQ,56.43,-5.92,15204.02,184.32,104.66
NATCOPHARM,EQ,955,-3.39,17104.99,10.73,102.44
PIDILITIND,EQ,1469,-1.54,149502.19,6.99,102.32
CROMPTON,EQ,256.4,-0.56,16509.98,39.67,99.82
TDPOWERSYS,EQ,893.95,-1.04,13964.82,11.08,98.44
SOUTHBANK,EQ,40.7,-1.09,10652.58,240.25,97.35
PIIND,EQ,3105,-0.39,47108.48,3.14,96.56
ICICIAMC,EQ,3090,-0.71,152725.88,3.09,94.85
BIOCON,EQ,389.7,-0.03,63166.78,24.39,94.47
MRF,EQ,139430,-1.1,59134.26,0.07,93.29
QPOWER,EQ,833,-3.97,6451.09,11.24,92.76
LICHSGFIN,EQ,527.55,-1.9,29018.57,17.33,91.5
KARURVYSYA,EQ,315.75,-3.2,30517.05,28.73,91.46
PATANJALI,EQ,498.15,-1.94,54194.64,18.02,90.32
NYKAA,EQ,261,-1.69,74725.82,33.97,88.02
PWL,EQ,81,-6.43,23163.51,107.31,87.98
HYUNDAI,EQ,2148,-0.8,174533.83,4.07,86.6
SBICARD,EQ,750,-3.15,71368.91,11.4,85.7
JUNIORBEES,EQ,740.7,-1.3,7187.54,11.46,84.6
HSCL,EQ,457,-5.74,23056.52,17.92,83.21
PREMIERENE,EQ,714.2,-2.3,32352.86,11.55,82.02
IEX,EQ,121.8,-3.06,10860.82,66.18,80.8
SONACOMS,EQ,517.5,-3.18,32174.06,15.57,80.54
HUDCO,EQ,181.85,-2.62,36404.55,43.96,79.85
CONCOR,EQ,480.25,-3.11,36576.7,16.56,79.42
MPHASIS,EQ,2268,-1.24,43243.64,3.5,79.42
BAJAJHFL,EQ,85.49,-1.78,71233.13,92.22,77.92
JUBLFOOD,EQ,507.9,-2.31,33513.54,14.97,75.7
DALBHARAT,EQ,1968.9,-1.21,36929.86,3.88,75.68
LTM,EQ,4411.4,-1.13,130795.06,1.71,75.58
DELHIVERY,EQ,429,-1.02,32111.64,17.61,75.49
TATACAP,EQ,328.9,-1.41,139613.74,22.95,75.29
MFSL,EQ,1805.2,-0.45,62300.12,4.14,74.9
ITBEES,EQ,33.5,-0.95,3348.72,221.99,74.26
NIFTYIETF,EQ,280.09,-1.43,37419.12,26.44,74.02
OFSS,EQ,6860,-1.04,59702.03,1.07,73.07
BOSCHLTD,EQ,35430,-2.73,104495.97,0.21,72.92
SHREECEM,EQ,25850,-0.86,93268.73,0.28,72.9
KFINTECH,EQ,938,-1.95,16180.28,7.78,72.81
RADICO,EQ,2613.7,-1.35,34995.74,2.79,72.72
EDELWEISS,EQ,112.54,-1.64,10651.67,64.1,72.64
OLECTRA,EQ,949.9,-4.73,7796.85,7.43,71.24
YATRA,EQ,107.1,-9.7,1680.57,65.22,70.37
GPIL,EQ,253,-4.91,16980.55,27.09,70.18
AGIIL,EQ,305.15,-0.2,3727.93,23.11,70.09
ICICIGI,EQ,1892.6,-0.47,94297.88,3.69,69.85
PHOENIXLTD,EQ,1650,-0.52,59005.99,4.26,69.73
ABLBL,EQ,101.4,-0.67,12375.97,69.29,68.45
HEG,EQ,570.7,-1.21,11013.23,12.01,68.33
URBANCO,EQ,103.8,-3.08,15177.43,65.9,68.18
CARTRADE,EQ,1760,-2.28,8420.36,3.77,67.77
HEXT,EQ,471,-0.53,28778.85,14.42,67.76
GESHIP,EQ,1323,-1.19,18888.1,5.11,67.69
PAGEIND,EQ,31100,-3.15,34688.55,0.22,67.24
GLENMARK,EQ,2134.1,-0.12,60224.47,3.16,67.01
OBEROIRLTY,EQ,1506,-1.1,54758.5,4.42,65.76
CENTRALBK,EQ,38.8,-3.17,35119.44,169.36,65.56
PNBHOUSING,EQ,817.25,-0.91,21290.06,7.83,63.84
SETFNIF50,EQ,266.79,-1.17,211381.82,23.56,62.66
RAIN,EQ,144.1,-3.05,4846.74,43.24,62.58
ANURAS,EQ,1223,-1.32,13923.65,5.1,62.23
APOLLOTYRE,EQ,443.8,-2.26,28185.78,14.03,62.02
FSL,EQ,211,-1.01,14706.51,28.9,61.23
SHAKTIPUMP,EQ,504.7,-2.08,6227.9,12.1,60.07
JPPOWER,EQ,14.54,-4.66,9964.93,413.43,59.95
VOLTAMP,EQ,8842,-2.89,8945.56,0.67,59.63
BALUFORGE,EQ,473,-2.6,5439.12,12.4,59.35
TATATECH,EQ,582.75,-0.46,23648.09,10.2,58.93
MARICO,EQ,780.35,-1.05,101300.02,7.53,58.88
NUVAMA,EQ,1208.4,-2.93,21997.37,4.79,57.92
COROMANDEL,EQ,2175.9,-1.99,64188.05,2.65,57.84
SYNGENE,EQ,412.95,-2.19,16639.38,14.03,57.61
LUMAXTECH,EQ,1660,-5.54,11314.18,3.43,57.58
ZEEL,EQ,84.43,-3.45,8109.67,67.69,57.31
SCHAEFFLER,EQ,4303,-1.24,67257.47,1.32,56.8
SARDAEN,EQ,547.6,-0.73,19296.4,10.3,56.06
RAILTEL,EQ,295,-5.95,9467.68,18.78,55.78
PARADEEP,EQ,114.5,-5.76,11884.74,48,55.73
KPIL,EQ,1185,-4.44,20236.55,4.68,55.41
LLOYDSME,EQ,1215,-1.46,64284.45,4.55,55.35
FRACTAL,EQ,757.3,-2.72,13022.92,7.26,54.85
HDFCSML250,EQ,157.45,-1.73,1678.21,34.73,54.54
SRF,EQ,2534.4,-1.09,75125.91,2.15,54.49
NAM-INDIA,EQ,904.25,-2.89,57624.23,6,54.43
SMLMAH,EQ,4541.5,-5,6572.3,1.16,53.86
EXIDEIND,EQ,323.75,-3.16,27518.75,16.52,53.4
THANGAMAYL,EQ,3837.5,-3.07,11927.73,1.36,53.25
IRCON,EQ,137,-4.6,12885.07,38.62,53.03
RRKABEL,EQ,1538,-1.57,17394.94,3.44,53.02
CEATLTD,EQ,3465,-1.88,14015.96,1.54,52.82
POONAWALLA,EQ,441,-3.03,35843.99,11.91,52.8
ECLERX,EQ,3050,-3.86,14342.73,1.63,51.28
BLUESTARCO,EQ,1899,-2.17,39046.25,2.69,51.19
MANINDS,EQ,443.3,-4.04,3325.17,11.32,50.79
AWL,EQ,180.88,-4.35,23508.59,27.99,50.72
EMMVEE,EQ,186.95,-4.22,12943.39,27.32,50.66
LTFOODS,EQ,384,-4.55,13334.51,13.24,50.61
PSUBNKBEES,EQ,107.27,-1.73,4558.18,47.13,50.56
AEROFLEX,EQ,227,-3.38,2935.57,22.2,50.47
PRAJIND,EQ,305.45,-3.93,5614.57,16.53,50.42
TIMETECHNO,EQ,180.01,-2.04,8885.93,28.18,50.34
COLPAL,EQ,2228.4,-1.16,60609.28,2.26,50.28
KPIGREEN,EQ,362.65,-6.09,7156.57,13.76,50.22
BSOFT,EQ,383,-1.82,10705.09,13.13,49.99
CUB,EQ,276.85,-2.19,20571.26,17.72,49.28
MOSCHIP,EQ,181,-6.86,3496.23,26.64,49.06
ASTERDM,EQ,649,-0.86,33626.05,7.62,48.64
JAMNAAUTO,EQ,143.75,-2.5,5745.85,33.87,48.6
SANSERA,EQ,2230,-4.79,13876.01,2.15,48.52
KEC,EQ,566,-3.3,15066.92,8.5,48.33
SPLPETRO,EQ,675,-5.83,12692.79,6.76,48.2
HCC,EQ,16.76,-3.57,4390.23,287.82,48.04
NCC,EQ,150.29,-1.54,9435.91,31.84,47.31
MOTILALOFS,EQ,718.85,-0.87,43249.35,6.62,47.27
ZYDUSLIFE,EQ,905.4,-1.77,91104.43,5.19,46.91
SUNDARMFIN,EQ,5279,-4.18,58651.73,0.88,46.69
AZAD,EQ,1674.9,-2.24,10816.8,2.8,46.62
BANKBEES,EQ,618.3,-0.91,7911.72,7.54,46.57
KAJARIACER,EQ,937,-2.1,14923.81,4.97,46.48
WOCKPHARMA,EQ,1312,-3.66,21318.11,3.5,46.19
RICOAUTO,EQ,125.2,-5.31,1693.77,36.21,45.86
AARTIIND,EQ,432.25,-3.33,15673.14,10.46,45.84
CHALET,EQ,789.9,-2.25,17295.17,5.8,45.24
M&MFIN,EQ,364.5,-2.62,50664.45,12.26,44.77
AFFLE,EQ,1360,-1.25,19143,3.28,44.69
SWANCORP,EQ,370.3,-3.16,11607.31,12.1,44.13
TITAGARH,EQ,676,-3.56,9103.95,6.53,44.07
MIDHANI,EQ,345.75,-0.14,6477.28,12.52,43.96
CREDITACC,EQ,1213.9,-4.05,19439.02,3.63,43.89
BEML,EQ,1654,-1.61,13776,2.64,43.78
TATAINVEST,EQ,642,-2.54,32482.04,6.82,43.65
VIKRAMSOLR,EQ,167.5,-3.67,6069.03,26.03,43.48
SBC,EQ,31.74,-1.55,1511.43,137.61,43.39
BORORENEW,EQ,442,-3.05,6196.35,9.87,43.23
ITCHOTELS,EQ,172.47,-2.04,35923.48,24.97,43.2
PREMEXPLN,EQ,516.55,-3.92,2777.03,8.01,42.74
TFCILTD,EQ,69.81,-1.44,3232.04,61.85,42.64
ANTHEM,EQ,687,-2.03,38589.74,6.19,42.61
IRB,EQ,40.18,-3.67,24264.7,105.25,41.91
CHAMBLFERT,EQ,446.3,-3.24,17881.03,9.27,41.81
PCBL,EQ,295.2,-4.59,11615.02,13.97,41.42
NTPCGREEN,EQ,88.1,-2.26,74235.96,46.64,40.75
MON100,EQ,222.99,-0.98,11291.87,18.35,40.72
MGL,EQ,1203,-1.38,11882.97,3.34,40.41
HDBFS,EQ,701,-0.6,58202.35,5.75,40.13
BHARATCOAL,EQ,32.33,-1.25,15056.08,125.34,39.87
BIRLACORPN,EQ,941,-5.96,7246.2,4.21,39.87
WELCORP,EQ,818,-0.88,21578.07,4.89,39.8
MID150BEES,EQ,222.7,-1.44,2887.76,17.7,39.3
CASTROLIND,EQ,186.1,-0.43,18406.5,20.91,38.82
WABAG,EQ,1233,-2.48,7681.78,3.19,38.72
JMFINANCIL,EQ,126.59,-0.9,12106.61,30.9,38.69
BAJAJHLDNG,EQ,10715,-0.82,119251,0.36,37.93
JWL,EQ,258.4,-3.29,11043.25,14.57,37.53
PCJEWELLER,EQ,9.41,-5.14,6896.11,397.06,37.4
SHREEJISPG,EQ,390.7,-1.99,6365.22,9.44,37.27
JINDALSAW,EQ,178.7,-3.6,11428.01,20.68,37.11
ATGL,EQ,495,-3.32,54440.6,7.55,37.04
BRIGADE,EQ,683,-1.59,16705.73,5.43,36.95
LINDEINDIA,EQ,6690,-0.59,57055.15,0.55,36.72
INDOTHAI,EQ,260,-0.61,3248,13.95,36.33
WHIRLPOOL,EQ,915,-0.74,11608.77,4,36.15
TRANSRAILL,EQ,539.85,-4.45,7247.81,6.69,36.11
ONESOURCE,EQ,1292.5,-4.03,14814.79,2.77,36.03
NH,EQ,1790.9,-2.18,36598.98,2,35.86
IOB,EQ,35.35,-3.02,68072.04,101.15,35.66
YATHARTH,EQ,680,-4.16,6552.1,5.18,35.52
CPSEETF,EQ,102.25,-0.59,25351.88,34.44,35.17
GRAVITA,EQ,1560,-3.29,11514.12,2.21,34.74
LTTS,EQ,3428.4,-2.39,36339.71,1,34.57
TATACHEM,EQ,707.15,-1.43,18015.09,4.86,34.22
BALKRISIND,EQ,2308.1,-3.18,44619.54,1.47,33.81
ABSLAMC,EQ,879,-1.63,25384.26,3.84,33.69
IMFA,EQ,1252,-1.04,6755.05,2.65,33.49
VIYASH,EQ,199.9,-6.19,8730.25,16.43,33.06
ACC,EQ,1558.8,-2.11,29272.28,2.12,33.06
SJVN,EQ,70.4,-3.6,27665.76,46.73,32.93
NIFTY1,EQ,274.7,-1.15,3243.24,11.59,31.81
JSWINFRA,EQ,252.85,-0.77,53098.54,12.67,31.79
IGIL,EQ,325.75,-1.29,14077.6,9.79,31.77
ARE&M,EQ,830,-1.77,15191.11,3.83,31.5
NLCINDIA,EQ,253,-2.71,35081.91,12.39,31.32
SANDUMA,EQ,207.6,-3.92,10091.54,15.06,31.3
PPLPHARMA,EQ,153,-2,20337.5,20.46,31.27
CESC,EQ,154,-2.62,20413.78,20.34,31.26
TATACOMM,EQ,1545.8,-3.24,44055.3,2,31.19
BLS,EQ,268.15,-3.79,11040.83,11.64,31.06
PRICOLLTD,EQ,587,-2.62,7154.44,5.16,30.23
AAVAS,EQ,1243.9,-3.24,9850.68,2.43,30.08
ALKEM,EQ,5582.5,-1.01,66747.16,0.54,30.01
FIRSTCRY,EQ,215.7,-0.78,11260.45,13.94,29.96
MEESHO,EQ,156.5,-2.18,70630.5,19.31,29.94
MSUMI,EQ,42.48,-1.67,28171.3,71.09,29.82
WEBELSOLAR,EQ,54.5,-1.48,2300.25,54.52,29.67
ZAGGLE,EQ,224,-1.56,3011.87,13.31,29.65
SIGNATURE,EQ,964,-2.61,13545.23,3.09,29.57
SKYGOLD,EQ,348.2,-3.64,5392.71,8.53,29.56
TECHNOE,EQ,1150,-1.98,13374.45,2.59,29.44
SWSOLAR,EQ,191.2,-3.43,4465.13,15.42,29.38
JTLIND,EQ,55.95,-12.07,2199.29,51.68,29.33
CHOLAHLDNG,EQ,1604.3,-1.82,30125.14,1.81,29
TENNIND,EQ,558,-4.01,22521.12,5.17,28.96
PTC,EQ,163.45,-1.84,4838.26,17.57,28.73
ASHAPURMIN,EQ,523,-1.04,4996.01,5.48,28.62
KSB,EQ,738.7,-4.1,12856.28,3.84,28.59
APEX,EQ,378,-2.94,1181.25,7.46,28.36
STALLION,EQ,126.29,-1.19,1001.8,21.94,28.1
GMRP&UI,EQ,112.65,-6.34,8798.16,24.3,27.61
EASEMYTRIP,EQ,8.08,-6.26,2938.58,342.98,27.51
KITEX,EQ,170,-6.45,3391.5,16.04,27.45
GRWRHITECH,EQ,4096,-2.8,9515.99,0.67,27.31
JKCEMENT,EQ,5611,-0.8,43355.22,0.49,27.31
UCOBANK,EQ,28.66,-3.24,35938.38,94.92,27.18
JAYNECOIND,EQ,75.96,-1.09,7375.7,35.87,27.17
GLAXO,EQ,2531.5,-1.56,42885.14,1.06,27.08
WAAREERTL,EQ,833.95,-2.24,8701.92,3.26,26.96
GRANULES,EQ,571.5,-1.85,13868.52,4.68,26.82
IGL,EQ,167.16,-2.17,23402.43,16.05,26.76
INFOBEAN,EQ,178,-13.7,431.47,14.5,26.64
PRIVISCL,EQ,2982.1,-1.89,11648.89,0.9,26.63
ELGIEQUIP,EQ,519.3,-2.89,16457.09,5.14,26.63
TEXRAIL,EQ,99.75,-4.76,4058.47,26.37,26.36
WALCHANNAG,EQ,169.7,-1.89,1151.28,15.21,26.18
CONCORDBIO,EQ,1192.5,-2.3,12475.48,2.17,26.11
JSWCEMENT,EQ,123.28,-1.44,16807.56,21.13,25.92
MOREPENLAB,EQ,41.99,-3.85,2300.86,61.96,25.89
AVANTEL,EQ,142.46,-0.64,3784.56,18.13,25.79
RUBICON,EQ,772,-1.07,12718.72,3.32,25.63
BLACKBUCK,EQ,575,-1.32,10446.16,4.45,25.54
TBOTEK,EQ,1187,-3.17,12889.37,2.16,25.41
JYOTICNC,EQ,806,-1.76,18330.3,3.17,25.4
BERGEPAINT,EQ,451,-1.12,52585.08,5.69,25.39
GOLDIAM,EQ,342.1,-2.73,3862.92,7.42,25.36
MBAPL,EQ,452.5,-3.47,3965.12,5.56,25.25
GSFC,EQ,164.94,-2.3,6572.49,15.3,25.24
GABRIEL,EQ,941.45,-5.74,13523.36,2.61,25.15
FIVESTAR,EQ,408.6,-2.05,12035.97,6.19,25.1
THERMAX,EQ,3102,-0.51,36962.28,0.81,24.78
MOBIKWIK,EQ,187.84,-4.39,1477.52,13.08,24.54
PVRINOX,EQ,1020.1,-0.21,10017.38,2.42,24.52
AJANTPHARM,EQ,2970,-0.8,37105.88,0.83,24.33
MOIL,EQ,295,-3.89,6002.81,8.13,24.21
BAJAJCON,EQ,380.9,-3.59,4975.25,6.32,24.17
KRBL,EQ,330,-2.84,7553.37,7.33,24.14
INTELLECT,EQ,683,-2.09,9521.23,3.54,24.05
ESCORTS,EQ,3396,-3.48,37993.69,0.7,23.92
ABREL,EQ,1261,-2.26,14084.83,1.9,23.85
LLOYDSENT,EQ,49.9,-2.29,6347.91,47.69,23.84
ATULAUTO,EQ,479.95,-3.2,1331.92,4.88,23.78
SHRINGARMS,EQ,218,-6.91,2102.22,10.62,23.6
KIMS,EQ,719.4,-3.44,28785.99,3.27,23.55
CHOICEIN,EQ,709,-3.78,15794.85,3.22,23.08
KIRIINDUS,EQ,434.85,-4.05,2610.08,5.25,22.88
GPPL,EQ,172.13,-2.68,8321.45,13.27,22.75
ABFRL,EQ,66.2,-1.09,8079.7,34.84,22.72
ICICIPRULI,EQ,654.3,-0.03,94807.46,3.47,22.65
CCAVENUE,EQ,16.34,-1.45,5694.44,139.09,22.57
DEEPAKFERT,EQ,987,-0.9,12459.67,2.28,22.44
JYOTISTRUC,EQ,11.83,-5.74,1412.1,187.09,22.34
SHARDACROP,EQ,1134,-4.82,10231,1.93,22.13
ENDURANCE,EQ,2638,-0.89,37106.86,0.83,21.9
SJS,EQ,1725,-1.97,5515.91,1.27,21.88
TRIDENT,EQ,24.54,-4.07,12505.48,88.42,21.62
COHANCE,EQ,305,-1.6,11668.3,7.08,21.56
IKS,EQ,1349.7,-1.9,23157.23,1.58,21.39
VINCOFE,EQ,142.39,-2.14,2056.66,15.08,21.39
MANYAVAR,EQ,380,-2.55,9232.98,5.65,21.38
LATENTVIEW,EQ,330,-2.14,6828.52,6.59,21.33
DCBBANK,EQ,181.3,-2.3,5834.48,11.68,21.18
BBOX,EQ,512,-4.03,8728.71,4.06,20.96
DBREALTY,EQ,108.5,-4.64,5850.37,19.44,20.96
VESUVIUS,EQ,495.7,-0.84,10060.77,4.17,20.9
HAPPSTMNDS,EQ,348.45,-3.15,5306.02,5.93,20.79
EMAMILTD,EQ,459.9,-0.58,20074.63,4.5,20.54
PROTEAN,EQ,573,-2.9,2327.34,3.59,20.52
JAIBALAJI,EQ,66.15,-4.02,6034.58,30.65,20.49
BLUEJET,EQ,387,-4.52,6713.11,5.24,20.37
AVALON,EQ,985.3,-3.33,6577.76,2.06,20.33
TIMKEN,EQ,3377,-2.76,25401.37,0.6,20.27
SHILCTECH,EQ,3930,-2.6,4496,0.52,20.18
KERNEX,EQ,1048,-2.78,1760.89,1.91,20.13
POCL,EQ,1100.1,-4.01,3356.55,1.81,19.96
OSWALPUMPS,EQ,306.05,-3.04,3488.28,6.57,19.95
ASHOKA,EQ,129.31,-0.55,3630.03,15.57,19.93
NAVA,EQ,578.6,-2.85,16374.45,3.46,19.92
APTUS,EQ,239.15,-1.99,11975.02,8.28,19.86
NIFTYETF,EQ,268.83,-1.29,4703.74,7.36,19.76
UTKARSHBNK,EQ,13.26,-4.12,2359.65,148.19,19.71
STARHEALTH,EQ,458.85,-1.43,26998.68,4.21,19.43
LLOYDSENGG,EQ,46.3,-3.14,5422.61,42.04,19.41
SENCO,EQ,309,-2.6,5058.9,6.31,19.4
KPRMILL,EQ,877.8,-2.23,30004.43,2.22,19.22
GRMOVER,EQ,160,-0.42,2944.9,11.99,19.03
SMALLCAP,EQ,41.22,-1.41,791.33,46.28,19
JBMA,EQ,525.55,-4.68,12428.96,3.59,18.95
INDIAMART,EQ,2112,-0.94,12690.41,0.9,18.91
ARIS,EQ,108.11,-3.25,883.92,18.11,18.89
ACE,EQ,869.25,-1.75,10351.31,2.16,18.8
GREAVESCOT,EQ,151.24,-1.11,3522.32,12.3,18.57
E2E,BE,2475,-3.76,4981.43,0.76,18.56
NSLNISP,EQ,39.9,-1.65,11693.12,46.29,18.54
RATEGAIN,EQ,492.9,-6.89,5822.34,3.71,18.52
EMCURE,EQ,1454.2,-0.09,27567.64,1.28,18.33
PINELABS,EQ,181.99,-4.32,20897.48,10.04,18.31
3MINDIA,EQ,36000,-4.01,40554.25,0.05,18.29
ICICIB22,EQ,125.5,-1.32,11606.02,14.59,18.28
AUTOBEES,EQ,283.25,-2.37,404.41,6.44,18.21
SEPC,EQ,7.22,-3.35,1364.62,255.13,18.17
STAR,EQ,845,-0.77,7788.59,2.14,17.91
OILIETF,EQ,12.18,-1.77,278.13,145.72,17.79
V2RETAIL,EQ,1934.5,-2.99,7053.91,0.92,17.76
AIAENG,EQ,3750,-2.64,34995.14,0.47,17.73
PARKHOSPS,EQ,190.12,-1.53,8211.87,9.27,17.58
SHRIPISTON,EQ,3083.6,-1.07,13583.2,0.57,17.54
RELIGARE,EQ,211,-0.41,6978.92,8.33,17.53
SUNTV,EQ,624,-3.65,24590.88,2.77,17.51
IPCALAB,EQ,1510,-1.24,38309.34,1.16,17.49
TANLA,EQ,442.8,-2.68,5872.3,3.95,17.45
AMAGI,EQ,374,-2.09,8091.08,4.65,17.45
DCXINDIA,EQ,174.95,-1.3,1948.71,9.83,17.36
SMSPHARMA,EQ,371.6,-3.53,3480.11,4.69,17.3
GODREJAGRO,EQ,610.2,-4.69,11735.92,2.84,17.3
HDFCNIFTY,EQ,278.64,-1.3,4778.52,6.15,17.12
ACMESOLAR,EQ,232.2,-1.61,14070.67,7.39,17.08
RITES,EQ,204.34,-4.47,9820.66,8.3,17.06
NIFTYBETF,EQ,257.72,-0.08,193.56,6.74,17.02
TI,EQ,428.75,-5.54,8926.31,3.85,16.67
GOODLUCK,EQ,1131.8,-3.82,3761.93,1.43,16.57
IXIGO,EQ,164.93,-3.19,7226.96,10.03,16.57
CSBBANK,EQ,379.5,-4.5,6583.79,4.31,16.52
NAZARA,EQ,256.1,-3.29,9487.61,6.39,16.49
CEMPRO,EQ,573,-0.54,9843.43,2.92,16.46
MINDACORP,EQ,540.5,-2.71,12922.24,3.04,16.39
CYIENT,EQ,901.35,-1.46,10015.84,1.81,16.35
MAHLOG,EQ,398.95,-3.58,3958.48,4.07,16.23
SHADOWFAX,EQ,120.9,-0.2,6989.63,13.51,16.19
VSTTILLERS,EQ,5648.5,-2.21,4882.2,0.28,16.15
KNRCON,EQ,128.68,-3.05,3618.93,12.56,16.09
HONASA,EQ,292,-3.63,9500.8,5.47,16.05
63MOONS,EQ,600,-0.43,2764.71,2.7,16.04
ZFCVINDIA,EQ,14700,-3.06,27882.35,0.11,15.97
AGI,EQ,532.45,-0.46,3444.81,3.02,15.97
PAISALO,EQ,33.7,-5.23,3065.09,47.15,15.96
REGAAL,EQ,70.64,-3.02,725.64,22.09,15.87
EQUITASBNK,EQ,61.89,-3.85,7061.58,25.4,15.81
CRAMC,EQ,244,-3.06,4865.79,6.46,15.8
TOP10ADD,EQ,93.99,-0.15,840.16,16.85,15.64
CRISIL,EQ,4315,-1.4,31555.6,0.36,15.59
ARSSBL,EQ,488,-3.68,3060.99,3.19,15.59
PGINVIT,IV,91.59,-1.18,8334.68,16.73,15.35
CIEINDIA,EQ,466,-1.2,17678.29,3.28,15.32
SONATSOFTW,EQ,260.35,-2.93,7300.86,5.87,15.32
RAYMOND,EQ,393.5,-1.82,2619.68,3.91,15.25
AADHARHFC,EQ,452,-1.51,19643.59,3.36,15.14
THELEELA,EQ,441.95,-2.56,14759.27,3.39,15.05
CAPLIPOINT,EQ,1680.1,-1.18,12770.73,0.9,14.98
INOXGREEN,EQ,163.2,-3.5,6115.19,9.13,14.92
MMTC,EQ,58.51,-5.35,8776.5,25.22,14.87
INTERARCH,EQ,1828.4,-2.67,3066.57,0.81,14.82
CIGNITITEC,EQ,1150.7,-2.09,3169.83,1.26,14.64
PGIL,EQ,1505,-2.2,6944.29,0.97,14.59
MEDPLUS,EQ,846.65,-0.11,10164.43,1.72,14.42
AETHER,EQ,930.05,-2.98,12339.38,1.54,14.31
AEGISLOG,EQ,679.6,-1.29,23853.96,2.11,14.28
CANFINHOME,EQ,828,-1.83,11025.16,1.72,14.28
MIDCAPETF,EQ,21.96,-1.52,1446.98,65.02,14.26
PICCADIL,EQ,537.5,-4.15,5294.25,2.61,14.16
MAHSEAMLES,EQ,553.5,-1.51,7416.86,2.55,14.13
SOBHA,EQ,1359,-2.59,14532.17,1.04,14.13
MARKSANS,EQ,171.12,-1.62,7754.54,8.3,14.11
ABDL,EQ,468.1,-1.68,13093.23,3,14
VIKRAN,EQ,67,-2.13,1728,21,13.98
HERITGFOOD,EQ,312.35,-1.88,2898.48,4.49,13.96
ARVIND,EQ,345.65,-1.71,9059.99,4.02,13.85
FLUOROCHEM,EQ,3305,-5.12,36305.43,0.41,13.78
ELECON,EQ,408.25,-1.83,9161.13,3.37,13.67
PATELENG,EQ,26.5,-3.95,2629.18,51.64,13.6
DEEPAKNTR,EQ,1545,-2.26,21072.72,0.88,13.58
LUMAXIND,EQ,5920,-2.08,5533.86,0.23,13.53
POWERMECH,EQ,2010,-3.22,6354.87,0.67,13.48
TEGA,EQ,1763.9,-2.96,13251.77,0.76,13.47
HUBTOWN,EQ,206.8,-3.64,2938.64,6.57,13.42
SIRCA,EQ,440,-3.77,2498.88,3.01,13.42
RENUKA,EQ,23.55,-3.13,5012.59,57.13,13.37
MANGLMCEM,EQ,870,-4.27,2392.26,1.52,13.28
RBA,EQ,63.36,-0.3,3692.73,20.96,13.28
GILLETTE,EQ,8200,-1.71,26719.88,0.16,13.2
CAPACITE,EQ,233.49,-3.85,1975.42,5.66,13.17
NITINSPIN,EQ,375.15,-1.16,2109.09,3.49,13.14
INDIAGLYCO,EQ,898.45,-6.61,6022.02,1.43,13.12
LOTUSDEV,EQ,133,-5.85,6500.03,9.75,13.1
ASAHIINDIA,EQ,850.8,-5.54,21689.21,1.52,13.07
NIFTYBETA,EQ,274.88,-1.2,68427.32,4.74,13.01
GARUDA,EQ,171,-3.73,1591.01,7.53,12.95
TRIVENI,EQ,394.7,-0.05,8639.9,3.3,12.93
GICRE,EQ,373.05,-2.61,65447.89,3.46,12.92
RCF,EQ,121.51,-4.16,6703.56,10.57,12.9
HGINFRA,EQ,532.95,-1.39,3473.29,2.41,12.78
CANHLIFE,EQ,143,-0.1,13585,8.99,12.73
AARTIPHARM,EQ,703,-2.86,6372.08,1.8,12.72
THYROCARE,EQ,387.8,-1.49,6172.29,3.3,12.69
BIRET,RR,358.01,-2.98,26828.75,3.53,12.67
AIIL,EQ,453.5,-5.88,38512.38,2.72,12.63
HITECH,EQ,83.85,-4.86,1703.06,14.99,12.59
AURIONPRO,EQ,861.05,-3.11,4754.16,1.47,12.59
MOTISONS,EQ,15.2,-2,1496.38,81.78,12.57
BAJAJHIND,EQ,15.72,-2.72,2008.01,80.28,12.56
TRAVELFOOD,EQ,1175.2,-4.78,15474.97,1.06,12.51
KIRLPNU,EQ,1145.1,-1.45,7437.66,1.09,12.51
NIVABUPA,EQ,73.5,-2.12,13576.91,16.99,12.5
MVKAGRO,SM,540,-7.79,2727.21,2.25,12.5
JUBLINGREA,EQ,571,-2.46,9094.95,2.18,12.4
HNGSNGBEES,EQ,519.85,-1.5,1226.15,2.4,12.39
SANOFICONR,EQ,4370,-2.66,10064.38,0.28,12.38
MOREALTY,EQ,76.79,-1.77,254.64,16.22,12.37
PNGJL,EQ,531,-3.8,7206.11,2.33,12.32
RAMCOCEM,EQ,1091,-3.43,25779.5,1.12,12.29
BALAJITELE,EQ,98.4,-9.01,1197.87,12.39,12.27
REFEX,EQ,215.4,-2.4,2953.77,5.74,12.23
BANCOINDIA,EQ,596.75,-4.21,8535.75,2.04,12.18
EIEL,EQ,153,-3.2,2685.61,7.97,12.16
BHARTIHEXA,EQ,1588.1,-1.17,79405,0.76,12.06
SAMHI,EQ,159.78,-1.67,3534.43,7.6,12.06
AEGISVOPAK,EQ,216.81,-4.94,24022.36,5.55,12.06
DEVYANI,EQ,122.66,-3.75,15122.41,9.79,12.04
INDSWFTLAB,EQ,137.28,-5.54,1120.36,8.68,12.03
INDGN,EQ,481,-3.08,11566.45,2.49,12
ORIANA,SM,1798,-4.8,3653.38,0.67,11.97
NEXT50IETF,EQ,72.7,-0.93,2193.47,16.57,11.95
TRITURBINE,EQ,469.65,-4,14929.73,2.53,11.9
SCHNEIDER,BE,873,-3.69,20873.78,1.35,11.88
BALRAMCHIN,EQ,456.95,-2.9,9228.13,2.57,11.86
MEDANTA,EQ,1131,-0.68,30400.19,1.05,11.82
GENESYS,EQ,287.4,-4.41,1201.06,4.06,11.75
EPL,EQ,211.37,-2.63,6770.29,5.57,11.72
RACLGEAR,EQ,1398.2,-0.21,1648.21,0.86,11.71
RTNPOWER,EQ,8.05,-2.9,4322.94,146.71,11.68
INDIGOPNTS,EQ,913.65,-2.47,4355.89,1.28,11.67
GLAND,EQ,1799.2,-1.26,29642.98,0.65,11.6
ISGEC,EQ,876,-1.43,6441.19,1.33,11.59
GMMPFAUDLR,EQ,925,-0.87,4158.54,1.25,11.48
GODAVARIB,EQ,281.4,-4.5,1440.09,4.07,11.42
GAEL,EQ,139.4,-1.09,6393.87,8.22,11.39
INDIASHLTR,EQ,728,-0.75,7914.51,1.54,11.34
CGCL,EQ,159.28,-0.25,15325.19,7.18,11.32
LXCHEM,EQ,121.9,-3.21,3378.43,9.29,11.3
PNCINFRA,EQ,202.66,-2,5199.02,5.58,11.27
HEMIPROP,EQ,140,-0.99,3990,7.98,11.24
FOSECOIND,EQ,5306,-0.37,3999.27,0.21,11.23
JKPAPER,EQ,345.9,-4.43,5859.63,3.2,11.12
JSFB,EQ,367.75,-0.82,3872.23,3.02,11.1
AYE,EQ,119,-0.04,2936.73,9.6,11.08
KSCL,EQ,747.3,-3.22,3844.04,1.47,11.05
ALPHA,EQ,48.42,-0.41,716.75,23.06,11.05
GENUSPOWER,EQ,257.95,-1.66,7847.3,4.31,11.05
CMSINFO,EQ,302,-0.53,4967.07,3.67,11.04
PGHH,EQ,11250,-0.89,36518.33,0.1,10.98
JYOTHYLAB,EQ,246.85,-2.62,9064.69,4.42,10.97
MANORAMA,EQ,1388,-2.69,8287.54,0.79,10.97
MINDSPACE,RR,458.75,-0.74,29742.73,2.38,10.96
HONAUT,EQ,30300,-2.18,26789.81,0.04,10.96
MUFIN,EQ,109.95,-4.27,1904.68,9.79,10.87
ATLANTAELE,EQ,904.2,-3.43,6952.99,1.2,10.85
RTNINDIA,EQ,27.31,-4.81,3774.98,39.09,10.73
RELINFRA,BE,85.87,-4.99,3508.92,12.47,10.72
GVPIL,BE,462.9,-2.82,3111.96,2.34,10.71
PENIND,EQ,148.2,-0.99,1999.9,7.31,10.71
ASIANTILES,EQ,68.59,-3.75,1590.68,15.59,10.68
INDIACEM,EQ,397.95,-1.98,12332.36,2.68,10.63
POLYPLEX,EQ,834.9,-1.58,2620.96,1.28,10.6
FEDFINA,EQ,129.01,-1.42,4826.59,8.21,10.5
SKIPPER,EQ,355,-3.1,4008.09,2.96,10.47
CAMPUS,EQ,250.45,-3.51,7653.58,4.13,10.32
CARBORUNIV,EQ,813,-1.25,15483.41,1.29,10.29
VAIBHAVGBL,EQ,222.68,-1.24,3719.86,4.62,10.16
PRUDENT,EQ,2309,-1.74,9560.8,0.44,10.13
RAYMONDLSL,EQ,868,-1.43,5288.17,1.16,10.07
AFCONS,EQ,284.4,-2.65,10459.79,3.53,10.05
VIDYAWIRES,EQ,51.9,-2.86,1103.87,19.3,10.02
TVSHLTD,EQ,14665,-2.94,29670.38,0.07,10.02
ATUL,EQ,6526,-2.22,19213.69,0.15,10.01
GODREJIND,EQ,963.25,-3,32442.73,1.04,10.01
ITI,EQ,263.5,-2.52,25319.37,3.79,9.91
SANOFI,EQ,3870,-2.4,8912.85,0.25,9.84
ENERGY,EQ,36.64,-1.58,212.91,26.81,9.79
FUSION,EQ,180.5,-4.12,2912.66,5.39,9.79
FINEORG,EQ,4452,-5.48,13649.82,0.22,9.72
AHLUCONT,EQ,745,-3.58,4990.57,1.3,9.66
SAFARI,EQ,1741.8,-3.08,8533.76,0.55,9.62
NIACL,EQ,142.32,-3.38,23454.34,6.71,9.55
FINPIPE,EQ,180,-2.83,11168.58,5.33,9.54
EPACK,EQ,241,-2.82,2319.11,3.96,9.54
ORIENTTECH,EQ,286.7,-3.47,1313.26,3.32,9.52
MASTEK,EQ,1560,-1.55,4834.65,0.61,9.48
MAFANG,EQ,154.6,-0.64,3823.31,6.09,9.41
SAMBHV,EQ,97.5,-2.39,2873.05,9.72,9.41
RALLIS,EQ,263,-4.8,5114.53,3.55,9.39
MOVALUE,EQ,126.25,-0.79,143.64,7.47,9.36
SUDEEPPHRM,EQ,598,-6.41,6754.33,1.55,9.36
PSB,EQ,25.95,-2.63,18413.04,36.05,9.28
JUBLPHARMA,EQ,860,-0.73,13698.18,1.1,9.26
ROLEXRINGS,EQ,132.35,-1.61,3604.33,7.03,9.26
BATAINDIA,EQ,771.4,-2.23,9914.61,1.2,9.22
FMCGIETF,EQ,54.43,-0.66,817.73,17,9.21
ACI,EQ,549.5,-4.63,6784.04,1.66,9.18
RATNAVEER,EQ,146.25,-2.19,992.61,6.27,9.18
KRT,RR,118.88,-0.82,52716.14,7.64,9.13
GRINDWELL,EQ,1615.1,-2.85,17882.39,0.57,9.12
GNFC,EQ,441.8,-2.88,6491.84,2.06,9.12
ADVAIT,EQ,1606,-5.82,1756.45,0.56,9.1
TTML,EQ,40.19,-3.37,7856.85,22.87,9.1
AKZOINDIA,EQ,2927,-0.28,13329.65,0.31,9.07
SURYAROSNI,EQ,222.5,-0.59,4842.4,4.1,9.05
ROUTE,EQ,493,-2.94,3106.05,1.84,9.04
ORIENTELEC,EQ,181.5,-1.95,3872.59,4.9,9.02
NEXT50,EQ,706.4,-1.54,1133.52,1.28,8.98
HAPPYFORGE,EQ,1284.1,-3.72,12112.65,0.69,8.98
SANDHAR,EQ,506.3,-0.06,3047.46,1.77,8.86
ELECTCAST,EQ,68.15,-1.4,4212.93,13.02,8.85
EIHOTEL,EQ,313,-0.18,19573.9,2.85,8.83
TATVA,EQ,1172,-4.21,2741.55,0.75,8.75
VENKEYS,EQ,1304.9,-3.18,1838.26,0.66,8.62
NIBE,EQ,999,-1.08,1448.68,0.84,8.53
DCMSHRIRAM,EQ,1010.9,-2.54,15764.21,0.85,8.51
SETFNN50,EQ,744,-0.26,2905.14,1.16,8.46
MSTCLTD,EQ,453,-0.92,3189.12,1.89,8.44
SUMICHEM,EQ,399.85,-0.32,19958.34,2.12,8.4
DYCL,EQ,292,-0.17,1414.99,2.91,8.39
BECTORFOOD,EQ,201.49,-3.42,6185.55,4.15,8.36
MAPMYINDIA,EQ,1022,-1.17,5592.55,0.83,8.33
JKLAKSHMI,EQ,691.95,-3.1,8590.17,1.2,8.31
NORTHARC,EQ,250,-0.81,4039.3,3.35,8.26
VINATIORGA,EQ,1417.8,-3.69,14697.71,0.58,8.25
AEQUS,EQ,138.02,-2.47,9256.53,5.94,8.23
ICIL,EQ,264,-0.64,5228.63,3.17,8.23
KIRLOSBROS,EQ,1536.8,-2.91,12203.56,0.53,8.17
TARC,EQ,142.87,-2.48,4216.04,5.69,8.13
APOLLOPIPE,EQ,348,-2.79,1532.88,2.34,8.12
VIMTALABS,EQ,442,-2.22,1972.88,1.85,8.12
SULA,EQ,166,-3.01,1401.82,4.9,8.1
NFL,EQ,73.3,-5.2,3595.94,10.94,8.08
TSFINV,EQ,380.1,-5.48,8442.17,2.1,8.03
MIDWESTLTD,EQ,1222,-5.45,4418.85,0.65,8.02
GMBREW,EQ,985,-1.05,2250.42,0.82,8.02
INDRAMEDCO,EQ,396.5,-1.38,3634.83,2.05,8.01
NAVKARCORP,EQ,90,-4.4,1354.67,8.97,8
SHYAMMETL,EQ,838.9,-2.49,23416.37,0.95,8
DELTACORP,EQ,59.62,-2.69,1596.45,13.35,7.97
EUREKAFORB,EQ,463.5,-2.59,8964.26,1.73,7.96
KPEL,EQ,271,-4.66,1813.18,2.92,7.93
POKARNA,EQ,893.4,-1.48,2769.9,0.9,7.87
EMBDL,BE,59.1,-2.17,8218.64,13.18,7.86
SENSEXIETF,EQ,919,-1.28,26392.83,0.86,7.84
MBEL,EQ,291.25,-2.07,1664.44,2.65,7.82
GULFOILLUB,EQ,1070,-3.11,5285.81,0.73,7.82
AJAXENGG,EQ,480.65,-0.9,5498.96,1.65,7.8
FACT,EQ,710.1,-4.49,45948.58,1.09,7.79
VIJAYA,EQ,980,-2.44,10067.04,0.8,7.76
VGUARD,EQ,311,-0.7,13583.07,2.53,7.74
BIKAJI,EQ,631,-1.12,15812.4,1.22,7.65
TIPSMUSIC,EQ,537.95,-0.32,6876.7,1.42,7.65
SUNTECK,EQ,394,-1.77,5771.67,1.95,7.61
SHILPAMED,EQ,322,-4.35,6297.73,2.33,7.59
KROSS,EQ,193.8,-1.7,1250.19,3.84,7.57
SUPRIYA,EQ,638,-2.6,5134.8,1.19,7.56
VENUSPIPES,EQ,1062.3,-4.38,2200.67,0.7,7.5
DHAMPURSUG,EQ,126.45,-0.15,813.16,6.01,7.5
HPL,EQ,326.95,-3.84,2102.3,2.3,7.46
RELAXO,EQ,334,-4.05,8314.55,2.26,7.45
JNKINDIA,EQ,236.4,-1.03,1322.75,3.21,7.44
MSPL,EQ,31.55,-0.72,1788.24,23.99,7.44
RATNAMANI,EQ,2380.1,-3.09,16682.6,0.31,7.44
LMW,EQ,14500,-1.78,15490.35,0.05,7.41
SIGACHI,EQ,20,-0.94,764.23,37.56,7.38
MONARCH,EQ,267.3,-4.35,2118.84,2.73,7.38
PACEDIGITK,EQ,166,-3.21,3583.13,4.45,7.38
ALOKINDS,EQ,13.81,-3.43,6857,53.46,7.37
KANSAINER,EQ,197,-3.2,15927.94,3.75,7.37
CERA,EQ,4781,-2.16,6166.31,0.15,7.36
NEOGEN,EQ,1385.5,-5.38,3655.18,0.53,7.33
KELLTONTEC,EQ,18.14,-5.37,957.44,40.49,7.32
NESCO,EQ,1110,-1.21,7821.06,0.66,7.31
EBGNG,EQ,366.5,-4.99,4178.52,1.97,7.28
LGBBROSLTD,EQ,1882,-3.38,6002.15,0.39,7.27
ECOSMOBLTY,EQ,144.2,-5.49,865.2,4.96,7.22
ORIENTCEM,EQ,151.75,-1.54,3117.85,4.8,7.21
MARINE,EQ,188.9,-1.64,2612.38,3.79,7.18
PURVA,EQ,191.85,-3.34,4549.72,3.75,7.16
GKENERGY,EQ,105.78,-4.99,2145.4,6.74,7.15
GHCL,EQ,471.4,-1.63,4333.78,1.52,7.14
ROSSTECH,EQ,721,-0.45,2717.92,0.98,7.11
SILVERTUC,EQ,1365,-3.36,1730.96,0.51,7.09
AQYLON,EQ,1141.1,-5,2895.32,0.61,7.07
GOCOLORS,EQ,307.6,-0.63,1661.32,2.29,7.04
PRAKASH,EQ,129.75,-1.08,2323.59,5.38,6.99
SBCL,EQ,435.9,-2.86,2510.97,1.59,6.95
ITIETF,EQ,33.48,-0.95,445.32,20.73,6.94
BBTC,EQ,1676,-1.07,11693.77,0.42,6.92
REPCOHOME,EQ,377,-1.01,2358.56,1.86,6.89
STYLAMIND,EQ,2213,-0.7,3750.61,0.31,6.86
CYIENTDLM,EQ,304.5,-2.59,2416.65,2.25,6.85
SANGHVIMOV,EQ,254.55,-2.55,2203.79,2.7,6.83
ALLCARGO,EQ,8.05,-4.62,1205.71,84.66,6.79
MEDIASSIST,EQ,361.9,-2.37,2694.63,1.88,6.7
GREENPLY,EQ,209.75,-5,2619.52,3.18,6.67
VRLLOG,EQ,275,-0.9,4810.77,2.43,6.65
SERVOTECH,EQ,70.18,-7.12,1584.98,9.38,6.65
MAHSCOOTER,EQ,13220,-0.29,15108.57,0.05,6.65
EPACKPEB,EQ,173.49,-3.19,1742.74,3.86,6.64
ENTERO,EQ,1027.7,-0.42,4471.62,0.65,6.64
DAMCAPITAL,EQ,145,-3.51,1024.95,4.6,6.63
PROSTARM,EQ,141,-3.64,830.13,4.74,6.62
UTIAMC,EQ,973.9,-1.36,12516.48,0.68,6.6
ASTRAZEN,EQ,8800,-0.55,22000,0.08,6.6
FISCHER,EQ,37.58,-1.78,2437.12,17.69,6.59
ASKAUTOLTD,EQ,399,-3.94,7865.99,1.65,6.59
AVL,EQ,480,-0.71,6198.63,1.39,6.57
THOMASCOOK,EQ,100.23,-2.62,4714.62,6.59,6.57
NPST,EQ,1060,-9.29,2210.17,0.6,6.56
ZYDUSWELL,EQ,380,-1.27,12090.11,1.73,6.55
RAMASTEEL,EQ,6.77,-4.78,1107.23,97.1,6.52
JAICORPLTD,EQ,105.25,-4.82,1847.19,6.16,6.49
SUBROS,EQ,756.2,-4.52,4933.13,0.85,6.47
STYLEBAAZA,EQ,293.95,-3.67,2193.38,2.2,6.43
ARFIN,EQ,70.36,-1.87,1187.13,9.17,6.4
ORKLAINDIA,EQ,584.25,-0.41,8003.6,1.1,6.39
RAJESHEXPO,BZ,139.5,-3,4118.88,4.65,6.38
WEWORK,EQ,483,-2.68,6473.32,1.33,6.37
UBL,EQ,1588,-1.06,41987.54,0.4,6.37
COSMOFIRST,EQ,685,-3.7,1798.11,0.92,6.36
EXCELSOFT,EQ,80.6,-5.47,927.58,7.79,6.31
DHANUKA,EQ,1011,-0.42,4557.42,0.62,6.29
ANUP,EQ,1561,-0.65,3126.91,0.4,6.26
DOLPHIN,EQ,398.75,-4,1595.18,1.59,6.24
MAHLIFE,EQ,350.8,-1.9,7484.06,1.78,6.24
GUJGASLTD,EQ,396.65,-2.64,27304.99,1.57,6.22
AKUMS,EQ,477,-2.28,7507.69,1.31,6.22
INGERRAND,EQ,3908.3,-2.45,12337.72,0.16,6.21
BANKNIFTY1,EQ,62.08,-0.83,6433.14,10.01,6.2
KALAMANDIR,EQ,108.9,-3.58,1670.16,5.66,6.19
EPIGRAL,EQ,870,-2.44,3753.3,0.71,6.18
BALAMINES,EQ,1069,-1.69,3463.67,0.58,6.13
MOCAPITAL,EQ,45.56,-1.62,122.33,13.45,6.13
VARROC,EQ,528.35,-2.33,8072.47,1.16,6.13
SUNDRMFAST,EQ,844.95,-3.23,17754.8,0.72,6.12
GSPL,EQ,298.5,-2.05,16841.71,2.04,6.08
KAMDHENU,EQ,22.55,-1.87,635.65,27.26,6.07
UNIMECH,EQ,869,-0.86,4419.46,0.69,6.05
ALKYLAMINE,EQ,1443,-2.78,7380.09,0.42,6.04
BLUEDART,EQ,5544,-2.44,13154.77,0.11,6.03
BHARATSE,EQ,184.11,-3.14,1156.21,3.3,6.03
DATAMATICS,EQ,735,-4.54,4344.32,0.81,6.02
RHIM,EQ,416,-4.29,8590.46,1.43,6.02
SPARC,EQ,126.63,-0.35,4109.14,4.82,6
QUADFUTURE,EQ,283.6,-3.32,1134.4,2.1,6
SDBL,EQ,78.4,-2.52,1530.97,7.64,6
SAREGAMA,EQ,328,-1.5,6324.15,1.83,5.98
MUTHOOTMF,EQ,162.4,-3.85,2768.79,3.63,5.92
UGROCAP,EQ,109,-1.83,1558.58,5.45,5.9
EMSLIMITED,EQ,286,-0.95,1588.18,2.1,5.88
SHAREINDIA,EQ,127,-3.48,2762.15,4.61,5.85
SMCGLOBAL,EQ,74.5,-3.06,1560.03,7.78,5.84
INDOTECH,EQ,1499,-5.16,1591.94,0.39,5.81
VIPIND,EQ,349.1,-2.36,4959.02,1.64,5.8
VISHNU,EQ,491.95,-1.93,3311.58,1.18,5.79
BBL,EQ,2408.1,-1.59,2721.9,0.24,5.76
ALPEXSOLAR,SM,717,-6.86,1831.43,0.8,5.75
SHANTIGOLD,EQ,202.5,-2.63,1459.94,2.86,5.75
BLSE,EQ,143.3,-2.48,1301.97,4.12,5.75
AGARWALEYE,EQ,450,-0.38,14256.34,1.3,5.72
SGFIN,EQ,384,-1.49,2146.37,1.49,5.72
IFBIND,EQ,1086.5,-1,4402.37,0.53,5.69
ARMANFIN,EQ,1522.9,-2.85,1601.01,0.37,5.69
CAMLINFINE,EQ,144.01,-2.63,2766.31,3.96,5.69
ORCHPHARMA,EQ,600,-3.19,3043.15,0.94,5.68
DOLLAR,EQ,274,-6.6,1554.02,2.03,5.67
AWFIS,EQ,283.1,-3.18,2025.31,2.01,5.67
GLOBUSSPR,EQ,858,-4.11,2485.81,0.65,5.63
IONEXCHANG,EQ,357,-1.95,5236,1.58,5.58
REDTAPE,EQ,116,-1.18,6412.57,4.88,5.58
TIRUMALCHM,EQ,187.1,-2.11,2255.54,2.99,5.57
DODLA,EQ,1130.8,-3.14,6821.87,0.49,5.53
NEPHROPLUS,EQ,588,-0.98,5900.03,0.94,5.51
IRBINVIT,IV,61.38,-0.78,7866.46,8.96,5.51
SUDARSCHEM,EQ,855,-2.55,6721.32,0.64,5.5
PFIZER,EQ,4935,-2.52,22576.51,0.11,5.5
CARYSIL,EQ,886,-1.08,2520.01,0.62,5.47
MIDCAPIETF,EQ,22.5,-0.44,632.32,24.55,5.46
AWHCL,EQ,481.95,-2.18,1367.88,1.13,5.44
CEINSYS,EQ,925.25,-4.82,1650.75,0.58,5.44
TAJGVK,EQ,342.45,-4.16,2147.21,1.59,5.43
MOM100,EQ,62.84,-1.43,775.47,8.59,5.38
TRUALT,EQ,373,-7.08,3198.57,1.39,5.37
IMAGICAA,EQ,42.29,-1.33,2393.03,13.01,5.36
VSTIND,EQ,230,-1.66,3906.81,2.34,5.35
FCL,EQ,23,-2.58,2635.23,23.37,5.34
AIMTRON,SM,754,-3.33,1553.93,0.71,5.33
IBULLSLTD,EQ,10.13,-3.06,2354.6,52.67,5.31
GALLANTT,EQ,569.95,-1.12,13751.81,0.93,5.3
SKFINDIA,EQ,1709,-1.64,8448.95,0.31,5.3
DIVGIITTS,EQ,673,-6.82,2058.23,0.77,5.29
MAMATA,EQ,422,-3.6,1038.45,1.26,5.27
DCW,EQ,46.43,-2.21,1370.4,11.28,5.24
MOSMALL250,EQ,15.69,-1.81,161.61,33.23,5.21
NIITMTS,EQ,331,-1.87,4546.8,1.58,5.21
PSUBNKIETF,EQ,97.45,-1.99,132.4,5.32,5.18
GATEWAY,EQ,57.12,-2.92,2853.97,9,5.13
KIOCL,EQ,323.3,-4.16,19648.59,1.58,5.12
QUESS,EQ,193.32,-1.24,2884.39,2.67,5.12
JKIL,EQ,509.8,-3.56,3857.43,0.99,5.07
DOMS,EQ,2261,-3.04,13721.63,0.22,5.06
HIMATSEIDE,EQ,97.1,-2.63,1220.96,5.24,5.05
STARCEMENT,EQ,206.5,-3.6,8516.66,2.43,5.03
SSWL,EQ,205.5,-4.41,3230.06,2.4,5
AUTOIETF,EQ,28.35,-2.31,185.48,17.43,4.94
STYRENIX,EQ,1910,-0.26,3358.85,0.26,4.88
SANGHIIND,EQ,58.95,-1.21,1522.83,8.33,4.87
BAYERCROP,EQ,4589,-1.78,22994.22,0.1,4.8
GARFIBRES,EQ,635,-1.15,6303.38,0.76,4.78
PARKHOTELS,EQ,120.79,-3.91,2577.35,3.96,4.76
EMIL,EQ,96.38,-4.08,3708.21,4.95,4.76
GOKULAGRO,EQ,161.2,-4.94,4756.8,2.94,4.75
VMARCIND,SM,676,-3.77,1650.84,0.7,4.75
754GS2036,GS,107.7,-0.01,160473,4.41,4.75
MOMENTUM50,EQ,51.02,-1.73,271.02,9.29,4.74
UNIECOM,EQ,104.75,-2.79,1177.17,4.57,4.74
CEIGALL,EQ,274,-3.49,4773.21,1.71,4.72
GPTINFRA,EQ,120.7,-2.68,1525.22,3.9,4.7
IOLCP,EQ,72,-1.44,2113.4,6.57,4.69
BHARATRAS,EQ,1454.6,-3.69,2417.7,0.32,4.66
MAHKTECH,EQ,23.83,-2.54,461.62,19.54,4.63
MICEL,EQ,35.15,-5,847.16,13.03,4.62
ADVENZYMES,EQ,295,-1.76,3301.84,1.57,4.61
EUROPRATIK,EQ,246.1,-1.64,2515.14,1.85,4.58
HIKAL,EQ,194,-1.36,2392.03,2.39,4.58
AARTIDRUGS,EQ,358.45,-2.33,3271.57,1.28,4.56
SURYODAY,EQ,125.8,-4.75,1337.13,3.63,4.54
DLINKINDIA,EQ,406.25,-3.85,1442.38,1.11,4.52
WHEELS,EQ,872.5,-3.25,2131.78,0.51,4.49
OPTIEMUS,EQ,398.95,-3.59,3538.24,1.11,4.47
INFRABEES,EQ,973.89,-1.07,173.32,0.46,4.47
MASFIN,EQ,317,-2.27,5752.07,1.41,4.46
CAPILLARY,EQ,506.3,-1.51,4015.56,0.88,4.44
SAKSOFT,EQ,136.02,-3.99,1802.96,3.22,4.41
UNIVCABLES,EQ,682,-1.85,2366.22,0.65,4.4
GODIGIT,EQ,331,-1.41,30599.96,1.32,4.39
BGRENERGY,BE,312,-3.9,2251.44,1.41,4.38
LEMERITE,EQ,449.5,-1.11,1125.26,0.97,4.37
WELENT,EQ,468,-3.49,6477.77,0.93,4.36
AXISNIFTY,EQ,273.85,-1.26,1223.34,1.59,4.36
EIMCOELECO,EQ,1531,-3,883.14,0.28,4.34
SALZERELEC,EQ,636.9,-3.26,1126.21,0.67,4.33
EXICOM,EQ,92.5,-0.42,1286.49,4.79,4.31
TBZ,EQ,141.85,-3.54,946.57,3.03,4.29
METROPOLIS,EQ,1855.2,-2.55,9615.86,0.23,4.29
CLSEL,EQ,260,-3.56,1292.87,1.65,4.28
NELCO,EQ,604.05,-2.92,1378.35,0.7,4.24
RIIL,EQ,686.7,-2.35,1036.92,0.62,4.2
ZOTA,EQ,1210,-0.42,4086.64,0.35,4.19
JAYBARMARU,EQ,106,-0.78,1147.45,4.01,4.16
SHARDAMOTR,EQ,910,-2.36,5224.1,0.46,4.13
PRAMARA,SM,355.3,-1.58,495.44,1.16,4.12
ORISSAMINE,EQ,3991,-3.25,2394.6,0.1,4.11
SWARAJENG,EQ,3510,-2.37,4264.6,0.12,4.1
APLLTD,EQ,706,-0.73,13877.36,0.59,4.08
ARTEMISMED,EQ,230.14,-4.07,3642.51,1.75,4.06
CARRARO,EQ,506.05,-2.89,2876.97,0.8,4.05
ZUARI,EQ,217,-3.15,912.66,1.86,4.05
RAJRATAN,EQ,410,-1.62,2081.61,0.98,4.04
RAJOOENG,EQ,60.74,-2.8,1085.27,6.66,4.01
MMFL,EQ,448.3,-2.35,2164.46,0.89,3.99
GKSL,EQ,110.4,-2.93,870.43,3.59,3.98
TVSSCS,BE,113,-1.71,4985.33,3.55,3.98
PANACEABIO,EQ,329,-0.6,2015.15,1.22,3.97
RAMCOIND,EQ,282,-2.99,2448.93,1.4,3.96
NACLIND,EQ,127,-4.94,2971.97,3.08,3.95
VEEDOL,EQ,1348.2,-3.26,2349.1,0.29,3.95
SETL,EQ,124,-0.6,2473.7,3.22,3.94
DSSL,EQ,909.05,-2.31,1156.8,0.44,3.92
SHK,EQ,144.3,-2.39,1997.41,2.72,3.92
PVTBANIETF,EQ,28.57,-1.04,3078.17,13.72,3.91
MARKOLINES,EQ,158.36,-2.56,349.04,2.44,3.91
NOCIL,EQ,138.3,-4.3,2309.95,2.81,3.9
DENTA,EQ,243,-2.92,648.81,1.62,3.89
BEPL,EQ,80.9,-0.6,2013.26,4.83,3.86
SUBEXLTD,EQ,8.84,-3.49,496.81,44.52,3.85
HIRECT,EQ,1355,-4.46,2328.41,0.28,3.85
MARATHON,EQ,420,-3.01,2831.66,0.92,3.85
NIFTYCASE,EQ,9.93,-1.1,20.84,38.85,3.84
DISHTV,EQ,2.69,-6.92,495.3,142.3,3.83
RPTECH,EQ,359.6,-2.56,2369.75,1.07,3.82
MID150CASE,EQ,10.78,-1.46,198.8,35.46,3.82
GREENPOWER,EQ,9.45,-4.26,1108.51,40.46,3.8
MTNL,EQ,28.48,-4.24,784.97,13.43,3.8
SCILAL,EQ,44.5,-2.86,2072.81,8.57,3.8
BUILDPRO,EQ,918,-5.27,2226.09,0.4,3.79
NIITLTD,EQ,68.41,-4.19,933,5.53,3.79
VPRPL,EQ,42.01,-4.95,523.63,8.97,3.79
VENUSREM,BE,661,-1.7,883.56,0.58,3.76
LGHL,EQ,285,-0.68,1427.64,1.32,3.74
MOM30IETF,EQ,31.4,-1.69,573.97,11.91,3.74
ETHOSLTD,EQ,2390,-1.76,6395.09,0.16,3.74
MPSLTD,EQ,1479.6,-1.69,2530.98,0.26,3.74
NUVOCO,EQ,318,-3.09,11357.57,1.17,3.73
UTLSOLAR,EQ,184,-2.06,5637.96,2.05,3.73
SALASAR,EQ,7.71,-2.53,1347.67,48.8,3.71
BRANDMAN,SM,155.9,-8.16,287.75,2.38,3.67
SYNCOMF,EQ,12.38,-3.21,1163.72,29.97,3.67
PITTIENG,EQ,895,-1.65,3370,0.41,3.66
WENDT,EQ,6710,-2.11,1342,0.05,3.63
INOXINDIA,EQ,1134,-2.49,10292.58,0.32,3.63
PSUBANK,EQ,965,-1.53,2635.16,0.37,3.61
COFFEEDAY,EQ,29.44,-2.61,621.93,12.42,3.6
BSE500IETF,EQ,38.65,-1.35,342.15,9.33,3.59
KOLTEPATIL,EQ,348.65,-1.71,3091.83,1.05,3.59
BLKASHYAP,EQ,51.28,-1.04,1156.06,7,3.55
MAITHANALL,EQ,995.4,-0.84,2897.76,0.36,3.55
CHEMPLASTS,EQ,239.19,-2.69,3781.82,1.47,3.54
SINDHUTRAD,EQ,24.05,-4.37,3708.34,15,3.54
RSYSTEMS,EQ,276,-4.53,3270.1,1.27,3.51
PRECAM,EQ,131.5,-3.31,1249.06,2.68,3.51
SPMLINFRA,EQ,167.6,-1.31,1264.66,2.12,3.5
GIPCL,EQ,136.5,-3.34,2118.7,2.55,3.48
GANESHHOU,EQ,664.05,-1.14,5537.32,0.54,3.48
JARO,EQ,439.05,-1.05,972.77,0.8,3.47
TEAMLEASE,EQ,1205,-1.18,2020.65,0.29,3.45
MONIFTY500,EQ,23.54,-0.04,212.57,14.8,3.45
ARIHANTCAP,EQ,76.31,-4.81,836.46,4.47,3.44
SKMEGGPROD,EQ,164.8,-0.77,867.84,2.1,3.43
BAJAJELEC,EQ,360.2,-1.26,4156.29,0.95,3.43
JUNIPER,EQ,211.44,-3.15,4704.59,1.61,3.42
AUTOAXLES,EQ,1993.5,-2.55,3012.57,0.17,3.42
SHRIRAMPPS,EQ,78,-1.7,1331.1,4.45,3.4
PRINCEPIPE,EQ,245.25,-2.81,2711.51,1.39,3.4
GANDHAR,EQ,137.6,-2.02,1346.82,2.47,3.39
GANECOS,EQ,759.9,-1.71,2036.23,0.45,3.37
JTEKTINDIA,EQ,138.9,-6.95,3851.84,2.4,3.35
MHRIL,EQ,281.85,-0.83,5694.59,1.19,3.35
KRSNAA,EQ,634,-0.23,2056.61,0.53,3.32
LAXMIINDIA,EQ,91.44,-2.98,477.94,3.68,3.32
TEMBO,EQ,527,-1.02,815.12,0.63,3.29
IZMO,BE,704.5,-5,1054.11,0.46,3.27
SETFNIFBK,EQ,614,-0.95,4060.37,0.53,3.26
ROTO,EQ,56.14,-1.51,1057.93,5.84,3.25
FMGOETZE,EQ,394.25,-3.18,2193.3,0.82,3.23
PFS,EQ,29.37,-4.49,1886.39,10.96,3.23
SAATVIKGL,EQ,358.9,-2.19,4561.8,0.9,3.23
WESTLIFE,EQ,493,-0.37,7673.24,0.65,3.2
METROBRAND,EQ,1018,-3.65,27738.21,0.31,3.2
FINKURVE,EQ,66,-15.31,924.33,4.94,3.19
GROWWRAIL,EQ,31.73,-2.25,135.5,10.05,3.19
FILATEX,EQ,42.2,-2.7,1873.93,7.58,3.18
SUVEN,EQ,143.9,-1.49,3337.79,2.25,3.18
KRISHANA,EQ,471.1,-2.74,2912.7,0.67,3.15
SPORTKING,EQ,111.78,-3.22,1420.41,2.82,3.12
WAKEFIT,EQ,185.2,-0.87,6052.87,1.69,3.11
NRBBEARING,EQ,268.5,-0.94,2602.37,1.17,3.11
GEOJITFSL,EQ,62.3,-1.36,1738.93,5.06,3.1
BALMLAWRIE,EQ,177.47,-2.15,3034.81,1.75,3.1
ONEPOINT,EQ,46.1,-2.08,1212.07,6.7,3.08
MASPTOP50,EQ,69.79,-0.81,1176.83,4.41,3.07
VERANDA,EQ,177.1,-2.6,1703.16,1.75,3.07
HLEGLAS,EQ,325,-0.84,2257.28,0.96,3.06
TOP100CASE,EQ,10.72,-0.92,127.07,28.67,3.05
SPANDANA,EQ,246.5,-2.61,1757.67,1.24,3.04
SUNFLAG,EQ,243.73,-0.94,4392.49,1.24,3.03
RPEL,EQ,686.05,-2.89,3149.79,0.44,3.03
LAXMIDENTL,EQ,184,-4.45,1011.3,1.64,3.03
ALEMBICLTD,EQ,89.07,-2.89,2287.16,3.39,3.01
KRMAYURVED,SM,195.5,-3.24,415.65,1.52,3.01
LUXIND,EQ,889,-1.3,2673.37,0.34,3.01
DIAMONDYD,EQ,1029.4,-4.25,2460.63,0.29,3
HARIOMPIPE,EQ,359,-2.5,1111.73,0.84,3
ARVSMART,EQ,518.4,-5.22,2377.74,0.57,2.98
ADVANCE,EQ,117,-3.96,752.14,2.52,2.98
ATALREAL,EQ,23.43,-7.72,288.18,12.27,2.97
ADFFOODS,EQ,194.1,-1.34,2132.45,1.54,2.97
IT,EQ,33.5,-0.83,385.13,8.83,2.95
QUICKHEAL,EQ,159,-4.43,862.02,1.84,2.94
SIGNPOST,EQ,246,-2.36,1314.87,1.18,2.94
RAMCOSYS,EQ,443.15,-0.59,1659.16,0.67,2.93
CANTABIL,EQ,256,-3.92,2141.13,1.13,2.92
EKC,EQ,109.8,-2.1,1232.04,2.68,2.92
UFLEX,EQ,469,-2.64,3386.72,0.63,2.9
FINIETF,EQ,31.55,-1.59,273.74,9.2,2.9
MCLEODRUSS,EQ,39.6,-5.04,413.64,7.25,2.89
SML100CASE,EQ,9.42,-1.67,39.83,30.49,2.87
ITETF,EQ,31.89,-1.05,141.54,8.99,2.86
HNDFDS,EQ,480.25,-1.43,5738.11,0.6,2.86
DCAL,EQ,171.35,-2.12,2686.48,1.68,2.86
BSLNIFTY,EQ,29.05,-1.12,3254.93,9.85,2.85
NIF100BEES,EQ,271,-1.2,318.07,1.06,2.85
MCLOUD,EQ,23.83,-4.98,1403.75,11.85,2.84
LINCOLN,EQ,622.8,-1.31,1247.45,0.46,2.83
SAPPHIRE,EQ,199,-2.59,6395.52,1.42,2.82
WSTCSTPAPR,EQ,406.35,-3.61,2683.9,0.69,2.82
PARACABLES,EQ,34,-2.41,1037.71,8.28,2.82
PLATIND,EQ,208,-6.37,1142.44,1.33,2.8
SUNDROP,EQ,632.2,-2.2,2383.2,0.44,2.79
KINGFA,EQ,4290,-2.59,5813.54,0.06,2.75
INFRAIETF,EQ,96.8,-1.36,395.78,2.84,2.72
CEWATER,EQ,288.25,-3.77,596.57,0.93,2.7
SOLARWORLD,EQ,187.15,-4.06,1622.08,1.42,2.66
PSPPROJECT,EQ,716.9,-1.19,2841.92,0.37,2.65
NAVNETEDUL,EQ,142.51,-2.83,3152.51,1.86,2.65
DWARKESH,EQ,36.3,-2.68,672.64,7.3,2.65
VIVIANA,SM,633.4,-1.21,641.3,0.42,2.65
DIGITIDE,EQ,92.31,-5.97,1375.53,2.83,2.63
VALIANTORG,EQ,228,-0.69,638.85,1.19,2.63
SDL26BEES,EQ,136.59,-0.01,4947.15,1.93,2.63
STANLEY,EQ,155.8,-3.87,890.02,1.67,2.62
MANINFRA,EQ,102.45,-3.66,4135.56,2.55,2.61
GROWWPOWER,EQ,10.51,-0.19,108.32,25.17,2.6
INDOSTAR,EQ,217.75,-2.89,3518.21,1.21,2.6
STLNETWORK,EQ,20.2,-2.08,985.65,13.01,2.59
GRINFRA,EQ,929,-2.28,8989.05,0.28,2.58
LAOPALA,EQ,197.81,-4.14,2195.69,1.29,2.56
MOL,EQ,50.01,-5.18,1271.83,5.07,2.55
SPIC,EQ,67.78,-2.49,1380.27,3.77,2.55
UNIPARTS,EQ,452.35,-1.28,2041.67,0.57,2.54
UNITECH,EQ,4.99,-2.54,1304.7,50.57,2.54
KOPRAN,EQ,127,-3.66,613.25,2,2.54
SATIN,EQ,152.9,-1.18,1689.1,1.65,2.51
BORANA,BE,378.9,-3.01,1009.59,0.67,2.51
PDSL,EQ,300,-1.4,4243.26,0.85,2.5
DIFFNKG,EQ,254,-3.81,950.63,0.99,2.5
DECCANCE,EQ,729.85,-1.14,1022.34,0.35,2.49
ROSSARI,EQ,487,-1.86,2697.17,0.51,2.48
DHARMAJ,EQ,235,-0.74,794.24,1.06,2.47
ELLEN,EQ,225.85,-1.48,3183.03,1.1,2.47
HUHTAMAKI,EQ,172.9,-2.06,1305.77,1.44,2.46
AGARIND,EQ,525.1,-4.7,785.43,0.46,2.46
NSIL,EQ,5841.5,-2.04,3000.29,0.04,2.46
RHETAN,EQ,25.5,-1.96,2032.03,9.62,2.46
CCCL,EQ,15.4,-3.69,688.01,15.25,2.45
ALPHAETF,EQ,25.11,-1.45,398.49,9.76,2.45
SOLEX,EQ,823.5,-4.54,889.58,0.29,2.44
BAJAJHCARE,EQ,325.5,-1.26,1028.03,0.76,2.43
DHANBANK,EQ,23.63,-0.96,932.67,10.34,2.43
AJMERA,EQ,128,-0.55,2518.98,1.9,2.42
WINDMACHIN,EQ,234.85,-6.79,2045.18,1.01,2.42
ITDC,EQ,496.65,-5.53,4259.74,0.48,2.41
EQUAL50ADD,EQ,340.88,-0.9,1156.83,0.71,2.4
ACCELYA,EQ,1180,-1.4,1761.3,0.21,2.4
SHARIABEES,EQ,473.73,-0.73,51.28,0.51,2.4
NXST,RR,159,-1.68,24088.5,1.49,2.39
MOLDTKPAC,EQ,565,-2.09,1877.43,0.43,2.39
UTTAMSUGAR,EQ,196.95,-0.68,751.13,1.22,2.39
WINDLAS,EQ,750,-0.66,1580.79,0.32,2.38
DAVANGERE,EQ,4.01,-1.47,573.43,59.75,2.38
SIYSIL,EQ,523,-1.61,2372.86,0.46,2.38
FABTECH,EQ,147.02,-2.01,653.52,1.62,2.37
JKIPL,EQ,58.48,-9.88,224.48,3.98,2.36
KSL,EQ,732.05,-2.15,3195.62,0.32,2.36
NDRAUTO,EQ,740,-2.02,1760.11,0.33,2.36
VASWANI,EQ,54,-12.18,169.27,4.37,2.35
HATHWAY,EQ,10.37,-3.26,1835.6,22.74,2.34
TINNARUBR,EQ,684,-3.7,1232.28,0.34,2.34
OLIL,SM,283,-5.75,158.29,0.82,2.33
SOLARA,EQ,461.5,-0.15,1669.31,0.51,2.33
JSWHL,EQ,16407,-1.09,18211.15,0.01,2.31
FILATFASH,EQ,0.21,-4.55,175.02,1096.8,2.3
RESPONIND,EQ,169,-3.17,4505.68,1.34,2.3
PIXTRANS,EQ,1438.5,-0.92,1959.99,0.16,2.29
SNOWMAN,EQ,38.22,-3.14,638.61,5.85,2.28
HDFCMID150,EQ,21.95,-0.81,151.43,10.46,2.28
BAJEL,EQ,155,-4.04,1793.14,1.46,2.27
WONDERLA,EQ,472,-1.12,2993.55,0.48,2.27
GUJTHEM,EQ,296.9,-3.7,3235.18,0.77,2.27
SUMMITSEC,EQ,1592,-4.34,1735.56,0.14,2.26
SOMANYCERA,EQ,389,-5.16,1595.4,0.58,2.26
ADSL,EQ,113.47,-3.71,641.27,2.01,2.26
KRYSTAL,EQ,600,-4.13,838.32,0.37,2.24
IPL,EQ,155.6,-1.14,1791.94,1.45,2.23
SHALBY,EQ,150.9,-2.54,1629.87,1.48,2.22
RAMKY,EQ,443.2,-2.97,3066.85,0.5,2.22
BOSCH-HCIL,EQ,1369.9,-2.75,3724.88,0.16,2.21
EQUAL50,EQ,329.41,-1.3,141.73,0.67,2.2
VASCONEQ,EQ,36.88,-3.02,843.32,5.91,2.17
TTKPRESTIG,EQ,494.15,-5.46,6767.43,0.43,2.17
MANCREDIT,EQ,166.3,-1.33,351.13,1.28,2.17
CONFIPET,EQ,30.6,-3.62,1016.66,7.14,2.16
ASHIANA,EQ,323.65,-0.2,3253.49,0.67,2.16
UDS,EQ,155,-1.51,1037.78,1.42,2.15
ACCENTMIC,SM,348,-0.73,834.82,0.61,2.13
GALAXYSURF,EQ,1952.9,-0.5,6923.96,0.11,2.12
DDEVPLSTIK,EQ,263.5,-2.77,2726.61,0.8,2.12
PDMJEPAPER,EQ,79.9,-3.82,758.65,2.65,2.11
MIDSMALL,EQ,46.6,-1.06,383.83,4.52,2.1
FLYSBS,SM,452.95,-4.99,783.77,0.46,2.07
BAJAJINDEF,EQ,235.55,-5.31,753.76,0.88,2.07
KSOLVES,EQ,290,-4.51,687.65,0.71,2.06
SAWALIYA,SM,303.05,-1.75,300.57,0.67,2.05
TALBROAUTO,EQ,255.2,-1.69,1575.3,0.81,2.05
TCIEXP,EQ,520.4,-4.66,1999.32,0.39,2.05
WAAREEINDO,BE,329.7,-5,1371.67,0.61,2.04
JAGSNPHARM,EQ,165.45,-1.91,1106.7,1.25,2.04
SPAL,EQ,703.65,-0.54,1765.64,0.29,2.04
GPTHEALTH,EQ,125.2,-0.84,1027.33,1.66,2.04
BLUSPRING,EQ,50.51,-0.67,753.27,4.05,2.03
BANKIETF,EQ,61.38,-0.81,3122.96,3.28,2.01
SHREEPUSHK,EQ,310,-2.41,1002.47,0.65,2
SKFINDUS,EQ,2464.8,-3.81,12185.47,0.08,2
JPASSOCIAT,BE,2.75,-4.18,674.79,72.82,2
SARTELE,SM,203.3,-3.99,957.7,0.97,1.99
HDFCNEXT50,EQ,70.33,-1.1,144.34,2.84,1.98
BHARATWIRE,EQ,175.9,-1.35,1206.4,1.15,1.98
PILANIINVS,EQ,4486,-2.39,4967.01,0.04,1.97
PATELRMART,EQ,173,-2.98,577.83,1.13,1.95
SJLOGISTIC,SM,301.1,-3.32,460.48,0.64,1.94
SUPRAJIT,EQ,430,-1.5,5898.36,0.45,1.94
PVSL,EQ,92.7,-1.33,660.01,2.11,1.92
ORIENTHOT,EQ,98.56,-2.89,1760.27,1.94,1.91
COMMOIETF,EQ,100.73,-0.5,118.01,1.92,1.91
TICL,EQ,26.5,-1.74,410.75,7.13,1.9
URJA,EQ,9.04,-2.38,475.01,21.22,1.88
TASTYBITE,EQ,7070,-1.8,1814.16,0.03,1.87
INNOVACAP,EQ,666,-0.34,3811.18,0.28,1.87
SMALL250,EQ,15.64,-1.64,26.18,11.9,1.85
SARVESHWAR,EQ,3.64,-4.71,447.26,50.42,1.85
5PAISA,EQ,307,-4.02,959.52,0.6,1.85
MIDCAP,EQ,17.1,-0.7,174.73,10.89,1.84
TIIL,EQ,2243,-1.57,5085.51,0.08,1.84
RISHABH,EQ,402.25,-3.69,1548.56,0.45,1.84
BOROLTD,EQ,228.77,-3.59,2735.68,0.8,1.83
BCLIND,EQ,27.84,-2.79,821.73,6.64,1.83
CUBEXTUB,EQ,101.45,-4.43,145.27,1.79,1.83
PNBGILTS,EQ,77.69,-2.8,1398.5,2.34,1.82
NDTV,EQ,79.1,-0.88,892.44,2.28,1.81
LICNETFN50,EQ,277.87,-1.28,891.29,0.65,1.81
STYL,EQ,241.1,-0.68,3901.14,0.75,1.8
VINDHYATEL,EQ,1030.5,-1.74,1221.23,0.17,1.79
IRMENERGY,EQ,226.11,-5.19,928.4,0.78,1.78
VAKRANGEE,EQ,6.2,-4.47,671.58,28.39,1.78
MONQ50,EQ,97.74,-0.97,143.43,1.83,1.77
OMAXE,EQ,78.5,-0.68,1435.77,2.36,1.77
KHFM,SM,60,-9.57,138.66,2.85,1.76
NCLIND,EQ,183.2,-1.38,828.66,0.95,1.75
MUKANDLTD,EQ,130.1,-0.95,1879.89,1.33,1.75
MAXESTATES,EQ,401,-0.46,6554.16,0.44,1.75
SIS,EQ,303,-0.75,4279.77,0.57,1.74
JPOLYINVST,EQ,1159.2,-1.8,1218.54,0.15,1.73
AEROENTER,EQ,75.9,-3.28,858.32,2.26,1.72
ASALCBR,EQ,787.95,-2.49,1495.47,0.22,1.72
NELCAST,EQ,109.77,-4.14,955.01,1.55,1.71
MINDTECK,EQ,207,-0.94,661.45,0.84,1.7
ELECTHERM,EQ,705,-1.75,898.37,0.24,1.7
TNPETRO,EQ,90.8,-3.36,816.94,1.85,1.7
WANBURY,BE,256,-3.63,894.45,0.67,1.7
EVEREADY,EQ,322.15,-2.73,2341.62,0.51,1.67
SMARTWORKS,EQ,395,-3.67,4513.35,0.42,1.67
EVINDIA,EQ,30.32,-2.1,155.53,5.5,1.67
STUDDS,EQ,510.3,-1.87,2008.2,0.33,1.65
XTGLOBAL,EQ,35.08,-9.21,470.51,4.7,1.64
LORDSCHLO,EQ,125.08,-0.05,314.62,1.36,1.64
GULPOLY,EQ,154.69,-3.75,964.81,1.06,1.64
SHREERAMA,EQ,51.49,-4.81,687.23,3.16,1.64
LANDMARK,EQ,406.5,-1.65,1685.55,0.4,1.63
NIFTYADD,EQ,260.85,-1.17,212.65,0.62,1.62
GALAPREC,EQ,729.95,-2.67,934.16,0.22,1.62
DANISH,SM,667,-2.63,1313.43,0.24,1.61
GPECO,SM,331,-6.76,391.6,0.49,1.6
KIRLOSIND,EQ,2830,-0.16,2974.15,0.06,1.6
TCI,EQ,986.5,-1.79,7569.12,0.16,1.6
SPUNWEB,SM,101,-6.05,243.44,1.55,1.6
GOPAL,EQ,290.05,-2.83,3614.67,0.55,1.6
RADHIKAJWE,EQ,62.99,-4.92,743.28,2.53,1.59
GLOTTIS,EQ,46.16,-4.15,426.53,3.45,1.59
TOLINS,EQ,107.9,-2.87,426.3,1.48,1.59
MAHASTEEL,EQ,757,-0.19,1244.08,0.22,1.59
KALPATARU,EQ,316,-2.68,6506.88,0.5,1.58
JINDALPHOT,EQ,1194.8,-6.29,1225.66,0.13,1.58
INDOUS,EQ,140.25,-2.98,281.23,1.11,1.58
ROHLTD,EQ,347.5,-4.11,953.03,0.45,1.57
KECL,EQ,85.54,-4.37,568.11,1.83,1.57
STERTOOLS,EQ,215.88,-3.11,781.15,0.73,1.57
KICL,EQ,4812,-4.39,2100.59,0.03,1.55
ZEEMEDIA,BE,8.11,-4.48,507.22,18.98,1.55
HEIDELBERG,EQ,159.27,-2.72,3609.27,0.97,1.54
BETA,EQ,1041,-1.01,1055.25,0.15,1.53
DBOL,EQ,99.2,-3.28,658.56,1.52,1.53
SGIL,EQ,513.25,-1.75,797.74,0.29,1.52
SBIBPB,EQ,56,-1.46,1661.54,2.72,1.51
SUYOG,EQ,680,-4.02,796.76,0.22,1.51
ESTER,EQ,100.53,-4.82,981.03,1.48,1.5
MAKEINDIA,EQ,158.32,-1.07,249.28,0.94,1.48
ASMS,EQ,9.87,-3.52,300.62,15.03,1.48
DREAMFOLKS,EQ,79,-3.26,420.83,1.88,1.48
WEL,EQ,136.83,-3.06,1833.63,1.07,1.48
CAPINVIT,IV,69.8,-0.29,3431.03,2.13,1.47
RELTD,EQ,143,-2.69,2553.33,1.04,1.47
TARMAT,EQ,69.55,-2.24,174.32,2.11,1.47
AURUM,EQ,170.5,-4.99,1299.59,0.85,1.47
REMSONSIND,EQ,109.88,-1.62,383.25,1.34,1.46
PPL,EQ,200,-2.47,478.37,0.74,1.46
HDFCNIFIT,EQ,32.17,-1.05,115,4.56,1.46
NUCLEUS,EQ,770,-2.77,2027.05,0.19,1.46
IFBAGRO,EQ,821.4,-5,769.41,0.17,1.45
ALPL30IETF,EQ,27.9,-0.89,1567.96,5.21,1.45
ESAFSFB,EQ,26.11,-3.26,1346.3,5.52,1.44
RPGLIFE,EQ,1826.8,-2.54,3021.35,0.08,1.44
SSEGL,SM,356.9,-2.41,927.18,0.4,1.42
TNIDETF,EQ,81.7,-0.81,162.01,1.76,1.42
GOCLCORP,EQ,252,-4.18,1249.23,0.56,1.42
SANGAMIND,EQ,451,-3.44,2266.12,0.32,1.42
BODALCHEM,EQ,46.75,-0.26,588.79,3.15,1.42
RPSGVENT,EQ,658.4,-3.45,2178.41,0.22,1.42
RANEHOLDIN,EQ,1184,-1.87,1690.49,0.12,1.42
MGEL,EQ,10.25,-7.07,337.79,13.71,1.41
INDNIPPON,EQ,824,-0.4,1864.01,0.17,1.41
SENSEXETF,EQ,82.3,-1.4,28.35,1.7,1.4
WCIL,EQ,108.1,-5.56,1102.14,1.28,1.39
ONWARDTEC,EQ,270,-0.97,614.26,0.53,1.39
TVSSRICHAK,EQ,3869,-1.65,2962.51,0.04,1.37
APTECHT,EQ,85.07,-2.74,493.43,1.62,1.37
BANSALWIRE,EQ,254,-3.26,3976.52,0.54,1.37
GREENPANEL,EQ,203.54,-1.06,2495.96,0.68,1.36
EIFFL,EQ,230.05,-1.31,570.52,0.59,1.36
SPCENET,EQ,4.89,-2.78,276.82,27.45,1.36
SIMPLEXINF,EQ,200.2,-1.06,1583.49,0.69,1.35
HILINFRA,EQ,53.98,-2.25,387.15,2.57,1.35
NV20IETF,EQ,14.7,-0.41,187.58,9.22,1.35
PANAMAPET,EQ,275,-2.26,1663.57,0.5,1.35
MONTECARLO,EQ,547,-1.37,1134.04,0.25,1.35
JUBLCPL,EQ,1771,-3.93,2683.51,0.07,1.34
NEXT50BETA,EQ,74.1,-1.24,2251.65,1.81,1.33
IRISDOREME,EQ,31.41,-2.63,597.83,4.18,1.33
BAHETI,SM,572.9,-4.04,594.01,0.23,1.33
STEELXIND,EQ,7.91,-4.58,986.55,16.85,1.32
RUPA,EQ,134.2,-3.06,1067.22,0.98,1.32
PROZONER,EQ,46.64,-6.04,711.74,2.85,1.32
MUFTI,EQ,82.81,-4.45,541.33,1.58,1.32
AXISVALUE,EQ,34,-1.42,25.6,3.86,1.31
HDFCSENSEX,EQ,90.66,-1.21,960.39,1.45,1.31
INSECTICID,EQ,617,-0.66,1795.34,0.21,1.31
GROWWEV,EQ,30.29,-1.91,259.76,4.32,1.3
SANSTAR,EQ,85,-1.2,1549.08,1.54,1.3
TECHERA,SM,190,-0.47,313.9,0.67,1.3
GUJALKALI,EQ,467.55,-2.17,3433.54,0.27,1.29
SASKEN,EQ,1133,-1.04,1720.63,0.11,1.28
GROWWNIFTY,EQ,10.07,-0.69,18.83,12.84,1.28
GUFICBIO,EQ,280.35,-0.95,2811.42,0.46,1.28
ASHWINI,SM,145,-4.23,217.5,0.87,1.27
BANKBETA,EQ,61.77,-1.06,3995.28,2.05,1.27
STEELCAS,EQ,227,-3.06,2297.24,0.56,1.27
CHEMICAL,EQ,27.59,-1.25,49.81,4.6,1.26
SHANKARA,EQ,107.6,-0.55,260.92,1.17,1.26
BMWVENTLTD,EQ,59,-4.7,511.62,2.14,1.26
TVTODAY,EQ,122.95,-1.68,733.63,1.03,1.26
ESABINDIA,EQ,5449,-1.03,8387.66,0.02,1.25
NITCO,EQ,71.73,-4.07,1643.45,1.73,1.25
MUNJALAU,EQ,78.71,-4.33,787.1,1.58,1.24
OSELDEVICE,SM,500,-2.26,884.73,0.25,1.22
GENCON,EQ,45.21,-0.83,257.63,2.69,1.22
20MICRONS,EQ,170.98,-2.12,603.33,0.72,1.22
TCC,EQ,428.35,-4.19,2035.86,0.28,1.22
URAVIDEF,EQ,143.94,-1.35,164.09,0.86,1.21
SHREDIGCEM,EQ,68.75,-1.02,1016.6,1.76,1.2
UNICHEMLAB,EQ,329,-4.97,2316.35,0.36,1.2
HDFCMOMENT,EQ,31.48,-0.57,123.76,3.85,1.2
TRF,EQ,250,-5.87,275.11,0.49,1.19
ALLTIME,EQ,228,-3.1,1493.58,0.52,1.19
KRISHCA,SM,167,-6.83,241.15,0.68,1.19
BFSI,EQ,28.48,-1.11,454.51,4.16,1.18
SAHASRA,SM,244.95,-3.56,612.2,0.48,1.18
KAMATHOTEL,EQ,184.2,-1.64,543.02,0.65,1.18
ELM250,EQ,16.22,-1.46,125.93,7.28,1.18
ADOR,EQ,1034,-1.86,1799.45,0.11,1.17
ZUARIIND,EQ,257.6,-2.13,767.16,0.46,1.17
RUBYMILLS,EQ,169.7,-5.58,567.48,0.69,1.17
GICHSGFIN,EQ,152.99,-0.86,823.87,0.77,1.17
ADVENTHTL,EQ,187.05,-3.5,1009,0.62,1.17
TARACHAND,EQ,60.05,-1.17,473.34,1.96,1.16
JITFINFRA,BE,358.75,-4.99,922.12,0.32,1.15
MASTERTR,EQ,85.3,-3.38,1049.33,1.35,1.14
GLOBAL,BE,97.5,-3,496.29,1.18,1.14
OBSCP,SM,302.5,-1.08,739.69,0.37,1.14
MUTHOOTCAP,EQ,228,-1.14,375,0.49,1.13
SURAJEST,EQ,215,-1.91,1027.13,0.53,1.13
HDFCNIFBAN,EQ,61.48,-0.98,5858.36,1.83,1.13
ABSLBANETF,EQ,61.27,-0.83,2880.89,1.84,1.13
RADIANTCMS,EQ,35.76,-2.61,381.59,3.12,1.12
PAUSHAKLTD,EQ,436.85,-5.21,1077.14,0.25,1.12
ANDHRSUGAR,EQ,73.2,-0.85,992.12,1.55,1.12
IKIO,EQ,138.5,-2.44,1070.34,0.8,1.11
GROWWCAPM,EQ,9.58,-1.54,21.15,11.63,1.11
GHCLTEXTIL,EQ,73.98,-3.17,707.14,1.49,1.11
738GS2027,GS,103.29,-0.1,146671.8,1.07,1.11
SWARAJ,ST,302,-0.41,664.95,0.36,1.1
PRLIND,SM,55.5,-6.09,126.89,1.9,1.1
SOTL,EQ,366,-3.47,2509.31,0.3,1.1
VERTOZ,EQ,45,-6,383.54,2.39,1.1
ONMOBILE,EQ,49.5,-2.56,526.29,2.24,1.09
DPABHUSHAN,EQ,1158.9,-2.3,2645.53,0.09,1.09
POLYSIL,ST,201,-3.37,452.35,0.54,1.08
CLEDUCATE,EQ,39,-1.07,211.47,2.85,1.08
AONETOTAL,EQ,11.53,-1.54,42.14,9.31,1.07
MUKKA,EQ,21.9,-3.78,657,4.91,1.07
BIRLACABLE,EQ,142.5,-3.06,427.5,0.76,1.07
CONTROLPR,EQ,643.6,-2.37,1029.39,0.16,1.07
ABSMARINE,SM,162,-3.8,397.71,0.66,1.06
E2ERAIL,SM,190.05,-5.68,327.98,0.55,1.06
SANATHAN,EQ,403.25,-1.5,3403.59,0.26,1.06
RELIABLE,EQ,124.69,-9.11,128.68,0.82,1.06
SCODATUBES,EQ,130.5,-4.2,781.81,0.8,1.05
TNPL,EQ,132.26,-3.28,915.38,0.78,1.04
BFINVEST,EQ,382.55,-4.67,1440.98,0.27,1.04
TRACXN,EQ,32.55,-4.18,347.31,3.22,1.04
KKCL,EQ,485.05,-4.34,2989.13,0.21,1.03
SAHANA,SM,1001,-0.78,884.59,0.1,1.02
LOWVOLIETF,EQ,22.28,-1.02,3672.93,4.6,1.02
PSUBANKADD,EQ,97.8,-1.28,255.67,1.05,1.02
BIGBLOC,EQ,51.35,-4.25,726.99,1.97,1.01
DEN,EQ,27.2,-2.96,1298.05,3.75,1.01
VHL,EQ,3102,-6.85,990.01,0.03,1.01
WSI,EQ,68,-3.55,515.86,1.46,1.01
BHAGCHEM,EQ,200.5,-0.89,2599.87,0.51,1.01
SUNCLAY,EQ,1381.2,-2.85,3045.02,0.07,1.01
RBZJEWEL,EQ,121.91,-2.95,487.64,0.83,1.01
COMSYN,EQ,152.75,-1.35,610.27,0.66,1.01
THEJO,EQ,1620.9,-3.9,1758.22,0.06,1.01
PARSVNATH,EQ,7.4,-6.8,322.03,13.55,1.01
PHANTOMFX,SM,201.25,-6.42,320.45,0.49,1
VILAS,SM,377.95,-3.63,925.22,0.27,0.99
KABRAEXTRU,EQ,244,-4.72,853.34,0.4,0.99
OMAXAUTO,EQ,104.32,-2.7,222.94,0.95,0.99
IGARASHI,EQ,346.8,-3.51,1091.55,0.29,0.99
PRABHA,EQ,167.75,-3.79,2296.59,0.59,0.99
HONDAPOWER,EQ,2081,-2.1,2110.77,0.05,0.99
CAPITALSFB,EQ,258.55,-1.35,1174.3,0.38,0.98
GSEC5IETF,EQ,64.92,-0.11,19.6,1.5,0.97
HINDWAREAP,EQ,219.39,-3.76,1835.12,0.44,0.97
MAHEPC,EQ,111,-6.46,310.16,0.85,0.96
NILASPACES,EQ,13.24,-5.36,521.51,7.25,0.96
BCG,BE,10.18,-4.95,2054.24,9.42,0.96
MANALIPETC,EQ,54.14,-2.29,931.2,1.79,0.96
OSIAHYPER,EQ,8.2,-4.98,134.95,11.65,0.96
VSSL,EQ,248.65,-3.1,2404.09,0.38,0.96
SATIA,EQ,63.3,-4.44,633,1.51,0.95
SHAH,EQ,4.88,-0.61,431.98,19.78,0.95
NIF100IETF,EQ,28.7,-0.59,155.14,3.36,0.95
HGS,EQ,368.95,-1.88,1716.37,0.26,0.95
GANESHIN,SM,74.75,-4.96,319.34,1.26,0.95
SUBAHOTELS,SM,123.5,-5.11,299.4,0.77,0.95
CONNPLEX,SM,229.95,-4.01,439.2,0.42,0.95
CANARYS,SM,21.85,-6.42,124.97,4.2,0.93
AKG,EQ,10.75,-19.11,34.16,8.35,0.93
EBBETF0433,EQ,1277.51,-0.07,6408.56,0.07,0.93
HDFCPSUBK,EQ,97.61,-1.69,34.19,0.96,0.93
APS,SM,300,-2.15,604.8,0.32,0.93
OCCLLTD,EQ,89.4,-0.66,446.56,1.07,0.92
PASUPTAC,EQ,50,-6.19,445.67,1.82,0.92
A2ZINFRA,EQ,16.98,-4.98,299.05,5.43,0.92
CELLECOR,SM,25,-3.29,551.69,3.69,0.92
MULTICAP,EQ,15.85,-1.49,64.81,5.77,0.91
THOMASCOTT,EQ,294.35,-4.93,431.82,0.31,0.91
ORICONENT,EQ,67,-1.51,1052.22,1.37,0.91
BALAJEE,EQ,26.93,-1.82,219.67,3.46,0.91
ALANKIT,EQ,7.99,-5.78,216.66,11.25,0.9
BANKETF,EQ,607.91,-1.01,255.82,0.15,0.9
CORDSCABLE,EQ,169.95,-1.15,219.71,0.54,0.9
AVPINFRA,SM,91.5,-7.11,228.56,0.97,0.89
IEML,SM,72.45,-5.54,132.82,1.22,0.89
AAREYDRUGS,EQ,69.4,-9.55,196.78,1.22,0.88
TIRUPATI,SM,498.2,-5,504.68,0.17,0.88
HARSHA,EQ,360,-2.58,3277.59,0.24,0.87
MADRASFERT,EQ,64.5,-4.4,1039.1,1.34,0.87
OMINFRAL,EQ,82.9,-2.9,798.36,1.05,0.87
GICL,BE,47.8,-1.24,535.14,1.83,0.86
ESSARSHPNG,EQ,24.2,-6.17,500.88,3.48,0.86
DBCORP,EQ,222,-1.17,3956.98,0.39,0.85
ZTECH,SM,497.05,-4.04,718.65,0.17,0.85
GROWWSC250,EQ,9.01,-2.07,12.38,9.39,0.84
VMSTMT,EQ,44.33,-4.09,220.02,1.92,0.84
BESTAGRO,BE,15.46,-4.27,548.32,5.43,0.84
ANNAPURNA,SM,180,-6.86,392.76,0.46,0.83
ASAL,EQ,457.8,-3.07,726.27,0.18,0.83
SINCLAIR,EQ,76,-1.72,389.58,1.1,0.83
AXISBNKETF,EQ,615.6,-1.18,419.73,0.13,0.83
PUNJABCHEM,EQ,1115.1,-5.79,1367.36,0.07,0.83
CENTRUM,EQ,24.45,-1.41,1123.67,3.48,0.83
DELPHIFX,EQ,12.15,-8.58,298,6.53,0.82
SEJALLTD,EQ,540,-3.67,545.4,0.15,0.82
EIHAHOTELS,EQ,326.05,-1.08,1986.83,0.25,0.82
SATKARTAR,SM,166.5,-5.24,262.15,0.5,0.82
SAFEENTP,SM,236.9,-1.09,1104.06,0.35,0.81
FOODSIN,EQ,57.23,-1.84,420.15,1.42,0.81
JINDWORLD,EQ,24,-2.76,2406.24,3.4,0.81
850NHAI29,N5,1072.88,-7.39,1858.25,0.07,0.81
UNIVASTU,EQ,61.25,-8.47,220.42,1.29,0.8
CENTENKA,EQ,424.1,-2.13,926.68,0.19,0.8
INDOCO,EQ,201.17,-0.55,1856.87,0.4,0.8
RAMAPHO,EQ,126,-0.8,445.87,0.64,0.8
TERASOFT,EQ,340,-4.97,425.4,0.23,0.79
SBIETFIT,EQ,337.3,-0.08,64.09,0.24,0.79
RML,EQ,820,-2.45,2266.25,0.1,0.79
HERANBA,EQ,202.7,-2.77,811.07,0.39,0.79
ARROWGREEN,EQ,399,-1.14,602.01,0.2,0.78
NIKITA,SM,119,-0.42,293.55,0.66,0.78
LOKESHMACH,EQ,184,-0.6,367.94,0.43,0.78
KOTHARIPET,EQ,110.5,-4.4,650.25,0.7,0.78
TPLPLASTEH,EQ,64.8,-3.9,505.46,1.2,0.77
NDL,EQ,2.57,-3.75,370.46,30.33,0.77
BANKADD,EQ,61.16,-1.13,726.04,1.26,0.77
CIFL,EQ,30.1,-1.63,1177.08,2.5,0.77
HARDWYN,BE,17.01,-2.13,830.83,4.5,0.77
PAKKA,EQ,87.59,-2.92,393.7,0.88,0.77
NHIT,IV,153,-1.29,29633.81,0.5,0.77
STCINDIA,EQ,110.12,-5.6,660.72,0.68,0.76
FAZE3Q,BE,445,-2.79,1082.2,0.17,0.76
EXCEL,EQ,1.01,-4.72,142.48,75.76,0.76
MOMOMENTUM,EQ,63.15,-0.6,124.28,1.21,0.75
UFO,EQ,69.8,-1.27,270.93,1.09,0.75
NURECA,EQ,282,-4.47,269.08,0.26,0.75
TRANSWORLD,EQ,131.08,-5.81,287.82,0.57,0.75
DIVOPPBEES,EQ,82.08,-1.08,71.31,0.91,0.75
NETF,EQ,269.11,-1.48,719.01,0.28,0.75
LIKHITHA,EQ,146.45,-2.29,577.75,0.51,0.75
GANESHBE,EQ,79.5,-3.46,572.32,0.94,0.74
VARDMNPOLY,EQ,8.14,-3.55,373.54,9.33,0.74
BFUTILITIE,BZ,489,-3.27,1841.95,0.15,0.74
KRONOX,EQ,114.1,-4.78,423.36,0.64,0.74
DIGIKORE,SM,82,-4.15,103.86,0.9,0.73
EXCELINDUS,EQ,923,-3.12,1160.27,0.08,0.73
INDIANHUME,EQ,325,-2.27,1712.16,0.23,0.73
RUSHIL,EQ,17.29,-2.48,507.32,4.25,0.73
INDOWIND,EQ,8.88,-3.79,142.97,8.2,0.72
SPECIALITY,EQ,98.81,-2.65,476.62,0.72,0.72
JAYSREETEA,EQ,77.84,-4.83,224.78,0.92,0.72
SUPREMEPWR,SM,141,-5.27,352.38,0.51,0.72
BRIGHOTEL,EQ,59.55,-1.98,2261.96,1.2,0.71
FRESHARA,ST,189.9,-1.61,446.25,0.38,0.71
875NHAI29,N6,1089,-0.24,1295.7,0.06,0.71
PENINLAND,EQ,17.64,-3.34,585.17,4.06,0.71
CONSUMER,EQ,10.92,-2.24,43.21,6.48,0.71
SUKHJITS,EQ,196,-9.53,612.38,0.36,0.71
HEALTHY,EQ,15.22,-0.39,65.92,4.63,0.7
PPAP,EQ,213,-1.22,300.65,0.33,0.7
KAVDEFENCE,BE,64,-0.11,220,1.08,0.7
REMUS,SM,613,-8.37,722.36,0.11,0.69
KESORAMIND,BE,8.74,-4.69,271.52,7.84,0.69
BROOKS,EQ,62.9,-6.27,185.29,1.1,0.69
RSWM,EQ,148,-1.49,697.1,0.47,0.69
DBEIL,EQ,73.19,-3.86,340.93,0.94,0.68
VHLTD,BE,144,-2.04,973.14,0.46,0.68
OAL,EQ,254,-7.74,854.8,0.26,0.68
GANDHITUBE,EQ,856,-2,1040.21,0.08,0.68
GUJAPOLLO,EQ,357.05,-4.56,421.32,0.19,0.67
TEXINFRA,EQ,90.75,-3.67,1156.4,0.73,0.67
ALLDIGI,EQ,803.05,-2.49,1223.71,0.08,0.66
SCML,SM,135.95,-0.62,156.48,0.49,0.66
SHIVALIK,EQ,282.2,-2.13,444.48,0.24,0.66
SYSTMTXC,EQ,72.21,-4.31,985.94,0.9,0.66
AONENIFTY,EQ,10.26,-0.77,16.52,6.46,0.66
RPPINFRA,EQ,72.23,-6.12,358.16,0.9,0.66
VIKASECO,EQ,1.35,-2.88,238.78,48.96,0.66
MOTOUR,EQ,75.39,-3.05,7.73,0.86,0.65
MMP,EQ,241.01,-3.33,612.23,0.27,0.65
ITADD,EQ,31.92,-1.05,95.42,2.04,0.65
CNL,EQ,663.2,-0.37,995.91,0.1,0.65
AMRUTANJAN,EQ,583.95,-2.14,1688.24,0.11,0.64
VISAKAIND,EQ,60.4,-1.26,521.88,1.07,0.64
AXSENSEX,EQ,82.95,-1.34,131.23,0.77,0.64
NV20BEES,EQ,150.6,-0.73,152.63,0.43,0.64
BHAGERIA,EQ,152.93,-0.82,667.45,0.42,0.63
UTSSAV,SM,195,-4.01,464.45,0.32,0.63
ATL,EQ,24.01,-3.92,700.75,2.58,0.62
CYBERTECH,EQ,106.9,-5.83,332.79,0.56,0.62
MIRZAINT,EQ,33.36,-2.83,461.04,1.87,0.61
ANDHRAPAP,EQ,67.1,-2.43,1334.28,0.91,0.61
DENORA,EQ,681.1,-3.19,361.57,0.09,0.61
MAXIND,EQ,148.2,-2.9,777.5,0.41,0.61
IGPL,EQ,346.95,-3.97,1068.43,0.17,0.61
MEDICAMEQ,EQ,298,-1.06,404.17,0.21,0.61
MODISONLTD,EQ,131.5,-4.12,426.72,0.45,0.6
ESCONET,SM,113.75,-3.23,150.11,0.53,0.6
INTENTECH,EQ,98.35,-3.08,232.35,0.61,0.6
SCHAND,EQ,152.26,-0.1,537.05,0.4,0.6
NDLVENTURE,EQ,112.8,-2.19,379.82,0.54,0.6
BASILIC,SM,205.35,-4.82,518.82,0.29,0.6
BBETF0432,EQ,1320.85,-0.02,10675.27,0.05,0.6
GTPL,EQ,58.2,-0.44,654.53,1.04,0.6
VLSFINANCE,EQ,251,-0.34,787.6,0.24,0.6
VIKASLIFE,EQ,1.42,-2.74,263.79,42.39,0.59
ALICON,EQ,746,-0.87,1218.73,0.08,0.59
VINEETLAB,EQ,29.5,-0.1,56.66,1.96,0.59
KRIDHANINF,EQ,2.73,-19.94,25.87,20.95,0.59
CHEMCON,EQ,161.71,-1.69,592.36,0.36,0.58
SYSTANGO,SM,241.5,-6.25,354.25,0.24,0.58
GOACARBON,EQ,354.05,-2.45,323.99,0.16,0.58
RMDRIP,EQ,63.48,-10,1585.73,0.9,0.57
AVONMORE,EQ,13.62,-6.71,384.34,4.13,0.57
PRITIKAUTO,EQ,12.59,-4.69,209.64,4.53,0.57
INFLUX,SM,205,-1.09,474.58,0.28,0.56
INDIQUBE,EQ,170.26,-1.31,3608.92,0.33,0.56
DEVX,EQ,41.8,-2.97,376.98,1.33,0.56
MAGADSUGAR,EQ,448.9,-2.34,632.57,0.12,0.55
NIPPOBATRY,EQ,313,-6.97,234.75,0.17,0.55
MIDSELIETF,EQ,17.39,-1.58,90.59,3.14,0.55
NAHARPOLY,EQ,231.89,-5.88,570.17,0.24,0.54
3IINFOLTD,EQ,13.51,-3.08,280.19,3.95,0.54
PYRAMID,EQ,140.1,-4,515.36,0.38,0.54
CHANDAN,SM,257,-1.19,628.42,0.21,0.53
MOMIDMTM,EQ,61.88,-1.43,26.29,0.86,0.53
NECLIFE,EQ,11.63,-4.67,225.93,4.5,0.53
GLOBECIVIL,EQ,48.09,-4.92,287.19,1.08,0.53
HDFCNIF100,EQ,26.61,-0.49,73.94,1.98,0.52
ORIENTPPR,EQ,18.21,-2.62,386.39,2.89,0.52
FLEXIADD,EQ,9.78,-0.91,11.26,5.31,0.52
DCMSRIND,EQ,35.61,-1.9,309.78,1.45,0.52
NARMADA,EQ,32.02,-2.23,121.47,1.62,0.52
PLASTIBLEN,EQ,138.25,-5.82,359.3,0.37,0.51
ASAHISONG,EQ,224,-0.27,264.03,0.23,0.51
IFGLEXPOR,EQ,163.01,-4.69,1174.95,0.31,0.51
KUANTUM,EQ,86.9,-3,758.32,0.58,0.51
NILKAMAL,EQ,1347,-1.99,2010.06,0.04,0.51
OSWALGREEN,EQ,25.75,-5.4,661.28,1.95,0.5
LIBERTSHOE,EQ,232,-3.9,395.33,0.22,0.5
HMAAGRO,EQ,25.3,-2.35,1266.95,1.99,0.5
VETO,EQ,101.38,-2.09,193.79,0.49,0.5
MOHEALTH,EQ,44.49,-0.38,42.78,1.13,0.5
APEXECO,SM,117,-8.59,154.27,0.42,0.49
INDOAMIN,EQ,104.01,-3.92,754.98,0.47,0.49
IWARE,ST,259.7,-2.97,278.29,0.19,0.49
ATMASTCO,SM,142.5,-3.85,352.47,0.34,0.49
SASTASUNDR,EQ,271.95,-3.99,865.09,0.18,0.49
INDORAMA,EQ,34.75,-1.92,907.37,1.42,0.49
76NHAI31,NA,1153,-0.08,3084.58,0.04,0.49
BANKPSU,EQ,96.94,-1.73,67.92,0.5,0.49
SAURASHCEM,EQ,63,-3.88,701.11,0.76,0.48
MENONBE,EQ,114.15,-1.7,639.7,0.42,0.48
ASIANHOTNR,EQ,280,-3.35,544.69,0.17,0.48
AUTOIND,EQ,72.9,-3.57,330.79,0.65,0.48
MAZDA,EQ,195.25,-1.08,390.99,0.24,0.47
SAHAJSOLAR,SM,114.05,-6.55,250.59,0.41,0.47
TUNWAL,SM,29.65,-1.33,171.06,1.6,0.47
RCOM,BE,0.82,-4.65,226.77,57.69,0.47
VIPCLOTHNG,EQ,19.7,-1.45,177.56,2.41,0.47
MANBA,EQ,117.5,-2.84,590.31,0.4,0.47
CONSOFINVT,BE,230.75,-1.69,745.93,0.21,0.47
AARTISURF,EQ,390.75,-3.51,330.77,0.12,0.47
CPEDU,EQ,190.57,-5.83,346.7,0.25,0.47
AJOONI,EQ,4,-9.71,68.9,11.45,0.47
RPPL,EQ,15.42,-7.11,114.48,2.94,0.46
RKEC,EQ,42.57,-1.34,109.92,1.12,0.46
DVL,EQ,232.25,-5.65,813.45,0.2,0.46
STARPAPER,EQ,136.41,-2.63,212.91,0.33,0.46
GROWWNET,EQ,8.65,-1.7,24.05,5.3,0.46
NAMOEWASTE,SM,166,-4.52,379.6,0.27,0.45
YUKEN,EQ,764.9,-2.25,1039.04,0.06,0.45
DMCC,EQ,220,-1.5,548.68,0.2,0.45
SILKFLEX,ST,132.75,-4.97,154.08,0.32,0.45
SONAMLTD,EQ,48.5,-1.88,194.16,0.93,0.45
PANACHE,BE,323.15,-5,517.49,0.14,0.45
FELIX,SM,182.2,-5.52,313.5,0.23,0.44
NIFTY100EW,EQ,33.65,-1.46,8.23,1.31,0.44
OSWALAGRO,EQ,44.65,-5.6,599.36,0.97,0.44
BPL,EQ,53.25,-3.64,260.8,0.82,0.44
FOCUS,EQ,64.97,-0.54,438.19,0.68,0.44
RUDRA,EQ,18.1,-8.31,181.62,2.39,0.44
NOVAAGRI,EQ,28.42,-4.08,262.94,1.54,0.43
PURPLEUTED,SM,288.3,-4.99,277.05,0.15,0.43
NATHBIOGEN,EQ,144.43,-3.76,274.47,0.3,0.43
HPAL,EQ,35.2,-4.01,323.4,1.24,0.43
RAMANEWS,EQ,32.98,-7.2,486.53,1.3,0.43
HILTON,EQ,17.68,-0.79,61.34,2.48,0.43
SRHHYPOLTD,EQ,456,-2.05,782.72,0.09,0.43
MOM50,EQ,259.99,-0.9,55.89,0.17,0.43
AVTNPL,EQ,62.99,-2.54,959.24,0.68,0.42
SURAKSHA,EQ,266,-2.01,1385.35,0.16,0.42
AVG,EQ,141,-4.32,212.31,0.3,0.42
SHALPAINTS,EQ,54.99,-0.76,460.33,0.78,0.42
ELGNZ,SM,65,-4.13,146.9,0.64,0.42
CONSUMIETF,EQ,119,-0.29,54.24,0.36,0.42
AMANTA,EQ,100.4,-2.48,389.85,0.42,0.42
ALLETEC,SM,153.5,-2.48,309.98,0.27,0.42
ATLANTAA,EQ,39.5,-2.57,321.93,1.09,0.42
DIGISPICE,EQ,18.05,-4.95,423.22,2.32,0.42
MOLDTECH,EQ,132,-1.04,380.23,0.32,0.42
EVIETF,EQ,30.5,-1.45,47.21,1.37,0.41
KCK,SM,24,-5.51,152.64,1.75,0.41
BTML,EQ,7.05,-2.35,127.25,6,0.41
INTERNET,EQ,11.6,-1.94,17.74,3.56,0.41
HMVL,EQ,66.15,-5.63,487.34,0.6,0.41
HDFCPVTBAN,EQ,28.97,-0.48,761.99,1.43,0.41
KAPSTON,BE,403.5,-1.96,818.63,0.1,0.41
TTKHLTCARE,EQ,895,-1.46,1264.66,0.05,0.41
SIGMA,EQ,40.7,-2.93,418.29,1.02,0.41
VSTL,EQ,109.6,-6.13,207.83,0.37,0.41
EFACTOR,SM,232,-1.26,303.64,0.18,0.41
MOMENTUM,EQ,31.49,-0.79,43.77,1.3,0.41
TVSELECT,BE,356.1,-4.11,664.14,0.11,0.41
NAHARSPING,EQ,199.5,-2.6,719.5,0.21,0.41
SPECTRUM,EQ,1286,-11.28,2020.8,0.03,0.41
EMULTIMQ,EQ,40.36,-0.76,33.67,1.01,0.41
IGCL,EQ,63.65,-3.5,402.42,0.64,0.4
URBAN,SM,131,-6.43,113.45,0.3,0.4
CREST,EQ,331,-4.35,941.69,0.12,0.4
GREENLAM,EQ,231.14,-3.29,5897.48,0.17,0.4
FCSSOFT,EQ,1.52,-3.8,259.85,26.76,0.4
EXXARO,EQ,7.9,-3.89,353.45,5.03,0.4
MEDICO,EQ,42.53,-4.49,352.93,0.93,0.4
GSMFOILS,SM,203.9,-1,287.35,0.2,0.4
ETML,SM,94.95,-1.09,184.93,0.43,0.4
PARTH,SM,249,-5.61,340.33,0.16,0.4
NEXT50ETF,EQ,69.19,-1.44,9.42,0.57,0.4
TEXMOPIPES,EQ,41.68,-7.67,121.68,0.95,0.4
NRVANDANA,SM,59.95,-5.81,139.65,0.66,0.39
RUCHIRA,EQ,105.9,-3.43,316.06,0.37,0.39
VRAJ,EQ,120.16,-5.27,396.32,0.32,0.39
GROWWRLTY,EQ,8.65,-1.26,11.17,4.42,0.38
GCHOTELS,SM,105.75,-4.64,263.52,0.35,0.38
GRPLTD,EQ,1805,-0.49,962.67,0.02,0.38
SAKUMA,EQ,1.77,-3.28,277.48,21.6,0.38
CENTEXT,EQ,18.5,-6.47,148,1.98,0.37
SILINV,EQ,412.2,-5.46,436.76,0.09,0.37
CSSL,SM,125.05,-0.28,300.71,0.29,0.37
UGARSUGAR,EQ,35.56,-2.81,400.05,1.03,0.37
MAGSON,SM,135,-2.88,154.57,0.28,0.37
TIGERLOGS,EQ,30.41,-0.98,321.51,1.19,0.36
ENFUSE,SM,187,-4.1,165.45,0.2,0.36
HDFCGROWTH,EQ,118.29,-1.31,17.55,0.3,0.36
INTLCONV,EQ,77.6,-2.02,494.94,0.47,0.36
HDFCVALUE,EQ,135.36,-0.62,34.26,0.26,0.35
BLAL,EQ,185.4,-1.21,772.09,0.19,0.35
COASTCORP,BE,43.84,-3.9,293.63,0.8,0.35
MAWANASUG,EQ,78.31,-4.15,306.32,0.44,0.35
MALLCOM,EQ,1135,-1.95,708.24,0.03,0.35
SHAHALLOYS,EQ,65.42,-0.65,129.52,0.56,0.35
AERON,SM,89.5,-4.58,152.33,0.39,0.35
AARON,EQ,153.63,-4.9,321.8,0.23,0.35
JAYBEE,SM,73.6,-3.54,166.1,0.47,0.35
NEPHROCARE,SM,73.05,-4.94,120.43,0.47,0.35
HCL-INSYS,EQ,12.45,-4.01,409.87,2.76,0.34
PTL,EQ,38.01,-1.02,503.16,0.9,0.34
DONEAR,EQ,84.35,-3,438.62,0.41,0.34
PAVNAIND,EQ,18.9,-8.34,263.71,1.73,0.34
NILAINFRA,EQ,7.93,-1.73,312.35,4.26,0.34
MANAKALUCO,BE,27.8,-1.56,182.18,1.23,0.34
SURANASOL,EQ,21.7,-5.12,106.78,1.57,0.34
MANUFGBEES,EQ,155.79,-1.68,10.95,0.22,0.34
ESSENTIA,EQ,1.27,-3.05,135.6,27.02,0.34
DPEL,ST,290,-1.44,723.99,0.12,0.33
LINC,EQ,103.76,-3.36,617.26,0.32,0.33
UNIDT,EQ,171.99,-1.53,349.19,0.19,0.33
BIOPOL,SM,93.7,-2.04,101.25,0.37,0.33
AMCL,ST,413.55,-4.93,489.43,0.08,0.33
REPRO,EQ,380.05,-4.55,545.19,0.09,0.33
KAYA,EQ,312.05,-3.6,473.93,0.1,0.33
96IIFL28,N5,997,-0.1,381.68,0.03,0.33
ANLON,SM,378,-0.92,236.45,0.09,0.33
HIGREEN,SM,125.55,-4.74,313.75,0.26,0.33
MAXVOLT,SM,291.25,-4.99,317.58,0.11,0.33
BASML,EQ,21.6,-6.09,172.63,1.49,0.33
BRNL,EQ,18.89,-2.93,158.58,1.72,0.32
TFL,EQ,13.49,-0.22,74.35,2.36,0.32
SIKKO,EQ,4.59,-0.22,200.49,7.31,0.32
THEMISMED,EQ,83.7,-2.45,770.88,0.39,0.32
MANGALAM,EQ,28.4,-2.34,44.95,1.15,0.32
BYKE,EQ,39.71,-5.29,207.6,0.79,0.32
BIL,EQ,718.2,-5.21,963.14,0.04,0.32
DENEERS,ST,137.2,-4.59,118.08,0.23,0.32
UYFINCORP,EQ,14.03,-0.57,266.9,2.26,0.32
RNFI,SM,270.05,-0.86,676.76,0.11,0.31
DCM,EQ,70.68,-9.22,132.01,0.45,0.31
BEWLTD,SM,97,-5.83,126.81,0.33,0.31
KOHINOOR,EQ,24.41,-2.63,90.49,1.3,0.31
CSLFINANCE,EQ,251.05,-4.63,571.96,0.12,0.31
UCAL,EQ,101.99,-6.08,225.54,0.3,0.31
HESTERBIO,EQ,1550,-0.77,1318.56,0.02,0.31
GTL,EQ,7.02,-0.14,110.42,4.43,0.31
EEPL,SM,140.8,-6.13,182.47,0.21,0.31
HTMEDIA,EQ,20.7,-5.13,378.1,1.44,0.3
USK,EQ,27.77,-3.14,153.73,1.1,0.3
DYNPRO,EQ,225,-3.05,279.64,0.13,0.3
AGARWALTUF,SM,96.25,-1.79,170.12,0.31,0.3
VINYLINDIA,EQ,205,-2.33,375.91,0.15,0.3
GEEKAYWIRE,EQ,23.7,-5.01,247.71,1.25,0.3
KOKUYOCMLN,EQ,79.24,-3.73,794.81,0.37,0.3
EMKAY,EQ,227,-3.26,588.17,0.13,0.3
HLVLTD,EQ,7.8,-1.89,514.22,3.79,0.3
725GS2063,GS,99.1,-0.05,237840,0.3,0.3
INNOVANA,EQ,393.25,-2.42,812.45,0.07,0.29
MANAKSIA,EQ,57.1,-4.19,374.2,0.51,0.29
GFLLIMITED,EQ,44.2,-3.35,485.54,0.65,0.29
AVROIND,EQ,131.86,-5,175.52,0.21,0.29
ZIMLAB,EQ,68.01,-2.49,331.45,0.41,0.29
SUNDARAM,EQ,1.36,-9.93,64.45,20.41,0.28
SRD,EQ,40.35,-5.94,258.11,0.69,0.28
734GS2064,GS,101.39,-0.01,242322.1,0.28,0.28
ALBERTDAVD,EQ,689.85,-3.05,393.71,0.04,0.28
ADDICTIVE,SM,99,-6.16,157.51,0.28,0.28
DCI,EQ,242.25,-3.27,387.6,0.11,0.28
PONNIERODE,EQ,261.6,-4.14,224.93,0.11,0.28
LANCORHOL,BE,22.95,-4.97,168.8,1.21,0.28
SBIETFPB,EQ,290,-0.89,367.22,0.1,0.28
RBMINFRA,SM,326.8,-5.23,330.17,0.08,0.27
ALPA,EQ,64.1,-2.89,134.87,0.43,0.27
ADVANIHOTR,EQ,54,-0.97,499.17,0.51,0.27
KDL,ST,126.9,-4.98,152.58,0.21,0.27
ACL,EQ,53,-4.57,488.51,0.5,0.27
IITL,EQ,129,-1.56,290.86,0.21,0.27
ARIHANTSUP,EQ,257.85,-2.66,1115.2,0.1,0.27
VERTIS,IV,107,-1.83,16156.83,0.25,0.27
SURANAT&P,EQ,17.15,-4.35,232.83,1.55,0.27
HITECHCORP,EQ,130.4,-7.62,223.97,0.2,0.27
QUESTLAB,ST,114.75,-4.97,188.04,0.23,0.26
CHEMFAB,EQ,375,-1.19,539.01,0.07,0.26
SUTLEJTEX,EQ,30.99,-1.31,507.7,0.85,0.26
KILITCH,EQ,315.8,-2.38,552.04,0.08,0.26
KCPSUGIND,EQ,22.25,-3.89,252.28,1.15,0.26
DHARARAIL,SM,117.1,-1.6,176.63,0.22,0.26
ACCURACY,EQ,4.5,-7.79,67.75,5.65,0.26
BHARATGEAR,EQ,103.03,-3.5,158.2,0.25,0.26
NEPTUNE,ST,219,-2.23,496.11,0.12,0.26
PVTBANKADD,EQ,28.77,-0.83,521.28,0.9,0.26
NATCAPSUQ,EQ,151.2,-1.74,157.04,0.17,0.25
10NIDO26,N6,1048.5,-0.62,366.14,0.02,0.25
VISHWARAJ,EQ,5.56,-5.12,121.11,4.52,0.25
628GS2032,GS,99.5,-0.2,65670,0.25,0.25
GOLDTECH,EQ,39,-2.01,203.82,0.63,0.25
BLUEWATER,SM,147.9,-0.4,162.69,0.17,0.25
AKIKO,ST,207.25,-4.93,223.2,0.12,0.25
BEDMUTHA,BE,132.51,-1.35,427.53,0.19,0.25
SHETHJI,SM,112.3,-2.31,255.59,0.22,0.25
RANASUG,EQ,10.84,-2.34,166.47,2.3,0.25
SAVY,SM,131.3,-1.68,273.22,0.19,0.25
SESHAPAPER,EQ,267.5,-1.62,1687.07,0.09,0.25
AURIGROW,BE,0.25,-3.85,36.91,98.62,0.25
SAAKSHI,SM,179.9,-0.61,317.63,0.14,0.25
ORIENTCER,EQ,36.9,-4.43,441.47,0.66,0.25
MONEYBOXX,EQ,62.13,-2,406.39,0.39,0.25
VIRINCHI,EQ,19.06,-3.3,195.64,1.28,0.24
AAATECH,EQ,99.5,-2.62,127.63,0.25,0.24
DPWIRES,EQ,145.06,-3.67,224.85,0.17,0.24
ZENITHDRUG,SM,49,-1.01,84.03,0.5,0.24
PLAZACABLE,EQ,35.95,-6.14,157.29,0.66,0.24
SUPREMEINF,BZ,81.86,-2.1,791.88,0.3,0.24
EMAPARTNER,SM,82.25,-5.89,191.2,0.28,0.24
VIDHIING,EQ,309,-0.4,1543.3,0.08,0.24
SMLT,EQ,69.79,-0.26,95.54,0.37,0.24
CHAVDA,SM,102.6,-5.87,335.05,0.23,0.24
DURLAX,SM,44.8,-7.15,74.49,0.52,0.23
BMETRICS,SM,34.9,-5.55,42.98,0.67,0.23
MEGATHERM,SM,206,-3.31,388.12,0.11,0.23
UEL,EQ,170.34,-5,2272.3,0.14,0.23
LEXUS,BE,37.9,-1.07,77.66,0.62,0.23
UNITEDTEA,EQ,498.1,-0.5,248.88,0.05,0.23
PURVFLEXI,SM,52.6,-4.97,110.37,0.43,0.23
GROWWMOM50,EQ,10.35,-1.52,21.85,2.21,0.23
STARTECK,EQ,260,-2.4,257.67,0.09,0.23
LAMBODHARA,EQ,100.6,-5.17,104.4,0.22,0.23
MSCIINDIA,EQ,29.95,-1.09,1667.45,0.76,0.23
SAKHTISUG,EQ,15.66,-2.25,186.12,1.46,0.23
AKSHOPTFBR,EQ,4.54,-6.58,73.86,4.88,0.23
BCONCEPTS,EQ,240.9,-4.46,300.69,0.09,0.22
QNIFTY,EQ,272.6,-1.24,81,0.08,0.22
SHREEKARNI,SM,415,-1.21,299.99,0.06,0.22
KEYFINSERV,EQ,270.25,-4,150.44,0.08,0.22
BLBLIMITED,BE,17.1,-3.61,90.4,1.28,0.22
TRIGYN,EQ,51.25,-1.65,157.78,0.43,0.22
MOKSH,EQ,12.25,-1.84,108.1,1.83,0.22
TECH,EQ,32.81,-1.03,184.87,0.67,0.22
RBS,SM,81,-1.4,185.18,0.27,0.22
TAINWALCHM,EQ,192.7,-7.88,180.44,0.11,0.22
RNPL,SM,139.75,-0.89,111.02,0.16,0.22
KRITIKA,EQ,5.76,-5.57,153.38,3.89,0.22
TAKE,BE,40.11,-5,593.36,0.55,0.22
TREJHARA,BE,182,-3.92,427.8,0.12,0.22
SHYAMDHANI,SM,72.45,-4.86,149.65,0.3,0.22
GROWWN200,EQ,11.27,-1.57,14.84,1.91,0.22
SHIVAMAUTO,EQ,19,-3.01,249.84,1.15,0.22
GULFPETRO,EQ,31.12,-2.99,158.66,0.68,0.21
GROWWNXT50,EQ,69.78,-0.57,7.87,0.31,0.21
IMPAL,EQ,1006,-3.6,1255.49,0.02,0.21
MEGASTAR,EQ,215.6,-4.93,243.49,0.1,0.21
GLOBALVECT,EQ,155.42,-4.77,217.59,0.13,0.21
JAIPURKURT,EQ,33.7,-3.3,64.34,0.61,0.21
GLOBE,EQ,2.47,-7.14,111.25,8.43,0.21
HITECHGEAR,BE,618.1,-3.81,1161.61,0.03,0.21
TRANSTEEL,SM,140,-0.96,309.29,0.15,0.21
GATECH,EQ,0.47,-4.08,51.83,44.19,0.21
SECMARK,EQ,122.9,-4.36,128.39,0.17,0.21
AIRAN,EQ,16.03,-2.26,200.41,1.31,0.21
BHANDARI,EQ,2.7,-3.91,64.81,7.74,0.21
DCCL,SM,43,-5.08,61.39,0.48,0.21
POSITRON,SM,156,-1.98,118.57,0.13,0.21
KOTHARIPRO,EQ,63.71,-5.66,380.27,0.31,0.2
AXISTECETF,EQ,333.3,-0.77,157.01,0.06,0.2
BSHSL,EQ,85.7,-4.54,899.31,0.24,0.2
EQUAL200,EQ,13.21,-1.2,16.8,1.52,0.2
LOTUSEYE,EQ,107,-2.89,222.52,0.19,0.2
RAJMET,EQ,3.67,-4.18,101.47,5.45,0.2
NAGAFERT,EQ,4.17,-4.58,249.39,4.83,0.2
RAPPID,SM,252.95,-1.75,131.33,0.08,0.2
BALAXI,EQ,19,-3.7,104.89,1.04,0.2
ALMONDZ,EQ,15.8,-1.99,274.36,1.29,0.2
NEXT30ADD,EQ,41.17,-0.58,44.22,0.48,0.2
AARVI,EQ,122.48,-5.81,181.4,0.16,0.2
GROWWMC150,EQ,215,-1.98,5.92,0.09,0.19
ARHAM,SM,128.25,-6.28,217,0.15,0.19
INVENTURE,EQ,1.01,-6.48,106.05,19,0.19
LYKALABS,EQ,60.64,-2.74,216.42,0.32,0.19
SSDL,EQ,60.7,-1.06,240.37,0.32,0.19
BEACON,ST,79,-1.43,142.71,0.25,0.19
SMARTEN,SM,57.85,-2.94,109.92,0.34,0.19
SHEMAROO,EQ,98.25,-2.89,268.42,0.19,0.19
GVKPIL,BE,2.74,-1.79,432.54,6.99,0.19
XELPMOC,EQ,125.5,-3.77,185.23,0.15,0.19
ONELIFECAP,EQ,14.89,-4.98,19.89,1.27,0.19
82HUDCO27,N2,1022.15,-0.28,2574,0.02,0.19
TRU,EQ,6.39,-4.2,75.95,2.95,0.19
DPSCLTD,EQ,8.88,-5.13,864.73,2.13,0.19
TANKUP,ST,501.5,-1.99,265.54,0.04,0.19
CHEMBOND,EQ,143.95,-2.08,193.59,0.13,0.19
NAHARCAP,EQ,231,-3.18,386.84,0.08,0.19
ELDEHSG,EQ,856.05,-4.39,841.75,0.02,0.19
VINNY,EQ,1.03,-3.74,47.92,18.02,0.19
ROSSELLIND,EQ,45.22,-6.18,170.46,0.41,0.18
SNXT50BETA,EQ,91.6,-0.69,32.66,0.2,0.18
APOLSINHOT,EQ,1197,-4.29,311.27,0.02,0.18
AONETMMQ50,EQ,9.7,-0.92,6.61,1.86,0.18
NIRAJ,EQ,29,-2.06,173.11,0.62,0.18
RHFL,BZ,2.04,-4.67,98.85,8.67,0.18
FIBERWEB,BE,41.4,-1.5,119.2,0.44,0.18
SHEEL,SM,55.1,-7.86,112.14,0.32,0.18
WINSOL,SM,126.6,-4.31,146.04,0.14,0.18
AARTECH,EQ,41.2,-3.74,130.89,0.42,0.17
FIDEL,SM,128,-2.74,176.01,0.15,0.17
GOKUL,EQ,37.09,-8.06,367.17,0.46,0.17
AERONEU,EQ,66.12,-5.6,170.56,0.25,0.17
KRITINUT,EQ,67.4,-4.08,337.7,0.26,0.17
GSLSU,EQ,80.39,-2.91,340.71,0.22,0.17
MARUSHIKA,ST,101.5,-1.6,86.65,0.17,0.17
SLONE,SM,175,-2.75,92.21,0.1,0.17
IPHL,SM,52.45,-4.55,131.07,0.32,0.17
BANKBETF,EQ,60.7,-0.78,421.55,0.28,0.17
HGM,EQ,54.74,-1.51,68.94,0.31,0.17
SADHAV,SM,106.5,-5.67,152.86,0.16,0.17
FINBUD,SM,100.6,-4.19,191.64,0.16,0.17
JHS,EQ,9.25,-2.63,79.18,1.81,0.17
ISFT,EQ,69.64,-2.22,113.59,0.24,0.17
PIONEEREMB,EQ,27.07,-0.95,83.4,0.62,0.17
NIBL,EQ,31.07,-0.64,75.28,0.52,0.17
SUDARCOLOR,EQ,335,-2.47,773.24,0.05,0.16
KKJEWELS,SM,86.55,-1.93,90.75,0.19,0.16
NIRMAN,ST,49.5,-3.41,39.65,0.34,0.16
MANAKSTEEL,EQ,56.5,-2.45,370.27,0.29,0.16
DUCON,EQ,3.3,-0.3,107.23,5.07,0.16
RHL,EQ,185,-4.53,319.9,0.09,0.16
DUCOL,SM,127.7,-6.86,207.57,0.13,0.16
KANDARP,SM,148.45,-6.49,133.2,0.11,0.16
VOLERCAR,SM,202,-1.94,225.1,0.08,0.16
KONSTELEC,SM,36.25,-4.98,54.74,0.44,0.16
915APSBC29,N0,101341.42,-0.65,556.36,0,0.16
ONDOOR,SM,146,-10.24,82.47,0.11,0.16
ASHALOG,SM,61.5,-2.38,83.37,0.26,0.16
SADHNA-RE,BE,0.39,-39.06,102.78,41.08,0.16
PATILAUTOM,SM,150,-0.99,327.31,0.11,0.16
SADHNANIQ,EQ,1.87,-4.59,61.6,8.54,0.16
PARIN,SM,718,-0.97,798.27,0.02,0.16
ORIENTALTL,EQ,6.16,-6.95,45.28,2.52,0.16
ATAM,EQ,60,-6.13,68.78,0.26,0.16
NAHARINDUS,EQ,94.2,-2.97,407,0.17,0.16
SHRIAHIMSA,SM,231,-4.55,541.25,0.07,0.16
ENVIRO,SM,104.55,-6.4,196.45,0.15,0.16
FROG,SM,137.85,-4.17,214.42,0.11,0.16
VARDHACRLC,EQ,33.56,-3.2,269.7,0.46,0.15
MOPSE,EQ,105.26,-0.51,1.58,0.15,0.15
CONS,EQ,11.65,-2.02,33.96,1.32,0.15
VICTORYEV,SM,14.55,-8.2,35.05,1.05,0.15
MBLINFRA,EQ,25.5,-3.08,388.95,0.6,0.15
AKI,EQ,4.91,-3.54,50.67,3.15,0.15
IVZINNIFTY,EQ,2836.8,-1.47,94.37,0.01,0.15
HEALTHCARE,EQ,18.82,-0.26,7.28,0.8,0.15
INDBANK,EQ,34.38,-3.07,152.57,0.43,0.15
MODINATUR,EQ,283,-1.27,376.57,0.05,0.15
IDFNIFTYET,EQ,273.71,-1.06,3.91,0.05,0.15
MURUDCERA,EQ,31.63,-3.21,191.5,0.46,0.15
PARAGON,SM,45.7,-2.04,89.42,0.34,0.15
MIDCAPBETA,EQ,220.51,-0.31,12.5,0.07,0.15
SAMPANN,EQ,28.6,-4.38,116.14,0.5,0.14
FORCAS,SM,99.35,-5.38,174.66,0.14,0.14
ABAN,BE,19.35,-0.92,112.94,0.75,0.14
CHEVIOT,EQ,1028,-1.66,600.54,0.01,0.14
PRAKASHSTL,EQ,4.18,-4.35,73.15,3.37,0.14
MAYASHEEL,SM,43.5,-1.47,95.92,0.33,0.14
JAINIK,SM,118.75,-5,170.38,0.12,0.14
LATTEYS,EQ,21.25,-5.05,122.18,0.67,0.14
SPENCERS,EQ,32.14,-2.52,289.68,0.44,0.14
SHERA,SM,116.55,-2.06,284.84,0.12,0.14
DYNAMIC,SM,115,-4.17,158.08,0.12,0.14
MANUGRAPH,EQ,14.27,-5.56,43.4,0.96,0.14
BAGDIGITAL,SM,109,-3.54,231.28,0.13,0.14
JAYAGROGN,EQ,173.52,-1.6,520.56,0.08,0.14
GENUSPAPER,EQ,12.1,-5.62,311.12,1.13,0.14
DGCONTENT,EQ,26.51,-4.23,154.25,0.5,0.14
892NHPC33,N6,1305,-0.23,330.98,0.01,0.14
DICIND,EQ,521.5,-0.86,478.68,0.03,0.14
HDFCQUAL,EQ,57.15,-0.82,19.21,0.24,0.14
WOMANCART,SM,161,-2.28,112.85,0.08,0.14
CROWN,EQ,115.9,-3.77,130.69,0.12,0.13
SOFTTECH,EQ,273,-5.26,377.89,0.05,0.13
SBIETFQLTY,EQ,217.04,-0.93,74.23,0.06,0.13
CHAMUNDA,SM,49.4,-7.4,54.36,0.27,0.13
MADHAV,EQ,34.5,-10.74,30.87,0.38,0.13
VAISHALI,EQ,6.72,-3.59,87.67,1.96,0.13
GROWWCHEM,EQ,27.58,-0.93,7.32,0.48,0.13
709GS2054,GS,97,-0.33,143560,0.14,0.13
DRONE,SM,46.1,-6.59,112.48,0.28,0.13
96IIFL28A,NF,998,-0.1,327.37,0.01,0.13
KAYTEX,SM,77,-1.09,113.18,0.17,0.13
ENIL,EQ,105.5,-0.42,502.92,0.12,0.13
KRITI,EQ,78,-2.03,411.03,0.17,0.13
VALIANTLAB,EQ,56.2,-1.89,305.24,0.23,0.13
MKPL,EQ,4.85,-4.53,182.06,2.65,0.13
SENSEXADD,EQ,82.36,-1.19,8.5,0.16,0.13
MAITREYA,SM,187.95,-5.08,127.35,0.07,0.13
EMAMIPAP,EQ,81.1,-4.14,490.65,0.15,0.13
CELEBRITY,EQ,7.45,-7.22,44.46,1.7,0.13
3PLAND,EQ,31.4,-3.92,56.52,0.38,0.13
SBIETFCON,EQ,116.95,-1.76,23.54,0.11,0.13
TCL,SM,93,-3.13,226.38,0.14,0.13
RAJSREESUG,EQ,26.84,-2.75,88.94,0.48,0.13
WOL3D,ST,125.4,-5,80.91,0.1,0.13
IVC,EQ,7.23,-1.36,227.05,1.76,0.13
GLOSTERLTD,EQ,550.5,-2.1,602.43,0.02,0.13
RNBDENIMS,BE,162.27,-5,1460,0.08,0.12
PILITA,EQ,8.1,-4.59,190.35,1.51,0.12
AESTHETIK,SM,76,-1.62,130.87,0.16,0.12
MOGSEC,EQ,63.56,-0.67,156.29,0.19,0.12
NRAIL,EQ,450.1,-2.24,766.03,0.03,0.12
GOYALSALT,SM,117,-6.7,209.43,0.1,0.12
ARCHIES,EQ,15.03,-4.99,50.77,0.83,0.12
INDTERRAIN,EQ,30.35,-1.88,153.78,0.39,0.12
880IREDA29,N5,1088,-0.6,255.19,0.01,0.12
ELGIRUBCO,EQ,38,-5.02,190.19,0.31,0.12
DCMNVL,EQ,127.01,-0.7,237.23,0.09,0.12
NINSYS,EQ,315,-3.33,585.14,0.04,0.12
TRUST,SM,35.15,-4.35,83.75,0.32,0.12
MPEL,SM,51.55,-6.27,40.09,0.22,0.12
ENERGYDEV,EQ,15.79,-4.99,75,0.73,0.12
TOP15IETF,EQ,10.43,-1.42,7.6,1.12,0.12
THEINVEST,EQ,93,-3.04,485.85,0.12,0.12
GLOBALPET,SM,109,-3.54,128.48,0.1,0.12
AXISHCETF,EQ,151.17,-0.03,22.74,0.08,0.12
CINELINE,EQ,84.17,-4.37,288.42,0.13,0.12
PRECOT,BE,439,-3.76,526.8,0.03,0.11
AGROPHOS,EQ,32.5,-5.03,65.89,0.35,0.11
MCON,ST,43.95,-0.9,32.21,0.26,0.11
VIVIMEDLAB,EQ,7.2,-4.89,59.7,1.58,0.11
INFRA,EQ,11.24,-1.66,7.41,1.02,0.11
DIVIDEND,EQ,36.32,-1.3,8.3,0.31,0.11
NAGREEKCAP,EQ,23.7,-7.93,29.9,0.5,0.11
ANMOL,EQ,11.54,-2.78,65.68,1.02,0.11
VCL,BE,2.03,-4.69,37.3,5.47,0.11
SSFL,SM,128,-7.04,109.7,0.09,0.11
MODIS,EQ,316,-2.62,619.08,0.03,0.11
WELINV,EQ,1274,-0.58,465.58,0.01,0.11
DRCSYSTEMS,EQ,15.09,-1.11,217.42,0.75,0.11
MANOMAY,BE,216.85,-2.95,391.39,0.05,0.11
690GS2065,GS,95.6,-0.57,166344,0.12,0.11
MITTAL,EQ,0.94,-6,41.73,11.97,0.11
OWAIS,SM,153.25,-4.99,278.65,0.07,0.11
SUPREME,EQ,55,-1.52,212.56,0.2,0.11
KOTARISUG,EQ,24.04,-3.45,199.26,0.44,0.11
RADIOCITY,EQ,6.02,-0.33,208.1,1.75,0.11
TBI,SM,71,-1.18,128.92,0.15,0.1
NECCLTD,EQ,13.8,-1.92,132.54,0.76,0.1
AGSTRA,BZ,3.39,-3.14,43.54,3.08,0.1
CALSOFT,EQ,12,-4.46,74.19,0.86,0.1
SIL,EQ,14.34,-5.35,92.25,0.73,0.1
OBCL,EQ,55.07,-1.64,116.1,0.18,0.1
ANIKINDS,EQ,45.77,-0.97,127.03,0.23,0.1
GREENLEAF,SM,114.5,-3.54,67.89,0.09,0.1
LAGNAM,EQ,69.3,-6.41,122.45,0.14,0.1
TOUCHWOOD,EQ,71.16,-3.69,78.85,0.14,0.1
SIDDHIKA,SM,202,-4.94,124.82,0.05,0.1
MACOBSTECH,SM,207.9,-3.53,203.64,0.05,0.1
668GS2033,GS,100,-0.84,22000,0.1,0.1
AKSHAR,EQ,0.41,-2.38,32.29,25.04,0.1
SFML,SM,24.5,-14.49,60.83,0.4,0.1
VIJAYPD,ST,60.6,-4.94,118.34,0.16,0.1
SATTVAENGG,SM,45.6,-5,79.66,0.21,0.1
OPTIVALUE,SM,66.85,-3.12,156.51,0.14,0.1
UMAEXPORTS,EQ,25.85,-5.52,87.4,0.37,0.1
HEALTHADD,EQ,149.59,-0.37,12.79,0.06,0.1
901NHB34,N6,6186,-0.23,823.62,0,0.1
ROLLT,BE,1.35,-4.26,33.77,6.71,0.1
MITCON,EQ,55.26,-5.54,96.25,0.17,0.1
SUNDRMBRAK,EQ,577.5,-4.57,227.22,0.02,0.1
SHEETAL,ST,240,-0.81,274.94,0.04,0.09
BSLSENETFG,EQ,80.73,-1.02,281.25,0.12,0.09
EFORCE,SM,25.85,-4.26,60.49,0.37,0.09
LOWVOL1,EQ,21.15,-1.17,171.76,0.44,0.09
NEXT50ADD,EQ,69,-1.09,7.05,0.14,0.09
AHLEAST,EQ,160.65,-0.07,277.79,0.06,0.09
BALAJIPHOS,SM,130,-3.35,309.1,0.07,0.09
DIGIDRIVE,EQ,20.57,-2.93,79.32,0.44,0.09
GANGAFORGE,EQ,2.9,-3.65,39.09,3.16,0.09
MYMUDRA,SM,75,-2.72,85.44,0.12,0.09
ASPINWALL,EQ,211.9,-1.7,165.67,0.04,0.09
HEXATRADEX,EQ,160,-0.07,883.92,0.06,0.09
RAJPUTANA,SM,225.05,-1.08,158.29,0.04,0.09
SELECTIPO,EQ,41.49,-1.73,17.36,0.22,0.09
ALPHAGEO,EQ,197,-1.6,125.39,0.05,0.09
ESG,EQ,41.87,-1.32,106.3,0.22,0.09
BIOFILCHEM,EQ,30.36,-5.24,49.41,0.3,0.09
GAYAHWS,EQ,2.19,-4.78,52.48,4.1,0.09
BVCL,EQ,40.75,-3.44,90.3,0.23,0.09
WTICAB,SM,114,-0.09,271.45,0.08,0.09
SUPERHOUSE,EQ,148.1,-4.65,163.28,0.06,0.09
ODIGMA,EQ,24.25,-4.72,75.8,0.36,0.09
SHIVATEX,EQ,151.61,-4.66,196.53,0.06,0.09
ORBTEXP,EQ,163.9,-3.54,434.52,0.05,0.09
SILKY,SM,137,-3.52,87.24,0.06,0.09
IL&FSENGG,BZ,25.49,-0.82,334.23,0.34,0.09
WEIZMANIND,EQ,86.49,-2.87,134.01,0.1,0.09
LAKSHYA,SM,106.9,-3.87,107.8,0.08,0.08
AHLADA,EQ,44,-2.55,56.85,0.19,0.08
PRAXIS,EQ,7.41,-4.88,137.02,1.13,0.08
S&SPOWER,BE,291.6,-3.62,359.88,0.03,0.08
HRHNEXT,SM,23.95,-4.96,31.62,0.34,0.08
SHRIKANHA,SM,23.9,-6.27,37.24,0.35,0.08
KALYANIFRG,EQ,615,-0.6,223.74,0.01,0.08
BARFLEX,SM,59,-1.58,146.02,0.14,0.08
AMNPLST,EQ,152,-1.77,836.3,0.05,0.08
HINDCON,EQ,19.22,-4.99,98.39,0.43,0.08
VIGOR,SM,50.2,-7.21,51.97,0.16,0.08
PODDARMENT,EQ,233.98,-1.53,248.25,0.04,0.08
ORCHASP,EQ,2.5,-7.41,86.61,3.24,0.08
KLL,SM,38.35,-6.46,71.06,0.21,0.08
ATCENERGY,SM,27.05,-4.25,55.15,0.3,0.08
TOP20,EQ,9.15,-1.51,8.95,0.89,0.08
VILINBIO,ST,34.5,-1.29,48.13,0.24,0.08
MOS,SM,19.75,-5.5,508.44,0.4,0.08
SREEL,EQ,200.06,-1.99,463.24,0.04,0.08
HOACFOODS,ST,356.1,-2,154.56,0.02,0.08
CHETANA,SM,38.7,-2.52,78.95,0.21,0.08
KANPRPLA,EQ,172,-2.79,405.24,0.05,0.08
SANDESH,EQ,969.9,-1.62,734.16,0.01,0.08
GRAPHISAD,ST,30.5,-3.17,55.74,0.26,0.08
GOYALALUM,BE,6.6,-3.93,94.2,1.2,0.08
SRGHFL,EQ,256,-4.1,401.97,0.03,0.08
SAIFL,SM,9.4,-3.59,25.33,0.84,0.08
BANARISUG,EQ,3602,-0.09,4516.8,0,0.08
DIAMINESQ,EQ,234.8,-2.45,229.73,0.03,0.08
IVP,EQ,131.49,-3.92,135.78,0.06,0.08
AKSHARCHEM,EQ,204.2,-5.58,164.04,0.04,0.08
UNIENTER,EQ,101.51,-5.33,705.96,0.08,0.08
WHITEFORCE,SM,35.8,-7.85,41.53,0.19,0.08
UHTL,SM,48,-5.04,91.22,0.16,0.08
AMEYA,SM,92.5,-2.27,69.38,0.08,0.08
892PFCL33,N8,1239.99,-0.24,1068.82,0.01,0.08
FWSTC,SM,180,-4.2,183.19,0.04,0.08
LOVABLE,EQ,71.25,-4.26,105.45,0.11,0.08
INFOLLION,SM,320,-0.34,310.62,0.02,0.08
ACCPL,ST,68.05,-4.15,75.64,0.11,0.08
REFRACTORY,SM,37.05,-4.88,80.77,0.2,0.08
MODIRUBBER,EQ,112,-4.37,280.45,0.07,0.07
SIGIND,EQ,46.7,-0.21,137.47,0.16,0.07
726GS2033,GS,103.5,-0.67,163530,0.07,0.07
DHUNINV,EQ,932,-4.73,568.26,0.01,0.07
MEDIORG,SM,22.8,-5,26.68,0.32,0.07
CTE,EQ,27.69,-2.26,54.36,0.27,0.07
PRITI,EQ,43.2,-6.9,57.69,0.16,0.07
CAPTRUST,EQ,12.4,-4.32,42.18,0.59,0.07
VIJIFIN,EQ,2.08,-0.95,29.64,3.51,0.07
RILINFRA,SM,33.65,-6.27,62.61,0.22,0.07
ITBETA,EQ,316.92,-0.93,5.46,0.02,0.07
ARCIIL,SM,47,-7.3,48.4,0.15,0.07
RVTH,EQ,613,-0.16,188,0.01,0.07
TIPSFILMS,EQ,351.1,-2.77,151.78,0.02,0.07
PUSHPA,SM,88.8,-2.42,215.1,0.08,0.07
KSHITIJPOL,BE,2.7,-0.37,41.65,2.67,0.07
ALKALI,EQ,61.48,-4.71,62.6,0.11,0.07
YASHOPTICS,SM,106.35,-4.15,263.38,0.06,0.07
NITIRAJ,EQ,204,-5.11,209.12,0.03,0.07
LASA,EQ,7.71,-3.38,38.63,0.87,0.07
BRACEPORT,SM,70,-6.67,79.11,0.1,0.07
WORTHPERI,EQ,135.15,-2.94,212.87,0.05,0.07
UMIYA-MRO,EQ,83,-3.09,155.08,0.08,0.07
SONAMAC,SM,37.95,-0.78,52.08,0.18,0.07
FCONSUMER,BZ,0.35,-2.78,69.9,18.85,0.07
BBTCL,EQ,167,-5.86,342.54,0.04,0.07
SHYAMCENT,EQ,4.87,-4.88,103.33,1.32,0.07
SHRADHA,EQ,37,-2.06,299.69,0.18,0.07
CKKRETAIL,ST,203.2,-4.98,393.56,0.03,0.07
AMJLAND,EQ,38.34,-4.75,157.19,0.17,0.06
DJML,BE,89,-1.67,293.5,0.07,0.06
INDIANCARD,EQ,201.25,-2.82,119.57,0.03,0.06
SATECH,ST,45,-4.36,58.76,0.14,0.06
ARMOUR,SM,24,-8.57,40.49,0.26,0.06
SHIVAMILLS,EQ,55.89,-0.55,48.3,0.11,0.06
ISHANCH,EQ,59.4,-0.87,155.27,0.11,0.06
KEN,SM,39.5,-4.36,97.03,0.16,0.06
PAR,EQ,91.79,-4.08,112.94,0.07,0.06
REPL,EQ,84.7,-3.06,153.5,0.07,0.06
ATLASCYCLE,EQ,88.97,-2.28,57.86,0.07,0.06
TTL,BE,9.3,-3.63,240.23,0.65,0.06
GROWWLOVOL,EQ,10.53,-1.68,4.47,0.57,0.06
BHADORA,SM,61.1,-5.2,113.65,0.1,0.06
AARNAV,EQ,26.65,-2.35,112.57,0.22,0.06
TREEHOUSE,EQ,8.8,-10.57,37.23,0.64,0.06
SOLARAPP1,E1,305,-4.69,358.71,0.02,0.06
MADHUCON,EQ,4.5,-4.86,33.21,1.31,0.06
SEMAC,EQ,218.2,-9.7,68.02,0.03,0.06
NAVKARURB,EQ,1.22,-2.4,136.9,4.84,0.06
HISARMETAL,EQ,161,-4.66,86.94,0.04,0.06
IBLFL,SM,48,-0.1,118.71,0.12,0.06
JAYESH,SM,142,-2.1,123.42,0.04,0.06
MAGNUM,EQ,20.8,-4.41,142.3,0.27,0.06
CPCAP,EQ,90,-1.12,163.74,0.06,0.06
ESPRIT,SM,69,-0.72,151.42,0.08,0.06
AXISCETF,EQ,116.5,-2.02,12.87,0.05,0.06
PSRAJ,ST,280,-0.71,211.07,0.02,0.06
DTIL,EQ,134,-3.6,140.8,0.04,0.06
835SCL23A,YH,995.5,-2.8,2.66,0.01,0.06
SIDDHICOTS,ST,27.7,-4.48,67.61,0.19,0.05
HBSL,EQ,52.88,-4.99,37.74,0.1,0.05
ACCORD,SM,28.1,-4.91,9.76,0.18,0.05
NDGL,EQ,2506,-3.24,250.6,0,0.05
RAJINDLTD,SM,72,-4.64,159.95,0.07,0.05
TOKYOPLAST,EQ,77.5,-3.81,73.64,0.07,0.05
SHEKHAWATI,EQ,12.6,-3.08,43.43,0.42,0.05
RKDL,EQ,17.7,-7.28,42.48,0.29,0.05
SBGLP,EQ,28.58,-3.15,495.62,0.18,0.05
TROM,SM,53.65,-3.51,49.33,0.1,0.05
INFINIUM,SM,208.95,-1.14,325.61,0.03,0.05
MOALPHA50,EQ,50.01,-1.17,5.85,0.1,0.05
NBIFIN,EQ,1850,-2.75,546.65,0,0.05
MHLXMIRU,EQ,166.04,-4.05,176.34,0.03,0.05
ARCHIDPLY,EQ,78.01,-3.6,154.97,0.06,0.05
JEYYAM,SM,34.65,-7.48,164.58,0.14,0.05
DOLLEX,SM,30,-3.38,119.85,0.16,0.05
CEDAAR,SM,28.5,-5,39.55,0.17,0.05
LCCINFOTEC,BE,4.49,-4.47,56.84,1.06,0.05
865IFL28,NZ,997,-0.05,88.65,0,0.05
SAHYADRI,EQ,242,-3.35,264.9,0.02,0.05
9AEL30,NE,1015.5,-0.14,76.04,0,0.05
GEECEE,EQ,285.1,-0.99,596.19,0.02,0.05
INCREDIBLE,EQ,32.9,-5.95,153.85,0.15,0.05
KHANDSE,EQ,16.75,-1.76,25.55,0.29,0.05
AUSL,SM,23.3,-4.9,57.87,0.2,0.05
APCL,EQ,124.1,-2.39,364.54,0.04,0.05
PARASPETRO,BE,2.07,-4.61,69.18,2.24,0.05
AIROLAM,EQ,88.99,-3.01,133.5,0.05,0.05
OSWALSEEDS,EQ,12.6,-3.6,115.25,0.37,0.05
888REC29,NF,1125,-2.17,329.11,0,0.05
KAUSHALYA,EQ,880,-1.9,30.47,0.01,0.05
SMARTLINK,EQ,120,-3.16,119.7,0.04,0.05
SHREEOSFM,SM,75,-3.6,115.53,0.06,0.05
LICNMID100,EQ,58.73,-1.33,621.89,0.08,0.04
MOTOGENFIN,EQ,19.52,-5.1,75.6,0.23,0.04
MONEXT50,EQ,69.25,-0.49,2.18,0.07,0.04
SADBHAV,BE,10.17,-4.95,174.49,0.44,0.04
KANORICHEM,EQ,66.95,-2.31,292.53,0.07,0.04
PENTAGON,SM,63,-2.33,48.57,0.07,0.04
VLINFRA,SM,24,-8.75,37.71,0.18,0.04
ARISTO,SM,90.8,-4.37,61.81,0.05,0.04
PCCL,SM,220,-5.96,543.4,0.02,0.04
ARVINDPORT,SM,31.5,-1.56,56.06,0.14,0.04
9SCL26BA,NA,1020.11,-0.48,412.63,0,0.04
MUNISH,SM,71.5,-5.61,172.1,0.06,0.04
DELTIC,SM,37.75,-4.91,57.72,0.11,0.04
GILLANDERS,EQ,88.01,-4.84,187.83,0.05,0.04
NPBET,EQ,292.04,-1.36,11.21,0.01,0.04
PEARLPOLY,EQ,18.56,-1.17,31.25,0.23,0.04
RELCHEMQ,EQ,118.03,-3.52,89.04,0.04,0.04
RUCHINFRA,EQ,5.73,-0.17,135.24,0.75,0.04
ARABIAN,SM,72,-5.14,78.42,0.06,0.04
DELTAMAGNT,EQ,57.98,-5.01,62.91,0.07,0.04
HDFCLOWVOL,EQ,20.79,-0.95,36.02,0.2,0.04
MADHUSUDAN,SM,136.15,-1.09,197.01,0.03,0.04
AMDIND,EQ,40.87,-1.52,78.33,0.1,0.04
AUROIMPEX,SM,27.9,-3.79,34.04,0.14,0.04
RVHL,EQ,38.32,-7.68,235,0.1,0.04
ROML,EQ,42.67,-2.29,63.96,0.1,0.04
SYNOPTICS,SM,55.1,-5,46.72,0.07,0.04
GENSOL,BZ,23.94,-4.96,90.98,0.17,0.04
DUGLOBAL,SM,39.9,-7.21,286.77,0.1,0.04
SSFLPP,E1,126.4,-0.63,219.11,0.03,0.04
BSL,EQ,127.99,-1.66,131.73,0.03,0.04
LRRPL,SM,63.5,-1.63,54.87,0.06,0.04
COMPUSOFT,EQ,13.74,-3.44,108.72,0.27,0.04
SURAJLTD,EQ,221.02,-2.04,405.88,0.02,0.04
PALREDTEC,EQ,32.34,-0.65,39.56,0.12,0.04
RAJTV,EQ,38.1,-2.86,197.79,0.1,0.04
TCIFINANCE,BE,14.87,-4.98,19.14,0.25,0.04
ARIHANTACA,SM,467.05,-5.65,282.81,0.01,0.04
1025VCCL28,N0,93201,-2.41,167.76,0,0.04
TVVISION,BE,5.67,-4.87,21.97,0.65,0.04
CLSL,SM,46.1,-3.96,79.02,0.08,0.04
SANGINITA,BE,13.51,-4.99,34.99,0.27,0.04
NAMAN,SM,57.6,-1.12,75.26,0.06,0.04
GATECHDVR,EQ,0.46,-2.13,8.72,8.08,0.04
ZEAL,SM,75.25,-5.35,100.16,0.05,0.04
SUVIDHAA,EQ,2.93,-2.33,61.47,1.23,0.04
716GS2050,GS,101.01,-3.71,88888.8,0.04,0.04
AGARWALFT,SM,29,-0.85,21.01,0.12,0.04
RCDL,SM,24,-7.69,57.4,0.15,0.04
AMBEY,SM,22,-4.35,54.88,0.16,0.04
GKWLIMITED,EQ,1615,-2.56,963.59,0,0.04
GURUNANAK,SM,31.4,-0.32,37.68,0.11,0.03
LOYALTEX,BE,213.66,-3.63,102.91,0.02,0.03
965AEL27,N4,1054,-0.09,499.94,0,0.03
MAXPOSURE,SM,34.5,-5.48,78.46,0.1,0.03
MOLOWVOL,EQ,37.93,-1.22,66.91,0.09,0.03
MUKTAARTS,EQ,52.95,-3.76,119.59,0.06,0.03
BAGFILMS,EQ,5.06,-0.78,100.06,0.68,0.03
LAL,EQ,7.35,-2.26,126.96,0.46,0.03
MOMNC,EQ,31.07,-1.52,2.33,0.11,0.03
KANANIIND,EQ,1.47,-2.65,29.09,2.27,0.03
ORTINGLOBE,BE,16.37,-4.77,13.31,0.2,0.03
PRITIKA,SM,56.35,-7.24,148.57,0.06,0.03
774IREDA31,N7,1096,-0.09,529.93,0,0.03
ASHOKAMET,EQ,14.43,-5.19,36.07,0.23,0.03
ABHAPOWER,SM,29.05,-4.28,54,0.11,0.03
NOIDATOLL,EQ,3.61,-3.48,67.22,0.89,0.03
LFIC,EQ,130.05,-5.68,39.02,0.02,0.03
PKTEA,EQ,765,-3.16,236.83,0,0.03
PNC,EQ,21.8,-7.16,31.54,0.14,0.03
SRIVASAVI,SM,45.05,-2.8,63.85,0.07,0.03
LICNFNHGP,EQ,279.75,-1.11,749.6,0.01,0.03
AKASH,EQ,25,-4.29,42.16,0.13,0.03
COUNCODOS,EQ,5.22,-5.95,40.51,0.6,0.03
LYPSAGEMS,EQ,5.1,-2.3,15.04,0.6,0.03
VIVIDHA,EQ,0.54,-3.57,15.81,5.85,0.03
SPLIL,EQ,28.03,-6.5,81.29,0.11,0.03
SELMC,EQ,28.5,-4.78,94.43,0.11,0.03
MOSERVICE,EQ,32.08,-1.96,5.05,0.1,0.03
SAGARDEEP,EQ,23.3,-2.71,39.74,0.13,0.03
DKEGL,SM,68.6,-0.87,51.5,0.04,0.03
SICAL-RE,BE,0.7,-33.96,1.02,3.46,0.03
EMAMIREAL,EQ,63,-4.56,276.15,0.05,0.03
SEL,SM,173,-3.89,40.11,0.02,0.03
MAHAPEXLTD,EQ,86.7,-4.65,122.68,0.03,0.03
MICROPRO,SM,20,-6.76,28.6,0.14,0.03
ZODIACLOTH,EQ,77.9,-3.23,202.49,0.04,0.03
SUPREMEENG,BZ,0.96,-4.95,24,2.92,0.03
BANARBEADS,EQ,120,-1.31,79.63,0.02,0.03
TARAPUR,EQ,25.15,-0.75,49.04,0.11,0.03
GILT5BETA,EQ,64.2,-1.31,25.32,0.04,0.03
BANKA,EQ,56.02,-2.81,61.19,0.05,0.03
DHTL,SM,43,-4.97,13.51,0.06,0.03
ADROITINFO,EQ,9.59,-6.07,51.96,0.28,0.03
EQUIPPP,BE,17.02,-4.92,175.47,0.16,0.03
PRESS-RE,ST,1.65,-8.33,1.27,1.66,0.03
NAGREEKEXP,EQ,24.97,-0.91,78.03,0.11,0.03
ORIENTLTD,EQ,64.6,-0.42,64.6,0.04,0.03
RACE,EQ,110.06,-3.84,189.93,0.02,0.03
MODTHREAD,EQ,36.31,-13.3,126.27,0.07,0.03
AEL1212026,NO,1000,-1.67,33.3,0,0.03
MON50EQUAL,EQ,33.04,-1.34,102.85,0.08,0.03
MOIPO,EQ,41.6,-1.93,4.58,0.06,0.03
SYLVANPLY,SM,45,-2.17,87.19,0.06,0.03
VISAMAN,ST,127.15,-4.97,246.3,0.02,0.03
21STCENMGM,EQ,35.62,-1.98,37.4,0.07,0.03
PRECISION,SM,9.45,-0.53,21.7,0.28,0.03
SKIL,BZ,1.07,-3.6,23.17,2.32,0.02
RADIOWALLA,SM,50.5,-2.88,35.59,0.05,0.02
SUNTECH,SM,38,-4.28,73.58,0.06,0.02
SILGOPP,E1,29.86,-0.43,22.04,0.09,0.02
SKP,SM,160,-1.81,265.6,0.01,0.02
LOWVOL,EQ,207.46,-1.36,47.99,0.01,0.02
SECURKLOUD,EQ,20.91,-7.07,69.86,0.11,0.02
SURYALAXMI,EQ,53.4,-4.63,100.42,0.04,0.02
SOMATEX,BE,108.88,-2,359.66,0.02,0.02
CINEVISTA,EQ,15.21,-2.19,87.36,0.15,0.02
DIGJAMLMTD,EQ,45.56,-4.02,91.12,0.05,0.02
MHHL,SM,38.7,-2.4,70.57,0.06,0.02
AEL170725A,NG,1050,-0.94,34.5,0,0.02
TGBHOTELS,EQ,9,-2.6,26.36,0.25,0.02
SEYAIND,BE,11.23,-4.99,29.84,0.2,0.02
MMEL,SM,28,-3.45,52.66,0.08,0.02
SHANTI,EQ,6.9,-0.58,7.66,0.32,0.02
SILLYMONKS,EQ,16.91,-3.87,17.35,0.13,0.02
AROGRANITE,EQ,25.99,-2.44,39.76,0.09,0.02
JOCIL,EQ,130.49,-2.26,115.89,0.02,0.02
622GS2035,GS,98,-1.21,100327.83,0.02,0.02
1003ISFL28,N4,1000,-0.4,80.39,0,0.02
PANSARI,EQ,298,-1.65,519.91,0.01,0.02
PROPEQUITY,SM,175,-1.96,183.44,0.01,0.02
HOLMARC,SM,93,-2.11,93.47,0.02,0.02
BLUEPEBBLE,ST,129.95,-4.97,53.02,0.02,0.02
74GS2035,GS,105,-0.47,88457.25,0.02,0.02
SAMBHAAV,EQ,7.14,-4.93,136.45,0.29,0.02
TGL,ST,44.9,-1.97,53.88,0.05,0.02
730PFCL41,NC,966.15,-2.39,21.09,0,0.02
875IIFL26,NM,1020,-0.12,138.8,0,0.02
RAJRILTD,BE,22.48,-1.96,1250.07,0.09,0.02
TEAMGTY,EQ,261.75,-0.81,235.4,0.01,0.02
NMSTEEL,SM,25.35,-1.93,43.82,0.08,0.02
AAKAAR,SM,62.55,-1.5,88.65,0.03,0.02
PALASHSECU,EQ,92.01,-2.92,92.04,0.02,0.02
MEDISTEP,ST,22,-2.22,31.26,0.09,0.02
950ISF27C,N0,9801,-2.96,294.03,0,0.02
JAINAM,SM,195.05,-4.85,228.43,0.01,0.02
SUPERSPIN,EQ,6.34,-0.94,34.87,0.32,0.02
PULZ,SM,24.3,-4.89,52.99,0.08,0.02
888ECL28,N1,972,-0.1,39.77,0,0.02
IL&FSTRANS,BZ,2.36,-3.67,77.63,0.83,0.02
KREBSBIO,EQ,53.9,-5.5,116.21,0.04,0.02
MOHITIND,EQ,24.6,-1.95,34.83,0.08,0.02
CUDML,SM,96,-3.61,169.4,0.02,0.02
BLUECOAST,EQ,20.27,-4.97,34.85,0.09,0.02
JFLLIFE,SM,10.45,-5,34.48,0.18,0.02
MOQUALITY,EQ,192.02,-0.91,18.19,0.01,0.02
LPDC,EQ,5.83,-4.11,78.21,0.33,0.02
REXPRO,SM,47.2,-4.65,52.89,0.04,0.02
DEEM,SM,37.3,-4.24,31.1,0.05,0.02
NEOCHEM,SM,77.5,-2.27,132.69,0.02,0.02
OMFURN,SM,52,-5.45,61.23,0.04,0.02
AGRITECH,BE,119.1,-3.23,70.75,0.02,0.02
GUJRAFFIA,EQ,36.37,-3.68,19.66,0.05,0.02
GREENCHEF,SM,45,-1.21,104.72,0.04,0.02
SNEHAA,SM,45,-2.7,45.81,0.04,0.02
ROYALARC,SM,150,-5.66,166.5,0.01,0.02
TIJARIA,BE,4.39,-4.98,12.57,0.41,0.02
ASTRON,EQ,3.95,-2.71,18.37,0.46,0.02
ISHAN,SM,0.6,-7.69,12.97,2.88,0.02
SGL,EQ,12,-4.61,32.39,0.15,0.02
LICNETFSEN,EQ,896.57,-1.92,739.33,0,0.02
SAJHOTELS,SM,43,-1.83,69.34,0.04,0.02
DBSTOCKBRO,EQ,25.36,-2.39,88.76,0.07,0.02
TOTAL,EQ,63,-2.34,101.6,0.03,0.02
91D280526,TB,98.6,-0.09,15302.13,0.02,0.02
INSPIRISYS,BE,85.74,-0.96,339.68,0.02,0.02
INFOMEDIA,EQ,5.1,-0.2,25.6,0.33,0.02
ROXHITECH,SM,33.15,-1.19,76.04,0.05,0.02
960IIFLS26,N9,1053.8,-0.73,81.78,0,0.02
985ECL28,NK,1033.51,-1.57,281.25,0,0.02
CYBERMEDIA,EQ,13.21,-9.02,20.7,0.11,0.02
EDUCOMP,BZ,1.05,-1.87,12.86,1.43,0.02
MARALOVER,EQ,43.03,-4.61,178.61,0.03,0.01
99AEL29,N7,1079.9,-0.47,139.14,0,0.01
SITINET,BZ,0.34,-2.86,29.65,4.15,0.01
EBANKNIFTY,EQ,60.37,-0.79,13.41,0.02,0.01
ENIFTY,EQ,25.03,-0.99,16.44,0.06,0.01
INTEGRITY,SM,114.05,-3.35,49.04,0.01,0.01
GOLDENTOBC,BZ,28.35,-4.99,49.92,0.05,0.01
DNAMEDIA,EQ,3.35,-2.33,39.43,0.41,0.01
GVPTECH,EQ,6.7,-4.01,123.3,0.2,0.01
KARMAENG,EQ,43.49,-1.2,50.32,0.03,0.01
NGIL,EQ,24.75,-4,43.41,0.05,0.01
ANTGRAPHIC,EQ,0.86,-1.15,13.33,1.56,0.01
GML,ST,16.15,-5,24.5,0.08,0.01
MAL,SM,40.45,-4.94,99.85,0.03,0.01
KHAITANLTD,EQ,92.3,-2.38,43.84,0.01,0.01
MOMGF,EQ,155.86,-0.44,1.56,0.01,0.01
SVLL,EQ,549,-1.6,631,0,0.01
BANG,EQ,40.06,-3.52,54.32,0.03,0.01
HALEOSLABS,EQ,1251,-0.74,378.21,0,0.01
7PFCL31,N3,992.5,-0.45,20.37,0,0.01
ARUNAYA,SM,19,-2.31,33.32,0.06,0.01
NIDAN,SM,16,-0.62,22.24,0.07,0.01
SRPL,BZ,0.53,-3.64,11.35,2.14,0.01
KEEPLEARN,EQ,1.95,-0.51,30.36,0.59,0.01
KAKATCEM,EQ,108.72,-3.78,84.52,0.01,0.01
SPECTSTM,SM,70,-6.6,161.65,0.02,0.01
957ICCL25,YW,1048,-0.19,27.65,0,0.01
HEADSUP,EQ,7.99,-1.72,17.64,0.14,0.01
VR,SM,137.05,-4.46,121.7,0.01,0.01
DIL,BZ,1.3,-4.41,21.16,0.84,0.01
VISASTEEL,EQ,37.42,-2.27,433.28,0.03,0.01
957IIFLS27,NA,990,-0.7,13.01,0,0.01
CONTI,SM,15.9,-4.79,22.17,0.07,0.01
ESENSEX,EQ,80.67,-1.12,15.16,0.01,0.01
BALKRISHNA,EQ,16.3,-3.09,52.52,0.07,0.01
ICDSLTD,EQ,39.05,-4.99,50.87,0.03,0.01
JISLDVREQS,EQ,22.49,-2.77,43.39,0.05,0.01
HPIL,EQ,122.7,-2.46,140.17,0.01,0.01
915APSBC35,N0,102000,-0.2,559.98,0,0.01
1165ESFB32,N0,99500,-1.53,149.25,0,0.01
LAXMICOT,BE,14.59,-4.95,25.02,0.07,0.01
664GS2027,GS,101.16,-1.74,39452.4,0.01,0.01
PARAMOUNT,SM,41.5,-3.49,28.81,0.02,0.01
ADL,EQ,67.78,-1.95,37.73,0.02,0.01
12VCCL27A,N0,98000,-0.91,14.7,0,0.01
12VCCL29B,N0,98000,-0.51,53.9,0,0.01
MSCIADD,EQ,29.52,-1.63,3.34,0.03,0.01
WILLAMAGOR,EQ,26.01,-7.21,28.5,0.04,0.01
MEP,BZ,0.99,-1.98,18.16,0.97,0.01
842IIFL26,NL,990.01,-1.44,145.78,0,0.01
KEL,SM,79.15,-2.28,81.3,0.01,0.01
ROCKINGDCE,ST,185,-3.75,104.69,0.01,0.01
FLEXITUFF,EQ,8.44,-3.32,27.7,0.11,0.01
764HUDCO31,N8,1098.99,-0.35,611.2,0,0.01
79NHIT40,N2,317.31,-2.38,475.96,0,0.01
DAMODARIND,EQ,24.17,-5.36,56.32,0.04,0.01
JIWANRAM,SM,4.8,-4.95,11.88,0.18,0.01
TAPIFRUIT,SM,57,-5,24.51,0.01,0.01
865IRFC29,NA,1165.1,-0.18,802.01,0,0.01
KORE,SM,113,-2.33,137.01,0.01,0.01
INNOMET,SM,70,-4.18,90.58,0.01,0.01
HDIL,BZ,2.35,-4.86,111.39,0.36,0.01
BOSS,SM,41.5,-4.82,18.45,0.02,0.01
NIRAJISPAT,BE,279.55,-1.83,16.77,0,0.01
HAVISHA,EQ,1.4,-9.68,21.5,0.58,0.01
726GS2032,GS,104,-1.56,153920,0.01,0.01
DCMFINSERV,EQ,4.18,-4.57,7.85,0.18,0.01
SAHAJ,SZ,4.65,-4.12,6.12,0.16,0.01
QVCEL,SM,23.35,-4.69,24.4,0.03,0.01
FONEBOX,SM,71.6,-5.79,73.46,0.01,0.01
SANWARIA,BZ,0.21,-4.55,15.46,3.4,0.01
DCG,SM,59.2,-0.5,107.45,0.01,0.01
SHANTHALA,SM,26.5,-18.34,17.75,0.02,0.01
SHRENIK,BZ,0.42,-4.55,25.7,1.68,0.01
105UCL2026,NB,998,-1.19,34.08,0,0.01
DIRL,SM,11.5,-4.96,10.97,0.06,0.01
COOLCAPS,SM,27.55,-4.84,318.48,0.03,0.01
895AEL27,N9,1041.21,-0.36,84.84,0,0.01
1075WCA28,N0,9775,-0.26,19.55,0,0.01
AMBICAAGAR,EQ,24.98,-1.54,42.91,0.03,0.01
WINNY,SM,43,-6.93,9.33,0.01,0.01
IMC1,N2,250.58,-0.56,61.14,0,0.01
636GS2031,GS,96,-2.04,17280,0.01,0.01
BBNPNBETF,EQ,60.29,-0.51,4.44,0.01,0.01
UMESLTD,EQ,4.05,-1.22,10.7,0.15,0.01
SIMBHALS,BZ,8.34,-1.77,34.43,0.07,0.01
893NHB29,N6,5880,-0.01,391.15,0,0.01
PSFL,SM,28.9,-0.17,56.88,0.02,0.01
RADAAN,EQ,3.05,-2.24,16.52,0.19,0.01
GSEC10ABSL,EQ,110.21,-0.73,32.26,0.01,0.01
WIPL,EQ,150,-1.32,127.31,0,0.01
PRATHAM,SM,135,-4.59,245.87,0,0.01
105IIFL29,N7,1050,-4.37,16.22,0,0.01
YUDIZ,ST,32,-4.48,33.02,0.02,0.01
QUICKTOUCH,SM,32.3,-5,41.4,0.01,0
USASEEDS,SM,109.25,-5,110.18,0,0
MARCO,SM,31,-4.62,57.97,0.01,0
SVPGLOB,BE,2.84,-1.73,35.93,0.16,0
ZENITHEXPO,EQ,193.04,-5,104.17,0,0
EASTSILK,BE,73.91,-4.99,36.95,0.01,0
RETAIL,EQ,22.93,-7.47,18.81,0.02,0
REGENCERAM,EQ,41.73,-0.64,110.34,0.01,0
898LTF29,N7,1086.6,-0.59,110.56,0,0
SWASTIK,SM,16.55,-2.65,38.45,0.02,0
CREATIVEYE,EQ,6.26,-5.15,12.56,0.06,0
TECILCHEM,EQ,12.93,-4.29,24.52,0.03,0
769HUDCO31,N9,1103.01,-0.33,672.89,0,0
ATLPP,E1,10,-2.63,39.8,0.04,0
10IIFL28,N4,1034.5,-0.14,240.75,0,0
PLADAINFO,SM,11.6,-4.92,9.95,0.03,0
GIRIRAJ,ST,127.7,-4.99,305.46,0,0
GILT10BETA,EQ,25.98,-0.95,23.37,0.01,0
732GS2030,GS,105.1,-0.69,73570,0,0
ACEINTEG,EQ,17.45,-3.8,17.8,0.02,0
NEXTMEDIA,EQ,5.26,-7.56,35.19,0.05,0
IIFLZC28,NG,1574.65,-0.02,107.3,0,0
743REC35,NH,1165,-0.09,216.76,0,0
M&MFIN,N3,2267,-1,61.12,0,0
IMPEXFERRO,BZ,1.69,-0.59,14.86,0.13,0
OMKARCHEM,BZ,4.52,-4.84,9.3,0.05,0
ABSLMSCIN,EQ,29.57,-1.33,12.05,0.01,0
915AEL28,NC,1055,-0.47,438.36,0,0
12AFIL28,N0,9960,-0.07,49.8,0,0
GVPTECHPP,E1,2.8,-4.44,5.93,0.07,0
UNIINFO,EQ,13.94,-0.71,14.91,0.01,0
1050NFL26,N7,1005,-0.4,67.83,0,0
BILVYAPAR,BE,6.51,-4.12,20.42,0.03,0
971SCL28I,BC,681,-2.71,4.76,0,0
1040NFL26,NA,999.9,-0.01,95.13,0,0
96SFIL24A,NB,936.65,-6.15,11.61,0,0
ARENTERP,EQ,41,-0.02,12.74,0,0
FELDVR,BZ,2.84,-4.38,11.18,0.06,0
KRISHPP,E1,109.3,-0.55,36.43,0,0
ARVEE,BE,154,-0.65,169.71,0,0
ABMINTLLTD,BE,39.02,-4.83,36.71,0,0
IIFLZC26B,NY,1225.35,-1.01,10.92,0,0
PERFECT,SZ,2.4,-4,4.2,0.06,0
GLOBALE,EQ,11.06,-2.73,11.75,0.01,0
SHIVAUM,EQ,275,-0.72,374.01,0,0
743GS2076,GS,100.25,-0.99,26065,0,0
723GS2039,GS,103.45,-1.43,121036.5,0,0
1060ECL29,NS,1011.11,-1.11,197.43,0,0
182D140526,TB,98.5,-0.1,6895,0,0
NKIND,EQ,63.5,-4.25,38.16,0,0
1025SCL34,Z8,965,-3.02,13.92,0,0
ONECAP-RE,BE,0.18,-10,0.43,0.45,0
888SCL28,NA,975,-17.09,31.29,0,0
CMICABLES,BZ,4.21,-4.97,6.75,0.02,0
1003SCL30A,NV,710.1,-10.11,2.12,0,0
PREMIER,BE,2.87,-4.01,8.72,0.02,0
BLUECHIP,BE,2.66,-1.85,14.71,0.02,0
ARTNIRMAN,EQ,38.4,-5.09,95.83,0,0
GROBTEA,EQ,937.3,-1.08,108.95,0,0
GLFL,BE,5.3,-4.85,14.38,0.01,0
HALDER,EQ,245,-2.1,304.73,0,0
SCLZC26,NB,2211.8,-0.01,53.84,0,0
ARSHIYA,BZ,1.53,-4.97,40.31,0.01,0
9TCAP28,N9,1000.1,-16.31,29.55,0,0
GCSL,BE,368.15,-0.49,833.47,0,0
610GS2031,GS,96.25,-2.52,142450,0,0