Symbol ,Series ,LTP ,%chng ,Mkt Cap (₹ Crores),Volume (Lakhs),Value (₹ Crores)
HDFCBANK,EQ,735,-2.8,1131412.57,1035,7636.96
ICICIBANK,EQ,1211.8,-1.78,867647.39,239.53,2901.57
BHARTIARTL,EQ,1789.2,-2.97,1090178.14,142.4,2549.62
AXISBANK,EQ,1168.4,-3.05,363129.23,185.35,2156.92
SBIN,EQ,980.8,-3.8,905338.97,214.38,2118.69
INFY,EQ,1247.8,-1.72,506056.74,141.08,1767.55
BAJFINANCE,EQ,802,-4.95,499015.78,203.77,1653.25
TCS,EQ,2365,-1.04,855677.7,68.05,1613.35
M&M,EQ,2963.9,-2.54,368569.51,54.17,1608.36
KOTAKBANK,EQ,353,-3.59,351110.21,397.63,1410.78
LT,EQ,3505,-1.66,482151.84,35.49,1247.72
ETERNAL,EQ,229.2,-1.7,221186.04,497.75,1140.43
TMCV,EQ,394,-7.86,145083.86,287.63,1140.42
BSE,EQ,2684.5,-3.43,109496.48,38.41,1041.28
INDIGO,EQ,3950,-3.65,152712.13,24.51,985.13
SHRIRAMFIN,EQ,869.3,-3.82,163564.48,109.49,960.18
BEL,EQ,401.6,-0.78,293560.72,226.95,918
MCX,EQ,2390,-0.34,60943.05,37.44,890.24
TATASTEEL,EQ,191.59,-0.84,239171.9,459.15,880.33
GUJALKALI,EQ,579.85,-0.99,4258.24,146.33,844.97
HEG,EQ,538.25,-5.95,10387.02,149.81,828.71
ASHOKLEY,EQ,154.46,-5.29,90727.56,515.08,804.56
MARUTI,EQ,12250,-1.12,385143.15,6.36,783.47
HAL,EQ,3490,-2.75,233402.48,21.97,776.59
HCLTECH,EQ,1345.1,-1.41,365015.09,55.41,745.75
SUNPHARMA,EQ,1762,-1.76,422752.86,41.83,739.32
ITC,EQ,288.5,-2.1,361548.69,245.87,713.34
HINDCOPPER,EQ,453,-8.2,43806.19,149.48,693.97
NIFTYBEES,EQ,255.26,-1.4,57159.51,271.28,691.32
ULTRACEMCO,EQ,10800,-2.25,318253.5,6.32,681.64
DIXON,EQ,9638,-3.8,58600.86,6.9,677.5
EICHERMOT,EQ,6602,-3.08,181102.24,10.15,672.88
NTPC,EQ,370.45,-1.38,359213,179.74,670.85
PERSISTENT,EQ,4850,-1.02,76508.75,12.94,631.24
TRENT,EQ,3298.8,-2.97,117268.2,18.36,608.74
TITAN,EQ,3955.4,-0.66,351154.94,14.88,587.87
JIOFIN,EQ,224.45,-3.48,142596.26,259.43,587.38
CUMMINSIND,EQ,4455.9,-3.79,123517.55,12.52,568.5
APOLLOHOSP,EQ,7499.5,-0.66,107831.3,7.65,567.07
GMRAIRPORT,EQ,84.16,-5.53,88864.34,649.17,554.2
INDUSINDBK,EQ,754,-4.86,58744.6,70.94,539.54
BAJAJFINSV,EQ,1635,-3.52,261689.92,32.72,539.01
WIPRO,EQ,187,-2.4,196133.31,279.47,528.73
GROWW,EQ,149.7,-7.75,93915.74,345.64,527.35
RECLTD,EQ,305.25,-4.15,80379.16,167.23,519.03
HINDUNILVR,EQ,2057,-0.84,483310.92,24.82,510.55
MAZDOCK,EQ,2068.9,-4.35,83455.29,24.11,509.1
GRASIM,EQ,2541,-3.32,172921.23,19.79,508.4
CHOLAFIN,EQ,1350.8,-4.62,115093.18,37.1,506.16
ADANIENT,EQ,1764,-3.24,227845.15,28.25,504.76
SUZLON,EQ,39.61,-2.96,54323.66,1265.92,504.72
TMPV,EQ,297,-2.04,109373.98,164.1,489.57
MAXHEALTH,EQ,960,-1.55,93420.96,49.41,474.76
HDFCAMC,EQ,2211.2,-4.44,94727.85,20.89,468.88
KAYNES,EQ,3420,-5.33,22925.85,13.04,456.35
UNIONBANK,EQ,163.99,-6.55,125183.5,268.45,451.08
TVSMOTOR,EQ,3360,-2.13,159629.27,13.24,447.29
CANBK,EQ,123.65,-5.21,112158.6,346.66,434.26
BRITANNIA,EQ,5419.5,-1.46,130538.57,7.84,426.17
IDEA,EQ,8.54,-3.94,92524.95,4905.04,424.78
RPSGVENT,EQ,791.3,-2.39,2618.13,52.8,420.34
BPCL,EQ,281.35,-0.48,122061.81,147.58,415.27
SBILIFE,EQ,1780,-3.13,178550.4,22.75,406.05
MRPL,EQ,176.35,-0.42,30907.08,221.22,402.23
BANKBARODA,EQ,247.1,-5.07,127784.36,159.51,399.31
SWIGGY,EQ,263,-2.07,72596.25,152.17,396.89
VBL,EQ,384,-1.36,129872.42,102.13,393.37
IOC,EQ,136.1,-1.2,192190.05,283.76,386.91
POLYCAB,EQ,6830.5,-3.35,102833.52,5.5,378.77
ADANIPORTS,EQ,1312,-1.93,302279.43,28.57,376.87
HDFCLIFE,EQ,592.95,-2.83,127947.91,62.94,374.28
MUTHOOTFIN,EQ,3190,-2.46,128068.44,11.71,372.62
LUPIN,EQ,2312,-0.98,105699.81,15.93,368.76
INDUSTOWER,EQ,415.5,-2.53,109615.66,87.37,366.02
GRSE,EQ,1971,-4.71,22578.2,17.85,364.44
AUBANK,EQ,841.65,-4.66,62977.9,42.76,361.25
TATAPOWER,EQ,378.8,-1.79,121039.46,94.47,360.29
HEROMOTOCO,EQ,5060,-1.61,101245.43,7.04,357.97
HINDPETRO,EQ,335.3,-1.64,71345.89,105.84,356.52
PFC,EQ,379.5,-4.17,125238.86,91.43,351.76
ICICIGI,EQ,1707.2,-2.28,85080.43,20.42,348.37
IDFCFIRSTB,EQ,58.85,-4.88,50621,573.95,341.5
CDSL,EQ,1121,-4.29,23428.9,29.51,335.83
MOTHERSON,EQ,105.1,-3.91,110922.69,313.78,332.45
ASIANPAINT,EQ,2168.2,-1.78,207973.26,15.14,328.58
GODFRYPHLP,EQ,1870.5,-1.61,29176.39,17.15,327.11
DLF,EQ,503.8,-3.67,124706.37,64.11,325.78
LODHA,EQ,679,-3.03,67826.34,47.76,324.94
AUROPHARMA,EQ,1301.1,-1,75568.1,24.75,323.57
ADANIPOWER,EQ,150.3,-2.35,289848.96,211.01,321.79
CGPOWER,EQ,654,-2.09,102999.61,48.3,317.69
INDHOTEL,EQ,571.6,-3.27,81363.39,54.94,317.2
OIL,EQ,471,-1.46,76613.23,65.22,315.39
BHARATFORG,EQ,1683.8,-2.39,80488.78,18.36,308.05
BHEL,EQ,245.75,-3.57,85571.71,123.09,307.93
POWERINDIA,EQ,24370,-1.28,108622.85,1.27,307.4
UPL,EQ,568.5,-4.59,47991.02,53.17,307.21
YESBANK,EQ,17.28,-4.64,54224,1741.92,303.62
PAYTM,EQ,951,-5.73,60868.34,31.08,302.54
COCHINSHIP,EQ,1195,-4.92,31438.15,24.59,300.66
KEI,EQ,4020.5,-2.51,38436.22,7.4,297.88
DIVISLAB,EQ,5960,-0.63,158219.27,4.92,292.18
GVT&D,EQ,3670,-2.03,93969.08,7.89,289.95
FEDERALBNK,EQ,260.3,-3.34,64118.73,109.79,287.12
BAJAJ-AUTO,EQ,8761.5,-1.57,244882.03,3.25,286.35
NAUKRI,EQ,963.9,-2.77,62501.26,29.68,286.2
ATHERENERG,EQ,747,-6.2,28563.5,36.2,277.72
JSWSTEEL,EQ,1115,-1.35,272668.12,24.55,276.12
NETWEB,EQ,3088.9,-2.87,17588.41,8.71,272.15
DATAPATTNS,EQ,3038.3,-3.64,17009.61,8.75,270.48
BDL,EQ,1092,-3.95,40028.63,24.08,268.84
PNB,EQ,100.8,-4.12,115848.87,262.69,267.13
POLICYBZR,EQ,1424.1,-2.41,65892.12,18.67,266.77
SOLARINDS,EQ,12033,-3.1,108886.68,2.11,259.04
GLENMARK,EQ,2122,-2.23,59883.01,11.98,257.35
CIPLA,EQ,1222,-1.63,98711.04,20.89,256.11
MARICO,EQ,732,-1.41,95024.5,34.61,255.7
SUPREMEIND,EQ,3740,-0.21,47508.05,6.84,255.16
ADANIGREEN,EQ,806.8,-3.09,132427.66,31.05,254.27
DRREDDY,EQ,1252,-2.32,104495.96,19.91,250.54
RVNL,EQ,250,-5.32,52125.5,96.47,245.56
GODREJCP,EQ,994.9,-1.37,101802.6,24.69,244.38
PFOCUS,EQ,326.95,-0.03,25371.01,72.04,239.73
MRF,EQ,128800,-0.6,54625.92,0.19,237.48
TORNTPHARM,EQ,4221.1,-1.04,142857.15,5.58,235.63
LICI,EQ,726.3,-5.14,459384.58,31.74,232.58
LTF,EQ,241.15,-4.17,60393.27,95.36,230.34
IRFC,EQ,87.35,-5.52,114153.4,256.58,228.26
JUBLFOOD,EQ,436.85,-3.85,28825.34,51.65,225.73
LTM,EQ,4029.9,-4.07,119483.84,5.32,216.04
NESTLEIND,EQ,1179.7,-1.13,227483.24,18.15,213.89
INDIANB,EQ,848,-2.72,114222.55,24.89,211.94
VOLTAS,EQ,1280,-3.22,42353.25,16.22,207.9
OBEROIRLTY,EQ,1412.8,-3.03,51369.72,14.39,207.52
GODREJPROP,EQ,1470,-2.34,44277.54,14.03,207.22
GMDCLTD,EQ,565.95,-0.11,17997.21,36.14,206.07
ABB,EQ,5975,-2.13,126615.25,3.42,204.99
JSWENERGY,EQ,472,-2.64,82944.19,43.12,204
HSCL,EQ,443.55,-0.07,22378.94,47.2,203.89
SBICARD,EQ,636.5,-5.56,60569,30.46,196.69
HAVELLS,EQ,1194,-3.05,74894.47,16.33,195.12
SRF,EQ,2440,-2.2,72327.66,7.96,194.74
JINDALSTEL,EQ,1110,-1.89,113229.78,17.29,192.91
PHOENIXLTD,EQ,1500,-0.09,53645.19,12.76,192.17
HYUNDAI,EQ,1779,-2.08,144551.06,10.79,191.22
PGEL,EQ,471,-3.48,13439.64,39.87,191.06
VMM,EQ,105.8,-0.54,49441.59,182.22,190.87
LGEINDIA,EQ,1427.9,-7.04,96921.91,13.08,190.4
SHREECEM,EQ,23000,-2.97,82985.72,0.81,188.29
AMBUJACEM,EQ,401.35,-1.83,99206.64,46.54,188.16
MFSL,EQ,1475.7,-5.23,50928.59,12.55,187.98
OFSS,EQ,6698.5,-3.58,58300.48,2.73,184.77
TATACONSUM,EQ,1013.5,-3.34,100252.13,18.02,184.01
GRAPHITE,EQ,620,-3.16,12113.29,28.88,183.97
UNITDSPR,EQ,1221.5,-2.58,88845.91,14.8,181.61
AMBER,EQ,6535,-1.01,22997.75,2.7,176.53
ABCAPITAL,EQ,295.7,-3.29,77461.75,59.9,176.17
COFORGE,EQ,1114.7,-2.62,37426.97,15.69,176.11
ANANTRAJ,EQ,408,-6.7,14682.98,41.52,172.56
IREDA,EQ,108.8,-4.82,30564.44,152.55,170.09
SONACOMS,EQ,481,-1.59,29910.84,35.29,169.81
ATGL,EQ,506,-4.37,55650.39,32.45,168.83
CUPID,EQ,83,-1.95,11160.68,201.5,168.77
PRESTIGE,EQ,1128,-3.82,48586.37,14.69,165.92
FORCEMOT,EQ,19350,-5.19,25218.69,0.84,164.48
COLPAL,EQ,1795,-4.38,48821.42,9.08,164.47
FORTIS,EQ,802,-1.49,60547.64,20.58,163.89
BANKINDIA,EQ,136.67,-5.74,62221.31,116.61,162.54
LICHSGFIN,EQ,496.3,-1.93,27299.63,32.44,162.29
KALYANKJIL,EQ,376.3,-3.1,38862.01,42.82,162.27
ADANIENSOL,EQ,932.4,-2.47,112007.59,17.15,161.27
CAMS,EQ,626.15,-1.78,15521.53,25.69,160.88
NHPC,EQ,73.33,-4.26,73660.24,213.94,159.3
MPHASIS,EQ,2067,-2.36,39442.41,7.68,158.16
WOCKPHARMA,EQ,1174.7,-1.24,19087.18,13.23,157.82
APLAPOLLO,EQ,1945.5,-2.05,54014.09,8.05,156.71
CMPDI,EQ,153,-4.38,10924.2,96.86,155.83
NMDC,EQ,76.3,-1.17,67081.57,201.69,155.72
BANDHANBNK,EQ,141.07,-5.26,22725.99,108.85,155.49
ANGELONE,EQ,228.7,-2.79,20790.09,67.04,154.05
OLAELEC,EQ,22.62,-6.8,9977.3,652.84,152.96
LAURUSLABS,EQ,992,-1.67,53553.77,15.17,150.94
APARINDS,EQ,9770,-7.9,39244.44,1.48,148.09
TEJASNET,EQ,385,-6.21,6840.04,37.24,147.91
PIDILITIND,EQ,1290,-1.89,131291.85,11.46,147.7
BAJAJHFL,EQ,72.8,-4.02,60659.4,200.21,147.53
RPOWER,EQ,20.37,-4.59,8424.57,703.58,146.77
PATANJALI,EQ,457,-4.08,49726.36,31.59,145.81
NYKAA,EQ,236.8,-1.19,67801.22,61.17,143.54
SIEMENS,EQ,2930,-3.9,104343.31,4.8,142.38
BANKBEES,EQ,521,-3.57,7109.53,26.93,141.3
TATAELXSI,EQ,3976,-4.44,24754.16,3.47,139.89
BLUESTARCO,EQ,1612.5,-3.74,33155.38,8.33,135.09
ZEEL,EQ,72,-2.29,6915.74,181.3,132.73
IRCTC,EQ,495.25,-3.01,39620,26.54,132.51
NATCOPHARM,EQ,975.25,-0.35,17467.69,13.26,131.68
CONCOR,EQ,424,-3.24,32292.6,30.5,130.97
APOLLO,EQ,182.5,-3.69,6520.59,69.28,130.25
REDINGTON,EQ,197.95,-1.37,15475.22,64.56,129.43
ICICIPRULI,EQ,511.05,-3.65,74065.37,25.14,128.58
360ONE,EQ,935,-4.34,37973.94,13.47,127.91
HFCL,EQ,67.84,-4.13,10383.61,183.72,127.1
IEX,EQ,115.1,-3.15,10263.38,109.67,127.02
TIINDIA,EQ,2510,-2.19,48579.78,5,126.27
HUDCO,EQ,159.5,-5.09,31930.31,76.05,123.23
MANKIND,EQ,2010,-1.41,82978.49,6.1,122.26
SYNGENE,EQ,389.15,-6.36,15680.39,30.55,120.56
TATATECH,EQ,508.65,-5.69,20650.14,23.28,120.54
ASTRAL,EQ,1599,-1.24,42957.16,7.42,119.1
BRIGADE,EQ,651.7,-5.71,15940.16,18.17,118.79
JWL,EQ,237.3,-5.53,10141.5,47.77,118.44
PCBL,EQ,241.3,-5.58,9494.25,47.24,117.15
BIOCON,EQ,360,-2.73,58352.68,32.28,116.6
TORNTPOWER,EQ,1307,-3.35,65860.19,8.86,116.58
NBCC,EQ,77.74,-3.46,20989.8,147.74,116.36
KARURVYSYA,EQ,290,-1.94,28028.32,40.47,115.57
QPOWER,EQ,811,-5.86,6280.72,14.02,113.8
RADICO,EQ,2601,-1.48,34826.85,4.33,113.01
BOSCHLTD,EQ,28750,-2.92,84794.21,0.39,112.99
PNBHOUSING,EQ,760,-4.36,19801.77,14.72,112.42
MTARTECH,EQ,3460.5,-3.24,10644.36,3.25,111.98
IDBI,EQ,61.3,-4.23,65912.23,176.19,109.94
HDFCSML250,EQ,144,-2.91,1943.59,75.14,108.83
JPPOWER,EQ,14.08,-4.41,9649.67,759.28,108.8
KPITTECH,EQ,634,-3.95,17380.72,16.57,106.69
JUNIORBEES,EQ,659.79,-1.68,6834.58,16.03,105.28
INOXWIND,EQ,75.4,-4.88,13030.91,136.65,105.17
ITCHOTELS,EQ,138.04,-2.63,28753.4,75.19,104.76
JSL,EQ,708,-0.47,58368.91,14.44,103.4
DABUR,EQ,410,-2.29,72721.3,25.04,103.13
HDBFS,EQ,559,-5.27,46413.99,18.11,103.07
RBLBANK,EQ,290,-1.91,17925.23,35.15,102.65
HBLENGINE,EQ,614.3,-4.32,17028.09,16.2,101.17
KFINTECH,EQ,870,-4.77,15009.59,11.39,101.06
AIIL,EQ,426,-12.33,36177.01,22.72,100.75
MAHABANK,EQ,61.29,-4.92,47141.46,161.52,100.38
CROMPTON,EQ,224.3,-3.44,14443.01,44.2,99.74
ZYDUSLIFE,EQ,878.9,-1.99,88437.91,11.26,98.88
PIRAMALFIN,EQ,1812.5,-2.24,41085.33,5.42,98.86
SAGILITY,EQ,39.94,-4.34,18697.23,242.3,98.76
TITAGARH,EQ,571.9,-3.98,7701.99,16.92,98.07
COROMANDEL,EQ,1917,-0.72,56554.31,5.11,97.4
MANAPPURAM,EQ,251.3,-1.04,21270.9,38.62,97.17
ALKEM,EQ,5300,-0.83,63369.45,1.83,96.82
SETFNIF50,EQ,240.49,-1.69,192650.61,40.17,96.66
STLTECH,EQ,177.71,-4.52,8674.6,53.56,96.6
BAJAJHLDNG,EQ,8749,-4.38,97370.69,1.09,96.01
JINDALSAW,EQ,183.5,-1.35,11734.98,50.63,95.26
NLCINDIA,EQ,267,-1.26,37023.2,34.78,94.54
TARIL,EQ,255.95,-5.95,7682.74,36.33,94.41
NTPCGREEN,EQ,92.5,-2.69,77943.55,99.34,93.84
ENRIN,EQ,2599,-1.16,92555.72,3.58,92.36
ICICIAMC,EQ,2846,-0.98,140665.97,3.32,92.04
MODEFENCE,EQ,79,-1.58,1165.64,112.88,90.09
MOTILALOFS,EQ,633.9,-5.2,38151.91,13.89,89.38
UNOMINDA,EQ,1029.6,-1.82,59451.22,8.61,89.15
ZENTEC,EQ,1267.2,-6.56,11441.59,6.78,88.45
GRAVITA,EQ,1318,-6.03,9727.95,6.53,87.8
PIIND,EQ,2719.5,-3.25,41259.74,3.17,86.53
SOUTHBANK,EQ,34.49,-3.69,9027.74,249.29,86.35
SYRMA,EQ,770.1,-5.88,14849.88,10.93,86.14
LENSKART,EQ,496.1,-2.6,86143.6,17.36,86.12
BLS,EQ,235.95,-5.62,9715.03,35.28,84.91
FIRSTCRY,EQ,208.95,-6.63,10908.07,39.01,83.09
NUVAMA,EQ,1125,-5.89,20479.67,7.15,83
IIFL,EQ,427.1,-4.72,18164.12,19.05,82.81
AGIIL,EQ,279.5,-5.11,3493.68,28.17,81
CUB,EQ,239.4,-5.64,17788.55,33.75,80.95
AWL,EQ,176.65,-4.72,22958.82,45,80.75
OLECTRA,EQ,968.6,-5.57,7950.34,8.22,80.68
IFCI,EQ,48.08,-5.84,12954.26,165.06,80.48
ARE&M,EQ,674.4,-3.89,12343.23,11.6,78.91
JNKINDIA,EQ,210,-4.17,1175.03,35.79,78.86
EDELWEISS,EQ,99.6,-4.23,9427.46,77.2,77.57
GRANULES,EQ,620.1,-0.68,15047.89,12.44,77.44
TATACAP,EQ,305,-4.76,129468.51,24.91,77.32
JAINREC,EQ,454,-2.14,15666.9,16.57,76.4
GUJGASLTD,EQ,308,-3.04,21202.42,23.91,74.91
SUNDARMFIN,EQ,4380,-4.4,48663.49,1.67,73.38
NCC,EQ,130.92,-4.42,8219.77,54.03,72.47
CLEANMAX,EQ,766.6,-5.19,8975.29,9.51,71.54
BALKRISIND,EQ,2075,-3.51,40113.32,3.36,69.99
WELCORP,EQ,809.95,-0.91,21365.72,8.46,69.98
ITBEES,EQ,32,-1.63,3382.45,216.16,69.49
CARTRADE,EQ,1655.9,-4.84,7928.12,4.11,69.49
M&MFIN,EQ,286.3,-5.18,39794.87,23.89,69.12
NIFTYIETF,EQ,252.84,-1.81,37056.68,27.22,68.98
BALRAMCHIN,EQ,492.5,-0.95,9946.06,13.79,68.72
UJJIVANSFB,EQ,50.44,-4.61,9799.05,134.74,68.58
PARAS,EQ,597.8,-4.48,4817.51,11.21,68.56
LALPATHLAB,EQ,1307.7,-1.34,21911.17,5.21,68.36
NAM-INDIA,EQ,799,-3.96,50985.47,8.32,67.42
PARADEEP,EQ,107.28,-3.91,11137.49,61.44,66.76
IGL,EQ,146,-1.57,20440.02,45.11,65.86
APTUS,EQ,193.03,-2.4,9665.84,33.3,65.74
EXIDEIND,EQ,287.8,-4.34,24463,22.29,65.07
BEML,EQ,1360.2,-5.34,11328.97,4.64,64.62
PPLPHARMA,EQ,136.7,-4.78,18170.82,45.9,64.07
IRCON,EQ,115.19,-4.99,10833.8,54.25,63.88
SHAKTIPUMP,EQ,460,-4.76,5676.31,13.49,63.55
ACC,EQ,1252.7,-4.69,23524.11,4.97,63.33
PVRINOX,EQ,913,-2.67,8965.66,6.84,63
FIVESTAR,EQ,352.95,-6.3,10396.71,17.34,62.52
SCI,EQ,220.9,-3.47,10289.5,27.66,62.09
LINDEINDIA,EQ,7000,-1.66,59698.96,0.89,61.39
SWSOLAR,EQ,149,-5.79,3479.62,40.3,61.36
DEVYANI,EQ,94.47,-5.11,11647.58,63.74,61.12
ABBOTINDIA,EQ,25900,-0.9,55035.69,0.24,61.06
MID150BEES,EQ,200.59,-2.39,2801.14,30.19,60.81
LLOYDSME,EQ,1271,-0.57,69290.41,4.73,60.13
TRANSRAILL,EQ,451.5,-5.51,6061.66,12.78,58.68
AETHER,EQ,1087,-7.12,14421.7,5.23,58.54
KTKBANK,EQ,225,-2.03,8509.09,25.93,58.48
ABDL,EQ,396.9,-0.04,11101.7,14.47,58.12
GPIL,EQ,268.4,-1.36,18014.15,21.18,57.41
DEEPAKFERT,EQ,912,-4.06,11512.89,6.15,56.47
PSUBNKBEES,EQ,87.6,-4.54,3671.98,63.59,56.36
HAPPSTMNDS,EQ,362,-6.93,5512.35,15.17,56.15
SWANCORP,EQ,300,-3.21,9403.71,18.37,55.89
ZAGGLE,EQ,187.83,-6.77,2525.53,29.33,55.87
EQUITASBNK,EQ,51.25,-6.55,5847.85,106.72,55.68
BELRISE,EQ,185.64,-2.22,16519.72,29.57,55.47
DELHIVERY,EQ,412,-3.91,30842.65,13.13,54.92
RAILTEL,EQ,245.95,-5.59,7893.48,21.81,54.83
AEGISLOG,EQ,595,-2.78,20884.5,8.96,54.73
BSOFT,EQ,332.65,-1.11,9297.78,16.34,54.61
ACMESOLAR,EQ,260,-3.49,15755.27,20.58,54.44
JSLL,EQ,539.9,-2.48,6711,9.88,53.82
CPPLUS,EQ,1797.2,-1.58,21170.67,2.98,53.44
INDGN,EQ,434.5,-3.89,10463.11,11.96,52.48
RAIN,EQ,106.45,-2.49,3580.4,47.6,52.05
UBL,EQ,1524,-2.25,40295.34,3.37,51.98
DALBHARAT,EQ,1789.8,-3.64,33570.55,2.9,51.84
ENGINERSIN,EQ,182.94,-3.58,10282,27.92,51.83
WEBELSOLAR,EQ,65.25,-7.8,2753.96,76.97,51.42
RELIGARE,EQ,201.3,-8.64,6701.09,24.67,51.33
VIKRAMSOLR,EQ,176.35,-7.36,6389.69,28.01,51.09
NAZARA,EQ,232.4,-3.29,8609.61,21.53,51.09
NH,EQ,1600.1,-2.16,32699.77,3.16,51
TATAINVEST,EQ,541.2,-4.63,27382.06,9.09,50.12
MEESHO,EQ,140.85,-3.3,63567.45,34.93,49.61
HCG,EQ,520.1,-2.2,7333.81,9.38,49.09
BAJAJHIND,EQ,16.42,-0.24,2097.43,290.77,48.85
JKTYRE,EQ,380.55,-4.48,10970.86,12.71,48.77
PTCIL,EQ,15000,-3.86,22488.82,0.33,48.72
BLACKBUCK,EQ,571.1,-2.79,10375.31,8.39,48.61
JKCEMENT,EQ,5055,-0.61,39059.1,0.96,48.58
LEMONTREE,EQ,100.89,-3.84,7992.97,47.83,48.55
HCC,EQ,13.7,-5.65,3588.67,344.75,48.37
JMFINANCIL,EQ,113.77,-4.99,10880.55,41.51,48.06
SJVN,EQ,63.3,-4.34,24875.6,74.55,48.02
ESCORTS,EQ,2730,-3.95,30542.63,1.73,47.85
SANSERA,EQ,2075,-3.9,12911.54,2.24,47.63
ASTRAMICRO,EQ,855,-2.75,8117.8,5.42,47.44
TATACOMM,EQ,1350,-3.45,38475,3.45,46.85
AZAD,EQ,1475.1,-0.62,9526.45,3.16,46.68
LLOYDSENGG,EQ,37.6,-3.69,5256.79,122.88,46.62
AARTIIND,EQ,398.65,-4.49,14454.82,11.52,46.61
J&KBANK,EQ,110.1,-3.7,12124.02,41.86,46.6
TATACHEM,EQ,585.85,-3.22,14924.9,7.77,45.99
PWL,EQ,86,-3.91,24593.36,52.32,45.87
INOXGREEN,EQ,135.7,-2.55,5448.25,33.28,45.69
NEULANDLAB,EQ,12060,-0.06,15472.85,0.38,44.97
STAR,EQ,929.55,-1.14,8567.91,4.82,44.95
NEWGEN,EQ,403.55,-4.37,5743.23,10.88,44.53
EMCURE,EQ,1594,-3.55,30220.57,2.75,44.49
JSWINFRA,EQ,242.05,-3.16,50830.54,18.18,44.17
LTTS,EQ,3105,-2.92,32912.42,1.4,43.87
BHARATCOAL,EQ,30,-5.24,13971,143.22,43.78
TIMETECHNO,EQ,158.47,-4.48,7822.64,26.93,43.69
YATHARTH,EQ,615.5,-4.17,5930.61,6.91,42.96
AJANTPHARM,EQ,2786,-0.78,34807.06,1.53,42.75
CMSINFO,EQ,267.95,-1.07,4411.46,15.75,42.74
FINCABLES,EQ,774,-4.05,11837.51,5.4,42.62
CHOICEIN,EQ,610,-4.91,13589.37,6.9,42.61
ECLERX,EQ,1391,-4.91,13082.45,3.05,42.54
IKS,EQ,1331.5,-1.72,22844.97,3.18,42.4
SAPPHIRE,EQ,149.01,-6.42,4788.93,27.8,42.15
BORORENEW,EQ,376.6,-2.55,5279.51,11.08,42.12
NOCIL,EQ,153,-3.04,2555.48,26.74,41.24
ABFRL,EQ,53.85,-5.61,6572.45,74.74,41.18
POONAWALLA,EQ,365,-5.08,29667.84,10.85,40.93
BLISSGVS,EQ,216.4,-0.72,2289.27,18.54,40.8
JBMA,EQ,516,-5.61,12203.1,7.75,40.76
GOKEX,EQ,581.15,-1.49,4256.76,7.03,40.58
CASTROLIND,EQ,173.66,-0.81,17176.1,23.3,40.52
KPIGREEN,EQ,351.5,-4.65,6936.54,11.28,40.26
CEATLTD,EQ,3250,-6.15,13146.28,1.21,40.13
AVANTIFEED,EQ,1174,-2.86,15995.24,3.32,39.56
TEXRAIL,EQ,78.9,-5.69,3210.16,48.79,39.32
SHAILY,EQ,2080,-3.55,9558.66,1.87,39.18
TRIVENI,EQ,376,-3.71,8230.56,10.16,39.03
RAMCOCEM,EQ,905,-0.6,21384.46,4.28,39.03
PROTEAN,EQ,445.5,-7.49,1809.48,8.43,38.52
WABAG,EQ,1159.9,-3.38,7227.29,3.27,38.26
CRISIL,EQ,3771,-1.87,27577.33,1.01,38.2
KEC,EQ,511,-4.25,13602.82,7.33,38.02
DEEPAKNTR,EQ,1282,-4.74,17485.59,2.91,37.84
GMRP&UI,EQ,89.7,-7.53,7005.73,41.33,37.77
GILLETTE,EQ,7263.5,-2.78,23668.27,0.52,37.75
WHIRLPOOL,EQ,787,-2.7,9984.81,4.77,37.49
JUBLPHARMA,EQ,807,-4.41,12853.99,4.58,37.36
AEROFLEX,EQ,238.91,-0.69,3161.51,15.53,37.29
NEXT50IETF,EQ,63.95,-2.35,2058.65,56.95,36.6
AAVAS,EQ,1075.7,-3.13,8518.67,3.36,36.58
KPRMILL,EQ,830.2,-1.51,28377.4,4.42,36.47
IDEAFORGE,EQ,371,-3.7,1605.54,9.5,36.46
VTL,EQ,520.6,-1.25,15060.01,7.02,36.45
ANANDRATHI,EQ,3010.5,-0.73,24993.36,1.2,36.42
SAMHI,EQ,128.42,-4.34,2840.73,27.75,36.24
SCHAEFFLER,EQ,3834.1,-3.79,59928.39,0.93,35.95
SUDARSCHEM,EQ,742,-2.96,5833.01,4.81,35.89
RKFORGE,EQ,466.55,-4.39,8445.98,7.47,35.42
DBREALTY,EQ,84.15,-8.3,4564.35,40.61,35.07
MOSCHIP,EQ,148.7,-6.46,2882.8,22.98,34.95
KRN,EQ,857,-3.32,5326.82,4.05,34.82
GRWRHITECH,EQ,3360,-0.76,7806.08,1.04,34.76
ACE,EQ,748.5,-4.12,8913.38,4.51,34.35
CENTRALBK,EQ,31.41,-4.82,28430.45,106.45,33.91
SJS,EQ,1551.1,-4.02,4963.02,2.19,33.83
CREDITACC,EQ,1160,-0.62,18577.02,2.87,33.51
MGL,EQ,925,-1.62,9136.94,3.59,33.36
TI,EQ,415,-3.32,10257.59,7.84,32.92
SPARC,EQ,115.3,-4.62,3741.48,28.26,32.9
TANLA,EQ,377.7,-5.21,5008.96,8.54,32.85
HOMEFIRST,EQ,911,-2.01,9504.28,3.62,32.76
TECHNOE,EQ,986.1,-4.44,11468.3,3.29,32.72
DCXINDIA,EQ,153.95,-6.11,1714.79,20.61,32.65
AGARWALEYE,EQ,404.6,-1.26,12818.03,7.73,32.51
CGCL,EQ,162.3,-1.96,15615.76,19.82,32.5
TFCILTD,EQ,63.01,-2.63,2917.22,51.49,32.49
INTELLECT,EQ,597.95,-5.08,8351.99,5.34,32.41
TRITURBINE,EQ,440.1,-2.62,13990.43,7.4,32.38
ELECTCAST,EQ,73.98,-7.8,4573.33,42.48,32.37
SAILIFE,EQ,968.4,-1.77,20507.63,3.3,32.07
CEINSYS,EQ,900,-8.32,1605.7,3.4,31.9
POWERMECH,EQ,1739.8,-4.57,5500.6,1.81,31.59
WAAREERTL,EQ,781.15,-3.78,8150.97,3.98,31.44
KIRLOSENG,EQ,1324.2,-1.72,19247.2,2.37,31.42
MSUMI,EQ,36.75,-3.03,24371.36,84.87,31.34
THANGAMAYL,EQ,3365,-1.92,10459.1,0.91,31.11
INOXINDIA,EQ,1177.8,-1.74,10690.13,2.64,31.01
BHARTIHEXA,EQ,1485,-1.28,74250,2.04,30.88
CHOLAHLDNG,EQ,1368,-1.51,25687.96,2.24,30.78
AARTIPHARM,EQ,599.95,-1.46,5439.01,5.14,30.72
ABREL,EQ,1115.3,-1.36,12457.42,2.72,30.52
DCBBANK,EQ,158.36,-4.73,5097.64,19.05,30.45
BLUEJET,EQ,325.05,-5.45,5638.49,9.13,30.31
RCF,EQ,106.45,-5.02,5872.72,27.65,30.3
JAYNECOIND,EQ,71.75,-3.18,6966.91,41.95,30.25
ASHAPURMIN,EQ,460,-5.56,4394.2,6.38,30.07
IXIGO,EQ,173,-4.79,7580.58,16.85,29.86
RAMASTEEL,EQ,3.43,-19.86,560.98,768.58,29.67
CCL,EQ,1043.5,-1.44,13933.64,2.83,29.57
FLUOROCHEM,EQ,3002,-2.15,32976.97,0.98,29.47
CYIENT,EQ,752.9,-4.06,8366.53,3.83,29.42
CRAFTSMAN,EQ,6842.5,-1.18,16323.18,0.42,29.37
AWFIS,EQ,231.85,-8.81,1658.67,12.3,29.28
ASHOKA,EQ,102.3,-6.37,2871.8,28,29.27
GRINFRA,EQ,790,-1.8,7644.08,3.58,29.01
TRIDENT,EQ,22.56,-5.13,11496.48,126.01,28.93
MIDHANI,EQ,266.65,-7.11,4995.42,10.4,28.87
BALUFORGE,EQ,386.9,-5.32,4449.04,7.3,28.84
SBFC,EQ,81.05,-2.91,8967.49,35.76,28.82
SANDUMA,EQ,171.17,-4.36,8320.66,16.21,28.44
SBC,EQ,29.6,-4.42,1409.52,93.54,28.41
POLYMED,EQ,1191.9,-3.11,12081.04,2.34,28.11
LUMAXTECH,EQ,1519,-5.58,10353.16,1.82,28.02
ELGIEQUIP,EQ,465,-1.77,14736.27,5.91,27.92
KWIL,EQ,22.8,-3.39,5357.07,122.08,27.68
UCOBANK,EQ,22.44,-4.92,28138.77,120.84,27.56
BIRET,RR,320.31,-3.57,24003.57,8.44,27.5
STARHEALTH,EQ,450,-1.65,26478.16,6.03,27.38
FSL,EQ,203.15,-4.57,14159.37,13.26,27.3
RATEGAIN,EQ,441,-5.92,5209.27,6.09,27.29
EMBASSY,RR,419.69,-1.63,39782.15,6.46,27.2
JINDRILL,EQ,458.2,-7.54,1327.91,5.62,27.13
KSB,EQ,792.9,-0.37,13799.57,3.36,26.71
DYNAMATECH,EQ,8980,-0.92,6098.72,0.3,26.69
ANTHEM,EQ,659.9,-3.16,37067.5,4.01,26.43
PINELABS,EQ,155,-3.95,17798.28,17.11,26.42
IGIL,EQ,316.6,-1.02,13682.18,8.31,26.3
SETL,EQ,106,-3.67,2114.61,24.77,26.28
PATELENG,EQ,22.25,-5.32,2207.52,115.72,26.23
CSBBANK,EQ,339,-4.17,5881.17,7.6,26.19
YATRA,EQ,89.9,-6.96,1410.68,28.39,26.18
V2RETAIL,EQ,188.9,-4.26,6888,13.86,26.14
ABLBL,EQ,88.25,-4.06,10771.1,29.12,26.08
GENUSPOWER,EQ,214,-5.04,6510.26,11.98,26.07
INDIAMART,EQ,1961.2,-0.48,11784.29,1.32,25.99
OSWALPUMPS,EQ,290,-4.39,3305.35,8.79,25.9
JTLIND,EQ,41.8,-8.93,1643.08,61.51,25.83
DEEPINDS,EQ,430,-0.68,2752,5.89,25.61
FINOPB,EQ,117.5,-7.56,977.82,21.45,25.61
LLOYDSENT,EQ,41.16,-3.38,6148.77,61.22,25.52
KAJARIACER,EQ,913.25,-3.94,14545.54,2.71,25.22
KIRIINDUS,EQ,340.85,-2.78,2045.87,7.33,25.18
SKYGOLD,EQ,315.6,-3.96,4887.82,7.8,25.13
TEGA,EQ,1666,-2.01,12516.27,1.5,25.1
IOB,EQ,31.24,-2.98,60157.59,79.16,24.95
MEDANTA,EQ,964,-2.16,25911.39,2.57,24.92
ABSLAMC,EQ,869.15,-3.74,25101.59,2.81,24.75
GOLDIAM,EQ,267,-5.79,3014.91,9.15,24.73
CEMPRO,EQ,515,-2.3,8847.06,4.77,24.68
SONATSOFTW,EQ,209.4,-4.38,5872.1,11.59,24.66
DELTACORP,EQ,49,-11.58,1312.08,48.27,24.54
GREAVESCOT,EQ,120.58,-5.11,2808.26,19.55,24.26
MOBIKWIK,EQ,155.2,-8.29,1221.89,15.17,24.24
FRACTAL,EQ,761,-3.98,13086.55,3.18,24.1
PARAGMILK,EQ,180.33,-5.19,2256.1,13.16,24.01
INNOVISION,EQ,318.8,-10.56,759.17,7.14,23.92
JYOTICNC,EQ,718.6,-4.43,16342.62,3.22,23.57
CYIENTDLM,EQ,270.6,-2.98,2147.6,8.63,23.45
ATLANTAELE,EQ,1203,-2.88,9250.66,1.93,23.42
WELSPUNLIV,EQ,107.5,-7.69,10310.89,21.16,23.41
SMLMAH,EQ,3780.1,-5,5470.43,0.61,23.27
GRMOVER,EQ,152.45,-0.27,2805.93,15.24,23.25
MANORAMA,EQ,1125,-6.94,6717.21,2.01,23.22
EIDPARRY,EQ,776,-2.45,13802.92,2.96,23.16
SIGNATURE,EQ,711,-4.34,9990.31,3.19,23.11
FINPIPE,EQ,151.5,-3.89,9400.23,15.03,23.09
LTFOODS,EQ,361.1,-2.98,12539.3,6.33,23.08
GNFC,EQ,366.25,-4.99,5381.7,6.15,22.86
JYOTISTRUC,EQ,9,-6.83,1074.29,248.15,22.78
SHILPAMED,EQ,347.6,-0.57,6798.42,6.55,22.78
EMMVEE,EQ,216,-3.27,14954.65,10.46,22.7
CAPLIPOINT,EQ,1501,-3.68,11409.36,1.49,22.7
GSPL,EQ,228,-2.75,12864.02,9.64,22.48
VIKRAN,EQ,52,-7.09,1341.14,41.98,22.39
HINDOILEXP,EQ,117.5,-2.92,1553.86,18.35,22.37
RAYMONDLSL,EQ,762,-1.68,4642.38,2.96,21.98
LOTUSDEV,EQ,103.1,-5.92,5038.74,20.86,21.91
EPACK,EQ,197,-7.15,1895.7,10.74,21.85
CESC,EQ,149.9,-0.85,19870.3,14.52,21.83
SENCO,EQ,279.9,-1.88,4584.95,7.72,21.68
CIGNITITEC,EQ,1099.3,-1.71,3028.24,1.98,21.68
PTC,EQ,157.2,-3.64,4653.25,13.51,21.6
NETWORK18,EQ,27.57,-4.07,4251.29,76.64,21.57
GSFC,EQ,139.4,-3.55,5554.78,15.2,21.57
OMNI,EQ,246.8,-0.02,3052.08,8.66,21.4
SETFNIFBK,EQ,517.78,-3.62,3460.05,4.11,21.36
MASTEK,EQ,1347.8,-3.56,4177.82,1.57,21.28
AGI,EQ,467,-5.09,3021.37,4.45,21.23
HDFCNIFTY,EQ,253.24,-1.07,4518.68,8.42,21.19
ELECON,EQ,357,-4.11,8011.08,5.86,21.09
RICOAUTO,EQ,99.61,-5.21,1347.57,20.47,21.04
BALAMINES,EQ,985.7,-4.66,3193.77,2.11,21.02
GENESYS,EQ,205.15,-10,857.33,9.83,21.01
DEEDEV,EQ,266,-4.54,1842.4,7.67,20.97
UTKARSHBNK,EQ,10.2,-7.61,1815.11,197.67,20.85
AURIONPRO,EQ,723,-5.4,3991.94,2.84,20.84
NSLNISP,EQ,33.29,-3.59,9755.99,61.91,20.82
CLEAN,EQ,655,-3.53,6961.16,3.12,20.74
IIFLCAPS,EQ,243,-5.85,7567.86,8.21,20.57
ALKYLAMINE,EQ,1225,-5.22,6265.15,1.63,20.53
SEPC,EQ,4.84,-6.38,914.79,405.17,20.34
E2E,BE,2060,-3.54,4234.33,0.98,20.15
PREMEXPLN,EQ,380.5,-6.29,2045.61,5.11,20.14
JSFB,EQ,359.5,-3.36,3786.42,5.57,20.13
JAMNAAUTO,EQ,111.61,-4.3,4461.18,17.62,20.13
JSWCEMENT,EQ,109.8,-4.05,14969.75,17.98,20.08
FACT,EQ,738.8,-6.3,47805.68,2.63,20.04
BAJAJCON,EQ,345.1,-1.43,4507.64,5.71,20.04
LXCHEM,EQ,108.1,-3.71,2995.97,18.11,19.98
GMMPFAUDLR,EQ,787.7,-2.74,3541.28,2.5,19.98
HGINFRA,EQ,432.6,-6.24,2819.3,4.53,19.95
NORTHARC,EQ,206.3,-2.76,3333.23,9.45,19.9
MUFIN,EQ,95.6,-3.48,1656.09,20.48,19.87
ERIS,EQ,1296,-3.35,17955.16,1.53,19.85
RITES,EQ,176.15,-4.39,8465.84,10.96,19.58
MAHSEAMLES,EQ,561,-0.42,7517.36,3.49,19.54
SPLPETRO,EQ,735.6,-2.6,13832.32,2.66,19.42
JLHL,EQ,1260,-1.52,8261.32,1.52,19.4
INTERARCH,EQ,1662,-3.68,2787.48,1.14,19.39
ORIANA,SM,1549,-3.35,3147.44,1.23,19.34
RBA,EQ,57.95,-0.31,3377.77,33.53,19.32
GPPL,EQ,142.3,-2.31,6879.35,13.37,19.29
AHLUCONT,EQ,650.65,-4.62,4358.55,2.92,19.23
RAYMOND,EQ,322.05,-5.98,2144.01,5.86,19.23
RTNPOWER,EQ,7.58,-4.77,4070.54,248.47,19.18
ARSSBL,EQ,419.9,-4.3,2633.83,4.48,19.11
SKIPPER,EQ,336,-3.28,3793.58,5.64,19.09
TENNIND,EQ,514,-3.36,20745.26,3.69,19.03
POCL,EQ,1012,-5.69,3087.74,1.84,19.02
AADHARHFC,EQ,444,-2.71,19345.24,4.2,18.78
JAIBALAJI,EQ,54.9,-2.28,5008.29,33.86,18.69
PRICOLLTD,EQ,512,-2.53,6240.33,3.63,18.67
DREDGECORP,EQ,773,-5.16,2164.4,2.36,18.66
ITI,EQ,238.7,-5.28,22936.37,7.64,18.61
RGL,EQ,94.99,-6.68,1019.48,19.22,18.58
APEX,EQ,363.15,-3.81,1134.84,4.98,18.49
EMAMILTD,EQ,391.75,-0.34,17099.89,4.69,18.47
KITEX,EQ,142.69,-6.45,2846.67,12.65,18.31
CHALET,EQ,698.95,-3.59,15305.9,2.6,18.26
SHRINGARMS,EQ,166.5,-7.9,1605.59,10.71,18.24
NXST,RR,151,-0.49,22876.5,12.06,18.22
AFCONS,EQ,271,-3.93,9966.96,6.64,18.21
BBOX,EQ,447,-3.16,7620.94,3.97,18.19
CPSEETF,EQ,100,-0.38,20580.26,17.99,18.11
MANINDS,EQ,321,-2.59,2407.81,5.61,18.05
CARERATING,EQ,1421.5,-5.93,4271.18,1.22,18.04
SMALLCAP,EQ,37.75,-2.08,804.75,47.63,18.03
WENDT,EQ,5930,-5.78,1186,0.3,18.03
CENTUM,EQ,2790.2,-0.5,4113.03,0.64,17.97
HNGSNGBEES,EQ,454.88,-2.87,1072.91,3.93,17.94
GLAND,EQ,1700,-1.4,28008.59,1.05,17.91
SWANDEF,BE,1592.8,-5,8391.21,1.11,17.87
HEXT,EQ,423.1,-4.49,25852.09,4.13,17.86
ROUTE,EQ,415.05,-5.81,2614.94,4.21,17.83
KPIL,EQ,1057,-1.56,18050.66,1.68,17.78
ZENSARTECH,EQ,515.45,-1.92,11726.2,3.43,17.78
LATENTVIEW,EQ,251.9,-3.26,5212.44,6.97,17.72
PNCINFRA,EQ,160.99,-5.01,4130.02,10.78,17.71
PRECWIRE,EQ,290.2,-3.72,5305.09,5.96,17.66
NITCO,EQ,85.48,-3.37,1958.48,20.1,17.61
JISLJALEQS,EQ,27.8,-5.79,1986.62,62.29,17.6
KERNEX,EQ,863,-4.96,1450.05,2.01,17.58
HONAUT,EQ,26365,-2.46,23310.68,0.07,17.53
PENIND,EQ,130.5,-4.41,1761.05,13.06,17.42
MARATHON,EQ,381.2,-2.82,2570.07,4.51,17.3
BLUEDART,EQ,4698,-2.96,11147.38,0.36,17.17
BANCOINDIA,EQ,504,-5.2,7209.08,3.35,17.15
NIFTY1,EQ,247,-1.96,3085.08,6.9,17.12
MAPMYINDIA,EQ,804,-4.69,4402.79,2.1,17.1
ISGEC,EQ,864.95,-3.02,6359.93,1.96,17.06
FMCGIETF,EQ,48.8,-1.77,699.96,34.77,17.04
BASF,EQ,3190,-3.08,13808.12,0.53,16.93
MIDCAPETF,EQ,19.85,-2.65,1408,84.71,16.87
HUBTOWN,EQ,175,-3.52,2486.76,9.63,16.75
TTML,EQ,31.4,-5.22,6138.47,51.92,16.6
INDIGOPNTS,EQ,712.9,-2.45,3398.8,2.3,16.51
SHILCTECH,EQ,3581.7,-1.01,4097.54,0.46,16.45
APOLLOPIPE,EQ,410.3,-4.18,1807.3,3.92,16.43
SHRIPISTON,EQ,3002.5,-1.02,13225.96,0.54,16.42
JUSTDIAL,EQ,487.75,-2.44,4148.05,3.28,16.3
CAPACITE,EQ,202,-5.03,1709,7.85,16.28
ALPHA,EQ,42.55,-4.23,677.94,37.85,16.27
DIACABS,EQ,119.89,-2.49,6317.86,13.47,16.21
EASEMYTRIP,EQ,5.79,-6.61,2105.74,271.06,16.18
PGINVIT,IV,90.23,-0.07,8210.92,17.84,16.08
ASIANTILES,EQ,56.27,-4.17,1304.97,28.04,16.06
IFBIND,EQ,896.6,-5.14,3632.92,1.76,16.05
SHARDACROP,EQ,867.5,-5.13,7826.63,1.8,16.03
BATAINDIA,EQ,607,-3.98,7801.62,2.61,16.02
SETFNN50,EQ,639,-3.96,2561.91,2.46,15.96
HEMIPROP,EQ,112.17,-4.69,3196.84,14.1,15.91
BECTORFOOD,EQ,179.26,-1.14,5503.11,8.87,15.89
KRBL,EQ,282,-4.21,6454.69,5.52,15.82
AEGISVOPAK,EQ,161,-6.34,17838.66,9.56,15.67
BERGEPAINT,EQ,414,-0.16,48272.52,3.83,15.65
TIRUMALCHM,EQ,166.4,-6.18,2006,9.23,15.59
GARUDA,EQ,132,-8.05,1228.15,11.35,15.54
MINDACORP,EQ,501.8,-5.09,11997.01,3.07,15.53
JKLAKSHMI,EQ,560.9,-4.4,6963.26,2.73,15.47
CRAMC,EQ,217.5,-6.19,4337.33,6.95,15.4
RSL,EQ,102,-0.95,852.39,14.83,15.4
FIEMIND,EQ,1892,-3.77,4979.68,0.8,15.38
AKZOINDIA,EQ,2818.5,-4.38,12835.54,0.53,15.27
MARKSANS,EQ,157,-3.73,7114.67,9.5,15.16
KIMS,EQ,622.25,-2.22,24898.65,2.45,15.15
MARSONS,EQ,120.9,-8.49,2080.69,11.7,15.09
RTNINDIA,EQ,25.8,-4.55,3566.26,56.66,14.93
INDIAGLYCO,EQ,844,-4.62,5657.06,1.72,14.91
NIFTYETF,EQ,241.54,-2.1,4761.25,6.13,14.9
SURYAROSNI,EQ,188.6,-4.16,4104.61,7.77,14.87
SAMBHV,EQ,91,-2.61,2681.51,16.06,14.76
MANINFRA,EQ,79.9,-8.21,3225.3,18.24,14.73
VIYASH,EQ,182.41,-2.71,7968.6,7.99,14.66
KIRLPNU,EQ,1042,-1.62,6768.01,1.4,14.6
IOLCP,EQ,72.9,-6.48,2139.82,19.52,14.58
JARO,EQ,386,-9.9,856.01,3.67,14.58
SMSPHARMA,EQ,372.6,-3.51,3489.47,3.84,14.53
INDOTHAI,EQ,288.1,-0.26,3705.49,5.07,14.47
VIJAYA,EQ,857.5,-1.47,8808.66,1.68,14.46
DCAL,EQ,129.25,-9.42,2026.42,10.79,14.45
ZYDUSWELL,EQ,425,-4.73,13521.83,3.34,14.38
INDIASHLTR,EQ,731.85,-0.69,7959.49,1.94,14.38
USHAMART,EQ,391.3,-4.09,11924.55,3.61,14.31
MOREPENLAB,EQ,33.72,-6.72,1847.7,41.4,14.29
FEDFINA,EQ,123.5,-5.21,4621.45,11.32,14.28
STOVEKRAFT,EQ,451,-5.24,1493.14,3.07,14.19
TEMBO,EQ,465,-0.5,719.22,3.1,14.16
NAVA,EQ,533.95,-2.93,15110.85,2.62,14.08
SPMLINFRA,EQ,152.3,-4.85,1166.64,9.01,14.06
SMCGLOBAL,EQ,55.5,-6.88,1162.17,25.12,14.02
ACI,EQ,577.35,-5.1,7127.87,2.38,14.02
SUPRIYA,EQ,563.2,-4.14,4532.79,2.44,13.92
MEDPLUS,EQ,823,-0.57,9880.5,1.67,13.9
EFCIL,EQ,178,-2.7,2443.64,7.63,13.79
BANKIETF,EQ,52,-2.91,2615.81,26.51,13.78
TVSHLTD,EQ,13905,-0.76,28132.74,0.1,13.78
ALOKINDS,EQ,11.2,-5.96,5561.07,120,13.73
TEAMLEASE,EQ,1109.4,-4.38,1860.34,1.23,13.71
EUREKAFORB,EQ,443,-4.12,8567.78,3.04,13.71
LMW,EQ,12120,-1.92,12947.8,0.11,13.67
RELINFRA,BE,66.97,-4.99,2736.6,20.15,13.55
SULA,EQ,139.25,-6.83,1175.93,9.42,13.51
STYLAMIND,EQ,2172,-0.18,3681.12,0.62,13.5
PHARMABEES,EQ,22.88,-1.29,1085.5,58.81,13.47
VSTTILLERS,EQ,4806,-2,4154,0.28,13.44
VAIBHAVGBL,EQ,175.77,-5.06,2936.55,7.47,13.4
JYOTHYLAB,EQ,198.1,-2.82,7274.52,6.7,13.39
MMTC,EQ,52,-5.73,7800,24.88,13.2
MEDIASSIST,EQ,297.2,-2.04,2217.39,4.41,13.2
63MOONS,EQ,467,-4.27,2151.87,2.74,13.18
RRKABEL,EQ,1299.5,-1.15,14697.48,1.02,13.17
KIRLOSBROS,EQ,1339.2,-6.12,10634.44,0.96,13.17
PNGJL,EQ,534.95,-3.33,7259.72,2.45,13.06
ASAHIINDIA,EQ,785.25,-3.9,20018.16,1.64,13.06
JUBLINGREA,EQ,544.1,-2.41,8666.49,2.37,13.05
VERANDA,EQ,133,-3.98,1279.06,9.56,13.03
ENDURANCE,EQ,2213.6,-2.05,31137.13,0.59,13.03
HUHTAMAKI,EQ,149.6,-4.23,1129.81,8.39,13
NEOGEN,EQ,1129.9,-4.21,2980.87,1.14,12.97
INDRAMEDCO,EQ,371.9,-3.47,3409.32,3.45,12.97
SYMPHONY,EQ,686.4,-3.85,4713.6,1.86,12.96
REFEX,EQ,188.9,-4,2591.7,6.74,12.91
BLUESTONE,EQ,463,-5.51,7048.31,2.74,12.91
SOBHA,EQ,1173,-4.44,12543.22,1.08,12.91
EMSLIMITED,EQ,260.9,-5.59,1448.8,4.84,12.86
EIHOTEL,EQ,272.9,-4.01,17066.19,4.65,12.85
CIEINDIA,EQ,444.8,-0.39,16874.04,2.85,12.78
TMB,EQ,580,-3.33,9184.38,2.18,12.72
ARVIND,EQ,336.5,-4.04,8820.16,3.7,12.6
AVALON,EQ,917,-4.79,6122.46,1.35,12.59
SHAREINDIA,EQ,115.75,-6.43,2517.47,10.59,12.58
NACLIND,EQ,125.55,-2.87,2938.04,9.6,12.55
BIRLACORPN,EQ,837,-3.98,6445.35,1.47,12.35
UGROCAP,EQ,80.25,-10.83,1165.56,14.68,12.35
MSTCLTD,EQ,365,-4.24,2569.6,3.31,12.28
THYROCARE,EQ,351.5,-2.7,5594.66,3.49,12.26
IMFA,EQ,1198.2,-2.71,6464.78,1.01,12.26
SGFIN,EQ,414,-8.75,2314.05,2.84,12.21
HIMATSEIDE,EQ,72.6,-4.04,912.89,16.64,12.2
NIITMTS,EQ,262,-5.43,3603.04,4.62,12.16
EVEREADY,EQ,261.2,-3.72,1898.59,4.61,12.14
PACEDIGITK,EQ,142.1,-6.46,3067.25,8.41,12.12
MINDSPACE,RR,449,-1.52,29110.6,2.64,12.01
NFL,EQ,63.99,-6.05,3139.21,18.24,11.99
SUMICHEM,EQ,365,-2.58,18218.82,3.25,11.99
GOKULAGRO,EQ,180.29,-2.19,5320.12,6.46,11.86
CELLO,EQ,388.95,-1.16,8591.32,3.05,11.85
GMBREW,EQ,977,-4.26,2232.14,1.18,11.78
OPTIEMUS,EQ,293,-6.24,2598.58,3.88,11.71
TIMKEN,EQ,3250,-2.08,24446.09,0.36,11.68
SHARDAMOTR,EQ,710,-6.22,4075.95,1.62,11.68
TTKPRESTIG,EQ,424,-3.65,5806.72,2.72,11.67
KALAMANDIR,EQ,90.49,-4.77,1387.81,12.63,11.62
SUNDRMFAST,EQ,750,-1.66,15759.63,1.55,11.59
VPRPL,EQ,29.98,-9.29,373.68,37.41,11.59
CARYSIL,EQ,753,-4.42,2141.73,1.52,11.59
KPEL,EQ,250,-3.94,1689.9,4.49,11.44
CONFIPET,EQ,37.98,-1.63,1261.85,30.37,11.42
KRISHNADEF,EQ,804,-3.28,1200.55,1.39,11.41
BOMDYEING,EQ,94.99,-3.07,1961.88,12,11.39
STALLION,EQ,102.25,-3.26,1186.98,10.82,11.37
SDBL,EQ,62.3,-7.22,1229.03,17.36,11.2
WEL,EQ,95.94,-20,1285.67,11.02,11.19
LTGILTBEES,EQ,28.99,-0.34,2508.41,38.63,11.18
SENORES,EQ,760,-3.55,3500.07,1.44,11.12
HPL,EQ,258.05,-5.74,1659.27,4.23,11.11
MBEL,EQ,227.9,-6.66,1302.41,4.73,11.1
BANKNIFTY1,EQ,52.28,-3.54,4416.32,21.05,11.08
POLYPLEX,EQ,745,-4.27,2338.74,1.46,11.07
SGMART,EQ,460,-7.88,5796,2.28,11.05
TAJGVK,EQ,291.8,-4.06,1829.63,3.73,11.02
ICIL,EQ,249.15,-2.64,4934.52,4.3,10.95
VENUSPIPES,EQ,893,-4.52,1849.95,1.2,10.93
ASTEC,EQ,538,-7.21,1198.78,1.97,10.93
MOM30IETF,EQ,27.95,-1.83,484.49,39.25,10.91
VENTIVE,EQ,543.35,-7.27,12689.48,1.94,10.9
HERITGFOOD,EQ,293.95,-3.4,2727.74,3.65,10.88
VARROC,EQ,465.5,-4.53,7112.21,2.29,10.84
HITECH,EQ,71.37,-3.04,1449.58,15.13,10.81
GHCL,EQ,422.8,-1.85,3886.98,2.53,10.77
MAHLIFE,EQ,295,-4.99,6293.61,3.66,10.77
ASTRAZEN,EQ,7770,-2.03,19425,0.14,10.76
GODREJAGRO,EQ,535,-2.1,10289.6,2,10.75
VIPIND,EQ,301,-5.69,4275.76,3.49,10.74
SAREGAMA,EQ,318,-3.74,6131.34,3.28,10.71
TIPSMUSIC,EQ,493,-1.49,6302.1,2.16,10.67
NELCO,EQ,508,-5.51,1159.17,2.04,10.66
WHEELS,EQ,1006.1,-7.02,2458.21,1.04,10.62
MOREALTY,EQ,65.2,-2.67,240.85,16.18,10.57
ICICIB22,EQ,113.81,-1.36,9789.46,9.1,10.47
CERA,EQ,4580,-1.3,5907.07,0.23,10.45
LIKHITHA,EQ,157.2,-9.12,620.15,6.27,10.44
THOMASCOOK,EQ,89.68,-4.47,4218.37,11.48,10.43
SUNTECK,EQ,272,-4.88,3994.1,3.78,10.41
CRIZAC,EQ,176,-7.1,3079.69,5.69,10.38
PVTBANIETF,EQ,24.37,-3.26,2503.2,42.21,10.33
NPST,EQ,960,-10.68,2001.66,1.04,10.32
RALLIS,EQ,219.7,-4.4,4272.48,4.63,10.29
KANSAINER,EQ,166.93,-2.09,13498.93,6.08,10.28
CAMLINFINE,EQ,97.5,-7.72,1872.89,10.2,10.27
CANFINHOME,EQ,783.4,-4.68,10431.29,1.28,10.26
SANGHVIMOV,EQ,233.5,-5.04,2021.55,4.32,10.26
FINEORG,EQ,3969,-0.04,12168.94,0.26,10.23
3MINDIA,EQ,30000,-2.8,33795.21,0.03,10.22
PARKHOSPS,EQ,190,-5,8206.69,5.28,10.14
PARKHOTELS,EQ,96.05,-5.72,2049.46,10.26,10.14
SHANTIGOLD,EQ,156.95,-4.05,1131.55,6.36,10.12
HDFCSENSEX,EQ,81.4,-2.06,875.73,12.32,10.1
STYRENIX,EQ,1788.7,-2.01,3145.54,0.56,10.03
UNIMECH,EQ,697,-4.76,3544.72,1.41,10.03
SKFINDIA,EQ,1405,-6.85,6946.03,0.69,9.99
BBL,EQ,2063.9,-3.33,2332.85,0.48,9.98
ORIENTCEM,EQ,122.84,-2.74,2523.87,8.01,9.95
TBOTEK,EQ,1068,-3.32,11597.18,0.93,9.94
EMUDHRA,EQ,366.65,-4.58,3036.29,2.66,9.94
RATNAMANI,EQ,2185,-1.18,15315.1,0.45,9.93
SUNTV,EQ,565.5,-3.5,22285.49,1.72,9.89
ATALREAL,EQ,21.19,-1.67,262.54,46.69,9.89
REPCOHOME,EQ,345,-6.66,2158.37,2.79,9.89
BBTC,EQ,1319,-4.07,9202.91,0.74,9.88
AUTOBEES,EQ,244.8,-2.26,383.79,3.99,9.8
SAFARI,EQ,1432.4,-0.67,7017.89,0.69,9.78
KMEW,EQ,1470,-3.9,3593.28,0.65,9.76
ELLEN,EQ,196,-6.17,2762.34,4.84,9.75
QUADFUTURE,EQ,269,-4.03,1076,3.57,9.64
EPIGRAL,EQ,819.45,-2.33,3535.22,1.17,9.62
TARC,EQ,113.3,-4.8,3343.44,8.42,9.61
INA,EQ,82.01,-8.01,1807.46,11.28,9.59
JKPAPER,EQ,306.2,-6.03,5187.1,3.08,9.59
NESCO,EQ,998.3,-2.25,7034.02,0.93,9.54
PRAKASH,EQ,111,-5.33,1987.81,8.36,9.52
AWHCL,EQ,384,-4.14,1089.87,2.47,9.5
VIMTALABS,EQ,379.15,-5.53,1693.64,2.45,9.49
SFL,EQ,462,-6.44,5022.44,1.99,9.43
VSTIND,EQ,200.7,-3.38,3409.11,4.65,9.38
IONEXCHANG,EQ,320,-3.98,4693.33,2.88,9.31
HIKAL,EQ,146.25,-6.18,1803.27,6.17,9.26
AVL,EQ,470,-3.92,6069.49,1.92,9.2
SCHNEIDER,BE,845,-3.62,20204.29,1.07,9.08
ARMANFIN,EQ,1335,-5.1,1403.47,0.66,9.07
ORKLAINDIA,EQ,585,-1.13,8013.87,1.54,8.99
NIFTYBETA,EQ,247.19,-1.79,64247.21,3.61,8.97
KIOCL,EQ,316.05,-3.33,19207.97,2.79,8.95
LOWVOLIETF,EQ,20.15,-2.04,3312.13,44.23,8.93
MOMENTUM50,EQ,45.94,-2.46,286.83,19.44,8.93
VADILALIND,EQ,4078.6,-4.95,2931.63,0.22,8.91
PRIVISCL,EQ,2900,-1.85,11328.18,0.3,8.84
DAMCAPITAL,EQ,123.12,-6.23,870.29,6.99,8.81
ANUP,EQ,1595.9,-4.6,3196.82,0.54,8.78
NIACL,EQ,117.6,-3.46,19380.48,7.4,8.77
ADVAIT,EQ,1700,-3.5,1859.25,0.5,8.69
PSPPROJECT,EQ,575.05,-5.61,2279.6,1.48,8.67
NRBBEARING,EQ,215.6,-5.29,2089.65,3.93,8.67
PICCADIL,EQ,516.7,-3.3,5089.38,1.65,8.65
INFOBEAN,EQ,123.4,-6.84,1204.46,6.82,8.64
WALCHANNAG,EQ,131.49,-5.48,892.06,6.39,8.64
PAISALO,EQ,33.5,-2.42,3046.9,25.49,8.63
HIRECT,EQ,660.7,-7.9,1135.33,1.29,8.61
GODAVARIB,EQ,296,-2.2,1514.81,2.87,8.59
CANHLIFE,EQ,141,-0.46,13395,6.2,8.58
HDFCNEXT50,EQ,61.88,-2.07,142.77,13.74,8.58
ORIENTTECH,EQ,232,-3.43,1062.7,3.69,8.55
VESUVIUS,EQ,437.95,-3.81,8888.67,1.94,8.52
GANESHHOU,EQ,505,-7.65,4211.05,1.65,8.49
STEELCAS,EQ,224.5,-1.56,2271.94,3.64,8.47
MAXESTATES,EQ,309,-6.55,5050.47,2.71,8.47
JKIL,EQ,425.05,-4.8,3216.16,1.94,8.46
RAJOOENG,EQ,47.2,-7.1,843.35,17.55,8.39
MOM100,EQ,56.85,-2.62,727.84,14.51,8.28
STYLEBAAZA,EQ,272,-5.33,2029.59,2.95,8.27
FUSION,EQ,136.5,-3.23,2202.65,5.85,8.26
IBULLSLTD,EQ,9.15,-2.03,2126.81,87.98,8.24
MARINE,EQ,152.19,-5.71,2104.7,5.3,8.22
FABTECH,EQ,138.88,-9.67,617.33,5.69,8.2
MIRCELECTR,EQ,25.56,-3.62,944.17,29.76,8.19
SHREEJISPG,EQ,323.5,-4.99,5270.41,2.49,8.17
SHADOWFAX,EQ,115,-0.89,6685.26,7.2,8.16
ALLCARGO,EQ,7.24,-3.47,1084.39,112.18,8.09
NIBE,EQ,815,-6.26,1181.85,0.97,8.04
PURVA,EQ,163.56,-5.25,3878.82,4.77,8.03
AKUMS,EQ,468.9,-1.15,7380.2,1.72,8.02
BAJEL,EQ,138,-4.45,1596.62,5.67,7.99
MAITHANALL,EQ,832,-5.3,2422.08,0.95,7.98
ETHOSLTD,EQ,2184,-1.82,5843.88,0.37,7.94
GOCLCORP,EQ,257.8,-5.33,1277.98,3.08,7.92
GOCOLORS,EQ,250,-2.72,1314.9,3.15,7.92
SIGACHI,EQ,17.29,-5.05,660.68,45.43,7.91
ARKADE,EQ,95,-4.92,1763.8,8.16,7.88
RSYSTEMS,EQ,234.75,-5.3,2781.37,3.3,7.84
GREENPOWER,EQ,8.09,-7.12,948.98,94.51,7.83
LUXIND,EQ,825.7,-5.85,2483.02,0.93,7.82
INDIACEM,EQ,342.75,-3.72,10621.73,2.24,7.8
VASCONEQ,EQ,27.01,-9.15,625.81,27.89,7.78
SIRCA,EQ,399.6,-4.79,2269.44,1.92,7.76
JAICORPLTD,EQ,88.95,-6.1,1561.12,8.53,7.74
GREENPLY,EQ,182,-4.09,2272.96,4.19,7.74
SGBFEB32IV,GB,14305.1,-0.58,18291.67,0.05,7.73
GLOBUSSPR,EQ,805.95,-2.27,2342.73,0.95,7.66
ALPEXSOLAR,SM,756,-2.03,1931.05,1,7.65
KOLTEPATIL,EQ,300,-5.75,2660.4,2.54,7.65
NEXT50,EQ,622.43,-2.44,1058.53,1.22,7.63
SHRIRAMPPS,EQ,61.7,-6.46,1052.94,12.1,7.62
VGUARD,EQ,314,-0.7,13714.09,2.43,7.62
DHANUKA,EQ,894,-4.5,4030,0.84,7.6
KRT,RR,113.54,-0.66,50348.17,6.68,7.59
BHAGCHEM,EQ,170.6,-8.86,2212.15,4.23,7.57
CAMPUS,EQ,220,-1.68,6723.05,3.45,7.56
EBBETF0430,EQ,1548.5,-0.41,24681.22,0.48,7.48
MAHSCOOTER,EQ,11096,-5.15,12681.14,0.07,7.42
RIIL,EQ,621.15,-4.86,937.94,1.17,7.42
GODREJIND,EQ,752,-2.99,25327.72,0.98,7.41
SPANDANA,EQ,185,-4.79,1319.15,3.9,7.37
SHK,EQ,112.57,-5.7,1558.2,6.41,7.36
WELENT,EQ,412,-4.19,5702.65,1.74,7.34
KELLTONTEC,EQ,13.22,-7.1,697.76,53.94,7.33
UNITECH,EQ,3.22,-7.2,841.91,224.5,7.3
KDDL,EQ,1995,-3.91,2453.71,0.36,7.27
BALMLAWRIE,EQ,149.15,-5.25,2550.52,4.76,7.24
VMART,EQ,465,-5.6,3694.81,1.51,7.24
GIPCL,EQ,120.5,-4.23,1870.35,5.88,7.23
VINDHYATEL,EQ,975,-1.22,1155.46,0.73,7.21
POKARNA,EQ,830,-6.51,2573.33,0.85,7.17
FCL,EQ,19.27,-4.46,2234.36,36.57,7.17
SML100CASE,EQ,8.7,-2.03,56.88,82.47,7.13
SUDEEPPHRM,EQ,585.9,-3.47,6617.66,1.19,7.13
EXCELSOFT,EQ,66.99,-5.05,770.95,10.32,7.05
SERVOTECH,EQ,62.2,-6.58,1404.76,11.08,7.04
GEOJITFSL,EQ,52.64,-5.87,1469.3,13.16,7.04
LUMAXIND,EQ,4780,-2.05,4468.22,0.15,6.99
UDS,EQ,125.35,-5.5,839.26,5.4,6.97
DATAMATICS,EQ,633,-6.17,3741.43,1.07,6.97
GATEWAY,EQ,50.85,-5.83,2540.69,13.48,6.96
SENSEXIETF,EQ,824,-2.24,26438.93,0.84,6.96
UNIECOM,EQ,79.49,-5.53,893.3,8.63,6.95
PARACABLES,EQ,28.75,-6.29,877.48,23.49,6.9
EXICOM,EQ,76,-8.68,1057.01,8.71,6.86
HARIOMPIPE,EQ,278,-6.96,860.89,2.4,6.83
ARFIN,EQ,73.6,-2.48,1241.8,9.25,6.8
MID150CASE,EQ,9.8,-1.9,210.65,69.47,6.79
SUBROS,EQ,639.9,-1.96,4174.44,1.07,6.78
EMIL,EQ,86.55,-5.19,3330,7.63,6.75
SEDEMAC,EQ,1515,-0.59,6690.47,0.45,6.73
PSB,EQ,20.62,-5.97,14631.1,31.76,6.69
MANGLMCEM,EQ,770,-1.72,2117.29,0.86,6.68
PRINCEPIPE,EQ,206.15,-5.28,2279.22,3.18,6.68
DDEVPLSTIK,EQ,189.65,-7.49,1962.43,3.44,6.67
ONEPOINT,EQ,41,-3.37,1077.98,16.08,6.65
REGAAL,EQ,61.42,-4.05,630.93,10.71,6.64
BSLNIFTY,EQ,26,-2.33,2884.49,25.35,6.62
AJAXENGG,EQ,410,-3.77,4690.68,1.63,6.62
SANDHAR,EQ,429,-7.28,2582.18,1.5,6.57
RELAXO,EQ,238.45,-4.52,5935.94,2.71,6.55
SWARAJENG,EQ,3304.9,-3.59,4015.41,0.2,6.55
INGERRAND,EQ,3490,-1.58,11017.23,0.19,6.53
NUVOCO,EQ,279.1,-6.83,9968.23,2.28,6.53
SALZERELEC,EQ,490,-5,866.45,1.3,6.52
DYCL,EQ,238.1,-5.27,1153.8,2.64,6.51
ARIS,EQ,94.36,-6.34,771.5,6.65,6.47
KSHINTL,EQ,435.05,-2.55,2947.71,1.46,6.47
QUESS,EQ,166.4,-4.38,2482.98,3.78,6.46
MIDCAPIETF,EQ,20.2,-1.89,603.04,31.97,6.46
UFLEX,EQ,333,-7.47,2404.64,1.88,6.45
SAKSOFT,EQ,110.45,-5.44,1464.03,5.75,6.44
KRSNAA,EQ,520,-4.95,1686.81,1.21,6.39
MAMATA,EQ,301.5,-5.96,741.93,2.07,6.37
TSFINV,EQ,339.9,-3.19,7549.31,1.87,6.36
JSWHL,EQ,11301,-4.54,12543.69,0.06,6.35
MONIFTY500,EQ,21.02,-2.28,227.65,30.09,6.35
AARTIDRUGS,EQ,319.45,-3.4,2915.62,1.96,6.34
DSSL,EQ,786.95,-8.03,1002.34,0.78,6.33
UTLSOLAR,EQ,198,-0.21,6066.94,3.16,6.31
EBGNG,EQ,352.05,-4.99,4013.78,1.76,6.3
ALIVUS,EQ,976,-0.49,11979.07,0.64,6.28
ORISSAMINE,EQ,3117,-5.74,1870.2,0.2,6.23
EIHAHOTELS,EQ,269,-4.83,1639.19,2.29,6.21
DCW,EQ,37.5,-5.09,1106.83,16.13,6.19
PITTIENG,EQ,684,-5.77,2575.51,0.88,6.19
STARCEMENT,EQ,203.45,-1.58,8390.87,3.04,6.13
VENKEYS,EQ,1171,-3.47,1649.63,0.52,6.11
PANACEABIO,EQ,297.4,-7,1821.6,2.02,6.1
STUDDS,EQ,449.1,-3.3,1767.36,1.35,6.1
SIMPLEXINF,EQ,138,-11.07,1091.52,4.19,6.07
MASFIN,EQ,283,-3.15,5135.13,2.14,6.07
SUNFLAG,EQ,192.78,-5,3474.27,3.07,6.07
754GS2036,GS,105.27,-0.78,156852.3,5.7,6.03
GULFOILLUB,EQ,891.7,-1.5,4405,0.67,6.03
PGIL,EQ,1362.3,-2.14,6285.85,0.43,5.94
BUTTERFLY,EQ,592,-3.16,1058.47,1.01,5.93
MCLOUD,EQ,19.95,-2.3,1175.19,30.01,5.92
INDOTECH,EQ,1102.7,-6.43,1171.07,0.52,5.92
DLINKINDIA,EQ,377.7,-3.17,1341.02,1.55,5.9
C2C,SM,372.95,-4.18,632.84,1.54,5.89
IVALUE,EQ,218,-1.98,1190.94,2.68,5.85
AXISNIFTY,EQ,245.13,-2.53,1163.68,2.38,5.85
FILATEX,EQ,36.6,-4.66,1625.25,15.45,5.85
MOTISONS,EQ,10.9,-2.5,1073.06,53.48,5.83
VIDYAWIRES,EQ,50.5,-3.5,1074.1,11.4,5.82
ARVSMART,EQ,501,-3.03,2297.94,1.15,5.8
ADVENZYMES,EQ,255.8,-3.8,2863.09,2.27,5.79
EKC,EQ,91.16,-7.84,1022.89,6.21,5.79
GTLINFRA,EQ,0.97,-2.02,1233.51,589.45,5.78
KCP,EQ,125.25,-2.08,1614.74,4.53,5.74
PRECAM,EQ,106.9,-5.77,1015.4,5.28,5.72
MMFL,EQ,375,-6.23,1810.56,1.49,5.72
AYE,EQ,94.5,-4.86,2332.11,5.9,5.69
ARTEMISMED,EQ,207.6,-3.85,3285.76,2.72,5.68
ROSSARI,EQ,378.8,-4.82,2097.92,1.48,5.68
KSL,EQ,576.8,-5.88,2517.91,0.96,5.68
ASALCBR,EQ,669.8,-2.5,1271.23,0.83,5.68
BAJAJELEC,EQ,334.8,-4.67,3863.28,1.65,5.66
WAAREEINDO,BE,366.3,-4.99,1523.94,1.53,5.65
SIYSIL,EQ,439,-4.48,1991.75,1.27,5.65
GROWWDEFNC,EQ,73.35,-0.27,254.86,7.74,5.65
BAJAJHCARE,EQ,288.75,-3.97,911.97,1.91,5.63
SALASAR,EQ,5.65,-5.52,987.59,96.54,5.61
SRM,EQ,383,-5.44,878.76,1.43,5.57
DIGITIDE,EQ,74.67,-2.94,1112.67,7.26,5.56
NITINSPIN,EQ,345,-4.06,1939.59,1.6,5.56
SAATVIKGL,EQ,377.1,-1.69,4793.13,1.47,5.55
ORCHPHARMA,EQ,480,-4.44,2434.52,1.13,5.53
RATNAVEER,EQ,132.44,-2.99,898.88,4.15,5.53
HAPPYFORGE,EQ,1167.9,-0.95,11019.19,0.48,5.51
TATVA,EQ,1050.1,-4.76,2456.4,0.51,5.5
BANKADD,EQ,51.57,-3.23,571.19,10.65,5.5
TBZ,EQ,112.89,-4.98,753.32,4.82,5.48
NIF100BEES,EQ,244,-2.36,303.46,2.24,5.48
REDTAPE,EQ,110,-2.61,6080.88,4.96,5.47
SMARTWORKS,EQ,362,-6.02,4136.29,1.43,5.45
DODLA,EQ,984.7,-1.54,5940.48,0.55,5.4
BOSCH-HCIL,EQ,1050.3,-4.41,2855.86,0.51,5.38
AJMERA,EQ,100.5,-3.4,1977.8,5.32,5.38
MTNL,EQ,21.4,-7.04,589.83,24.21,5.36
EMBDL,BE,39.46,-4.98,5487.44,13.55,5.35
PLATIND,EQ,186.99,-4.22,1027.04,2.8,5.34
CENTURYPLY,EQ,696,-0.35,15463.24,0.76,5.33
GALAXYSURF,EQ,1510,-5.45,5353.67,0.35,5.33
ROLEXRINGS,EQ,110.93,-3.82,3020.99,4.71,5.31
CONTROLPR,EQ,521,-8.58,833.3,0.99,5.31
RUPA,EQ,111.03,-3.3,882.96,4.7,5.29
MPSLTD,EQ,1482.6,-1.85,2536.11,0.35,5.28
EPACKPEB,EQ,132.17,-5,1327.67,3.97,5.28
GRINDWELL,EQ,1354.2,-1.15,14993.7,0.39,5.27
HLEGLAS,EQ,250.25,-5.14,1738.1,2.03,5.25
CORONA,EQ,1550,-1.99,9479.81,0.34,5.25
PFS,EQ,24.05,-7.92,1544.69,21.08,5.22
MOLDTKPAC,EQ,473.8,-1.85,1574.39,1.1,5.21
BFSI,EQ,24.37,-2.99,392.57,20.99,5.2
PROSTARM,EQ,116,-4.84,682.95,4.41,5.19
SPAL,EQ,694,-0.96,1741.43,0.75,5.18
SATIN,EQ,141.25,-1,1560.4,3.68,5.18
APLLTD,EQ,665,-1.27,13071.45,0.78,5.17
MCLEODRUSS,EQ,28.57,-9.59,298.43,17.31,5.17
PGHL,EQ,4815,-0.87,7992.6,0.11,5.13
KOPRAN,EQ,108.95,-3.95,526.09,4.66,5.12
GKENERGY,EQ,90.17,-4.99,1828.8,5.62,5.11
KAMDHENU,EQ,17.47,-6.13,492.45,28.62,5.09
KROSS,EQ,158.3,-3.05,1021.18,3.18,5.07
SPIC,EQ,55.4,-5.22,1128.17,8.93,5.07
TVSSCS,BE,90.8,-4.46,4005.91,5.45,5.05
PSUBANK,EQ,803,-2.88,2201.22,0.63,5.05
NIITLTD,EQ,50.85,-5.97,693.51,9.71,5.01
EUROPRATIK,EQ,213.5,-6.67,2181.97,2.29,4.98
BUILDPRO,EQ,955.1,-0.13,2316.05,0.51,4.97
654GS2032,GS,99.1,-1.34,154596,5,4.96
TALBROAUTO,EQ,231.7,-0.56,1430.24,2.11,4.94
ALEMBICLTD,EQ,71,-5.82,1823.15,6.81,4.93
CANTABIL,EQ,221,-2.62,1848.4,2.21,4.92
BHARATRAS,EQ,1209.2,-3.94,2009.82,0.4,4.91
SGBDE31III,GB,14244,-0.26,17244.94,0.03,4.87
MOL,EQ,37.35,-5.2,949.86,12.88,4.85
IMAGICAA,EQ,37.55,-0.16,2124.81,12.84,4.81
NCLIND,EQ,149.14,-4.97,674.6,3.12,4.78
DENTA,EQ,225.05,-4.76,600.88,2.09,4.78
HDFCMID150,EQ,19.89,-1.68,156.71,24.18,4.77
SCILAL,EQ,35.13,-6.42,1636.35,13.2,4.75
STYL,EQ,214,-2.71,3462.64,2.22,4.74
MHRIL,EQ,226.1,-5.24,4568.2,2.07,4.73
PRUDENT,EQ,2151.2,-2.88,8907.41,0.21,4.69
WINDLAS,EQ,750,-1.96,1582.97,0.63,4.69
XPROINDIA,EQ,1000,-3.25,2347.04,0.46,4.69
RAJRATAN,EQ,329.9,-5.36,1674.94,1.39,4.68
SOLARA,EQ,427,-3.55,1544.58,1.08,4.68
OILIETF,EQ,10.92,-0.18,257.61,42.43,4.64
WAKEFIT,EQ,152,-0.85,5015.49,3.05,4.62
GUJTHEM,EQ,228,-9.45,2484.41,1.96,4.61
JAYKAY,EQ,116,-8.97,1511.33,3.83,4.61
MAYURUNIQ,EQ,495.85,-3.28,2154.6,0.92,4.59
STANLEY,EQ,124.95,-4.76,713.79,3.61,4.59
ITIETF,EQ,32.1,-1.41,439.48,14.27,4.58
NEXT50BETA,EQ,65,-2.83,2008.93,6.99,4.58
ASIANENE,EQ,236.3,-6.36,1061.86,1.84,4.54
TINNARUBR,EQ,531.8,-7.91,958.08,0.82,4.53
GILT5YBEES,EQ,63.6,-0.44,239.49,7.12,4.53
ACCELYA,EQ,1028.9,-6.71,1535.76,0.43,4.52
CONSUMBEES,EQ,117.03,-0.15,187.89,3.91,4.5
MAHLOG,EQ,334.4,-4.16,3318,1.33,4.5
NSIL,EQ,4700,-6.14,2414,0.09,4.5
METROBRAND,EQ,893,-1.93,24338.42,0.5,4.5
VISHNU,EQ,489.4,-1.31,3294.41,0.91,4.47
MSPL,EQ,26.8,-3.04,1519.02,16.73,4.47
ATULAUTO,EQ,382.5,-4.55,1061.49,1.15,4.47
MAANALU,EQ,120.4,-2.97,722.22,3.47,4.46
SSWL,EQ,169.5,-5.29,2664.21,2.58,4.46
RAMCOSYS,EQ,343.05,-6.78,1285.12,1.26,4.44
RAMKY,EQ,426,-4.62,2947.83,1.03,4.43
ECOSMOBLTY,EQ,106.78,-6.03,640.68,4.12,4.42
BANSALWIRE,EQ,225,-5.06,3522.51,1.93,4.42
738GS2027,GS,102.9,-0.36,146118,4.26,4.4
BFUTILITIE,BZ,369.5,-4.79,1391.82,1.18,4.39
MANAKCOAT,EQ,97,-2.78,1026.59,4.46,4.38
RPTECH,EQ,337.7,-2.53,2225.43,1.27,4.37
BCG,BE,8.17,-4.89,1648.64,52.67,4.35
TARSONS,EQ,167.5,-5.17,891.21,2.57,4.34
ALGOQUANT,EQ,50,-1.69,1405.48,8.68,4.33
EQUAL50ADD,EQ,313.6,-0.25,1073.97,1.39,4.29
SURAJEST,EQ,175.99,-1.38,840.76,2.42,4.28
COFFEEDAY,EQ,21.2,-5.78,447.85,19.72,4.23
ROHLTD,EQ,270.6,-6.93,742.13,1.53,4.22
MAHKTECH,EQ,22.16,-3.15,429.27,18.67,4.15
SHREEPUSHK,EQ,296.3,-3.63,958.17,1.37,4.14
KECL,EQ,82.5,-2.17,547.92,4.98,4.13
SUNCLAY,EQ,1189,-7.34,2621.29,0.33,4.09
GSPCROP,EQ,337,-5.48,1567.68,1.18,4.06
NIFTYCASE,EQ,8.95,-1.54,49.21,45.21,4.06
5PAISA,EQ,245.5,-6.21,767.31,1.6,4.05
GANDHAR,EQ,115,-6.91,1125.61,3.38,4.03
STLNETWORK,EQ,16,-3.9,780.78,24.67,3.99
ICEMAKE,EQ,667.75,-4.04,1053.69,0.59,3.98
MIDCAP,EQ,15.47,-0.06,169.26,25.78,3.96
HATHWAY,EQ,8.82,-5.16,1561.23,43.74,3.95
BALAJITELE,EQ,71.1,-6.46,866.08,5.35,3.95
HINDWAREAP,EQ,177,-2.87,1480.54,2.25,3.94
QUICKHEAL,EQ,125.71,-5.17,681.76,3.08,3.93
UNIPARTS,EQ,441.8,-3.97,1994.06,0.89,3.93
AGARIND,EQ,362.15,-4.12,541.7,1.05,3.93
EXPLEOSOL,EQ,650,-5.19,1008.78,0.6,3.93
PDSL,EQ,256.25,-2.99,3624.45,1.51,3.93
VMARCIND,SM,592,-1.73,1445.71,0.67,3.93
MOCAPITAL,EQ,43.2,-2.11,131.22,9.12,3.92
BLKASHYAP,EQ,42.9,-7.78,967.14,8.8,3.9
ADSL,EQ,87.45,-4.69,494.22,4.36,3.89
APTECHT,EQ,69.72,-4.87,404.4,5.4,3.87
AIMTRON,SM,797.8,-3.82,1644.2,0.48,3.87
ZUARI,EQ,180.85,-5.8,760.62,2.09,3.86
SAKAR,EQ,495,-4.51,1101.37,0.77,3.85
VEEDOL,EQ,1238.2,-3.33,2157.44,0.31,3.84
PPL,EQ,164.7,-6.1,393.94,2.29,3.84
SANSTAR,EQ,75.08,-5.29,1368.29,4.95,3.81
AEQUS,EQ,120.5,-2.08,8081.52,3.14,3.8
WSTCSTPAPR,EQ,406.7,-3.04,2686.21,0.93,3.8
DIVGIITTS,EQ,620,-8.11,1896.14,0.6,3.8
BEPL,EQ,81.6,-2.38,2030.69,4.58,3.76
PNBGILTS,EQ,59.5,-4.39,1071.06,6.23,3.76
SKFINDUS,EQ,2075.1,-2.07,10258.87,0.18,3.76
SUPRAJIT,EQ,399.75,-3.55,5483.42,0.92,3.75
SOLEX,EQ,914,-6.03,987.35,0.4,3.74
TAC,SM,401,-4.36,843.15,0.92,3.74
MUTHOOTMF,EQ,145.3,-5.28,2477.25,2.49,3.72
SGBJUN31I,GB,14135,-0.31,10981.89,0.03,3.7
LGBBROSLTD,EQ,1642,-3.79,5236.73,0.22,3.69
EIMCOELECO,EQ,1440,-5.57,830.65,0.25,3.69
LAXMIDENTL,EQ,157.25,-2.7,864.28,2.33,3.67
KRISHANA,EQ,470,-2.36,2905.9,0.77,3.65
INSECTICID,EQ,519,-6.71,1510.18,0.67,3.65
EBBETF0431,EQ,1380,-0.14,13038.05,0.26,3.64
CAPILLARY,EQ,474,-7.58,3763.91,0.74,3.64
PSUBNKIETF,EQ,81.55,-2.36,112.43,4.43,3.57
VENUSREM,EQ,819.65,-5,1095.63,0.43,3.56
SYNCOMF,EQ,10.4,-4.94,977.6,33.69,3.54
GKSL,EQ,101.4,-0.73,799.47,3.49,3.54
MAGSON,SM,143,-1.38,176.25,2.43,3.52
NAVKARCORP,EQ,74.96,-5.5,1128.29,4.58,3.51
SASKEN,EQ,1120,-1.46,1700.88,0.31,3.51
ABSLBANETF,EQ,51.6,-3.46,2296.18,6.78,3.5
STERTOOLS,EQ,159.5,-2.26,579.69,2.16,3.47
PNGSREVA,EQ,336,-4.23,1065.07,1.03,3.46
HNDFDS,EQ,500,-1.7,5974.09,0.69,3.46
VRLLOG,EQ,234,-4.88,4093.53,1.45,3.45
TOP100CASE,EQ,9.64,-1.23,131.23,35.86,3.45
DANISH,SM,552,-5.53,1086.98,0.6,3.44
LEMERITE,EQ,444,-0.99,1111.49,0.77,3.42
BCLIND,EQ,26.08,-2.65,769.79,12.75,3.4
SARTELE,SM,144,-9.03,706.72,2.25,3.39
AEROENTER,EQ,65,-2.24,735.05,5.1,3.35
JGCHEM,EQ,308.8,-3.03,1210.07,1.07,3.35
RESPONIND,EQ,127,-5.42,3385.93,2.57,3.33
IKIO,EQ,106.3,-2.27,821.49,3.07,3.33
MVGJL,EQ,134.5,-2.98,657,2.52,3.33
MIDSELIETF,EQ,15.76,-1.81,89.98,21.12,3.31
MASPTOP50,EQ,68.05,-1.32,1147.49,4.81,3.28
MIDWESTLTD,EQ,1144,-4.18,4136.8,0.28,3.27
ORIENTHOT,EQ,82.13,-4.89,1466.84,3.9,3.27
ROTO,EQ,48.2,-6.7,908.31,6.61,3.27
DIFFNKG,EQ,247.25,-5.68,925.36,1.29,3.24
INFRABEES,EQ,882,-3.18,169.32,0.36,3.24
INDNIPPON,EQ,680,-5.61,1538.26,0.47,3.23
MEIL,EQ,209,-5.37,577.47,1.52,3.23
SGBMAY29I,GB,13675,-0.55,7273.7,0.02,3.22
DECCANCE,EQ,546.9,-5.08,766.07,0.58,3.21
20MICRONS,EQ,132,-6.2,465.78,2.34,3.18
SHIVALIK,EQ,217,-6.38,341.78,1.42,3.17
GVPIL,BE,384.15,-5,2582.54,0.81,3.17
INDSWFTLAB,EQ,130.5,-5.58,1065.03,2.36,3.15
SUBEXLTD,EQ,6.65,-5.41,373.73,46.05,3.14
ASMS,EQ,7.04,-1.26,214.42,44.69,3.13
LANDMARK,EQ,360.5,-5.47,1494.81,0.84,3.12
SURYODAY,EQ,119,-6.98,1264.85,2.55,3.11
CLSEL,EQ,205.15,-5.44,1020.12,1.49,3.09
IPL,EQ,125.5,-3.1,1445.3,2.44,3.09
BIRLANU,EQ,1200,-2.22,904.91,0.25,3.08
FINIETF,EQ,28.22,-0.67,251.62,11.04,3.07
NILKAMAL,EQ,1075,-4.59,1604.17,0.29,3.07
NUCLEUS,EQ,730,-2.8,1921.75,0.41,3.07
GAUDIUMIVF,EQ,72.5,-3.86,527.7,4.24,3.06
PAKKA,EQ,80,-5.96,359.58,3.67,3.06
SGBN28VIII,GB,13640,-0.25,2146.2,0.02,3.04
GROWWRAIL,EQ,27.88,-3.33,120.53,10.54,2.97
INDOFARM,EQ,111.25,-3.89,534.57,2.63,2.97
SOMANYCERA,EQ,354,-7.03,1451.85,0.82,2.96
SAHASRA,SM,193,-11.16,482.36,1.5,2.96
DPABHUSHAN,EQ,958.2,-0.75,2187.37,0.31,2.96
DOLATALGO,EQ,65.4,-2.17,1151.04,4.42,2.95
MARKOLINES,EQ,142,-0.08,312.98,2.07,2.95
GHCLTEXTIL,EQ,65.26,-5.02,623.79,4.41,2.94
RPEL,EQ,575,-4.17,2639.94,0.51,2.94
HDFCNIFBAN,EQ,51.73,-2.52,4928,5.62,2.94
BLUSPRING,EQ,51,-0.6,760.58,5.72,2.93
SGBSEP31II,GB,14124,-0.73,16488.3,0.02,2.93
ELECTHERM,EQ,563,-0.72,717.42,0.51,2.93
RADHIKAJWE,EQ,51,-5.33,601.8,5.59,2.89
DBEIL,EQ,52.96,-11.39,246.69,4.99,2.87
TRACXN,EQ,26.06,-3.37,278.16,10.92,2.87
DOLLAR,EQ,220.5,-4.65,1250.59,1.28,2.87
SAFEENTP,SM,200.3,-2.39,933.49,1.43,2.86
APSISAERO,ST,155.65,-4.98,187.59,1.84,2.86
BANKETF,EQ,510.52,-3.82,269.46,0.55,2.84
TVSSRICHAK,EQ,3185,-7.29,2438.77,0.09,2.83
DHANBANK,EQ,20.03,-4.57,790.58,14.1,2.83
RAMCOIND,EQ,232,-3.21,2014.72,1.19,2.83
DREAMFOLKS,EQ,57,-8.35,303.64,4.79,2.82
WCIL,EQ,77.33,-5.41,788.42,3.52,2.81
IGARASHI,EQ,275.4,-7.69,866.82,1,2.81
TCIEXP,EQ,460.85,-0.03,1770.54,0.61,2.8
MANOMAY,EQ,230,-2.1,415.12,1.2,2.78
ITETF,EQ,30.66,-1.22,92.67,9.09,2.78
BOROLTD,EQ,216.51,-4.24,2589.07,1.26,2.78
BHARATSE,EQ,141,-5.91,885.48,1.94,2.77
BRIGHOTEL,EQ,55.75,-0.94,2117.62,4.98,2.77
MICEL,EQ,29.97,-4.98,722.31,9.18,2.76
ALPHAETF,EQ,22.05,-2.95,353.46,12.43,2.76
PATELRMART,EQ,151,-2.23,504.35,1.81,2.74
ROSSTECH,EQ,664.5,-2.47,2504.93,0.4,2.74
EBBETF0433,EQ,1253.6,-1.05,6261.12,0.22,2.73
HEIDELBERG,EQ,136.1,-5.32,3084.2,1.96,2.73
JPOLYINVST,EQ,1027,-2.09,1079.58,0.26,2.72
RUSHIL,EQ,12.85,-5.79,377.04,20.91,2.71
JAGRAN,EQ,60.96,-0.18,1326.82,4.45,2.71
RHETAN,EQ,24.22,-2.06,1930.03,11.1,2.71
GSMFOILS,SM,170.05,-8.43,239.65,1.62,2.69
IT,EQ,31.1,-4.66,372.77,8.36,2.68
NAVNETEDUL,EQ,122,-2.85,2698.8,2.17,2.67
AMBIKCO,EQ,1125,-4.3,644.06,0.23,2.67
AUTOAXLES,EQ,1545,-2.55,2334.8,0.17,2.67
ZUARIIND,EQ,210,-3.6,625.4,1.22,2.67
PANAMAPET,EQ,229,-8.62,1385.3,1.12,2.66
RKSWAMY,EQ,71.4,-2.75,360.41,3.87,2.65
BODALCHEM,EQ,50.6,-11.55,637.28,4.85,2.65
GNA,EQ,355.1,-6.02,1524.47,0.73,2.64
ADVANCE,EQ,84.1,-9.13,540.64,3.04,2.63
RUSTOMJEE,EQ,363,-4.11,4582.41,0.71,2.61
SKMEGGPROD,EQ,148,-5.39,779.37,1.72,2.6
MUFTI,EQ,63.98,-6.83,418.24,3.97,2.6
TVTODAY,EQ,99,-0.01,590.72,2.62,2.6
RELTD,EQ,118.5,-5.2,2116.7,2.12,2.6
MEDICAMEQ,EQ,225,-5.78,305.16,1.14,2.59
RAMRAT,EQ,288,-4.38,2687.07,0.87,2.57
PRABHA,EQ,146.01,-0.19,1998.96,1.74,2.57
RML,EQ,635,-4.04,1754.96,0.41,2.55
JUNIPER,EQ,193,-3.79,4294.3,1.32,2.54
TNPETRO,EQ,80,-0.79,719.77,3.11,2.52
SSEGL,SM,283,-7.14,735.19,0.86,2.51
JAYBARMARU,EQ,76.7,-4.9,830.28,3.24,2.51
KHADIM,EQ,79.8,-5.15,146.66,3.09,2.5
SCODATUBES,EQ,123.4,-0.92,739.28,2.01,2.5
ELIN,EQ,94.1,-5.52,467.76,2.57,2.49
SIS,EQ,279.5,-3.17,3948.56,0.88,2.49
LAOPALA,EQ,162.1,-6.72,1799.31,1.49,2.48
ADVENTHTL,EQ,124.96,-7.75,674.07,1.94,2.48
MANALIPETC,EQ,39.74,-3.71,683.52,6.22,2.48
NDTV,EQ,59.34,-6.96,669.5,4.02,2.45
CENTRUM,EQ,27.45,-12.36,1261.54,8.41,2.45
DEN,EQ,22.52,-6.44,1074.71,10.42,2.45
SOTL,EQ,288.9,-3.92,1980.71,0.84,2.45
GANESHBE,EQ,72.7,-5.18,523.36,3.35,2.44
GICHSGFIN,EQ,132,-2.06,710.83,1.84,2.44
TCI,EQ,925,-1.82,7098.8,0.26,2.43
RISHABH,EQ,349,-6.3,1343.56,0.68,2.42
GPTHEALTH,EQ,115,-0.88,943.63,2.07,2.42
TNPL,EQ,122.5,-2.19,847.83,1.96,2.41
PRSMJOHNSN,EQ,125,-0.61,6291.96,1.92,2.41
SACHEEROME,SM,265,-5.48,592.88,0.89,2.37
URJA,EQ,8.03,-5.64,421.94,29.02,2.36
SHALBY,EQ,126.2,-3.69,1363.08,1.81,2.36
VSSL,EQ,209.85,-4.11,2028.95,1.11,2.35
SBIBPB,EQ,45.2,-4.84,1270.59,5.12,2.35
ESAFSFB,EQ,19.85,-5.79,1023.59,11.57,2.34
KKCL,EQ,420,-2.31,2588.26,0.55,2.33
OMINFRAL,EQ,81.11,-1.12,781.12,2.9,2.33
ANNAPURNA,SM,167,-3.13,364.39,1.36,2.31
SMALL250,EQ,14.25,-2.86,47.23,16.01,2.3
RBZJEWEL,EQ,105,-4.71,420,2.21,2.3
SGBSEP29VI,GB,13660,-0.71,4808.79,0.02,2.3
DOLPHIN,EQ,387.15,-1.74,1548.78,0.58,2.3
KSOLVES,EQ,249,-4.69,590.64,0.91,2.3
IGPL,EQ,335,-0.76,1031.63,0.69,2.29
BAHETI,SM,483.1,-0.41,500.9,0.47,2.29
CEWATER,EQ,259,-1.43,536.03,0.88,2.28
718GS2037,GS,100.99,-0.94,173702.8,2.26,2.27
DPEL,SM,415,-2.55,1036.05,0.54,2.27
TVSELECT,EQ,358.7,-1.6,668.99,0.62,2.27
TASTYBITE,EQ,6525,-4.11,1674.32,0.03,2.26
NDRAUTO,EQ,610,-6.57,1450.9,0.36,2.25
ANONDITA,SM,699,-0.77,1264.25,0.34,2.23
DAVANGERE,EQ,3.7,-4.39,529.1,58.39,2.21
KIRLOSIND,EQ,2473,-4.93,2598.97,0.09,2.21
SAURASHCEM,EQ,48.96,-6.88,544.86,4.45,2.21
BHAGYANGR,EQ,138.95,-3.01,444.57,1.59,2.2
MACPOWER,EQ,795.9,-3.67,796.23,0.27,2.2
ARIHANTCAP,EQ,58.78,-5.36,644.3,3.67,2.2
SARVESHWAR,EQ,2.53,-5.24,310.87,85.73,2.19
DISHTV,EQ,1.86,-8.82,342.47,113.45,2.18
SUNDROP,EQ,560,-5.32,2111.02,0.38,2.17
VAKRANGEE,EQ,4.74,-5.58,513.43,44.67,2.15
GPTINFRA,EQ,97,-3.81,1225.74,2.18,2.14
VERTOZ,EQ,28.98,-9.32,247,7.31,2.13
NEPHROPLUS,EQ,502.1,-4.23,5038.11,0.42,2.13
IZMO,BE,615.9,-5,921.55,0.34,2.13
BSE500IETF,EQ,34.8,-2.08,311.89,6.07,2.12
VIVIANA,SM,621.5,-3.49,629.26,0.34,2.12
ONMOBILE,EQ,40.9,-8.28,434.85,5.08,2.12
RACLGEAR,EQ,1205,-2.18,1420.46,0.18,2.11
ICRA,EQ,5029,-2.26,4853.6,0.04,2.1
TIL,EQ,164.22,-2.35,1155.32,1.27,2.1
MOMOMENTUM,EQ,54.75,-2.7,110.43,3.78,2.08
DBCORP,EQ,185.01,-4.99,3297.73,1.09,2.08
KAYA,EQ,230.1,-7.9,349.47,0.85,2.07
HDFCMOMENT,EQ,27.31,-2.95,112.28,7.5,2.07
BANK10ADD,EQ,15.2,-3.12,7.15,13.44,2.05
TECHD,SM,432.05,-2.57,323.16,0.47,2.05
KOTYARK,EQ,396.8,-0.79,407.88,0.5,2.04
AHCL,EQ,111.1,-4.15,590.51,1.77,2.03
MASTERTR,EQ,56.9,-4.39,699.96,3.5,2.03
GEMAROMA,BE,138.06,-5,721.19,1.45,2.02
SNOWMAN,EQ,30.5,-5.19,509.62,6.46,2.01
HGS,EQ,345.35,-2.77,1606.58,0.58,2
SINDHUTRAD,EQ,20.75,-1.14,3199.5,9.62,1.99
SUMMITSEC,EQ,1322.5,-3.59,1441.76,0.15,1.99
ABSMARINE,SM,148,-3.65,363.34,1.32,1.98
AUTOIND,EQ,49.75,-4.97,225.74,3.92,1.97
YASHO,EQ,1250,-8.26,1507.14,0.15,1.97
SANATHAN,EQ,372,-2.34,3139.83,0.54,1.97
HERANBA,EQ,158,-5.28,632.21,1.22,1.97
APCOTEXIND,EQ,314.45,-5.06,1630.26,0.61,1.97
APS,SM,266,-7.96,536.26,0.71,1.96
AFIL,BE,7.5,-4.94,320.06,25.94,1.96
AUTOIETF,EQ,24.56,-2.03,162.94,7.95,1.96
SATIA,EQ,51.5,-5.1,515,3.75,1.95
PVTBANKADD,EQ,24.5,-3.2,475.09,7.9,1.95
SUPREMEPWR,SM,153.45,-2.54,383.49,1.27,1.94
FLAIR,EQ,283,-0.91,2982.69,0.67,1.93
GCHOTELS,SM,83,-4.05,206.83,2.42,1.93
ITADD,EQ,30.7,-1.25,115.03,6.23,1.92
SIGMAADV,BE,147.52,-5,2599.89,1.28,1.92
DENTALKART,SM,340,-3.31,589.45,0.56,1.91
MUKKA,EQ,18.5,-6.75,555,10.11,1.91
BFINVEST,EQ,315,-7.91,1186.53,0.58,1.91
ASHIANA,EQ,279.45,-3.4,2809.17,0.67,1.91
LAXMIINDIA,EQ,71.45,-8.74,373.45,2.58,1.9
OCCLLTD,EQ,78.49,-7.72,392.06,2.32,1.9
BMWVENTLTD,EQ,48.46,-5.3,420.22,3.85,1.89
KHAICHEM,EQ,43,-6.81,417.05,4.25,1.89
SINGERIND,EQ,62.26,-5.18,387.38,3.13,1.89
ORIENTPPR,EQ,14,-4.76,297.06,13.41,1.89
REMSONSIND,EQ,78.05,-6.62,272.23,2.35,1.88
RAJESHEXPO,BZ,80.38,-5,2373.3,2.33,1.88
THEJO,EQ,1480,-5.23,1605.42,0.13,1.87
GROWWNIFTY,EQ,9.05,-2.16,25.19,20.69,1.87
RELIABLE,EQ,110.18,-10,113.71,1.63,1.87
PAUSHAKLTD,EQ,349,-6.16,860.53,0.53,1.87
STEELXIND,EQ,7.24,-4.11,902.99,26.2,1.87
SANGHIIND,EQ,47.52,-4.29,1227.57,3.83,1.86
SGBDE30III,GB,13940,-2.07,3918.55,0.01,1.84
KALPATARU,EQ,259.4,-4.4,5341.41,0.7,1.84
SGBJAN29X,GB,13620,-0.23,1653.53,0.01,1.83
HARSHA,EQ,314,-2.59,2858.78,0.57,1.81
PUNJABCHEM,EQ,890.1,-2.11,1091.46,0.2,1.81
MANBA,EQ,100,-4.67,502.39,1.78,1.81
GPECO,SM,275,-7.27,325.35,0.65,1.81
SUBAHOTELS,SM,99.2,-8.99,240.49,1.78,1.8
JINDWORLD,EQ,18.15,-5.86,1819.72,9.73,1.8
ALPL30IETF,EQ,24.81,-2.05,1401.45,7.23,1.79
HONDAPOWER,EQ,1820,-5.76,1846.04,0.1,1.79
TOLINS,EQ,84.9,-5.58,335.43,2.07,1.78
KAMATHOTEL,EQ,141.63,-7.41,417.53,1.22,1.78
SAGCEM,EQ,153,-4.14,1999.83,1.14,1.78
AFFORDABLE,EQ,120.98,-8.01,136.06,1.43,1.77
BIGBLOC,EQ,38.59,-8.58,546.34,4.46,1.77
LINCOLN,EQ,561.1,-3.92,1123.87,0.31,1.76
RNFI,SM,217.5,-10.42,545.07,0.76,1.76
ONWARDTEC,EQ,209,-7.19,475.48,0.82,1.76
SWARAJ,ST,272.5,-1.78,600,0.65,1.76
THOMASCOTT,EQ,234.75,-6.64,344.39,0.73,1.75
GLOTTIS,EQ,37.49,-4.07,346.42,4.57,1.75
ENERGY,EQ,34.99,-1.05,222.57,4.96,1.75
SGBJAN29IX,GB,13607,-0.76,3905.05,0.01,1.74
ESTER,EQ,71,-8.51,692.86,2.38,1.74
RANEHOLDIN,EQ,981,-6.43,1400.65,0.17,1.73
LOKESHMACH,EQ,200,-2.44,399.94,0.86,1.72
VALIANTORG,EQ,202,-5.8,566,0.82,1.72
BYKE,EQ,26.25,-3.95,137.23,6.21,1.71
GALAPREC,EQ,706.9,-4.46,904.66,0.24,1.7
ESABINDIA,EQ,4968,-2.93,7647.25,0.03,1.7
KRISHCA,SM,141.5,-5.45,204.33,1.16,1.69
ITDC,EQ,368,-4.97,3156.31,0.45,1.68
FAIRCHEMOR,EQ,434,-5.1,546.66,0.38,1.68
SILVERTUC,EQ,103.1,-4.98,1307.41,1.61,1.68
SGIL,EQ,475.1,-2.57,738.45,0.35,1.68
VINSYS,SM,233,-0.98,342,0.72,1.67
GROWWPOWER,EQ,10.05,-2.24,147.3,16.37,1.66
HILINFRA,EQ,40.62,-7.22,291.33,3.95,1.66
KUANTUM,EQ,65.25,-4.73,569.4,2.44,1.65
MOLDTECH,EQ,102.5,-5.5,295.25,1.58,1.65
NELCAST,EQ,115.07,-3.29,1001.12,1.41,1.65
INDIANHUME,EQ,281.25,-5.78,1481.67,0.57,1.65
TCPLPACK,EQ,2256.1,-4.19,2053.05,0.07,1.63
FLYSBS,SM,359,-3.99,621.2,0.45,1.63
INDOCO,EQ,166,-4.3,1532.24,0.97,1.63
ABCOTS,EQ,400,-0.17,878.54,0.4,1.63
865IRFC29,NA,1100,-5.76,757.2,0.15,1.62
GGBL,SM,223,-3.53,553.06,0.73,1.62
AMRUTANJAN,EQ,491.5,-3.51,1420.96,0.32,1.61
AURUM,EQ,154,-6.27,1174.17,1.02,1.61
OBSCP,SM,281,-3.42,687.11,0.56,1.6
WINDMACHIN,EQ,209.9,-2.85,1827.9,0.77,1.59
KRITI,EQ,63,-14.93,331.98,2.27,1.59
FINBUD,SM,78.1,-10.64,148.78,1.96,1.59
VISAKAIND,EQ,50.2,-8.96,433.75,3.03,1.59
DEVX,EQ,30.55,-8.4,275.52,5.03,1.59
GUFICBIO,EQ,275,-1.94,2757.77,0.57,1.58
DELPHIFX,EQ,8,-6.76,196.21,19.31,1.58
NEXT50ETF,EQ,61.3,-2.17,10.8,2.55,1.58
NIF100IETF,EQ,25.84,-1.11,146.14,6.12,1.57
KRONOX,EQ,96,-5.8,356.2,1.57,1.57
ALLETEC,SM,119.95,-8.54,242.23,1.27,1.56
IRIS,EQ,211.5,-5.47,435.02,0.73,1.56
DIGIKORE,SM,68.95,-5.48,87.33,2.17,1.55
MMP,EQ,191.99,-4.75,487.7,0.8,1.55
HEALTHIETF,EQ,147,-0.76,157.6,1.06,1.55
HATSUN,EQ,913.1,-1.09,20339.14,0.17,1.54
MONTECARLO,EQ,471.5,-3.78,977.52,0.32,1.53
NGLFINE,EQ,2035,-4.09,1257.23,0.07,1.52
PILANIINVS,EQ,4177,-4.63,4624.88,0.04,1.51
KICL,EQ,4027.5,-4.89,1758.13,0.04,1.5
ABINFRA,EQ,15.79,-3.9,1008.65,9.52,1.5
RADIANTCMS,EQ,32.33,-7.89,344.99,4.45,1.49
MOMIDMTM,EQ,56,-2.2,29.64,2.67,1.49
RBMINFRA,SM,267,-9.21,269.75,0.53,1.48
GOACARBON,EQ,277,-7.73,253.48,0.52,1.48
SJLOGISTIC,SM,229,-5.49,350.21,0.64,1.48
FILATFASH,EQ,0.14,-6.67,116.68,1057.78,1.48
SAHANA,SM,793,-1.86,700.78,0.19,1.48
RPPINFRA,EQ,55.41,-6.87,274.76,2.6,1.48
EVINDIA,EQ,26.41,-2.62,137.46,5.56,1.47
AVPINFRA,SM,80,-2.56,199.83,1.86,1.47
SBGLP,EQ,18.99,-14.92,329.32,7.46,1.46
EXCELINDUS,EQ,805,-4.84,1011.94,0.18,1.45
PRAMARA,SM,343.75,-0.49,479.33,0.42,1.44
73GS2053,GS,98,-0.61,191100,1.47,1.44
DYNPRO,EQ,191.5,-5.91,238,0.73,1.44
CHEMICAL,EQ,24.9,-2.54,49.81,5.73,1.43
XCHANGING,EQ,48.2,-5.04,536.97,2.91,1.43
ARIES,EQ,326,-3.93,423.94,0.44,1.43
MVKAGRO,SM,535.1,-2.62,2702.46,0.27,1.42
MINDTECK,EQ,145.5,-7.07,464.93,0.93,1.41
CHEMCON,EQ,126,-6.01,461.55,1.09,1.4
JTEKTINDIA,EQ,117.8,-2.5,3266.74,1.19,1.4
ALLTIME,EQ,186.01,-5.43,1218.51,0.73,1.4
CHANDAN,SM,217.8,-5.76,532.57,0.62,1.39
MONEYBOXX,EQ,60.99,-2.65,398.93,2.31,1.38
GROWWEV,EQ,26.44,-4.03,231.68,5.19,1.38
SHANTIGEAR,EQ,430.3,-0.03,3301.08,0.32,1.38
UNIHEALTH,ST,362.4,-4.99,568.97,0.37,1.37
NAMOEWASTE,SM,134.4,-2.18,307.34,0.98,1.37
KESORAMIND,EQ,8.3,-2.81,257.85,16.94,1.37
ATL,EQ,18.8,-6.33,548.7,7.13,1.37
SHOPERSTOP,EQ,287.35,-2.26,3164.22,0.47,1.36
BBETF0432,EQ,1295,-0.29,10411.8,0.1,1.36
EMKAY,EQ,189.73,-4.34,496.89,0.7,1.36
BGRENERGY,BE,245.6,-4.99,1772.29,0.55,1.35
SURAKSHA,EQ,228.1,-3.16,1187.96,0.6,1.35
PDMJEPAPER,EQ,65.5,-3.8,621.92,2.05,1.35
FOODSIN,EQ,46.9,-5.18,344.86,2.85,1.35
ALICON,EQ,583.05,-6.28,952.52,0.23,1.35
DHARMAJ,EQ,230,-0.02,777.34,0.59,1.34
TECHERA,SM,187.65,-4.99,310.02,0.71,1.34
FROG,SM,130,-15.14,202.21,0.94,1.34
POLYSIL,ST,152.1,-4.58,342.3,0.88,1.34
HDFCNIFIT,EQ,31.08,-0.96,111.72,4.31,1.33
THEMISMED,EQ,67,-4.01,617.07,1.97,1.33
KRMAYURVED,SM,175,-5.56,372.06,0.75,1.33
IEML,SM,60.7,-9.27,111.28,2.14,1.31
ANDHRAPAP,EQ,58.4,-1.03,1161.29,2.22,1.3
SGBOC28VII,GB,13690,-0.08,2545.68,0.01,1.3
VETO,EQ,85.05,-5.65,162.57,1.48,1.29
SHALPAINTS,EQ,35.9,-8.35,300.52,3.45,1.29
GANESHIN,SM,66.4,-4.94,283.67,1.85,1.29
NEXT50ADD,EQ,60.83,-13.51,7.43,2.08,1.29
BIRLAMONEY,EQ,97,-5.32,548.14,1.31,1.29
MENONBE,EQ,102,-6.61,571.61,1.23,1.28
IFGLEXPOR,EQ,123.59,-5.89,890.82,1,1.28
OSWALAGRO,EQ,33.65,-15.22,451.7,3.57,1.27
BESTAGRO,BE,12.3,-4.95,436.25,10.22,1.27
JAYSREETEA,EQ,71.75,-5.09,207.2,1.73,1.27
JEYYAM,SM,22.1,-11.78,104.97,5.26,1.26
KRYSTAL,EQ,505,-6.48,705.58,0.24,1.26
SCHAND,EQ,131.89,-2.73,465.2,0.94,1.25
CUBEXTUB,EQ,75.76,-4.81,108.48,1.63,1.24
CONNPLEX,SM,220.6,-5.73,421.35,0.55,1.24
PSUBANKADD,EQ,80.31,-3.32,199.11,1.54,1.23
AGARWALTUF,SM,85,-2.19,150.23,1.4,1.23
BROOKS,EQ,36.57,-15.37,107.73,3.12,1.22
TARACHAND,EQ,53.01,-2.86,417.85,2.27,1.22
SHEMAROO,EQ,73.02,-7.94,199.49,1.63,1.22
ZTECH,SM,506.5,-4.42,732.31,0.24,1.22
UTSSAV,SM,187.5,-1.81,452.77,0.64,1.21
NRL,EQ,47.5,-0.17,328.08,2.58,1.2
TIRUPATIFL,BE,40.5,-0.74,503.33,2.97,1.2
YUKEN,EQ,598.5,-2.37,813,0.2,1.19
ALLDIGI,EQ,700.05,-2.56,1066.76,0.17,1.18
NV20BEES,EQ,134.86,-2.87,139.51,0.86,1.18
COMMOIETF,EQ,92.7,-1.25,109.53,1.25,1.17
MAXVOLT,SM,272.8,-5,297.46,0.42,1.16
MAXIND,EQ,121,-7.77,635.53,0.92,1.16
KCPSUGIND,EQ,23.18,-1.24,262.83,4.81,1.15
UFBL,EQ,195.3,-10,763.36,0.57,1.15
MAHEPC,EQ,92.94,-7.4,259.7,1.2,1.15
CSLFINANCE,EQ,220,-0.11,501.22,0.52,1.15
CENTENKA,EQ,371.3,-4.64,811.31,0.3,1.14
REPRO,EQ,307.05,-11.22,440.47,0.36,1.14
RITCO,EQ,177.4,-5.05,507.77,0.62,1.13
FOSECOIND,EQ,4681,-3.81,3528.19,0.02,1.13
VIKASLIFE,EQ,1.06,-7.83,196.91,103.44,1.13
NIFTYADD,EQ,234.81,-1.93,202.22,0.48,1.13
FRESHARA,ST,164.5,-5,386.56,0.68,1.12
SGBJUL29IV,GB,13661,-0.4,3994.15,0.01,1.12
VAL30IETF,EQ,14.31,-1.78,43.9,7.72,1.12
CCCL,EQ,12.8,-6.36,571.85,8.59,1.12
ESFL,SM,109.95,-4.93,273.11,1,1.12
OSWALGREEN,EQ,20.3,-7.43,521.32,5.44,1.11
IITL,EQ,117.7,-11.81,265.38,0.84,1.11
SENSEXBETA,EQ,794,-2.25,49852.65,0.14,1.11
MID150,EQ,19.8,-4.26,9.86,5.5,1.1
JINDALPHOT,EQ,986,-4.46,1011.47,0.11,1.1
ENIL,EQ,99.8,-5.99,475.75,1.02,1.09
ATMASTCO,SM,99,-8.63,244.87,1.03,1.09
BLAL,EQ,156,-2.81,649.65,0.69,1.08
SGBSEP28VI,GB,13590,-0.81,4335.39,0.01,1.08
MONOLITH,SM,371.25,-8.6,806.95,0.28,1.08
GLOBECIVIL,EQ,33.89,-9.24,202.39,3.08,1.08
COOLCAPS,SM,28.35,-4.87,327.73,3.76,1.08
ASAL,EQ,377.85,-5.02,599.44,0.28,1.08
VLEGOV,EQ,8.59,-8.42,93.16,12.06,1.07
709GS2074,GS,94,-1.03,148520,1.13,1.06
OMAXE,EQ,65.8,-3.02,1203.49,1.59,1.06
CLASSICEIL,SM,36.4,-15.45,65.39,2.93,1.06
MUNJALAU,EQ,67.5,-4.45,675,1.54,1.06
KABRAEXTRU,EQ,183.5,-3.34,641.75,0.57,1.06
DEFENCE,EQ,59,-3.42,45.69,1.77,1.06
INFLUX,SM,200,-6.78,463.01,0.5,1.06
INDOAMIN,EQ,85,-6.6,616.99,1.2,1.04
SGBMAY28,GB,13647,-0.26,3472.2,0.01,1.04
FOCUS,EQ,58.2,-1.24,392.53,1.75,1.04
BPL,EQ,37.61,-11.02,184.2,2.58,1.04
BASML,EQ,17.18,-5.6,137.3,5.8,1.03
SBIETFIT,EQ,320.13,-1.61,65.82,0.32,1.03
SENSEXETF,EQ,73.99,-1.99,40.29,1.38,1.03
VILAS,SM,336.5,-6.11,823.75,0.3,1.02
MUTHOOTCAP,EQ,179,-2.97,294.41,0.57,1.02
PYRAMID,EQ,132.84,-5.53,488.65,0.75,1.02
SGBAUG30,GB,14060,-2.73,4724.73,0.01,1.02
MODISONLTD,EQ,116.1,-0.82,376.74,0.87,1.01
BANSWRAS,EQ,95.2,-7.33,325.89,1.02,1.01
KRITINUT,EQ,54.27,-8.28,271.91,1.77,1.01
PENINLAND,EQ,13.99,-6.92,464.09,6.97,1
SAHAJSOLAR,SM,93.5,-8.65,205.44,1.04,1
KCEIL,SM,93.4,-7.66,114.17,1.06,0.99
NDL,EQ,1.86,-5.58,268.11,53.06,0.98
ZEEMEDIA,BE,6.65,-5,415.91,14.28,0.98
WANBURY,BE,223.9,-1.3,782.29,0.43,0.98
ACCENTMIC,SM,355,-4.35,851.61,0.27,0.97
SPORTKING,EQ,112.5,-1.67,1429.56,0.86,0.97
INTENTECH,EQ,69,-8.51,163.01,1.37,0.97
IFBAGRO,EQ,686.85,-5,643.38,0.14,0.97
CHEMFAB,EQ,296,-6.02,425.46,0.32,0.96
COMSYN,EQ,153,-0.17,611.27,0.63,0.96
HEALTHY,EQ,14.51,-2.22,72.27,6.57,0.96
HDFCPSUBK,EQ,79.93,-3.84,29.27,1.2,0.96
HTMEDIA,EQ,17.52,-8.7,320.01,5.26,0.96
NOVAAGRI,EQ,18.49,-10.24,171.07,4.95,0.96
OSELDEVICE,SM,506.4,-3.25,896.05,0.18,0.95
DVL,EQ,189,-2.63,661.97,0.49,0.95
TPLPLASTEH,EQ,52.75,-3.79,411.47,1.78,0.95
BIRLACABLE,EQ,104.75,-6.37,314.25,0.89,0.94
SIGNPOST,EQ,221,-4,1181.24,0.42,0.94
NILASPACES,EQ,11.37,-6.65,447.85,8,0.94
KAYTEX,SM,52,-10.96,76.44,1.79,0.94
SRHHYPOLTD,EQ,383.55,-5.73,658.36,0.24,0.94
AXISVALUE,EQ,30.66,-0.87,27.87,3.02,0.93
FELIX,SM,156.6,-4.66,269.45,0.57,0.93
GINNIFILA,EQ,33,-5.58,282.65,2.73,0.93
ZEELEARN,EQ,4.23,-8.44,138.35,20.2,0.92
TTKHLTCARE,EQ,740.65,-3.61,1046.56,0.12,0.92
KMSUGAR,EQ,25.25,-0.63,232.3,3.52,0.91
ADOR,EQ,875,-3.81,1522.75,0.1,0.91
MADRASFERT,EQ,53,-6.51,853.84,1.69,0.91
LIBERTSHOE,EQ,212,-6.06,361.25,0.42,0.91
HESTERBIO,EQ,1260,-4.36,1071.86,0.07,0.91
AARTISURF,EQ,322,-5.08,272.57,0.28,0.91
HDFCPVTBAN,EQ,24.6,-3.34,658.11,3.67,0.91
SINCLAIR,EQ,72.95,-1.51,373.94,1.24,0.91
MEDICO,EQ,33,-1.02,273.85,2.77,0.91
SPECIALITY,EQ,84.9,-5.5,409.52,1.07,0.9
TRANSTEEL,SM,142,-0.35,313.71,0.64,0.9
COASTCORP,EQ,42,-1.06,281.3,2.22,0.9
HDFCNIF100,EQ,23.88,-1.04,72.09,3.81,0.9
CORDSCABLE,EQ,130.22,-6.49,168.35,0.67,0.9
VINYAS,SM,810,-5.26,1019.36,0.11,0.9
EFFWA,SM,166.8,-8.58,386.09,0.52,0.89
PHANTOMFX,SM,160,-4.59,254.76,0.55,0.89
SARLAPOLY,EQ,69.3,-5.42,578.68,1.24,0.88
EVIETF,EQ,26.87,-3.73,43.69,3.3,0.88
MOIPO,EQ,36.75,-1.53,4.23,2.3,0.88
ANUHPHR,EQ,67.02,-4.64,671.7,1.3,0.88
BHAGERIA,EQ,130,-3.02,567.37,0.66,0.87
SETF10GILT,EQ,255.37,-0.79,3196.44,0.34,0.87
725GS2063,GS,97.14,-0.07,233136,0.89,0.86
BASILIC,SM,170,-2.41,429.5,0.5,0.86
GTPL,EQ,56.4,-0.46,634.29,1.52,0.86
SGBMAR31IV,GB,13809,-1.61,4876.77,0.01,0.85
HLVLTD,EQ,5.73,-6.07,377.76,14.28,0.85
PURPLEUTED,SM,244.45,-4.99,234.91,0.34,0.84
PROZONER,EQ,42.45,-5.25,647.8,1.98,0.84
RAMAPHO,EQ,105.2,-4.53,372.27,0.79,0.84
TNIDETF,EQ,75.16,-3.09,151.57,1.09,0.83
VRAJ,EQ,97,-5.67,319.93,0.85,0.83
AVG,EQ,141.55,-4.84,213.14,0.56,0.82
SGBMAR28X,GB,13529.03,-0.97,1024.6,0.01,0.82
TECHLABS,SM,158.85,-4.99,274.51,0.51,0.82
FAZE3Q,BE,374.1,-4.99,909.77,0.21,0.82
HPAL,EQ,26.99,-8.6,247.97,2.94,0.82
DCI,EQ,299.75,-1.07,479.6,0.27,0.81
PATILAUTOM,SM,118.95,-5.86,259.56,0.66,0.81
GROWWMOM50,EQ,9.45,-0.63,22.35,8.55,0.79
PIGL,EQ,98.99,-3.35,176.53,0.8,0.79
DIVOPPBEES,EQ,74.29,-0.85,63.98,1.06,0.79
DMCC,EQ,197,-4.25,491.32,0.39,0.79
SGBJUL28IV,GB,13609,-0.09,5621.63,0.01,0.79
CYBERTECH,EQ,99.21,-3.8,308.85,0.78,0.79
SASTASUNDR,EQ,260,-5.4,827.07,0.29,0.78
RSWM,EQ,120,-1.93,565.22,0.64,0.78
ELGNZ,SM,53.5,-9.32,120.91,1.4,0.77
GROWWRLTY,EQ,7.35,-3.67,11.84,10.46,0.77
MAZDA,EQ,160.5,-6.23,321.4,0.46,0.76
BCONCEPTS,EQ,199,-7.93,248.39,0.37,0.76
DHARIWAL,ST,43.6,-2.68,409.9,1.71,0.76
CHAVDA,SM,81.6,-6.53,266.47,0.91,0.76
SANGAMIND,EQ,411,-4.63,2065.13,0.18,0.76
SPCENET,EQ,3.15,-3.67,178.84,23.95,0.75
NAHARSPING,EQ,200.41,-2.66,722.78,0.37,0.75
SGBMR29XII,GB,13616.5,-0.41,4399.36,0.01,0.75
VMSTMT,EQ,34.02,-8.7,168.85,2.11,0.75
BHARATGEAR,EQ,85.02,-4.91,130.55,0.87,0.75
GFLLIMITED,EQ,37.45,-4.07,411.39,1.95,0.75
ZIMLAB,EQ,60.95,-3.96,297.04,1.22,0.75
769NHAI31,NE,1119.31,-0.06,1262.21,0.07,0.75
NIFTY100EW,EQ,30.9,-0.52,10.03,2.46,0.75
EVERESTIND,EQ,290.5,-2.68,460.61,0.25,0.74
TIGERLOGS,EQ,23.8,-4.03,251.63,3.04,0.74
VASWANI,EQ,50.1,-4.19,157.04,1.48,0.74
KCK,SM,11.65,-19.38,74.1,6.03,0.74
SAWALIYA,SM,305,-1.61,302.51,0.24,0.74
ZODIAC,EQ,216.48,-4.25,327.4,0.33,0.73
SGBJUN28,GB,13610,-0.51,3250.51,0.01,0.73
LTGILTCASE,EQ,29.5,-0.37,106.06,2.47,0.73
HCL-INSYS,EQ,9.4,-7.11,309.46,7.63,0.73
ORICONENT,EQ,64,-0.79,1005.11,1.13,0.73
NURECA,EQ,205,-5.2,195.61,0.34,0.73
ACETEC,SM,125.5,-9.16,205.62,0.56,0.73
CIFL,EQ,21,-7.81,821.22,3.45,0.72
EEPL,SM,98,-9.72,127,0.71,0.72
OMFREIGHT,EQ,59.83,-6.53,201.48,1.2,0.72
SGBJAN30IX,GB,13859.75,-1.19,3233.74,0.01,0.72
SPCL,SM,59,-8.6,142.28,1.18,0.72
WTICAB,SM,76,-7.54,180.97,0.92,0.72
VIPCLOTHNG,EQ,14.31,-8.97,128.98,4.72,0.72
UFO,EQ,54.99,-5.5,213.44,1.29,0.71
SHREERAMA,EQ,45.21,-8.98,603.41,1.49,0.71
INTLCONV,EQ,60.1,-4.98,383.32,1.16,0.71
EIFFL,EQ,212,-2.18,525.76,0.33,0.71
TCC,EQ,330,-4.82,1568.43,0.21,0.7
SPENCERS,EQ,24.54,-8.64,221.18,2.78,0.7
INDOBORAX,EQ,243.01,-0.4,779.82,0.29,0.7
DENORA,EQ,684.9,-1.04,363.59,0.1,0.69
SUDARCOLOR,EQ,275.5,-2.01,635.9,0.25,0.69
BANKBETF,EQ,51.25,-3.34,356.95,1.33,0.69
SAKUMA,EQ,1.14,-10.24,178.72,58.99,0.69
SYSTANGO,SM,235.9,-0.86,346.04,0.3,0.69
MADHAVBAUG,SM,160,-8.57,168.22,0.41,0.69
SUMIT,EQ,44.6,-9.83,201.9,1.46,0.69
KOTHARIPET,EQ,94.9,-4.9,558.45,0.7,0.68
MOM50,EQ,234.84,-1.24,52.83,0.29,0.67
SGBOCT27,GB,13650,-0.72,622.13,0,0.67
GROWWSC250,EQ,8.19,-4.77,13.71,8.11,0.67
MIRZAINT,EQ,25,-6.58,345.5,2.62,0.67
OPTIVALUE,SM,65.75,-3.45,153.93,1.06,0.66
GLOBAL,EQ,92.2,-4.5,469.31,0.71,0.66
JKIPL,EQ,47.1,-3.4,180.8,1.39,0.66
DONEAR,EQ,80,-1.22,416,0.82,0.66
SHREEOSFM,SM,71,-13.47,109.36,0.89,0.66
VINYLINDIA,EQ,165,-7.92,302.56,0.38,0.65
734GS2064,GS,98.75,-0.49,236012.5,0.66,0.65
SGBAUG29V,GB,13606.12,-1.88,3119.53,0,0.65
SBIETFPB,EQ,250,-1.93,372.37,0.26,0.65
BANKPSU,EQ,79.06,-4.55,53.49,0.81,0.65
ALBERTDAVD,EQ,589.9,-3.17,336.67,0.11,0.65
KILITCH,EQ,121,-12.92,423.03,0.49,0.64
REMUS,SM,607.05,-0.93,715.35,0.11,0.64
BEACON,SM,66.1,-14.27,119.41,0.92,0.64
JAYBEE,SM,77.2,-5.8,174.22,0.83,0.64
GROWWMETAL,EQ,10.65,-0.09,33.61,5.99,0.64
SUPREME,EQ,43.31,-14.29,167.38,1.35,0.64
HMAAGRO,EQ,21.65,-4.12,1084.17,2.89,0.63
VISHWARAJ,EQ,4.23,-1.86,92.14,14.8,0.63
OMAXAUTO,EQ,91.8,-5.71,196.19,0.68,0.63
AVONMORE,EQ,10.3,-6.36,290.65,5.92,0.63
AAREYDRUGS,EQ,50.8,-9.12,144.04,1.2,0.63
MALLCOM,EQ,939,-3.52,585.94,0.07,0.63
PRIZOR,ST,405,-1.22,432.99,0.15,0.63
MAKEINDIA,EQ,142.42,-1.76,227.09,0.44,0.63
HIGREEN,SM,103,-1.62,257.4,0.6,0.62
LGHL,EQ,230,-3.14,1152.13,0.27,0.62
FINKURVE,EQ,51.27,-8.25,718.04,1.18,0.61
ROSSELLIND,EQ,41.95,-6.07,158.14,1.41,0.61
GROWWMC150,EQ,195.67,-2.27,5.63,0.31,0.61
GUJAPOLLO,EQ,395,-4.49,512.31,0.15,0.6
JITFINFRA,BE,276.85,-4.99,711.61,0.22,0.6
VIKASECO,EQ,1.01,-5.61,178.64,59.31,0.6
PVSL,EQ,85,-6.44,605.18,0.66,0.59
MUNJALSHOW,EQ,110.4,-4.61,441.39,0.53,0.59
TAURIAN,SM,199,-2.26,176.78,0.29,0.59
RUCHIRA,EQ,95.95,-2.16,286.36,0.6,0.58
INNOVANA,EQ,326.8,-6.15,675.17,0.18,0.58
MOQUALITY,EQ,178.35,-1.09,20.59,0.32,0.58
DSFCL,EQ,17.31,-9.8,150.58,3.04,0.58
AONENIFTY,EQ,9.24,-1.39,19.04,6.24,0.57
SESHAPAPER,EQ,245,-7.7,1545.17,0.22,0.57
PPAP,EQ,177.5,-3.17,250.54,0.32,0.57
AVTNPL,EQ,54.02,-3.16,822.64,1.02,0.56
NILAINFRA,EQ,5.9,-5.9,232.39,9.13,0.56
GROWWCAPM,EQ,8.99,-4.26,20.93,6.13,0.56
PARSVNATH,EQ,5.98,-2.45,260.24,8.95,0.55
INDOWIND,EQ,7.06,-7.95,113.67,7.52,0.55
690GS2065,GS,93.3,-0.55,174471,0.59,0.54
MIDQ50ADD,EQ,213.7,-2.1,85.62,0.25,0.54
DUCOL,SM,90.25,-4.6,146.69,0.58,0.54
MDL,SM,57,-5,101.12,0.94,0.54
CENTEXT,EQ,16.3,-8.43,130.4,3.1,0.54
970CAGL28,ND,1015,-0.1,257.03,0.05,0.53
WSI,EQ,64,-1.23,485.52,0.83,0.53
KOTARISUG,EQ,22.7,-2.24,188.16,2.25,0.53
MOKSH,EQ,8.4,-11.86,74.13,5.86,0.53
FCSSOFT,EQ,1.19,-8.46,203.44,44.62,0.53
RACE,EQ,86.79,-6.7,149.78,0.59,0.53
SHRIAHIMSA,SM,235,-4.16,550.63,0.22,0.53
KDL,ST,100.85,-4.99,121.26,0.52,0.53
LAKSHYA,SM,75,-13.44,75.63,0.67,0.52
ESSENTIA,EQ,1.03,-7.21,109.97,50.85,0.52
GTL,EQ,5.15,-10.59,81.01,9.56,0.52
TRANSWORLD,EQ,115,-7.08,252.51,0.43,0.52
NAHARPOLY,EQ,201.6,-9.21,495.69,0.24,0.51
SGBNV29VII,GB,13699,-0.78,4449.76,0,0.51
SRTL,EQ,40.6,-1.72,162.3,1.24,0.51
WINSOL,SM,93.5,-11.67,107.85,0.52,0.51
PLAZACABLE,EQ,28.4,-6.43,124.26,1.77,0.51
SGBDC27VII,GB,13560,-0.76,879.1,0,0.51
GROWWNET,EQ,8.02,-3.37,25.39,6.23,0.5
INDORAMA,EQ,30.2,-2.67,788.56,1.63,0.5
CHEMBONDCH,EQ,105.3,-6.11,283.22,0.47,0.5
BTML,EQ,5.55,-7.65,100.18,8.99,0.5
MYMUDRA,SM,73,-2.67,83.16,0.68,0.5
ARIHANTSUP,EQ,193,-5.62,834.72,0.25,0.5
NARMADA,EQ,30.8,-2,116.84,1.61,0.49
AONETOTAL,EQ,10.5,-1.13,38.37,4.73,0.49
TRF,EQ,217,-6.45,238.8,0.22,0.49
RKEC,EQ,26.01,-11.89,67.16,1.82,0.49
MNC,EQ,28,-4.08,37.82,1.72,0.49
BRANDMAN,SM,113,-7,208.57,0.43,0.48
POSITRON,SM,105.9,-6.28,80.49,0.43,0.48
BALAJEE,EQ,21.15,-7.2,172.52,2.22,0.48
726GS2032,GS,101.27,-0.91,149879.6,0.48,0.48
AFSL,EQ,201,-0.5,1018.24,0.24,0.48
GANDHITUBE,EQ,749,-3.89,910.18,0.06,0.47
TERASOFT,EQ,294,-2.84,367.85,0.16,0.47
SSDL,EQ,46.67,-10.25,184.81,0.96,0.47
SHETHJI,SM,126.9,-0.24,288.82,0.37,0.47
ALANKIT,EQ,6.85,-4.06,185.74,6.79,0.47
SGBJUN29II,GB,13698,-0.16,2600.53,0,0.46
OILCOUNTUB,EQ,38.21,-0.1,198.65,1.25,0.46
EUROBOND,EQ,138,-7.83,338.1,0.31,0.46
PANACHE,BE,277.35,-4.98,444.15,0.16,0.46
OAL,EQ,234.05,-0.57,787.66,0.19,0.46
MKPL,EQ,3.89,-12.39,146.02,11.51,0.45
EMAMIREAL,EQ,54.05,-1.26,236.92,0.84,0.45
LYKALABS,EQ,45.71,-1.66,163.14,0.99,0.45
ARCHIDPLY,EQ,61.6,-9.43,122.37,0.7,0.45
PRIMECAB,SM,71.1,-5.45,130.28,0.62,0.45
GEEKAYWIRE,EQ,18.72,-4,195.66,2.34,0.45
SIGMA,EQ,36.97,-4.64,379.96,1.2,0.45
TRIGYN,EQ,37.62,-10.56,115.82,1.11,0.45
GCSL,EQ,344,-3.95,778.79,0.13,0.44
KAVDEFENCE,BE,51.79,-4.99,178.02,0.84,0.44
DPWIRES,EQ,128.96,-3.34,199.89,0.34,0.44
EMMBI,EQ,61.25,-2.31,117.85,0.7,0.44
MANCREDIT,EQ,167.15,-1.87,352.92,0.26,0.43
NIFTYBETF,EQ,229.56,-1.88,160.94,0.19,0.43
GOLDTECH,EQ,32.3,-7.13,168.81,1.33,0.43
CONSUMER,EQ,9.73,-2.41,44.92,4.39,0.43
MCL,BE,54.67,-4.99,148.39,0.77,0.43
ECAPINSURE,EQ,21.28,-2.79,14.59,2.01,0.43
PAVNAIND,EQ,14.26,-5.75,198.97,2.98,0.43
ALPA,EQ,47.21,-8.56,99.33,0.89,0.43
HDFCVALUE,EQ,123.02,-1.5,32.62,0.34,0.42
JYOTIGLOBL,SM,27.75,-15.78,55,1.46,0.42
WEALTH,EQ,812,-6.45,865.19,0.05,0.42
UCAL,EQ,79,-8.72,174.7,0.5,0.42
ALPHAGEO,EQ,169,-4.27,107.56,0.24,0.42
VHL,EQ,2870.2,-6.54,916.03,0.01,0.42
92GS2030,GS,107.5,-2.75,66525.89,0.39,0.42
EXIMROUTES,ST,128.3,-2.91,240.59,0.32,0.42
SYSTMTXC,EQ,51.89,-8.95,708.5,0.76,0.42
SHYAMDHANI,SM,47.55,-8.91,98.22,0.84,0.42
AARON,EQ,108,-9.77,226.22,0.37,0.41
KODYTECH,ST,685.9,-5,874.36,0.06,0.41
THEINVEST,EQ,89.09,-3.04,465.43,0.45,0.41
SGBSEP27,GB,13600,-0.05,853.93,0,0.41
VALIANTLAB,EQ,51,-4.8,276.99,0.79,0.41
KOKUYOCMLN,EQ,71.5,-1.69,717.17,0.57,0.41
KAMOPAINTS,EQ,3.7,-6.8,116.31,10.85,0.41
AKANKSHA,SM,57.5,-11.27,112.59,0.68,0.41
STCINDIA,EQ,98,-1.16,588,0.41,0.4
EMULTIMQ,EQ,36.79,-2.26,32.53,1.08,0.4
IMPAL,EQ,959,-1.27,1196.83,0.04,0.4
GEECEE,EQ,217.5,-5.35,454.83,0.18,0.4
ADVANIHOTR,EQ,47,-2.27,434.46,0.84,0.4
741GS2036,GS,103.5,-0.84,155250,0.38,0.4
BAIDFIN,EQ,9.08,-8.56,136.28,4.21,0.4
EMAMIPAP,EQ,57.8,-5.43,349.68,0.67,0.39
LINC,EQ,87.62,-6.98,521.24,0.44,0.39
JAYAGROGN,EQ,151,-9.88,453,0.25,0.39
VIRINCHI,EQ,14.4,-0.35,147.81,2.73,0.39
UNILEX,SM,22,-9.28,29.96,1.76,0.39
TUNWAL,SM,28.6,-3.54,165,1.34,0.39
UMAEXPORTS,EQ,18.39,-5.64,62.18,1.99,0.38
VIESL,SM,236,-3.61,581.56,0.16,0.38
SRD,EQ,38.2,-9.67,244.35,0.95,0.38
SUTLEJTEX,EQ,24,-7.19,393.19,1.52,0.38
SMLT,EQ,57.75,-9.43,79.06,0.65,0.38
GROWWHOSPI,EQ,44.65,-1.8,25.24,0.86,0.38
NAGAFERT,EQ,3.33,-10.72,199.16,10.64,0.38
SGBD29VIII,GB,13765,-0.7,3414.4,0,0.38
QNIFTY,EQ,244.83,-2.2,75.2,0.15,0.38
VLSFINANCE,EQ,206.3,-4.34,647.34,0.18,0.38
INNOMET,SM,73,-3.44,94.46,0.5,0.38
MANAKSIA,EQ,42.52,-6.1,278.65,0.86,0.37
RCOM,BE,0.76,-3.8,210.18,48.85,0.37
EQUAL200,EQ,11.84,-2.39,16,3.1,0.37
URBAN,SM,132.6,-1.78,114.83,0.28,0.37
NAHARINDUS,EQ,84.07,-3.52,363.23,0.43,0.36
CHEVIOT,EQ,911,-3.42,532.19,0.04,0.36
KOHINOOR,EQ,19.59,-7.59,72.62,1.79,0.36
BEWLTD,SM,65,-7.47,84.98,0.55,0.36
TBI,SM,58,-2.11,105.32,0.62,0.36
AHLADA,EQ,32,-10.51,41.35,1.06,0.36
RNBDENIMS,BE,64.52,-4.99,580.51,0.56,0.36
NECLIFE,EQ,9.3,-4.91,180.66,3.83,0.36
VISHNUINFR,SM,125.6,-4.67,309.1,0.28,0.36
ATLANTAA,EQ,31.94,-5.11,260.31,1.1,0.36
SANDESH,EQ,811,-7.97,613.88,0.04,0.35
CANARYS,SM,15.15,-5.61,89,2.28,0.35
E2ERAIL,SM,178.5,-5.53,308.05,0.19,0.35
STARPAPER,EQ,121.99,-3.57,190.41,0.28,0.35
AGROPHOS,EQ,24.4,-12.54,49.47,1.38,0.35
MPEL,SM,50.4,-5,39.19,0.69,0.35
MOMENTUM,EQ,27.05,-4.28,39.77,1.27,0.35
AXISBNKETF,EQ,519.27,-3.12,317.7,0.07,0.35
AVROIND,EQ,108.8,-3.95,144.82,0.31,0.35
SBIETFQLTY,EQ,198.65,-1.82,70.17,0.18,0.35
CINELINE,EQ,76.95,-4.66,263.68,0.45,0.35
TEXMOPIPES,EQ,33.57,-6.8,98.01,1.02,0.35
MAHASTEEL,BE,926.3,-4.88,1522.32,0.04,0.34
DYNAMIC,SM,84.7,-9.99,116.43,0.4,0.34
PLASTIBLEN,EQ,121.01,-4.35,314.5,0.28,0.34
PVP,EQ,23.53,-1.67,612.73,1.44,0.34
ORIENTCER,EQ,34.4,-4.87,411.56,0.97,0.34
WOMANCART,SM,134.45,-8.72,94.73,0.25,0.34
CNL,EQ,525,-6.46,788.38,0.06,0.34
BORANA,BE,303.8,-4.99,809.48,0.11,0.34
KKJEWELS,SM,88,-4.35,92.27,0.37,0.34
SHIVASHRIT,SM,110,-3.38,200.96,0.3,0.34
QUAL30IETF,EQ,18.7,-2.2,147.61,1.78,0.34
CONSUMIETF,EQ,105,-3.7,49.74,0.31,0.34
SGBNOV26,GB,13630,-0.5,558.05,0,0.33
UNIDT,EQ,146.02,-5,296.47,0.22,0.33
NAHARCAP,EQ,191.01,-5.37,319.87,0.16,0.33
NBIFIN,EQ,1549,-9.36,457.71,0.02,0.33
DEVIT,EQ,23.49,-6.56,132.33,1.38,0.33
SADBHAV,BE,7.3,-4.95,125.25,4.47,0.33
SCML,SM,135.75,-2.06,156.25,0.24,0.33
ESSARSHPNG,EQ,21.8,-1.27,451.21,1.51,0.33
MOTOUR,EQ,65.91,-1.93,15.65,0.5,0.33
PASHUPATI,EQ,977,-0.47,1542.1,0.03,0.33
SALSTEEL,EQ,36.98,-2.63,385.39,0.9,0.33
BEDMUTHA,BE,98.41,-4.99,317.51,0.33,0.32
PRLIND,SM,47.5,-0.21,108.6,0.7,0.32
INDTERRAIN,EQ,25,-8.32,126.67,1.25,0.32
VSTL,EQ,102.5,-2.6,194.37,0.31,0.32
CHEMBOND,EQ,111,-0.29,149.28,0.3,0.32
PRITIKAUTO,EQ,10.68,-4.81,177.84,2.94,0.32
TICL,EQ,21.45,-4.92,332.48,1.45,0.32
SICALLOG,BE,63,-2.33,502.64,0.51,0.32
AIRAN,EQ,12.71,-9.41,158.9,2.39,0.31
MOALPHA50,EQ,44.43,-3.71,5.6,0.71,0.31
GENUSPAPER,EQ,8.7,-11.94,223.7,3.4,0.31
812REC27,NI,1080.08,-0.18,2333.32,0.03,0.31
TCL,SM,75.25,-11.52,183.17,0.39,0.3
BELLACASA,EQ,230,-6.66,307.91,0.13,0.3
DRONE,SM,37,-6.68,90.28,0.81,0.3
AMNPLST,EQ,127.21,-9.27,699.91,0.22,0.3
MIDCAPBETA,EQ,196.87,-2.54,12.54,0.15,0.3
MADHUSUDAN,SM,137,-1.44,198.24,0.22,0.3
AESTHETIK,SM,60.25,-0.82,103.75,0.5,0.3
HITECHGEAR,BE,546.75,-3.81,1028.63,0.05,0.3
ORIENTBELL,EQ,251.1,-4.92,369.38,0.12,0.3
ASCOM,ST,222.2,-1.99,260.29,0.14,0.3
SPUNWEB,SM,92,-6.03,221.75,0.31,0.3
BALAXI,EQ,15.8,-4.13,87.23,1.87,0.3
JETFREIGHT,EQ,16.2,-0.25,75.17,1.7,0.3
SAHYADRI,EQ,204,-6.34,223.3,0.14,0.3
INFOLLION,SM,278,-1.91,269.85,0.1,0.29
VARDHACRLC,EQ,27.25,-7.97,218.99,1.04,0.29
SHREYANIND,EQ,124,-9.2,171.43,0.23,0.29
MMEL,SM,22.05,-1.56,41.47,1.32,0.29
GULFPETRO,EQ,24,-6.36,122.36,1.17,0.29
ETML,SM,74.3,-10.05,144.71,0.38,0.29
GLOBALVECT,EQ,134,-8.56,187.6,0.21,0.29
AARTECH,EQ,34.99,-11.42,111.16,0.79,0.29
LORDSCHLO,EQ,110.1,-1.85,276.94,0.26,0.29
AKSHOPTFBR,EQ,3.98,-5.91,64.75,6.89,0.28
SBINEQWETF,EQ,29.96,-1.74,35.18,0.94,0.28
BHADORA,SM,50.5,-11.48,93.93,0.54,0.28
BRNL,EQ,17.14,-4.62,143.89,1.66,0.28
INSPIRISYS,BE,70,-4.89,277.32,0.4,0.28
SMARTEN,SM,43,-6.11,81.7,0.64,0.28
LATTEYS,EQ,15.85,-8.43,91.13,1.74,0.28
A2ZINFRA,BE,15.69,-4.97,276.33,1.77,0.28
SHIVAMAUTO,EQ,13.45,-6.27,176.86,2.08,0.28
SURANASOL,EQ,18.89,-6.3,92.95,1.44,0.28
SHREEKARNI,SM,340,-1.97,245.78,0.08,0.28
FLEXIADD,EQ,8.93,-2.3,11.76,3.13,0.28
PARIN,SM,586,-0.19,651.51,0.05,0.28
MANORG,EQ,357.15,-6.8,305.88,0.07,0.28
TREJHARA,EQ,142.85,-4.96,335.78,0.19,0.28
ADDICTIVE,SM,57.65,-9.99,91.72,0.47,0.28
NIFTYQLITY,EQ,19.1,-4.26,25.03,1.46,0.28
ESCONET,SM,91.25,-5,120.42,0.3,0.27
OWAIS,SM,118.9,-4.99,216.19,0.23,0.27
NV20,EQ,13.68,-1.65,77.38,2,0.27
TOP15IETF,EQ,9.2,-2.34,9.08,2.91,0.27
BSHSL,EQ,62.4,-7.38,654.81,0.43,0.27
GATECH,EQ,0.41,-2.38,45.21,66,0.27
PTL,EQ,36.38,-1.54,481.59,0.74,0.27
GOKUL,EQ,35,-8.18,346.48,0.76,0.27
LICNETFGSC,EQ,28.4,-0.42,2262.27,0.94,0.27
DCMNVL,EQ,98.01,-2.16,183.06,0.27,0.27
KRITIKA,EQ,4.6,-7.63,122.49,5.61,0.26
MOHEALTH,EQ,42.28,-0.49,40.65,0.63,0.26
MOGSEC,EQ,63.24,-0.11,154.24,0.42,0.26
DHRUV,EQ,27.25,-0.66,51.68,0.96,0.26
BANARISUG,EQ,3578.1,-0.56,4486.83,0.01,0.26
WOL3D,ST,112.15,-4.96,72.36,0.23,0.26
INVENTURE,EQ,0.84,-5.62,88.2,30.31,0.26
DENEERS,ST,144.4,-5,124.28,0.18,0.26
NIPPOBATRY,EQ,257,-7.4,192.75,0.1,0.26
SOLARAPP1,E1,280,-5.08,331.3,0.09,0.26
BIL,EQ,680,-2.86,911.91,0.04,0.26
CONSOFINVT,BE,197,-5,636.83,0.13,0.26
ASPINWALL,EQ,213,-2.63,166.53,0.12,0.26
ALMONDZ,EQ,11.5,-7.48,199.69,2.14,0.25
DELAPLEX,SM,82,-3.47,74.7,0.31,0.25
MAGNUM,EQ,16.54,-3.44,113.15,1.5,0.25
SURANAT&P,EQ,15.97,-1.05,216.81,1.56,0.25
SUNDRMBRAK,EQ,461,-7.06,181.38,0.05,0.25
SGBJUL27,GB,13600,-2.51,728.89,0,0.25
ENFUSE,SM,162.95,-2.43,144.17,0.16,0.25
K2INFRA,SM,40.8,-9.93,51.48,0.57,0.25
NIRAJ,EQ,20.15,-6.19,120.28,1.17,0.25
VAISHALI,EQ,4.75,-8.3,61.97,4.92,0.24
GOYALSALT,SM,100,-2.39,179,0.24,0.24
INDBANK,EQ,28.58,-7.39,126.83,0.82,0.24
ELM250,EQ,14.64,-2.07,122.88,1.65,0.24
ABSLNN50ET,EQ,64.97,-0.58,92.88,0.38,0.24
BHANDARI,EQ,2.07,-8,68.92,11.38,0.24
ASAHISONG,EQ,186.02,-4.64,219.27,0.13,0.24
ACL,EQ,40.9,-3.17,376.98,0.58,0.24
IWARE,ST,218.65,-5,234.31,0.11,0.24
DUCON,EQ,2.33,-7.17,75.71,10.23,0.24
LOWVOL1,EQ,18.8,-4.23,159.82,1.24,0.24
CPCAP,EQ,75.88,-1.81,138.05,0.31,0.24
SHEEL,SM,40,-5.66,81.41,0.6,0.24
JAYESH,SM,120.8,-16.69,104.99,0.17,0.23
APOLSINHOT,EQ,950,-3.1,247.04,0.02,0.23
SEJALLTD,EQ,422.15,-5,481.25,0.06,0.23
TIPSFILMS,EQ,285,-6.42,123.2,0.08,0.23
DIGISPICE,EQ,15,-9.58,351.71,1.47,0.23
AARVI,EQ,121.18,-1.78,179.48,0.19,0.23
JAINIK,SM,104.15,-4.27,149.43,0.22,0.23
KAKATCEM,EQ,85,-4.39,66.08,0.26,0.23
IVC,EQ,6.27,-1.42,196.9,3.64,0.23
JINDALPOLY,EQ,740.85,-4.99,3243.92,0.03,0.23
GJL,ST,201.65,-4.99,292.54,0.11,0.23
RBS,SM,60,-13.67,137.17,0.35,0.22
GKWLIMITED,EQ,1376,-8.5,820.99,0.02,0.22
PATINTLOG,EQ,8.35,-3.02,58.1,2.68,0.22
PCCL,SM,223,-6.5,550.81,0.1,0.22
KANPRPLA,EQ,157.01,-5.49,377.02,0.14,0.22
GTECJAINX,EQ,17.17,-11.59,17.49,1.2,0.22
SGBJAN27,GB,13566,-0.52,330.48,0,0.22
NATCAPSUQ,EQ,143.03,-0.38,148.55,0.15,0.22
CKKRETAIL,ST,124.8,-4.99,241.71,0.18,0.22
RVHL,EQ,29.79,-6.88,182.69,0.71,0.22
PARTH,ST,294,-1.01,401.84,0.08,0.22
HMVL,EQ,56.5,-5.69,416.24,0.38,0.22
INDOUS,EQ,97.4,-3.55,195.31,0.22,0.22
STEL,EQ,418,-2.53,771.44,0.05,0.22
WHITEFORCE,SM,33,-2.65,38.28,0.66,0.22
SILINV,EQ,384,-2.17,406.88,0.06,0.22
ORBTEXP,EQ,135,-4.28,357.9,0.15,0.21
KEL,SM,62.5,-16.11,64.2,0.31,0.21
GANGABATH,SM,17.15,-3.11,38.09,1.2,0.21
EBANKNIFTY,EQ,50.85,-3.64,11.55,0.41,0.21
ASHIMASYN,EQ,11.6,-9.02,222.33,1.73,0.21
SUPREMEINF,BZ,58.17,-5,562.71,0.36,0.21
PELATRO,SM,270,-3.86,286.13,0.07,0.21
DPSCLTD,EQ,7.1,-1.25,691.39,2.87,0.21
URAVIDEF,EQ,111.5,-4.79,127.11,0.18,0.21
NEPHROCARE,SM,51.95,-0.67,85.65,0.4,0.21
CSSL,SM,95,-6.13,228.45,0.21,0.21
RADIOWALLA,SM,22.5,-7.02,15.86,0.91,0.21
BAWEJA,SM,21.2,-11.85,39.07,0.88,0.2
ROXHITECH,SM,24.75,-5.71,56.77,0.82,0.2
NETF,EQ,243.13,-2.19,664.19,0.08,0.2
PRESSTONIC,ST,29,-2.19,44.2,0.7,0.2
FIBERWEB,BE,31.6,-4.93,90.98,0.63,0.2
EXXARO,EQ,6.2,-4.91,277.39,3.21,0.2
MGEL,EQ,11.2,-4.03,369.1,1.82,0.2
RSSOFTWARE,EQ,21.93,-4.98,56.65,0.9,0.2
EQUAL50,EQ,298.26,-1.87,135.34,0.07,0.2
PAR,EQ,78.5,-2.53,96.59,0.25,0.2
74GS2062,GS,99.85,-0.13,155766,0.2,0.2
ABSLPSE,EQ,9.9,-1.1,20.99,1.99,0.2
ORIENTALTL,EQ,4.53,-8.48,33.3,4.2,0.2
XELPMOC,EQ,84.05,-5.31,124.05,0.23,0.2
KATARIA,SM,92.95,-6.06,200.13,0.21,0.2
STARTECK,EQ,215.1,-7.88,213.17,0.09,0.2
VINEETLAB,EQ,29.5,-2.8,56.66,0.67,0.2
MONIFTY100,EQ,23.01,-1.83,11.04,0.86,0.2
MASON,SM,123,-4.87,294.46,0.16,0.2
SURYALAXMI,EQ,43,-7.39,80.86,0.45,0.2
AJOONI,EQ,3.85,-0.26,66.31,5.11,0.2
SHRADHA,EQ,26.5,-6.13,214.64,0.68,0.2
AKSHARCHEM,EQ,142.8,-5.67,114.71,0.13,0.2
DAMODARIND,EQ,20.01,-7.92,46.62,0.97,0.2
CPEDU,EQ,144,-5.26,261.98,0.14,0.2
ARSHIYA,BZ,1.27,-4.51,33.46,15.4,0.2
LOWVOL,EQ,187.8,-2,43.44,0.1,0.2
MURUDCERA,EQ,25.26,-6.65,152.94,0.76,0.19
AXISTECETF,EQ,317.52,-1.77,149.57,0.06,0.19
APCL,EQ,98.6,-8.82,289.64,0.18,0.19
SCPL,BE,309,-0.24,324.45,0.06,0.19
RAJMET,EQ,2.9,-4.92,80.18,6.54,0.19
DECCANTRAN,SM,16.6,-6.21,37.72,1.15,0.19
MITTAL,EQ,0.8,-5.88,35.51,24.52,0.19
KARNIKA,SM,105.05,-2.87,651.28,0.18,0.19
MGSL,SM,63.1,-15.59,92.01,0.29,0.19
JHS,EQ,6.6,-4.76,56.5,2.89,0.19
APRAMEYA,SM,210,-2.94,399.84,0.09,0.19
CHAMUNDA,SM,38.5,-6.44,42.37,0.48,0.19
871REC28,N9,1095.06,-0.09,1282.84,0.02,0.19
SSFL,SM,109.9,-7.72,94.19,0.17,0.19
MOMENTUM30,EQ,27.31,-3.29,16.83,0.67,0.18
HECPROJECT,EQ,92.1,-12.93,99.82,0.19,0.18
INFINIUM,SM,192.7,-3.34,300.29,0.1,0.18
AXSENSEX,EQ,74.36,-2.2,119.13,0.25,0.18
AMJLAND,EQ,30.35,-13.14,124.44,0.55,0.18
GLOBE,EQ,1.99,-8.72,89.63,8.79,0.18
ELGIRUBCO,EQ,33.85,-7.36,169.42,0.53,0.18
GREENLEAF,SM,53,-4.07,31.43,0.33,0.18
SUNTECH,SM,32,-2.14,61.96,0.56,0.18
OSIAHYPER,EQ,3.89,-4.89,68.84,4.6,0.18
HDFCGROWTH,EQ,109.85,-0.85,17.84,0.16,0.18
MHLXMIRU,EQ,153.15,-5.05,162.65,0.11,0.18
HINDCON,EQ,16.55,-8.97,84.72,1.04,0.18
MARALOVER,EQ,34.74,-8.63,144.2,0.48,0.18
QUESTLAB,ST,105.9,-2.26,173.54,0.17,0.18
LOTUSEYE,EQ,99.8,-2.84,207.55,0.18,0.18
DELTIC,SM,29,-10.91,44.34,0.58,0.17
CTE,EQ,21.9,-3.4,42.99,0.78,0.17
NECCLTD,EQ,10.75,-6.76,107.5,1.57,0.17
SIGIND,EQ,43.6,-1.13,128.35,0.39,0.17
SONAMLTD,EQ,51.5,-1.6,206.16,0.34,0.17
PRAKASHSTL,EQ,3.99,-1.97,69.83,4.28,0.17
DHARARAIL,SM,90.05,-8.07,135.83,0.19,0.17
SGBMAR30X,GB,13850,-0.71,2132.48,0,0.17
SENSEXADD,EQ,74.06,-1.99,2.83,0.23,0.17
SATKARTAR,SM,160,-0.16,251.92,0.11,0.17
SREEL,EQ,169,-2.58,391.32,0.1,0.17
JISLDVREQS,EQ,19.63,-2.63,37.87,0.87,0.17
DCG,SM,48.6,-5.72,88.21,0.35,0.17
CMNL,SM,90.05,-7.16,217.33,0.18,0.17
HITECHCORP,EQ,112,-8.38,192.37,0.14,0.17
935MOFSL29,N5,1075.9,-0.84,88.2,0.02,0.17
USHAFIN,SM,30.5,-0.81,132.6,0.56,0.16
CCHHL,EQ,10.74,-0.92,175.56,1.53,0.16
STUDIOLSD,SM,7.8,-9.83,40.48,2.04,0.16
SEL,SM,120,-8.33,27.82,0.14,0.16
LOVABLE,EQ,56.6,-2.87,83.77,0.29,0.16
ATCENERGY,SM,19.9,-6.35,40.57,0.82,0.16
MOINFRA,EQ,55.07,-2.91,2.53,0.29,0.16
SNEHAA,SM,38.45,-1.16,39.14,0.44,0.16
SFML,SM,17.8,-9.64,44.2,0.94,0.16
MOLOWVOL,EQ,33.81,-2.96,62.93,0.47,0.16
AAKASH,BE,8,-2.68,81,2,0.16
667GS2035,GS,99.5,-3.72,122320.32,0.16,0.16
VIJAYPD,ST,65.2,-4.96,127.33,0.24,0.16
TTL,BE,8.52,-0.35,220.08,1.87,0.16
SOMICONVEY,EQ,88.94,-2.89,104.77,0.17,0.16
UHTL,SM,44,-7.37,83.62,0.34,0.16
KOTHARIPRO,EQ,58,-4.34,346.19,0.26,0.15
HDFCBSE500,EQ,33.12,-2.04,20.69,0.46,0.15
AAATECH,EQ,89.15,-1.04,114.35,0.17,0.15
TSC,SM,28.05,-3.11,39.4,0.54,0.15
SMARTLINK,EQ,103.5,-7.06,103.24,0.14,0.15
NIRMAN,ST,39.3,-4.96,31.48,0.38,0.15
GVKPIL,BE,2.37,-1.66,374.13,6.28,0.15
VOLERCAR,SM,207,-4.17,230.67,0.07,0.15
PRATHAM,SM,102.55,-7.03,186.77,0.14,0.15
SAMPANN,EQ,24.59,-6.79,99.86,0.6,0.15
SGBFEB28IX,GB,13589.2,-1.17,551.66,0,0.15
SAMAY,SM,28.5,-5,43.75,0.52,0.15
BLUEPEBBLE,ST,112.7,-4.97,45.98,0.13,0.15
SSFLPP,E1,80.5,-12.02,139.54,0.17,0.15
AURIGROW,EQ,0.25,-3.85,36.91,58.13,0.15
TOKYOPLAST,EQ,60,-1.07,57.01,0.26,0.15
NGIL,EQ,22.6,-4.6,39.64,0.62,0.14
KLL,SM,31.5,-9.22,58.37,0.43,0.14
DCMSIL,BE,68.35,-4.99,594.59,0.21,0.14
SDREAMS,SM,68.9,-0.14,129,0.21,0.14
SELECTIPO,EQ,38.15,-3.12,15.96,0.37,0.14
MANAKSTEEL,EQ,45.51,-5.74,298.25,0.3,0.14
TRU,EQ,4.74,-5.58,56.34,3.01,0.14
KANORICHEM,EQ,56.25,-5.43,245.77,0.25,0.14
ELDEHSG,EQ,800,-1.33,786.64,0.02,0.14
MANILAM,SM,53.5,-0.19,116.89,0.26,0.14
CHETANA,SM,31,-2.67,63.24,0.45,0.14
MRIL,SM,29.1,-8.49,64.32,0.45,0.14
LAMBODHARA,EQ,82.5,-5.78,85.62,0.16,0.14
NDGL,EQ,2190,-0.52,219,0.01,0.14
SIKKO,EQ,4.18,-4.78,182.58,3.26,0.14
TECH,EQ,31.55,-1.22,110.01,0.43,0.14
OLIL,SM,307,-2.62,206.05,0.04,0.14
AONETMMQ50,EQ,8.77,-2.34,5.98,1.53,0.14
GROWWCHEM,EQ,24.64,-3.71,6.91,0.54,0.14
HDFCQUAL,EQ,52.29,-1.51,18.1,0.26,0.13
ANMOL,EQ,8.47,-7.33,48.21,1.51,0.13
ATAM,EQ,49.72,-1.76,56.99,0.27,0.13
XTGLOBAL,EQ,25.9,-7.27,347.38,0.49,0.13
ZENITHDRUG,SM,34.5,-9.45,59.16,0.37,0.13
JOCIL,EQ,93,-7.03,82.59,0.14,0.13
RAPPID,SM,240,-2.81,124.61,0.05,0.13
VISAMAN,ST,99.7,-4.96,199.78,0.13,0.13
NEOCHEM,SM,63.5,-6.69,108.72,0.2,0.13
SUPERHOUSE,EQ,132,-1.76,145.53,0.1,0.13
865IIFL28,NS,980.5,-0.36,155.18,0.01,0.13
RNPL,SM,133,-1.48,151.6,0.1,0.13
SKP,SM,140,-5.08,232.4,0.09,0.13
ZENITHSTL,EQ,4.65,-4.91,66.16,2.72,0.13
UMIYA-MRO,EQ,71.45,-12.51,133.5,0.17,0.13
YAAP,SM,139,-2.8,290.97,0.09,0.13
BANKA,EQ,42.49,-2.23,46.41,0.3,0.12
SNXT50BETA,EQ,82.2,-1.06,29.3,0.15,0.12
BAGFILMS,EQ,3.62,-9.95,71.58,3.32,0.12
SLONE,SM,162.6,-5,85.67,0.08,0.12
ARMOUR,SM,18.9,-5.97,31.88,0.66,0.12
CORALFINAC,EQ,25.75,-9.39,103.78,0.47,0.12
KEN,SM,31.15,-8.11,76.52,0.38,0.12
APEXECO,SM,105,-4.55,138.44,0.11,0.12
HINDCOMPOS,EQ,349.5,-2.58,516.18,0.03,0.12
ARCIIL,SM,39.85,-5.01,41.04,0.3,0.12
SGBJ28VIII,GB,13606.19,-1.03,710.41,0,0.12
LICNETFN50,EQ,249.57,-2.09,799.76,0.05,0.12
SBIETFCON,EQ,106.95,-1.36,21.53,0.11,0.12
INDIANCARD,EQ,157,-3.54,93.28,0.08,0.12
MANAKALUCO,BE,21.73,-4.98,142.41,0.53,0.12
SADBHIN,EQ,2.15,-4.87,75.73,5.53,0.12
TARMAT,BE,50.48,-4.99,126.52,0.23,0.12
RILINFRA,SM,34.45,-4.97,64.09,0.33,0.12
MAHAPEXLTD,EQ,50,-3.88,70.75,0.23,0.12
PSFL,SM,23.5,-2.89,46.25,0.5,0.12
VARDMNPOLY,BE,6.44,-4.87,295.53,1.81,0.12
BALPHARMA,EQ,60.1,-8.77,95.68,0.19,0.12
PRABHA-RE,BE,1.26,-10,1.22,9.29,0.12
BEARDSELL,EQ,20.12,-8.79,79.35,0.56,0.12
TPHQ,EQ,0.44,-4.35,48.23,26.4,0.12
GROWWNXT50,EQ,60.82,-2.61,7.4,0.19,0.12
SONAMAC,SM,27.1,-8.45,37.19,0.41,0.12
SAIFL,SM,8.1,-7.95,21.83,1.4,0.12
ITBETA,EQ,304.3,-1,5.24,0.04,0.11
BSLSENETFG,EQ,73.68,-1.11,255.95,0.15,0.11
DUGLOBAL,SM,27.6,-8,198.37,0.4,0.11
CINEVISTA,EQ,12.16,-13.33,69.84,0.84,0.11
NIBL,EQ,25.9,-3.18,62.76,0.43,0.11
TANKUP,ST,399,-4.69,211.27,0.03,0.11
PIONEEREMB,EQ,19.8,-11.92,61,0.53,0.11
RUDRA,EQ,14.63,-4.75,146.8,0.73,0.11
ALKALI,EQ,47,-8.2,47.86,0.23,0.11
SGBOCT27VI,GB,13551,-0.56,939.37,0,0.11
TAINWALCHM,EQ,164,-3.77,153.57,0.06,0.11
LAL,EQ,6.1,-7.72,105.37,1.7,0.11
ARCHIES,EQ,11,-5.82,37.16,0.97,0.11
PRAENG,EQ,17.6,-6.03,123.09,0.61,0.11
SAAKSHI,SM,176,-7.2,310.75,0.06,0.11
724GS2055,GS,97.5,-0.1,76050,0.11,0.11
KHFM,SM,54.8,-1.26,126.65,0.2,0.11
UEL,EQ,132.05,-4.35,1761.52,0.08,0.11
ASHWINI,SM,132.5,-4.37,198.75,0.08,0.11
VINNY,EQ,0.98,-5.77,45.59,10.72,0.11
PILITA,EQ,6.6,-4.62,155.1,1.61,0.11
ALUWIND,SM,54,-1.64,134.18,0.2,0.11
ENVIRO,SM,97.9,-2.39,183.95,0.11,0.1
UYFINCORP,EQ,11.79,-2.4,224.29,0.88,0.1
SONUINFRA,SM,38,-5,44.71,0.27,0.1
LANCORHOL,BE,19.15,-4.96,140.85,0.54,0.1
REFRACTORY,SM,28.65,-4.98,62.46,0.36,0.1
USK,BE,19.93,-4.96,110.33,0.51,0.1
DTIL,EQ,102,-11.64,107.18,0.09,0.1
JMA,EQ,77.19,-3.06,176.31,0.14,0.1
SATECH,SM,33.5,-8.22,43.74,0.3,0.1
TROM,SM,44.1,-11,40.55,0.22,0.1
VLINFRA,SM,18.5,-8.87,29.07,0.54,0.1
SUNDARAM,EQ,1.13,-4.24,53.55,8.95,0.1
SHUBHSHREE,SM,282,-1.05,147.82,0.04,0.1
SGBOCT26,GB,13650,-0.45,426.64,0,0.1
UNITEDTEA,EQ,509.8,-0.04,254.72,0.02,0.1
TOP20,EQ,8.2,-1.91,9.5,1.22,0.1
KONSTELEC,SM,28.3,-4.87,42.73,0.35,0.1
EFORCE,SM,16.65,-6.46,38.96,0.59,0.1
SHIGAN,ST,47.05,-4.95,95.64,0.21,0.1
UMA,SM,15.45,-6.65,31.32,0.64,0.1
AROGRANITE,EQ,18.7,-7.06,28.61,0.52,0.1
EMMIL,SM,111.8,-5.01,126.63,0.09,0.1
SBIMIDMOM,EQ,56,-0.43,6.88,0.17,0.1
KORE,SM,85,-3.46,103.06,0.11,0.1
LAGNAM,EQ,59,-7.32,104.25,0.16,0.1
OSWALSEEDS,EQ,10.35,-7.26,94.67,0.91,0.1
COMPUSOFT,EQ,12.4,-0.72,98.12,0.77,0.09
MANGALAM,BE,27.07,-4.85,42.85,0.34,0.09
NMSTEEL,SM,18,-9.32,31.12,0.48,0.09
935TSIIC33,N0,103000,-0.68,1286.89,0,0.09
PRITI,EQ,33,-0.93,44.07,0.28,0.09
MOTOGENFIN,EQ,18.46,-4.55,71.49,0.49,0.09
BBTCL,EQ,160,-5.33,328.18,0.06,0.09
RHL,EQ,163.25,-1.77,282.29,0.06,0.09
AARNAV,EQ,21.8,-4.43,92.08,0.42,0.09
SNXT30BEES,EQ,37.59,-0.24,4.86,0.24,0.09
GSLSU,EQ,46.02,-5,195.04,0.19,0.09
PODDARMENT,EQ,201.1,-3.38,213.37,0.04,0.09
MARC,SM,61.35,-1.05,106.22,0.14,0.09
NITIRAJ,EQ,198.72,-7.07,203.71,0.04,0.09
PRAXIS,EQ,5.37,-2.89,99.78,1.66,0.09
AVIANSH,SM,109.8,-0.18,153.47,0.08,0.09
DOLLEX,SM,27.9,-3.63,111.46,0.32,0.09
NRVANDANA,SM,46.05,-8.99,107.27,0.18,0.09
AGRITECH,EQ,95.1,-3.43,56.49,0.09,0.09
ESG,EQ,37.92,-1.79,94.85,0.22,0.08
SECURKLOUD,EQ,18,-6.93,60.14,0.44,0.08
ONDOOR,SM,116.5,-5.86,65.81,0.07,0.08
ACCPL,SM,63.55,-4.08,70.64,0.13,0.08
HOMESFY,SM,118.8,-3.69,38.33,0.07,0.08
CONS,EQ,10.62,-2.21,31.23,0.78,0.08
ACCURACY,EQ,3.53,-0.56,53.15,2.33,0.08
GROWWPSE,EQ,96.45,-0.76,16.63,0.09,0.08
GANGAFORGE,EQ,2.5,-3.85,33.7,3.3,0.08
HOLMARC,SM,60.05,-4.98,60.35,0.14,0.08
WELINV,EQ,1260,-1.2,460.46,0.01,0.08
TOTAL,EQ,47.45,-2.12,76.52,0.17,0.08
MONEXT50,EQ,60.29,-2.35,2.95,0.13,0.08
NEWJAISA,SM,17.1,-5,61.17,0.47,0.08
COMMITTED,SM,250.15,-4.99,289.54,0.03,0.08
QFIL,SM,40,-3.15,11.42,0.2,0.08
ZEAL,SM,57,-1.47,75.87,0.14,0.08
VHLTD,BE,139.8,-0.04,944.75,0.06,0.08
736GS2052,GS,101.57,-0.01,152355,0.08,0.08
SHANTI,EQ,5.14,-0.77,5.71,1.53,0.08
BLBLIMITED,BE,15.1,-4.07,79.83,0.51,0.08
MOBILISE,SM,52.85,-9.89,50.27,0.14,0.08
STEELCITY,EQ,71.26,-3.48,107.65,0.11,0.08
BVCL,EQ,32.5,-8.66,72.02,0.23,0.08
PENTAGON,SM,55,-5.17,42.41,0.14,0.08
ZODIACLOTH,EQ,60.99,-1.64,167.47,0.13,0.08
746GS2073,GS,100.6,-0.76,117702,0.08,0.08
PARTYCRUS,SM,75,-4.7,89.89,0.1,0.08
BANG,EQ,27,-12.05,36.61,0.27,0.08
WEIZMANIND,EQ,65.21,-8.13,101.04,0.11,0.08
RCDL,SM,18.05,-14.25,43.17,0.39,0.08
MITCON,EQ,55.5,-2.13,96.67,0.14,0.08
QMSMEDI,SM,72,-6.49,139.23,0.1,0.08
BIOFILCHEM,EQ,25.6,-7.68,41.66,0.29,0.08
KREBSBIO,EQ,38.5,-12.22,83.01,0.18,0.08
AEPL,EQ,13.57,-8.37,340.66,0.52,0.08
MAYASHEEL,SM,52.45,-1.13,115.65,0.15,0.07
FORGEAUTO,SM,68.5,-4.86,74.8,0.11,0.07
SPLIL,EQ,21.48,-6.93,62.29,0.35,0.07
GSS,EQ,8.72,-4.28,22.81,0.84,0.07
RELCHEMQ,EQ,105.17,-7.37,79.34,0.07,0.07
AUROIMPEX,SM,21.25,-16.83,25.93,0.32,0.07
710GS2029,GS,102.5,-0.98,154775,0.07,0.07
INVICTA,SM,63,-3.08,79.2,0.11,0.07
MAITREYA,SM,175.05,-0.82,118.61,0.04,0.07
SWASTIK,SM,13.05,-6.45,30.32,0.56,0.07
SECL,ST,3.6,-4,37.06,2,0.07
TRANSWIND,SM,19.5,-4.88,14.92,0.36,0.07
NEPTUNE,ST,178,-4.74,403.23,0.04,0.07
ATLASCYCLE,EQ,77.79,-8.28,50.59,0.09,0.07
WORTHPERI,EQ,115.2,-2.31,181.45,0.06,0.07
SPECTSTM,SM,51.5,-4.89,118.93,0.14,0.07
DCCL,SM,35,-0.28,49.97,0.2,0.07
VISHWAS,SM,35.5,-1.66,35.5,0.19,0.07
NPBET,EQ,250.41,-3.08,9.8,0.03,0.07
CLEDUCATE,BE,44.46,-5,241.08,0.16,0.07
79NHIT47,N3,419.6,-0.23,629.4,0.02,0.07
TCIFINANCE,EQ,12.31,-5.74,15.85,0.54,0.07
LICNMID100,EQ,53.07,-2.66,561.95,0.13,0.07
RULKA,SM,75,-5.18,31.94,0.09,0.07
890NHB34,N7,6001.01,-3.98,58.03,0,0.07
SRIVASAVI,SM,44.4,-4.1,62.93,0.15,0.07
ODIGMA,EQ,20.6,-5.33,64.39,0.32,0.07
SHYAMCENT,EQ,3.68,-4.91,78.08,1.8,0.07
SHEETAL,ST,222.5,-1.11,254.9,0.03,0.07
RUCHINFRA,EQ,4.08,-12.26,96.3,1.53,0.07
DIVYADHAN,SM,19.15,-4.96,27.4,0.34,0.07
TFL,EQ,11.09,-11.14,61.12,0.57,0.07
BSL,EQ,103.4,-0.64,106.42,0.06,0.07
ARVEE,EQ,129.11,-3.79,142.28,0.05,0.06
SILKFLEX,ST,103.4,-4.88,120.02,0.06,0.06
MALUPAPER,EQ,27.05,-8.92,46.15,0.23,0.06
DCM,EQ,55.26,-4.25,103.21,0.11,0.06
SOCL,SM,24.85,-4.97,33.28,0.26,0.06
IDFNIFTYET,EQ,246.29,-1.93,3.52,0.03,0.06
MAKS,SM,26.45,-4.86,18.34,0.24,0.06
SURAJLTD,EQ,216,-0.97,396.66,0.03,0.06
PARAGON,SM,35,-5.15,68.48,0.17,0.06
ALCODIS,SM,49.35,-9.53,50.58,0.12,0.06
KHANDSE,EQ,12.42,-18.5,18.95,0.49,0.06
PPSL,SM,5.4,-11.48,15.82,1.11,0.06
SELLOWRAP,SM,64,-3.47,87.96,0.1,0.06
ENERGYDEV,EQ,13.15,-4.99,62.46,0.46,0.06
VDEAL,SM,166.05,-5.11,81.21,0.04,0.06
GILLANDERS,EQ,77.15,-4.55,164.66,0.08,0.06
10IIFL28,N4,1034,-0.1,240.63,0.01,0.06
HISARMETAL,EQ,124.99,-4.59,67.49,0.05,0.06
VIVIMEDLAB,EQ,5.28,-4.86,43.78,1.12,0.06
AXISHCETF,EQ,145.07,-1.34,21.83,0.04,0.06
HALEOSLABS,EQ,1188,-4.43,359.17,0,0.06
CEREBRAINT,BZ,3.68,-4.91,44.6,1.56,0.06
AKI,EQ,4,-4.76,41.28,1.43,0.06
IVP,EQ,112.25,-8,115.91,0.05,0.06
GURUNANAK,SM,23,-7.44,27.6,0.24,0.06
MAXPOSURE,SM,33,-1.05,75.05,0.17,0.06
LASA,EQ,5.67,-4.87,28.41,0.97,0.06
SHEKHAWATI,EQ,9.29,-11.02,32.02,0.58,0.06
MARCO,SM,28.95,-1.03,54.13,0.2,0.05
CELEBRITY,EQ,5.84,-4.26,34.85,0.92,0.05
HMT,BZ,57.1,-4.19,2687.53,0.09,0.05
AAKAAR,ST,48.1,-4.94,68.17,0.11,0.05
GOYALALUM,BE,5.41,-3.39,77.22,0.98,0.05
BIKEWO,ST,17,-2.02,22.17,0.32,0.05
NAVKARURB,EQ,0.73,-3.95,81.91,7.44,0.05
SUVIDHAA,EQ,2.35,-8.2,49.3,2.23,0.05
DEEM,SM,29.7,-7.76,24.76,0.18,0.05
KONTOR,SM,55.95,-7.29,34.58,0.1,0.05
GSEC10YEAR,EQ,29.51,-0.3,93.44,0.18,0.05
ETL,SM,880,-2.8,939.07,0.01,0.05
AGSTRA,BZ,2.38,-4.8,30.57,2.22,0.05
INFRA,EQ,10.21,-2.48,7.24,0.52,0.05
SANGANI,SM,38.9,-2.75,53.59,0.14,0.05
ROML,EQ,37.49,-5.78,56.19,0.14,0.05
BBNPNBETF,EQ,50.89,-3.53,4.01,0.1,0.05
DELTAMAGNT,EQ,46,-8.46,49.92,0.11,0.05
READYMIX,SM,83,-4.76,90.96,0.06,0.05
GVPTECH,EQ,5.75,-3.04,105.82,0.86,0.05
PRANIK,SM,37,-8.87,40.74,0.13,0.05
SGBJUN27,GB,13620,-0.22,626.23,0,0.05
ITALIANE,ST,35.9,-4.77,53.05,0.14,0.05
MOHITIND,EQ,19,-2.36,26.9,0.26,0.05
DICIND,EQ,479.95,-2.18,440.55,0.01,0.05
SIL,EQ,11.71,-6.24,75.33,0.41,0.05
SYLVANPLY,SM,40,-7.08,77.5,0.12,0.05
PEARLPOLY,EQ,13.29,-5.34,22.37,0.37,0.05
10NIDO26,N6,1060,-0.09,370.16,0,0.05
901NHB34,N6,6170,-0.08,821.49,0,0.05
GANGESSECU,EQ,105.95,-2.68,105.99,0.05,0.05
GROWWLOVOL,EQ,9.58,-2.64,3.89,0.5,0.05
PALREDTEC,EQ,27.45,-4.98,33.58,0.17,0.05
LAMOSAIC,SM,20.75,-6.32,21.45,0.23,0.05
ANIKINDS,EQ,33.85,-1.48,93.95,0.14,0.05
MANUGRAPH,EQ,9.7,-9.35,29.5,0.46,0.05
706GS2046,GS,99,-0.3,84150,0.05,0.05
QUALITY30,EQ,18.87,-1.51,2.19,0.25,0.05
ABHAPOWER,SM,23.85,-5.92,44.33,0.19,0.05
DURLAX,SM,45,-6.35,130.19,0.1,0.05
PALASHSECU,EQ,80,-1.79,80.02,0.06,0.05
ASPIRE,SM,10.2,-4.67,15.48,0.44,0.05
AQYLON,EQ,50.7,-4.88,1286.41,0.09,0.04
SHANTHALA,SM,26.4,-6.05,17.68,0.17,0.04
MARUSHIKA,SM,93.5,-0.53,79.82,0.05,0.04
LFIC,EQ,112.5,-5.23,33.75,0.04,0.04
HBSL,EQ,42.63,-4.99,30.43,0.1,0.04
EMKAYTOOLS,SM,84.9,-5.61,90.6,0.05,0.04
WEWIN,EQ,37.13,-5.55,37.73,0.12,0.04
SAGARDEEP,EQ,22,-3.85,37.53,0.2,0.04
SELMC,EQ,26.8,-5,88.8,0.16,0.04
AMDIND,EQ,35,-2.53,67.08,0.12,0.04
10IIFLSF27,NB,1059.45,-0.32,15.6,0,0.04
891IIFCL34,N4,1238,-0.88,737.72,0,0.04
DGCONTENT,EQ,21.8,-6.28,126.85,0.19,0.04
ARUNAYA,SM,13.95,-3.46,24.47,0.3,0.04
USASEEDS,SM,90,-4.66,90.77,0.05,0.04
NEXT30ADD,EQ,37.4,-1.55,40.55,0.11,0.04
737GS2028,GS,103,-0.14,77250,0.04,0.04
WILLAMAGOR,EQ,21.11,-10.36,23.13,0.18,0.04
ASHOKAMET,EQ,12.13,-6.4,30.32,0.33,0.04
MUKTAARTS,EQ,38.69,-5.1,87.38,0.11,0.04
SGBDEC26,GB,13900,-0.58,288.96,0,0.04
PRUDMOULI,EQ,11.26,-4.98,36.32,0.36,0.04
KANANIIND,EQ,1.06,-8.62,20.97,3.76,0.04
KALYANIFRG,EQ,545,-3.96,198.27,0.01,0.04
CELLPOINT,SM,11.7,-14.29,21.86,0.32,0.04
MIEL,SM,11.15,-4.7,19.62,0.36,0.04
KSHITIJPOL,BE,2.22,-4.72,34.24,1.8,0.04
SITINET,BZ,0.29,-3.33,25.29,13.8,0.04
SHIVATEX,EQ,128.44,-1.85,166.49,0.03,0.04
GLOBALE,EQ,9.31,-9.44,9.89,0.39,0.04
ARABIAN,SM,66.95,-3.25,72.92,0.06,0.04
RAJTV,EQ,32.89,-9.69,170.74,0.12,0.04
FONEBOX,SM,60,-11.11,61.56,0.06,0.04
LOYALTEX,BE,188.4,-1.36,90.74,0.02,0.04
IVZINNIFTY,EQ,2556.7,-2.12,85.57,0,0.04
68GS2060,GS,90.1,-1.39,76514.48,0.04,0.04
HEALTHADD,EQ,140.65,-3.4,12.19,0.03,0.04
706GS2028,GS,103,-0.16,114330,0.04,0.04
DBSTOCKBRO,EQ,24.99,-0.44,87.47,0.15,0.04
ROLLT,BE,1.09,-4.39,27.26,3.29,0.04
ESENSEX,EQ,72.35,-2.18,13.59,0.05,0.04
VIVIDHA,EQ,0.45,-6.25,13.17,8.19,0.04
DNAMEDIA,EQ,2.47,-6.08,29.07,1.45,0.04
GROBTEA,EQ,805.1,-5,93.58,0,0.04
AUSL,SM,17.5,-4.11,43.46,0.2,0.03
MANDEEP,SM,17.35,-4.41,17.94,0.2,0.03
GOLDSTAR,ST,6.1,-4.69,174.58,0.56,0.03
PANSARI,EQ,253.9,-2.44,442.97,0.01,0.03
TIMESCAN,SM,42.95,-4.56,30.01,0.08,0.03
VISASTEEL,EQ,28.37,-4.99,366.79,0.12,0.03
INCREDIBLE,EQ,28.62,-4.6,133.84,0.12,0.03
LLOYDS,SM,40.3,-7.36,97.26,0.08,0.03
PARAMOUNT,SM,33.5,-8.22,23.26,0.1,0.03
GAYAHWS,EQ,2.03,-1.46,48.65,1.66,0.03
SHRIKANHA,SM,15.85,-4.8,24.7,0.21,0.03
NEXTMEDIA,EQ,3.6,-6.25,24.08,0.93,0.03
MACOBSTECH,SM,207.5,-2.35,203.25,0.02,0.03
CAPTRUST,BE,11,-2.65,37.42,0.29,0.03
SIGNORIA,SM,54,-4.17,25.69,0.06,0.03
HGM,EQ,45.6,-5.98,57.43,0.07,0.03
TOUCHWOOD,EQ,63.54,-8.03,70.41,0.05,0.03
ARTNIRMAN,EQ,29.39,-9.98,73.35,0.11,0.03
KRIDHANINF,EQ,1.96,-2,18.58,1.68,0.03
JFLLIFE,SM,8.55,-3.39,28.21,0.36,0.03
HYBRIDFIN,EQ,16.4,-2.55,48.28,0.2,0.03
842IIFL26,NL,992,-0.3,146.07,0,0.03
VALUE,EQ,15.01,-0.92,5.53,0.21,0.03
ASTRON,EQ,3.39,-4.24,15.76,0.92,0.03
930APMD35,N0,104800,-0.72,1047.99,0,0.03
MCON,SM,37.8,-5.03,27.7,0.08,0.03
AKG,EQ,9.3,-9.62,29.55,0.32,0.03
FORCAS,SM,95,-3.8,167.01,0.03,0.03
AUSOMENT,BE,95.5,-1.06,130.1,0.03,0.03
TARAPUR,EQ,24.13,-4.96,47.05,0.12,0.03
GENSOL,BZ,19.52,-4.97,74.18,0.16,0.03
SOFTTECH,EQ,218,-7.49,301.76,0.01,0.03
CMRSL,SM,52.45,-4.98,15.36,0.06,0.03
71GS2034,GS,102,-0.59,163200,0.03,0.03
DIVIDEND,EQ,33.58,-0.94,8.48,0.09,0.03
FCONSUMER,BZ,0.31,-3.13,61.91,9.42,0.03
ENCOMPAS,SM,241.85,-1.18,343.03,0.01,0.03
893NHB29,N6,5440,-1.07,361.88,0,0.03
CPS,ST,960,-3.33,218.69,0,0.03
SUPERSPIN,EQ,3.95,-2.47,21.73,0.73,0.03
NAMAN,SM,44.25,-4.94,57.82,0.06,0.03
HEADSUP,EQ,6.12,-10.4,13.51,0.46,0.03
MADHUCON,EQ,3.75,-2.6,27.67,0.76,0.03
MODIRUBBER,EQ,109.29,-1.26,273.67,0.03,0.03
TEAMGTY,EQ,247,-2.56,222.13,0.01,0.03
HEALTHCARE,EQ,17.9,-1.27,7.64,0.16,0.03
GIRIRAJ,ST,185,-2.63,442.53,0.01,0.03
BALKRISHNA,EQ,13.11,-3.18,42.24,0.2,0.03
695GS2061,GS,93.35,-0.69,137224.5,0.03,0.03
AMEYA,SM,93,-0.37,69.75,0.03,0.03
BONLON,BE,36,-0.39,51.06,0.08,0.03
93MOFSL34,N6,1030,-1.51,48.46,0,0.03
NOIDATOLL,EQ,2.96,-1.66,55.11,0.93,0.03
RHFL,BZ,2.45,-4.67,118.72,1.12,0.03
HDIL,BZ,1.93,-4.93,91.48,1.42,0.03
PULZ,SM,22.25,-4.91,48.52,0.12,0.03
EPWINDIA,SM,111,-1.6,127.42,0.02,0.03
GML,ST,16.5,-4.62,25.03,0.16,0.03
MIDCAPADD,EQ,19.4,-2.07,5.43,0.13,0.03
SATIPOLY,SM,28.2,-4.41,13.95,0.09,0.03
AGNI,SM,15.3,-2.24,29.89,0.17,0.03
SHRENIK,BZ,0.37,-2.63,22.64,7.1,0.03
SYNOPTICS,SM,39.65,-4.92,33.62,0.07,0.03
ARVINDPORT,SM,29.05,-4.75,51.7,0.09,0.03
956AEL29,N6,1025,-2.38,51.62,0,0.03
FIDEL,SM,125,-2.34,171.88,0.02,0.03
AMBICAAGAR,EQ,20.2,-9.9,34.7,0.12,0.02
INSPIRE,SM,7.2,-4.64,9.8,0.36,0.02
KALANA,ST,20.35,-4.91,26.53,0.12,0.02
813GS2045,GS,110,-1.26,104500,0.02,0.02
891NTPC33,N6,1228,-0.08,491.16,0,0.02
915SCL26,NE,1026,-0.19,200.43,0,0.02
SILKY,SM,154,-1.91,98.06,0.02,0.02
SVPGLOB,EQ,2.18,-9.17,27.58,1.07,0.02
RKDL,EQ,18.32,-1.51,43.97,0.13,0.02
GILT5BETA,EQ,64.51,-0.29,25.44,0.04,0.02
ENIFTY,EQ,22.56,-1.57,14.82,0.1,0.02
KAUSHALYA,EQ,758,-5.72,26.25,0,0.02
ACEINTEG,EQ,15.34,-2.54,15.65,0.15,0.02
SCL190325A,N1,1040,-0.95,6.68,0,0.02
TNTELE,EQ,8.11,-5.15,37.04,0.27,0.02
TGBHOTELS,EQ,7.52,-5.76,22.02,0.29,0.02
DTL,SM,93,-0.32,76.82,0.02,0.02
LICNFNHGP,EQ,250.22,-2.1,670.47,0.01,0.02
PNC,EQ,16.31,-7.75,23.6,0.13,0.02
CREATIVEYE,EQ,5.41,-11.02,10.85,0.37,0.02
VR,SM,136.8,-5,121.48,0.02,0.02
RADAAN,EQ,2.5,-1.96,13.54,0.86,0.02
YUDIZ,ST,22.15,-4.94,22.86,0.1,0.02
BULKCORP,SM,44.75,-4.99,33.63,0.05,0.02
903SFL28,YI,1027,-0.33,51.27,0,0.02
9IIFL28,Y0,1035,-0.19,136.56,0,0.02
AXISCETF,EQ,106.8,-1.82,11.8,0.02,0.02
BALCO,SM,13.4,-4.96,5.85,0.16,0.02
QUICKTOUCH,SM,26.2,-4.9,33.58,0.08,0.02
PRECISION,SM,7.1,-2.07,16.3,0.3,0.02
943ECL28,NJ,989.01,-0.2,58.48,0,0.02
726GS2033,GS,102.5,-1.39,161950,0.02,0.02
ACTIVEINFR,SM,170,-4.49,255.26,0.01,0.02
SPPPOLY,SM,10.8,-4.85,16.62,0.18,0.02
GOLDENTOBC,BZ,21.48,-5,37.82,0.09,0.02
1180VCCL26,N0,99000,-0.66,14.85,0,0.02
PROPEQUITY,SM,164,-0.61,171.91,0.01,0.02
CALSOFT,EQ,12.29,-2.38,75.99,0.16,0.02
118VCCL27B,N0,97500,-1.52,29.25,0,0.02
RAPIDFLEET,SM,164,-1.8,121.93,0.01,0.02
AIROLAM,EQ,83.01,-1.47,124.53,0.02,0.02
BMETRICS,SM,40,-3.85,49.26,0.05,0.02
TREEHOUSE,BE,7.6,-2.69,32.16,0.24,0.02
ORTINGLOBE,BE,13.56,-3.07,11.03,0.13,0.02
LPDC,EQ,5.6,-1.58,75.12,0.33,0.02
SEMAC,EQ,222.3,-5,69.3,0.01,0.02
COUNCODOS,EQ,3.97,-1,30.81,0.45,0.02
74GS2035,GS,100.71,-2.22,84843.14,0.02,0.02
743GS2076,GS,100,-0.99,26000,0.02,0.02
MEDIORG,SM,21.1,-0.47,24.69,0.08,0.02
QVCEL,SM,21.8,-4.8,22.78,0.08,0.02
NKIND,EQ,61,-1.58,36.66,0.03,0.02
79NHIT35,N1,315,-0.2,472.5,0.01,0.02
TIJARIA,BE,4.07,-4.91,11.65,0.41,0.02
KHAITANLTD,EQ,93.84,-4.49,44.57,0.02,0.02
SGL,EQ,8.98,-3.44,24.24,0.19,0.02
IL&FSENGG,BZ,23.16,-4.93,303.68,0.07,0.02
UNIINFO,EQ,10.19,-1.45,10.9,0.16,0.02
950ISF27C,N0,9761,-0.8,292.83,0,0.02
NIDAN,SM,12.8,-7.91,17.79,0.12,0.02
732GS2030,GS,103.36,-0.6,72352,0.01,0.02
ADL,EQ,52.47,-10.06,29.21,0.03,0.02
BAFNAPH,EQ,112.79,-1.17,266.82,0.01,0.02
105IIFL29,N7,1015,-2.78,15.68,0,0.02
CEDAAR,SM,18.9,-4.79,26.23,0.08,0.02
GAJANAND,SM,6.45,-13.42,12.15,0.21,0.01
RETAIL,EQ,16.81,-1.93,13.79,0.08,0.01
PATTECH,SM,90.25,-5,84.81,0.01,0.01
NAGREEKCAP,EQ,20.89,-4.17,26.35,0.06,0.01
ROCKINGDCE,ST,130.45,-4.99,73.82,0.01,0.01
MON50EQUAL,EQ,29.96,-1.74,93.27,0.04,0.01
SOTAC,SM,109.25,-5,120.72,0.01,0.01
LAXMICOT,BE,11.88,-4.96,20.37,0.11,0.01
PERFECT,SZ,1.4,-3.45,2.45,0.93,0.01
KANDARP,SM,130,-3.7,116.65,0.01,0.01
797IGT31,NL,1011.05,-0.01,41.67,0,0.01
ANSALAPI,BZ,2.98,-1.97,46.91,0.41,0.01
VIAZ,SM,61,-2.24,81.97,0.02,0.01
675GS2029,GS,100.96,-1.62,102979.2,0.01,0.01
SUPREMEENG,BZ,0.94,-4.08,23.5,1.26,0.01
837IIFL28,Y4,980,-0.66,86.8,0,0.01
FEL,BZ,0.37,-2.63,16.83,3.16,0.01
HPIL,EQ,111.2,-6.55,127.04,0.01,0.01
MOSERVICE,EQ,28.38,-2.27,4.9,0.04,0.01
ATLPP,E1,6.41,-11.46,25.51,0.17,0.01
935LTF29,N5,1046,-0.19,116.02,0,0.01
905LTF27,NF,1010,-7.85,355.51,0,0.01
SALONA,EQ,269,-1.63,141.56,0,0.01
NAGREEKEXP,EQ,18.1,-3.57,56.56,0.06,0.01
AKASH,EQ,23.06,-1.54,38.89,0.05,0.01
CYBERMEDIA,EQ,11.3,-8.8,23.3,0.09,0.01
AATMAJ,SM,18.35,-0.81,41.47,0.06,0.01
INFOMEDIA,EQ,4.8,-0.41,24.09,0.23,0.01
AILIMITED,SM,36,-4.89,21.68,0.03,0.01
TGL,ST,31.65,-1.86,37.98,0.03,0.01
REGENCERAM,EQ,37.02,-8.34,97.89,0.03,0.01
SPEB,SM,51.1,-4.49,114.79,0.02,0.01
DIL,BZ,1.08,-4.42,17.58,0.95,0.01
LEXUS,BE,24.67,-4.97,50.55,0.04,0.01
MOMGF,EQ,140.59,-1.59,1.76,0.01,0.01
LYPSAGEMS,EQ,4.1,-8.69,12.09,0.24,0.01
852IIFL29,Y5,1005,-0.1,35.92,0,0.01
KARMAENG,EQ,34.38,-4.98,39.78,0.03,0.01
119VCCL26,N0,99000,-0.56,29.7,0,0.01
12VCCL29B,N0,98500,-0.3,54.17,0,0.01
115VCCL28A,N0,98250,-0.63,29.48,0,0.01
PARASPETRO,BE,2.51,-1.95,83.89,0.38,0.01
601GS2030,GS,97,-1.72,96030,0.01,0.01
1025VCCL28,N0,96500,-0.44,173.7,0,0.01
INDIFRA,SM,11.75,-4.86,8.57,0.08,0.01
DKEGL,SM,63,-10,47.3,0.01,0.01
CMICABLES,BZ,3.43,-4.99,5.5,0.28,0.01
RITEZONE,SM,14.45,-4.93,6.11,0.06,0.01
PREMIUM,SM,29.8,-12.99,56.91,0.03,0.01
1025UCL26A,N1,998,-0.1,68.94,0,0.01
ARENTERP,EQ,32,-11.6,9.95,0.03,0.01
ABGSEC,EQ,111.09,-0.63,11.71,0.01,0.01
YCCL,SM,9.25,-2.12,17.86,0.09,0.01
LICNETFSEN,EQ,808.31,-2.37,666.54,0,0.01
889SCFL27,YC,982.5,-0.33,9.91,0,0.01
EDUCOMP,BZ,0.94,-3.09,11.51,0.86,0.01
898LTF29,N7,1050,-0.44,106.83,0,0.01
EQUIPPP,BE,14.71,-4.97,151.65,0.05,0.01
830PFCL27,N5,1054.66,-0.13,1298.42,0,0.01
KEEPLEARN,EQ,1.54,-6.1,23.98,0.44,0.01
723GS2039,GS,102.15,-2.48,119515.5,0.01,0.01
SRPL,BZ,0.45,-4.26,9.64,1.56,0.01
TIL-RE1,BE,2,-36.91,2.42,0.33,0.01
NEELAM,SM,10.1,-4.72,20.42,0.06,0.01
668GS2040,GS,97.2,-0.05,155520,0.01,0.01
843IHFL29,NC,929.7,-3.86,49.96,0,0.01
ARISTO,SM,75,-4.52,51.06,0.01,0.01
PROLIFE,SM,60,-3.23,24.56,0.01,0.01
MFML,EQ,21.2,-4.03,22.51,0.02,0.01
SILLYMONKS,EQ,15.7,-0.7,19.56,0.03,0.01
BGLOBAL,BZ,2.78,-4.79,4.4,0.19,0.01
ACCORD,SM,26,-1.89,9.03,0.02,0.01
TVVISION,EQ,5.08,-1.17,19.68,0.1,0.01
SCL01825,N6,1020,-0.2,7.13,0,0.01
SHUBHLAXMI,SM,24.7,-5,26.19,0.02,0.01
79IGT28,NF,1060,-0.66,43.36,0,0
MEDISTEP,ST,16.5,-4.9,23.45,0.03,0
ABAN,BE,22.13,-4.98,129.16,0.02,0
FLFL,BZ,1.18,-4.84,23.81,0.4,0
GILT10BETA,EQ,25.64,-0.39,23.06,0.02,0
IL&FSTRANS,BZ,1.84,-4.66,60.53,0.25,0
1150AFIL28,N0,9310,-2,18.62,0,0
MEP,BZ,0.86,-1.15,15.78,0.53,0
79NHIT40,N2,316,-3.36,474,0,0
SMVD,ST,11.2,-4.27,11.23,0.04,0
SAROJA,SM,28,-4.6,11.26,0.02,0
737NTPC35C,NA,1115,-10.66,203.57,0,0
CIFCZC28A,N5,1236,-0.88,15.37,0,0
TAPIFRUIT,SM,56.6,-4.87,24.34,0.01,0
JALAN,SM,1.75,-2.78,2.54,0.24,0
EASTSILK,BE,60.22,-4.99,30.11,0.01,0
769HUDCO31,N9,1101,-0.27,671.66,0,0
21STCENMGM,EQ,28.91,-1.97,30.36,0.01,0
SEYAIND,BE,10.27,-1.91,27.29,0.04,0
WINNY,SM,38.95,-5,8.45,0.01,0
865SCL27,N4,975,-0.41,24.82,0,0
SETUINFRA,BZ,0.38,-5,4.78,0.95,0
957ICCL25,YW,1054,-0.09,27.8,0,0
SANWARIA,BZ,0.23,-4.17,16.93,1.5,0
897MOFSL29,N4,1010,-0.2,96.09,0,0
AEL120126,NL,995,-0.2,28.97,0,0
KSR,BE,33.42,-1.99,61.42,0.01,0
DCMFINSERV,BE,5.17,-4.96,9.71,0.06,0
817GS2044,GS,125.19,-4.99,107663.4,0,0
SAHAJ,SZ,3.85,-4.94,5.07,0.08,0
JIWANRAM,SM,5,-1.96,12.37,0.06,0
679GS2031,GS,99.51,-2.35,62691.3,0,0
SKIL,BZ,0.89,-4.3,19.27,0.31,0
SABAR,ST,5.45,-4.39,10.47,0.05,0
PREMIER,BE,2.77,-0.36,8.41,0.1,0
NIRAJISPAT,BE,185.3,-5,11.12,0,0
SHYAMTEL,EQ,8.16,-9.53,9.2,0.03,0
BILVYAPAR,BE,4.8,-4.19,15.06,0.05,0
GSEC10IETF,EQ,257.5,-0.39,533.05,0,0
9AEL30,NE,1020,-0.49,76.38,0,0
CADSYS,SM,44.4,-4.93,44.41,0.01,0
QUADPRO,SM,1.85,-2.63,9.35,0.12,0
91D140526,TB,99.2,-0.07,14880,0,0
925ISF28,N0,9779,-0.21,171.13,0,0
ANKITMETAL,BZ,1.29,-4.44,18.2,0.14,0
7PFCL31,N3,924.2,-7.12,18.96,0,0
SABEVENTS,BE,8.54,-4.9,8.95,0.02,0
UNIVPHOTO,BE,411.2,-1.98,450.12,0,0
MODTHREAD,EQ,41.62,-4.72,144.73,0,0
875AEL29,NK,1003,-0.2,397.55,0,0
BOHRAIND,BE,15.5,-0.13,32.82,0.01,0
FELDVR,BZ,2.57,-4.81,10.12,0.05,0
VIPULLTD,BE,10.56,-1.95,148.85,0.01,0
HALDER,EQ,239.9,-4.99,298.39,0,0
MTEDUCARE,BE,1.22,-4.69,8.81,0.1,0
915SCL27,Z7,1028,-0.07,12.23,0,0
718GS2033,GS,101,-0.71,203010,0,0
957ISFL26,N2,981.06,-0.71,33.4,0,0
IMPEXFERRO,BZ,1.4,-2.1,12.31,0.07,0
EUROTEXIND,EQ,13.07,-0.76,11.44,0.01,0
MORARJEE,BZ,5.87,-4.86,21.33,0.01,0
UNIVAFOODS,BE,9.03,-4.95,12.93,0.01,0
774IREDA31,N7,1100,-0.09,531.87,0,0
BLUECHIP,BE,2.46,-1.99,13.6,0.02,0
1040UCL27B,N1,990.85,-0.68,34.08,0,0
1015UCL26,N1,991.85,-0.82,95.74,0,0
9IIFL28A,NT,989,-0.1,117.62,0,0
QUINTEGRA,BE,1.19,-4.8,3.19,0.03,0
GVPTECHPP,E1,2,-6.98,4.23,0.02,0
698GR2054,GS,93.9,-0.11,28170,0,0
957IIFLS27,NA,912.4,-7.93,11.99,0,0
667GS2050,GS,92.5,-0.2,140186.64,0,0
772GS2055,GS,109,-0.37,85020,0,0
ABMINTLLTD,BE,42.56,-1.98,40.04,0,0
83GS2042,GS,112,-0.18,117072.97,0,0
SANCO,BZ,2.19,-4.78,2.86,0,0