Symbol ,Series ,LTP ,%chng ,Mkt Cap (₹ Crores),Volume (Lakhs),Value (₹ Crores)
HDFCBANK,EQ,742.3,-4.89,1142546.87,723.42,5442.7
SILVERBEES,EQ,192.2,-12.6,26669.16,1915.13,3757.48
RELIANCE,EQ,1404,-0.74,1899959.16,189.8,2665.58
GOLDBEES,EQ,111.1,-8.23,49773.2,2272.84,2529.21
ICICIBANK,EQ,1225,-1.64,876946.37,170.5,2089.16
LT,EQ,3341.9,-2.7,459715.62,56.46,1878.46
SBIN,EQ,1030.1,-2.64,950845.92,160.4,1653.68
ETERNAL,EQ,226.86,-2.34,218927.85,711.22,1614.68
INFY,EQ,1253,-0.23,508140.51,124.2,1553.52
MCX,EQ,2322,-3.83,59209.11,66.54,1532.19
VEDL,EQ,644.6,-4.11,252063.61,220,1413.92
BAJFINANCE,EQ,811.6,-2.28,504989.03,158.36,1276.29
BSE,EQ,2717,-3.18,110822.1,46.16,1255.26
BHARTIARTL,EQ,1803.1,-2.33,1098647.55,68.74,1238.59
M&M,EQ,2948.5,-3.84,366654.48,39.79,1180.48
INDIGO,EQ,3950,-4.8,152712.13,29.2,1155.07
HINDALCO,EQ,839.85,-3.93,188733.32,113.73,959.21
SHRIRAMFIN,EQ,880.8,-6.16,165728.28,105.57,934.92
ITC,EQ,290.95,-3,364612.09,317.88,928.18
TCS,EQ,2380,-0.44,861104.83,38.61,922.32
ADANIENSOL,EQ,944.6,-6.47,113473.16,89.5,848.28
TATASTEEL,EQ,187,-4.97,233441.96,443.93,835.08
AXISBANK,EQ,1169.2,-2.88,363316.41,66.97,787.95
TMCV,EQ,395.25,-5.81,145544.15,194.04,772.98
BEL,EQ,405.2,-4.9,296192.24,188.95,772.29
NIFTYBEES,EQ,255.79,-2.4,55758.8,282.34,722.87
MUTHOOTFIN,EQ,3090,-6.81,124053.76,21.87,682.74
TATSILV,EQ,19.65,-12.04,4638.09,3410.41,682.08
DIXON,EQ,9869,-4.57,60005.39,6.86,680.97
FIRSTCRY,EQ,220.8,-11.99,11526.69,295.43,675.7
ULTRACEMCO,EQ,10350,-5.34,304992.94,6.44,672.74
HAL,EQ,3622,-4.24,242230.3,17.97,655.68
HINDCOPPER,EQ,447.85,-8.5,43308.17,142.5,650.69
MARUTI,EQ,12309,-2.32,386998.13,5.18,640.9
SILVERIETF,EQ,200.2,-12.53,12641.42,300.77,614.33
WAAREEENER,EQ,3057.5,-3.42,87946.21,20.04,613.27
KOTAKBANK,EQ,357.5,-2.52,355585.84,169.8,609.13
TITAN,EQ,3842.6,-6.43,341140.71,15.34,597.47
TATAPOWER,EQ,382.9,-4.85,122349.55,151.74,591.88
IDEA,EQ,8.75,-6.32,94800.16,6648.44,589.72
INDUSINDBK,EQ,778,-4.96,60614.45,74.48,587.47
HINDUNILVR,EQ,2050,-1.57,481666.21,26,534.84
KAYNES,EQ,3400,-6.09,22791.78,14.96,514.18
PERSISTENT,EQ,4715,-0.04,74379.13,10.65,504.72
NATIONALUM,EQ,349,-5.29,64098.45,141.68,497.48
GRASIM,EQ,2550,-2.53,173533.7,19.37,491.78
SUNPHARMA,EQ,1747.1,-1.69,419177.94,27.84,491.26
NTPC,EQ,371.15,-2.57,359891.76,131.48,490.31
JIOFIN,EQ,225.9,-5.6,143517.47,211.72,484.57
SWIGGY,EQ,272.55,-3.62,75232.35,170.55,465.19
COALINDIA,EQ,456.25,-2.54,281174.48,101.64,463.53
HINDZINC,EQ,487.2,-5.35,205857.54,92.07,451.08
POLYCAB,EQ,6800,-5.17,102374.35,6.53,446.41
ADANIPORTS,EQ,1307,-4.28,301127.45,33.61,439.75
ADANIENT,EQ,1831,-4.99,236690.15,23.71,437.35
CUMMINSIND,EQ,4492.3,-2.67,124526.56,9.72,436.8
HDFCGOLD,EQ,114.4,-8.58,19639.99,378.79,435.08
SETFGOLD,EQ,113.9,-8.72,21467.68,377.68,432.82
PFC,EQ,397.6,-2.93,131212.05,108.31,427.12
GOLDIETF,EQ,114.01,-8.92,22201.73,371.42,426.91
HDFCSILVER,EQ,191.44,-12.99,6357.36,217.1,424.61
HINDPETRO,EQ,321.5,-4.4,68409.49,131.83,422.76
GMDCLTD,EQ,562.3,-2.33,17881.14,73.18,421.03
VBL,EQ,382.85,-4.63,129483.48,104.54,404.4
BPCL,EQ,271.95,-5.51,117983.68,143.58,392.09
ADANIPOWER,EQ,147,-3,283485.01,259.69,383.43
ASHOKLEY,EQ,161.95,-4.11,95127.07,235.32,383.17
MAZDOCK,EQ,2201,-5.3,88783.94,16.96,377.7
RECLTD,EQ,315.5,-4.54,83078.22,117.48,370.93
BAJAJFINSV,EQ,1664,-2.71,266331.52,22.08,370.23
TATAGOLD,EQ,13.06,-8.29,5133.66,2788.02,366.07
ATHERENERG,EQ,737.2,-5.56,28188.77,48.79,363.91
FEDERALBNK,EQ,254.6,-4.68,62709.14,139.66,357.25
CHOLAFIN,EQ,1381.6,-4.09,117691.54,25.7,357.11
MRPL,EQ,181.9,-4.86,31879.77,190.5,356.84
HDFCAMC,EQ,2256.3,-5.43,96659.93,14.83,337.77
APOLLOHOSP,EQ,7124.5,-3.26,102439.38,4.65,331.81
TMPV,EQ,304.7,-2.99,112209.6,108.16,331.17
BAJAJ-AUTO,EQ,8780,-2.99,245399.1,3.75,330.42
TRENT,EQ,3347,-5.97,118981.65,9.6,326.31
INNOVISION,EQ,374.2,-19.99,891.09,73.15,323.86
POWERINDIA,EQ,24350,-2.7,108533.7,1.31,319.7
SAIL,EQ,143.3,-7.86,59190.43,214.71,314.07
GVT&D,EQ,3478.9,-5.44,89076.03,8.83,306.69
LODHA,EQ,726,-8.9,72519.57,41.29,306.47
CDSL,EQ,1131,-5.02,23637.9,26.62,305.07
NETWEB,EQ,3090,-5.92,17594.67,9.6,299.56
GODREJPROP,EQ,1500.1,-3.19,45184.17,19.92,298.65
PETRONET,EQ,237.5,-7.82,35625,123.56,296.06
BHEL,EQ,252.1,-3.8,87782.82,116.92,295.59
CANBK,EQ,129.48,-5.1,117446.79,224.68,293.45
AUBANK,EQ,860,-4.6,64347.31,34.06,293.36
IOC,EQ,137.95,-4.6,194802.48,210.48,293.04
MAXHEALTH,EQ,953.3,-1.19,92768.96,30.64,291.94
JSWSTEEL,EQ,1113,-4.84,272179.03,25.32,282.64
PAYTM,EQ,992,-5.91,63492.53,27.71,277.28
SUZLON,EQ,39.95,-4.77,54789.96,681.93,274.68
POLICYBZR,EQ,1438,-3.95,66535.26,18.87,271.89
CHENNPETRO,EQ,1000,-6.08,14891.14,26.13,269.99
DRREDDY,EQ,1248.8,-3.86,104227.59,21.13,268.31
NMDC,EQ,74.98,-6.02,65921.05,351.85,266.17
SBISILVER,EQ,198,-11.96,5115.55,132.22,263.22
BANKBARODA,EQ,265.4,-5.2,137247.95,96.57,258.7
PNB,EQ,105.35,-5.54,121078.16,241.99,258.37
EICHERMOT,EQ,6683.5,-3.26,183337.9,3.8,255.74
TVSMOTOR,EQ,3400.1,-1.79,161534.37,7.48,254.65
HDFCLIFE,EQ,590.1,-5.38,127320.91,42.23,252.42
LUPIN,EQ,2289.8,-1.41,104653.76,10.92,251.05
IDBI,EQ,67.25,-7.96,72309.9,364.22,248.03
VOLTAS,EQ,1245,-6,41195.15,19.82,247.74
JPPOWER,EQ,14.64,-10.51,10033.46,1645.09,245.78
SBILIFE,EQ,1830,-3.53,183552.07,13.39,245.48
IDFCFIRSTB,EQ,60.1,-4.53,51693.26,402.08,243.74
AXISGOLD,EQ,110.3,-9.6,4671.28,218.52,242.45
YESBANK,EQ,17.63,-5.11,55322.29,1355.53,242.23
CGPOWER,EQ,663.6,-2.64,104511.53,36.41,239.53
BANDHANBNK,EQ,147.99,-6.6,23840.77,160.48,238.32
DATAPATTNS,EQ,3064.8,-5.14,17157.97,7.66,237.53
ICICIGI,EQ,1722,-3.11,85818.01,13.69,236.57
LTM,EQ,4101,-4.6,121591.91,5.69,234.51
MOTHERSON,EQ,106.41,-4.64,112305.26,214.03,230.23
BHARATFORG,EQ,1659,-3.07,79303.3,13.94,229.89
URBANCO,EQ,109.86,-3.73,16063.52,207.53,228.83
MFSL,EQ,1560.1,-4.83,53841.36,14.52,227.98
ADANIGREEN,EQ,817,-5.34,134101.88,27.47,226.86
WIPRO,EQ,187.6,-1.73,196757.21,120.15,226.67
GAIL,EQ,135.22,-5.35,88908.5,165.52,226.02
AUROPHARMA,EQ,1284,-0.57,74574.93,17.58,224.74
SILVER,EQ,200,-12.56,2716.78,108.96,222.7
DLF,EQ,514.6,-4.84,127379.71,42.77,221.78
JINDALSTEL,EQ,1106.9,-6.71,112913.55,18.8,210.79
ASIANPAINT,EQ,2120.8,-3.4,203426.67,9.78,209.21
BDL,EQ,1158.4,-7.32,42462.6,17.73,208.81
TATACONSUM,EQ,1025.5,-2.35,101438.74,20.06,207.2
INDHOTEL,EQ,583.95,-5.13,83121.32,34.95,205.7
GRSE,EQ,2133.9,-6.44,24444.25,9.52,205.47
SOLARINDS,EQ,12441,-3.81,112578.68,1.65,205.47
PGEL,EQ,495.4,-3.38,14135.88,41.65,204.31
ATGL,EQ,514.5,-6.78,56585.23,38.99,203.98
LTF,EQ,247,-5.44,61858.33,81.27,202.13
INDUSTOWER,EQ,412.5,-5.07,108824.21,47.93,200.18
AMBER,EQ,6233,-6.33,21934.97,3.15,198.65
NTPCGREEN,EQ,96.29,-4.76,81137.13,203.7,195.98
OLECTRA,EQ,1023,-6.78,8396.86,18.56,195.08
HDFCSML250,EQ,144.5,-3.14,1749.05,133,191.44
UNIONBANK,EQ,168.25,-5.28,128435.41,112.59,190.97
MANAPPURAM,EQ,253,-2.41,21414.8,74,185.16
GOLD1,EQ,111.4,-9.08,11151.21,164.52,184.08
LICHSGFIN,EQ,459.8,-5.42,25291.9,39.44,183.13
SAMMAANCAP,EQ,129.48,-6.15,10729.58,138.73,183.09
ABCAPITAL,EQ,294.1,-5.51,77038.66,60.21,178.63
LLOYDSME,EQ,1206,-3.19,65649.7,14.8,178
GODREJCP,EQ,1001.8,-1.55,102508.64,17.71,177.27
BRITANNIA,EQ,5476,-2.54,131899.48,3.16,174.66
VMM,EQ,99.68,-2.56,46581.64,174.45,174.52
HEROMOTOCO,EQ,5062,-4.05,101285.45,3.41,173.75
AMBUJACEM,EQ,397.5,-5.48,98254.98,43.34,173.66
JSWENERGY,EQ,481.7,-5,84648.77,34.87,171.18
RVNL,EQ,249.85,-5.56,52094.23,66.37,168.18
ABB,EQ,6018,-4.43,127526.46,2.75,166.97
FORTIS,EQ,799.65,-2.72,60370.23,20.8,165
SRF,EQ,2384,-2.87,70667.68,6.87,164.78
CIPLA,EQ,1220.6,-2.85,98597.71,12.95,159.93
SIEMENS,EQ,3000,-4.14,106836.15,5.24,157.22
IRFC,EQ,89.35,-5.64,116767.1,172.25,156.37
SONACOMS,EQ,480,-5.19,29848.65,31.53,153.42
OIL,EQ,464.1,-2.4,75490.87,32.4,152.21
KEI,EQ,4001,-4.47,38249.8,3.7,147.86
KPITTECH,EQ,656,-0.75,17983.83,22.34,146.51
UNITDSPR,EQ,1279.9,-1.55,93093.64,11.42,145.52
NAUKRI,EQ,974.2,-0.41,63169.13,14.9,144.62
TEJASNET,EQ,400.1,-8.22,7108.31,34.87,142.55
DABUR,EQ,416.85,-3.22,73936.27,33.82,142.23
INDIANB,EQ,833,-5.2,112202.1,16.77,141.41
FORCEMOT,EQ,20280,-6.05,26430.75,0.68,140.89
ANGELONE,EQ,220.9,-4.5,20081.03,62.95,140.06
KALYANKJIL,EQ,363.45,-5.03,37534.94,38.31,140.04
ITCHOTELS,EQ,139.42,-6.44,29039.55,98.03,139.22
DIVISLAB,EQ,6015,-1.39,159679.35,2.27,136.6
TORNTPHARM,EQ,4200,-1.64,142143.05,3.2,134.71
MAHABANK,EQ,62.18,-5.05,47826,213.12,133.2
SILVERADD,EQ,192.38,-13.01,1623.59,68.01,133.08
COCHINSHIP,EQ,1272,-5.18,33463.88,10.35,132.72
IRCTC,EQ,510,-2.46,40800,25.9,132.54
BANKINDIA,EQ,143.28,-4.79,65230.63,90.48,130.6
ACUTAAS,EQ,2269,-5.45,18576.56,5.58,129.16
MARICO,EQ,725,-2.59,94115.52,17.75,129.16
BANKBEES,EQ,534.8,-2.92,7237.94,23.67,126.73
MANKIND,EQ,1917,-4.15,79134.73,6.54,126.69
ICICIAMC,EQ,2713,-3.25,134092.34,4.67,125.33
PRAJIND,EQ,310.5,-1.48,5707.4,39.83,124.79
TATAELXSI,EQ,4121.6,-2.74,25660.65,2.99,124.01
LGEINDIA,EQ,1467,-5.94,99575.91,8.24,122.39
SAGILITY,EQ,36.35,-6.94,17016.63,330.08,121.73
SILVERBETA,EQ,188,-15.19,1153.63,61.39,121.52
APTUS,EQ,199.9,-4.28,10009.85,60.33,120.95
GODFRYPHLP,EQ,1842,-7.51,28731.84,6.43,120.88
JBMA,EQ,535,-5.69,12652.44,21.65,118.23
INOXWIND,EQ,76.29,-6.78,13184.73,152.38,117.73
HAPPSTMNDS,EQ,390.55,-4.94,5947.09,29.63,116.38
IREDA,EQ,110.41,-5.12,31016.72,104.06,116.17
OLAELEC,EQ,23.2,-5.92,10233.13,484.21,114.9
LENSKART,EQ,498,-5.36,86473.52,22.84,112.91
RPOWER,EQ,21,-7.16,8685.12,524.62,112.16
BLUESTARCO,EQ,1606,-6,33021.73,6.88,112.11
CAMS,EQ,624,-2.61,15468.23,18.05,111.9
AWL,EQ,175.2,-8.8,22770.37,62.67,111.64
BIOCON,EQ,367,-3.66,59487.32,30.18,111.31
INOXGREEN,EQ,134.4,-10.64,5396.05,79.86,111.19
NESTLEIND,EQ,1167.1,-2.22,225053.56,9.45,110.79
PRESTIGE,EQ,1175,-5.86,50610.8,9.22,109.78
HFCL,EQ,66.2,-6.97,10132.59,162.07,109.63
ZEEL,EQ,68.25,-6.22,6555.55,156.63,109.19
DMART,EQ,3643,-3.39,237062.06,2.96,108.96
CONCOR,EQ,425.1,-4.96,32376.38,25.39,108.13
PHOENIXLTD,EQ,1474.9,-4.42,52747.53,7.17,106.66
GOLDCASE,EQ,21.11,-8.34,1980.28,502.82,106.6
JUNIORBEES,EQ,662.8,-3.73,6779.59,15.97,106.29
PIDILITIND,EQ,1310.3,-2.31,133357.92,8,104.87
SILVERCASE,EQ,20.45,-12.12,1031.9,496.09,103.68
RADICO,EQ,2615,-1.71,35014.31,3.99,103.44
SETFNIF50,EQ,241.21,-2.67,193780.97,42.75,103.39
LAURUSLABS,EQ,961.5,-2.6,51907.21,10.68,103.16
HAVELLS,EQ,1230,-4,77152.59,8.36,103.01
VTL,EQ,527.95,-0.93,15272.63,19.1,102.45
UPL,EQ,600.2,-4.05,50667.04,16.9,102.44
SBICARD,EQ,655.1,-4.89,62338.97,15.35,101.39
GOLDETF,EQ,131.4,-7.72,2858.51,76.62,101
BUTTERFLY,EQ,608.5,-5.05,1087.97,15.07,100.91
APOLLO,EQ,187.25,-5.73,6690.3,53.4,100.91
MRF,EQ,125000,-1.99,53014.29,0.08,99.31
HSCL,EQ,434.75,-3.69,21934.95,22.77,99.19
SHAILY,EQ,2209.8,-7.89,10155.16,4.43,98.92
HUDCO,EQ,164.6,-4.57,32951.27,59.59,98.9
LICI,EQ,740,-4.73,468049.83,13.16,98.58
APLAPOLLO,EQ,1897,-3.86,52667.55,5.13,98.08
NYKAA,EQ,233.75,-2.85,66923.98,41.74,97.93
NBCC,EQ,79.1,-5.73,21357,121.98,97.89
MPHASIS,EQ,2066.9,-1.16,39440.5,4.71,97.39
KARURVYSYA,EQ,260.3,-1.36,25157.84,36.52,94.67
PNBHOUSING,EQ,745,-5.92,19407.89,12.52,94.16
BELRISE,EQ,183.3,-3.02,16311.49,50.65,92.64
J&KBANK,EQ,108.7,-8.52,11969.85,83.32,92.57
STLTECH,EQ,170.95,-9.34,8344.63,52.21,92.54
GMRAIRPORT,EQ,84.6,-6.58,89328.94,106.47,91.58
IEX,EQ,115.2,-4.42,10272.3,77.73,90.83
TATACOMM,EQ,1381,-2.53,39358.5,6.5,89.95
NHPC,EQ,75.08,-2.24,75418.12,118.84,89.88
WOCKPHARMA,EQ,1100,-6.48,17873.41,8.05,89.71
MEESHO,EQ,142.47,-1.47,64298.58,63.39,89.67
EMAMILTD,EQ,402,-0.19,17547.3,21.6,87.82
TARIL,EQ,268.5,-5.84,8059.45,31.67,87.15
GLENMARK,EQ,2080,-4.59,58697.77,4.09,86.42
PWL,EQ,87.09,-3.18,24905.06,98.37,84.79
SOUTHBANK,EQ,33.65,-6.55,8807.87,249.37,84.68
HBLENGINE,EQ,625.95,-5.09,17351.02,13.39,84.63
HDBFS,EQ,605,-4.71,50233.39,13.81,84.55
SHREECEM,EQ,22750,-3.34,82083.7,0.37,84.49
ASAHIINDIA,EQ,792,-2.28,20190.23,10.34,84.01
ASTRAL,EQ,1559.9,-4.41,41906.74,5.24,82.01
KFINTECH,EQ,873,-4.54,15061.35,9.1,80.72
NAM-INDIA,EQ,817,-2.61,52071.93,9.77,79.61
BAJAJHFL,EQ,78.24,-3.94,65192.19,100.89,79.53
UJJIVANSFB,EQ,50.75,-4.89,9859.28,155.41,79.28
AXISILVER,EQ,199.15,-12.81,1594.53,39.05,78.78
OBEROIRLTY,EQ,1402,-3.03,50977.03,5.57,78.47
SUPREMEIND,EQ,3688,-3.82,46847.51,2.11,78.31
NIFTYIETF,EQ,254.22,-2.48,36304.34,30.35,77.37
OFSS,EQ,6440,-2.13,56046.81,1.18,76.73
ANANTRAJ,EQ,441,-5.33,15870.57,17.18,76.54
ITBEES,EQ,32.1,-0.19,3363.81,238.18,76.43
DALBHARAT,EQ,1723.5,-6.38,32326.99,4.35,76.32
RBLBANK,EQ,289.6,-2.57,17900.51,26.25,76.24
TIINDIA,EQ,2505,-1.27,48483,3.08,76.11
JAINREC,EQ,436.4,-1.09,15059.54,17.55,75.95
PATANJALI,EQ,464,-2.23,50479.4,16.03,74.61
BOSCHLTD,EQ,29270,-3.69,86327.88,0.25,74.36
KTKBANK,EQ,213.9,-6.57,8089.3,33.68,73.26
SYRMA,EQ,749.5,-4.39,14452.64,9.79,73.21
JINDALSAW,EQ,178,-8.31,11383.25,40.16,72.85
MOTILALOFS,EQ,628.95,-5.08,37853.99,11.47,72.46
HYUNDAI,EQ,1863.9,-4.46,151449.54,3.72,70.23
ZENTEC,EQ,1348,-4.66,12171.14,5.05,68.98
IIFL,EQ,454,-4.02,19307.95,15.19,68.54
QPOWER,EQ,801.1,-4.01,6204.05,8.48,67.87
PIRAMALFIN,EQ,1802.4,-2.36,40856.39,3.77,67.75
CASTROLIND,EQ,178.1,-2.19,17615.25,37.59,67.56
NATCOPHARM,EQ,926.45,-3.41,16593.63,7.14,67.13
NAVINFLUOR,EQ,5870,-4.15,30073.17,1.12,66.8
TATATECH,EQ,518.75,-3.87,21060.18,12.58,66.3
CHOICEIN,EQ,583,-5.19,12987.87,11.09,64.66
TDPOWERSYS,EQ,820,-5.01,12809.62,7.81,64.34
COROMANDEL,EQ,1843,-3.56,54371.2,3.47,64.06
MID150BEES,EQ,202.7,-3.17,2768.18,31.47,63.68
TEGA,EQ,1600,-7.25,12020.43,3.96,62.9
MTARTECH,EQ,3371.1,-4.37,10369.37,1.86,62.89
MSUMI,EQ,35.8,-3.19,23741.35,173.64,62.58
COLPAL,EQ,1850.9,-2.38,50341.82,3.36,62.36
HCC,EQ,14.23,-7.84,3727.5,423.26,61.33
SWANCORP,EQ,310,-2.7,9717.16,19.5,60.74
BLS,EQ,225,-6.48,9264.17,26.74,60.22
SCI,EQ,219.2,-6.06,10210.31,27.1,60.22
ENRIN,EQ,2697,-3.37,96045.7,2.22,59.87
BLACKBUCK,EQ,585,-5,10627.83,10.28,59.73
IFCI,EQ,50.56,-6.35,13622.45,115.45,59.16
GRAPHITE,EQ,562.5,-7.35,10989.88,10.29,58.92
BLUEJET,EQ,339.75,-5.08,5893.49,16.55,58.74
TATACHEM,EQ,609.85,-3.7,15536.31,9.69,58.62
ZYDUSLIFE,EQ,860,-3.43,86536.12,6.62,57.86
PAGEIND,EQ,31175,-2.59,34772.2,0.18,57.72
ENGINERSIN,EQ,180.5,-5.81,10144.86,31.51,57.69
AGIIL,EQ,291,-6.64,3637.42,19.27,57.52
REDINGTON,EQ,206.75,-4.88,16163.19,27.6,57.22
ASTRAMICRO,EQ,889,-0.2,8440.61,6.36,57.22
ALKEM,EQ,5160,-1.85,61695.54,1.11,57.01
RELIGARE,EQ,202.8,-6.09,6751.02,27.35,56.92
KRN,EQ,844,-5.89,5246.02,6.55,56.56
ATLANTAELE,EQ,1091,-7.48,8389.42,5.11,56.49
PVRINOX,EQ,935,-5.17,9181.7,5.87,56.3
ICICIPRULI,EQ,530.05,-3.99,76816.77,10.5,56.25
DELHIVERY,EQ,410.15,-3,30704.16,13.77,56.13
EDELWEISS,EQ,102,-2.58,9654.08,54.37,55.51
ACC,EQ,1323.7,-4.18,24857.4,4.14,55.29
IRCON,EQ,115.43,-6.67,10856.37,47.21,55.27
PARAS,EQ,580.5,-7.45,4678.09,9.25,55.15
POONAWALLA,EQ,376,-4.47,30560.86,14.65,55.12
AEGISVOPAK,EQ,172.92,-3.15,19159.39,31.14,55.03
360ONE,EQ,982.2,-5.61,39869.07,5.5,54.69
UNOMINDA,EQ,1031.1,-3.36,59537.28,5.32,54.59
AZAD,EQ,1363.1,-7.23,8803.14,3.91,54.09
JKCEMENT,EQ,4890,-2.2,37784.17,1.11,54.08
CHOLAHLDNG,EQ,1370,-2.67,25725.51,4.03,53.9
GRAVITA,EQ,1307.6,-6.95,9651.19,4.07,53.73
JBCHEPHARM,EQ,2078.9,-2.79,33378.55,2.54,53.09
ELGIEQUIP,EQ,473.95,-1.27,15019.9,11.24,52.95
EXIDEIND,EQ,290.4,-4.05,24684,17.95,52.78
NLCINDIA,EQ,251.5,-5.58,34873.91,20.61,52.73
CROMPTON,EQ,232.5,-4.38,14971.02,22.44,52.5
AETHER,EQ,1080.05,-6.53,14329.5,4.66,52.48
TATACAP,EQ,311.2,-1.86,132100.32,16.8,52.47
STOVEKRAFT,EQ,486.3,-2.5,1610.01,10.2,51.43
ESCORTS,EQ,2880.6,-5.84,32227.51,1.73,50.12
GESHIP,EQ,1363,-4.67,19459.16,3.62,49.63
ABFRL,EQ,56.81,-5.29,6933.72,86.18,48.86
TI,EQ,415,-4.47,10205.21,11.73,48.82
STARHEALTH,EQ,445,-1.55,26183.75,10.97,48.7
LINDEINDIA,EQ,6750.5,-3.76,57571.11,0.72,48.37
NCC,EQ,131.6,-6.39,8262.46,35.81,48.2
PPLPHARMA,EQ,133,-3.87,17679,35.82,48.11
MODEFENCE,EQ,81.15,-4.75,1182.36,58.72,48.06
M&MFIN,EQ,292.2,-5.24,40614.96,16.19,47.99
BEML,EQ,1392,-8.09,11593.83,3.37,47.8
GPIL,EQ,251.75,-4.15,16896.65,18.82,47.76
TITAGARH,EQ,592.25,-5.44,7976.05,7.91,47.63
TTKPRESTIG,EQ,455,-2.44,6231.27,10.13,47.3
PCBL,EQ,230.55,-7.06,9071.28,20.1,47.07
KIOCL,EQ,323.15,-8.13,19639.48,14.02,46.76
TORNTPOWER,EQ,1363,-6.05,68682.05,3.37,46.69
DEEPINDS,EQ,391.9,-4.36,2508.16,12,46.48
PIIND,EQ,2755.7,-5.29,41808.96,1.64,45.98
AEGISLOG,EQ,592,-3.22,20779.2,7.75,45.8
SJVN,EQ,66.37,-5.29,26082.05,67.72,45.5
FINCABLES,EQ,808,-7.99,12357.5,5.51,45.43
NSLNISP,EQ,34.28,-6.59,10046.12,129.63,45.14
GOLDADD,EQ,130.5,-8.2,1939,34.45,44.88
JSWINFRA,EQ,240.55,-4.22,50515.54,18.4,44.68
JMFINANCIL,EQ,117.7,-4.43,11256.41,37.79,44.48
MGL,EQ,907,-6.21,8959.14,4.77,44.12
JKIL,EQ,480,-1.7,3631.94,9.47,44.11
HEG,EQ,476.5,-4.35,9195.38,9.18,43.98
PARADEEP,EQ,106.11,-4.21,11016.03,40.69,43.81
WABAG,EQ,1169,-5.49,7283.05,3.67,43.8
PSUBNKBEES,EQ,91.6,-4.02,3871.25,47.47,43.69
PCJEWELLER,EQ,7.85,-5.42,6208.97,546.04,43.3
JWL,EQ,253.25,-3.56,10823.16,17.12,43.26
SHAKTIPUMP,EQ,470,-5.33,5799.7,9.11,43.25
NUVAMA,EQ,1107.7,-3.47,20164.74,3.89,43.12
VIKRAMSOLR,EQ,188.32,-2.21,6823.4,22.74,43.08
BAJAJHLDNG,EQ,9128,-4.04,101588.72,0.46,42.79
ANANDRATHI,EQ,2903,-3.34,24100.89,1.45,42.53
MOIL,EQ,281,-3.64,5717.93,15,42.52
JUBLFOOD,EQ,437.8,-3.05,28888.02,9.6,42.4
BALRAMCHIN,EQ,467.1,-3.87,9433.1,8.92,42.22
ARE&M,EQ,725.5,-4.43,13278.49,5.69,42.01
NH,EQ,1625,-1.65,33208.63,2.59,41.94
AVANTIFEED,EQ,1112.5,-7.75,15157.33,3.7,41.93
KAJARIACER,EQ,890.85,-6.36,14188.77,4.65,41.83
DEEDEV,EQ,248,-7.27,1717.73,16.76,41.74
ASTERDM,EQ,623.2,-0.6,32289.3,6.72,41.36
JSL,EQ,695,-3.73,57297.16,5.92,41.25
RAIN,EQ,103.81,-4.68,3491.6,39.42,41.06
CPPLUS,EQ,1635,-4.9,19259.99,2.46,40.86
GOKEX,EQ,563,-3.16,4123.82,7.33,40.6
FIVESTAR,EQ,349.1,-0.44,10283.3,11.73,40.53
LTTS,EQ,3083,-4.52,32678.6,1.3,40.52
CENTRALBK,EQ,32.4,-5.18,29326.54,123.37,40.5
IRB,EQ,40.03,-3.57,24174.12,98.97,40.19
SUNDARMFIN,EQ,4505,-3.7,50052.29,0.87,39.69
LOTUSDEV,EQ,107.9,-5.83,5273.33,35.96,39.63
INDIAMART,EQ,1953.5,-2.05,11738.02,2,39.49
SILVERAG,EQ,198.07,-11.56,816.51,19.48,39.27
SILVER1,EQ,19.51,-12.55,1910.22,197.42,39.19
LEMONTREE,EQ,101.9,-3.56,8072.99,38.42,39.17
SBC,EQ,30.24,-4.33,1440,125.48,38.85
TATAINVEST,EQ,570,-5.41,28839.19,6.71,38.8
ABBOTINDIA,EQ,25450,-4.74,54079.47,0.15,38.51
NIFTYETF,EQ,243.28,-2.72,4703.11,15.72,38.36
TFCILTD,EQ,64.1,-2.06,2967.68,60.4,38.2
YATHARTH,EQ,619.5,-3.24,5969.15,6.14,38.19
GOLDBETA,EQ,113,-8.13,3798.18,33.4,38.14
JAYNECOIND,EQ,69,-7.06,6699.89,54.17,37.95
SANSERA,EQ,2049.9,-5.88,12755.35,1.83,37.8
SAILIFE,EQ,981,-1.9,20774.45,3.84,37.7
SWSOLAR,EQ,158.3,-7.78,3696.81,23.32,37.66
CREDITACC,EQ,1135,-1.89,18176.65,3.31,37.61
SIGNATURE,EQ,726.7,-4.84,10210.91,5.12,37.57
BSOFT,EQ,342.2,-4.43,9564.71,10.86,37.46
ONESOURCE,EQ,1370.2,-5.92,15705.4,2.69,37.44
CUB,EQ,238,-1.39,17684.52,16,37.4
EMMVEE,EQ,218.5,-4.41,15127.74,16.89,37.29
TRANSRAILL,EQ,485.5,-2.98,6518.13,7.53,36.59
BHARATCOAL,EQ,31.78,-6.25,14799.95,112.42,36.45
NEWGEN,EQ,416.05,-5.57,5921.13,8.55,36.35
ZAGGLE,EQ,196.5,-5.44,2642.11,18.06,35.83
STAR,EQ,899,-0.51,8286.33,3.92,35.47
WHIRLPOOL,EQ,772,-7.69,9794.51,4.5,35.46
SETFNIFBK,EQ,534,-2.27,3499.83,6.67,35.39
GRANULES,EQ,586.7,-0.72,14237.37,6.1,35.15
JKTYRE,EQ,393.4,-5.72,11341.31,8.77,34.9
NAZARA,EQ,219.8,-6.61,8142.82,15.76,34.87
RAMCOCEM,EQ,871,-5.86,20581.07,3.94,34.73
GUJGASLTD,EQ,335.2,-5.47,23074.84,10.26,34.63
CENTUM,EQ,2752,-7.89,4056.72,1.24,34.54
KIRIINDUS,EQ,363.75,-2.96,2183.32,9.37,34.11
CARTRADE,EQ,1693.3,-0.21,8101.24,2.02,34.08
WELCORP,EQ,771,-4.09,20338.26,4.41,34.02
RAILTEL,EQ,253,-6.81,8119.74,13.12,33.95
JSWCEMENT,EQ,113.24,-2.49,15438.74,29.88,33.89
JISLJALEQS,EQ,27.42,-9.12,1959.46,119.54,33.79
NEXT50IETF,EQ,65.5,-2.67,2064.66,51.86,33.7
KPIGREEN,EQ,358.3,-5.21,7070.73,9.3,33.67
CEATLTD,EQ,3385.9,-4.29,13696,0.99,33.55
ITI,EQ,254.85,-5.82,24488.2,12.9,33.17
AJANTPHARM,EQ,2800,-3.6,34981.97,1.17,33.06
AFFLE,EQ,1269.6,-1.25,17870.56,2.61,33.03
BANKIETF,EQ,52.5,-3.92,2678.5,62.42,33.02
CHAMBLFERT,EQ,413.5,-3.51,16566.9,7.93,32.97
LATENTVIEW,EQ,249.5,-6.68,5162.78,12.95,32.93
MANYAVAR,EQ,343.95,-3.15,8357.06,9.39,31.92
IXIGO,EQ,165.16,-4.83,7237.04,19.09,31.85
SANDUMA,EQ,171.55,-7.42,8339.13,18.18,31.85
THERMAX,EQ,3095,-4.1,36878.87,1.02,31.68
ANTELOPUS,EQ,515,-0.09,1810.86,5.99,31.35
TRITURBINE,EQ,435,-4.64,13828.3,7.12,31.07
LLOYDSENGG,EQ,38.38,-7.07,5365.84,79.31,30.74
SMALLCAP,EQ,37.6,-3.74,782.75,80.34,30.31
OSWALPUMPS,EQ,297,-5.56,3385.13,10.13,30.31
DCBBANK,EQ,164.04,-3.4,5279.03,18.42,30.14
KIRLOSENG,EQ,1280,-7.02,18604.76,2.28,29.9
PTCIL,EQ,16800,-3.55,25187.48,0.18,29.86
LTGILTBEES,EQ,29.16,-0.55,2555.2,100.97,29.45
HNGSNGBEES,EQ,451,-8.26,1063.76,6.39,29.38
HOMEFIRST,EQ,900,-3.85,9389.52,3.24,29.34
SYNGENE,EQ,397.35,-4.2,16010.8,7.28,29.31
DEVYANI,EQ,101.65,-2.42,12532.83,29.19,29.26
V2RETAIL,EQ,1828.9,-4.36,6668.86,1.59,29.11
MON100,EQ,219.24,-2.97,11052.65,13.15,28.98
CCL,EQ,1053,-3.18,14060.49,2.7,28.69
ABSLAMC,EQ,886.8,-6.12,25609.51,3.14,28.43
AAVAS,EQ,1071,-2.47,8481.45,2.63,28.15
TIMETECHNO,EQ,155.5,-4.14,7676.03,17.96,28.12
JAIBALAJI,EQ,57.7,-10.79,5263.72,47.29,28.08
FACT,EQ,760.15,-3.95,49187.18,3.68,27.99
IPCALAB,EQ,1520,-1.61,38563.04,1.78,27.16
ECLERX,EQ,1404,-4.42,13204.72,1.9,27.06
SKYGOLD,EQ,324.75,-6.32,5029.53,8.26,27.05
KPIL,EQ,1018.8,-4.87,17398.31,2.64,26.98
TECHNOE,EQ,1011.2,-7.2,11760.21,2.61,26.84
IGL,EQ,147.72,-5.69,20680.82,17.91,26.84
NEULANDLAB,EQ,11500,-4.13,14754.37,0.23,26.78
KEC,EQ,517.3,-5.27,13770.53,5.06,26.5
VOLTAMP,EQ,8221.5,-4.45,8317.79,0.32,26.46
MMTC,EQ,55.5,-7.56,8325,47.07,26.44
OPTIEMUS,EQ,325.4,-2.63,2885.93,8.21,26.42
CGCL,EQ,161,-5.34,15490.68,16.37,26.3
DEEPAKNTR,EQ,1313,-5.56,17908.41,1.96,26.19
AARTIIND,EQ,403.35,-5.62,14625.24,6.41,26.13
BALUFORGE,EQ,410,-6.34,4714.67,6.24,25.98
EMBASSY,RR,416,-0.16,39432.38,6.26,25.93
KSCL,EQ,777.05,-4.54,3997.07,3.28,25.84
PAISALO,EQ,33.66,-4.02,3061.45,77,25.8
SAMHI,EQ,133.91,-7.21,2962.17,18.91,25.74
DEEPAKFERT,EQ,875.25,-3.67,11048.97,2.91,25.69
SCHAEFFLER,EQ,3937,-5.96,61536.75,0.63,25.49
AIAENG,EQ,3314.7,-2.78,30932.9,0.77,25.45
PRIVISCL,EQ,2886,-1.41,11273.5,0.89,25.43
AIIL,EQ,480,-2.48,40762.82,5.27,25.42
PARAGMILK,EQ,190.4,-4.28,2382.09,13.19,25.35
RAMASTEEL,EQ,4.62,-14.6,755.6,538.18,25.29
SHRIPISTON,EQ,2935.3,-6.07,12929.94,0.84,25.28
UCOBANK,EQ,23.42,-5.79,29367.65,106.22,25.21
SARDAEN,EQ,486.7,-4.33,17150.4,5.14,24.99
JYOTICNC,EQ,723,-2.29,16442.69,3.49,24.99
POCL,EQ,1015,-3.28,3096.89,2.47,24.98
KRBL,EQ,284.2,-1.1,6505.05,8.65,24.89
ACMESOLAR,EQ,239,-2.99,14482.73,10.35,24.8
CYIENT,EQ,790.95,-4.17,8789.35,3.09,24.69
WAAREERTL,EQ,810,-4.73,8452.01,3.04,24.69
GRWRHITECH,EQ,3400,-6.87,7899.01,0.71,24.61
GABRIEL,EQ,828.15,-4.03,11895.87,2.93,24.46
CRISIL,EQ,3990,-0.26,29178.88,0.61,24.34
KIMS,EQ,626,-2.96,25048.7,3.88,24.33
APEX,EQ,354,-5.91,1106.25,6.81,24.3
RKFORGE,EQ,470,-5.92,8508.44,5.14,24.27
RAINBOW,EQ,1103,-1.01,11201.97,2.2,24.26
63MOONS,EQ,481.1,-9.47,2216.84,4.86,24.15
CPSEETF,EQ,99.55,-2.17,21044.39,24.08,24.07
MANINDS,EQ,342,-7.92,2565.33,7.01,24.06
WAKEFIT,EQ,154.16,-4.99,5038.39,15.42,23.91
JAMNAAUTO,EQ,112.18,-6.27,4483.96,21.07,23.91
APOLLOTYRE,EQ,398.5,-5.31,25308.77,5.9,23.79
IKS,EQ,1318.4,-1.08,22620.21,1.82,23.63
CSBBANK,EQ,344,-4.79,5967.91,6.82,23.56
GROWWSLVR,EQ,19.8,-11.92,284.12,116.22,23.43
CMSINFO,EQ,271.4,-4.42,4468.26,8.44,23.31
USHAMART,EQ,385,-3.95,11732.56,5.98,23.3
SBFC,EQ,84.25,-2.9,9321.54,27.61,23.21
AEROFLEX,EQ,222.99,-4.6,2883.71,10.28,23.08
ABLBL,EQ,91.5,-1.86,11167.66,24.99,22.97
KWIL,EQ,23.26,-1.15,5465.15,99.04,22.69
SHYAMMETL,EQ,777,-2.3,21688.54,2.92,22.68
THOMASCOOK,EQ,93.5,-9.52,4398.06,23.41,22.61
RCF,EQ,109.9,-5.75,6063.05,20.32,22.61
CESC,EQ,149.2,-2.32,19777.51,15.13,22.6
754GS2036,GS,105.4,-1.28,157046,21.18,22.4
PROTEAN,EQ,492.5,-5.69,2000.37,4.46,22.34
CEMPRO,EQ,510,-5.49,8761.17,4.36,22.3
INTELLECT,EQ,638,-1.93,8904.1,3.46,22.2
YATRA,EQ,102.15,-4.71,1602.9,21.68,22.18
POLYMED,EQ,1206.1,-2.8,12224.97,1.83,22.15
WELSPUNLIV,EQ,110,-3.99,10550.68,20.13,22.09
MOSCHIP,EQ,156.5,-5.56,3029.24,13.81,21.94
LUMAXTECH,EQ,1486,-5.23,10128.23,1.47,21.94
ASHAPURMIN,EQ,472.4,-6.06,4512.65,4.55,21.93
BALKRISIND,EQ,2040,-3.09,39436.71,1.07,21.88
CYIENTDLM,EQ,280,-7.83,2222.2,7.66,21.83
CRAFTSMAN,EQ,6541,-5.37,15603.94,0.33,21.73
BHAGCHEM,EQ,176,-2.46,2282.18,11.56,21.72
METALIETF,EQ,10.88,-5.14,919.41,197.02,21.59
BAJAJCON,EQ,351,-4.18,4584.7,6.1,21.5
POWERMECH,EQ,1845,-7.47,5833.21,1.14,21.48
MIDCAPETF,EQ,19.84,-3.78,1383.48,107.45,21.45
IOB,EQ,31.98,-5.16,61582.57,64.78,20.97
NAVA,EQ,544.3,-1.66,15403.76,3.86,20.96
PREMEXPLN,EQ,395.3,-9.75,2125.18,5.15,20.95
JSWHL,EQ,13800,-8.86,15317.48,0.15,20.88
SHRINGARMS,EQ,175,-7.97,1687.56,11.88,20.86
TEXRAIL,EQ,84.4,-5.84,3433.94,24.12,20.74
WHEELS,EQ,973,-5.28,2377.33,2.06,20.73
GOODLUCK,EQ,919.9,-9.56,3057.61,2.18,20.68
GSPL,EQ,234.85,-7.81,13250.5,8.64,20.66
MEDANTA,EQ,969,-3.65,26045.79,2.11,20.62
BORORENEW,EQ,399.9,-4.99,5606.15,5.09,20.55
RMDRIP,EQ,40.71,-4.99,1016.94,49.13,20.53
ZFCVINDIA,EQ,13061,-5.36,24773.56,0.16,20.48
RGL,EQ,86,-8.01,923,23.23,20.45
COHANCE,EQ,297,-0.75,11362.24,6.83,20.43
SMLMAH,EQ,3847.8,-5,5568.4,0.53,20.38
DBREALTY,EQ,91.02,-7.19,4936.99,22,20.3
SIYSIL,EQ,466.1,-1.95,2114.7,4.36,20.13
ENDURANCE,EQ,2199,-3.57,30931.76,0.91,20.13
OMNI,EQ,222,-9.01,2745.39,8.86,20.13
MINDSPACE,RR,446.75,-2.25,28964.72,4.45,20.03
FINOPB,EQ,140,-7.17,1165.06,14.16,19.97
ABDL,EQ,384,-5.99,10740.87,5.1,19.93
RAYMOND,EQ,347.65,-6.78,2314.44,5.63,19.82
ALPHA,EQ,43,-3.91,679.09,45.85,19.8
AVANTEL,EQ,118.18,-7.22,3140.17,16.36,19.79
DIACABS,EQ,117.98,-7.21,6217.2,16.5,19.78
ACE,EQ,789,-4.84,9395.66,2.48,19.78
ABREL,EQ,1125,-3.47,12565.76,1.78,19.78
RENUKA,EQ,24.12,-3.02,5133.92,81.75,19.77
KRT,RR,108.99,-6.93,48330.52,17.78,19.75
KMEW,EQ,1449,-6.23,3541.95,1.36,19.68
SONATSOFTW,EQ,225.75,-4.65,6330.59,8.65,19.63
GROWWGOLD,EQ,13.11,-8.51,394.3,148.15,19.51
TRUALT,EQ,386,-5.68,3310.05,5.05,19.46
HDFCNIFTY,EQ,252.95,-2.42,4459.88,7.66,19.39
GREAVESCOT,EQ,127,-5.74,2957.78,15.08,19.36
DOMS,EQ,2214.1,-2.84,13437,0.88,19.34
FSL,EQ,205.25,-5.4,14305.74,9.17,19.24
BATAINDIA,EQ,622.7,-6.12,8003.41,3.04,19.18
HINDOILEXP,EQ,121.4,-5.47,1605.43,15.45,19.13
MIDHANI,EQ,292.75,-7.15,5484.38,6.4,19.04
NETWORK18,EQ,29.4,-4.89,4533.48,64.44,19.02
VIYASH,EQ,180.7,-4.1,7893.89,10.4,18.96
EQUITASBNK,EQ,54.51,-4.39,6219.83,34.91,18.96
ATUL,EQ,6050,-3.12,17812.26,0.31,18.91
LTFOODS,EQ,363.6,-3.92,12626.12,5.15,18.88
INDIGRID,IV,163.9,-0.8,15612.54,11.48,18.88
ANURAS,EQ,1242.6,-0.79,14146.79,1.53,18.82
STYLAMIND,EQ,2201,-0.21,3730.27,0.85,18.76
ELECTCAST,EQ,70.3,-6.05,4345.84,26.06,18.67
VIPIND,EQ,318.7,-5.33,4527.18,5.7,18.56
ASIANTILES,EQ,56.64,-6.29,1313.55,32.06,18.56
PATELENG,EQ,23.58,-5.38,2339.47,77.2,18.48
ADVAIT,EQ,1550,-5.75,1695.2,1.12,18.39
AXISCADES,EQ,1364.1,-4.34,5799.8,1.34,18.39
CLEAN,EQ,677,-3.09,7194.92,2.69,18.33
THANGAMAYL,EQ,3159,-5.1,9818.81,0.57,18.32
GILLETTE,EQ,7751,-3.13,25256.8,0.23,18.3
MANORAMA,EQ,1224,-3.77,7308.32,1.5,18.22
BAJAJHIND,EQ,15.3,-5.32,1954.36,115.9,18.09
INDGN,EQ,418.8,-4.96,10085.04,4.22,18.08
GPPL,EQ,144.2,-4.93,6971.2,12.35,18.05
CLEANMAX,EQ,839,-5.72,9822.94,2.16,17.97
CELLO,EQ,397.6,-6.1,8782.39,4.47,17.95
NIFTY1,EQ,248.1,-2.79,3034.32,7.16,17.84
PGINVIT,IV,90,-0.89,8189.99,19.77,17.8
FRACTAL,EQ,808.95,-1.72,13911.12,2.24,17.79
GARUDA,EQ,151.5,-5.22,1409.58,11.77,17.75
BHARTIHEXA,EQ,1550.6,-2.11,77530,1.13,17.75
RRKABEL,EQ,1329.5,-4.45,15036.79,1.32,17.6
EPACK,EQ,221,-5.84,2126.65,7.81,17.59
GENUSPOWER,EQ,228.4,-4.48,6948.33,7.69,17.58
EMCURE,EQ,1470,-0.55,27869.66,1.2,17.57
GNFC,EQ,382.9,-5.93,5626.36,4.51,17.54
TRAVELFOOD,EQ,1111,-0.65,14629.59,1.6,17.5
CHEMPLASTS,EQ,257,-8.32,4063.42,6.54,17.39
EIEL,EQ,141.85,-4.06,2489.89,12.26,17.37
RITES,EQ,183.8,-4.05,8833.5,9.37,17.37
AFCONS,EQ,270.35,-3.01,9943.06,6.41,17.32
PHARMABEES,EQ,22.83,-1.59,1064.12,75.47,17.2
SGBFEB32IV,GB,13717.5,-9.96,17540.32,0.12,17.18
KNRCON,EQ,114.25,-3.19,3213.11,15.12,17.16
TANLA,EQ,398.6,-5.78,5286.13,4.21,17.11
BSLGOLDETF,EQ,119.42,-7.13,2612.23,14.36,17.04
AARTIPHARM,EQ,618,-4.13,5602.65,2.72,16.94
EIDPARRY,EQ,762,-3.43,13553.9,2.21,16.92
BIKAJI,EQ,610.5,-3.05,15307.46,2.76,16.82
PRECWIRE,EQ,292.8,-3.16,5352.62,5.64,16.65
GOKULAGRO,EQ,176.1,-3,5196.48,9.29,16.5
CAPACITE,EQ,209.99,-6.2,1776.6,7.74,16.48
RAYMONDLSL,EQ,777,-10.61,4733.77,2.05,16.47
SENCO,EQ,281.5,-4.88,4611.16,5.75,16.43
GENESYS,EQ,244.8,-9.23,1023.03,6.43,16.32
TRIVENI,EQ,350.05,-2.71,7662.52,4.73,16.3
BLISSGVS,EQ,194.01,-7.72,2052.41,8.16,16.27
RATEGAIN,EQ,476,-1.16,5622.71,3.47,16.23
GSFC,EQ,147,-4.51,5857.62,10.93,16.21
RIIL,EQ,653,-8.67,986.03,2.38,16.14
HUBTOWN,EQ,186.5,-5.94,2650.18,8.53,16.06
PTC,EQ,159.1,-3.68,4709.49,10.04,16.04
STARCEMENT,EQ,212.06,-2,8745.97,7.45,15.98
PNGJL,EQ,550,-3.54,7463.96,2.88,15.95
CAPLIPOINT,EQ,1563.5,-2.53,11884.43,1.02,15.94
ELECON,EQ,379.1,-2.76,8507,4.17,15.78
SJS,EQ,1524,-3.78,4873.18,1.04,15.74
RTNPOWER,EQ,7.93,-4.57,4258.49,196.15,15.69
ASHOKA,EQ,106,-6.8,2975.67,14.43,15.63
TENNIND,EQ,535.05,-2.1,21594.85,2.93,15.58
MAPMYINDIA,EQ,863,-5.76,4725.88,1.78,15.55
SGBDE31III,GB,13505.06,-9.55,16350.32,0.11,15.53
RELINFRA,BE,73.59,-5,3007.12,20.79,15.5
BANCOINDIA,EQ,519,-6.27,7423.64,2.93,15.45
JINDRILL,EQ,456,-4.05,1321.54,3.34,15.37
SEPC,EQ,4.65,-9.88,878.88,322.61,15.32
TIMKEN,EQ,3100,-2,23317.81,0.5,15.31
LLOYDSENT,EQ,41.9,-7.71,6253.25,35.85,15.28
KERNEX,EQ,904.5,-5.98,1519.78,1.66,15.24
JUBLINGREA,EQ,568,-2.62,9047.17,2.69,15.17
VIKRAN,EQ,57,-6.42,1470.09,26.02,15.11
DYNAMATECH,EQ,9496,-2.11,6449.15,0.16,15.04
SHREEJISPG,EQ,340,-4.97,5539.22,4.29,14.99
AEQUS,EQ,120,-2.49,8047.99,12.41,14.98
ICICIB22,EQ,113.31,-3.1,9740.99,13.14,14.97
BBOX,EQ,478.85,-5.06,8163.56,3.09,14.86
BLUESTONE,EQ,512.2,-5.81,7775.44,2.84,14.86
AURIONPRO,EQ,770,-5.58,4251.44,1.89,14.81
MARKSANS,EQ,159.5,-6.2,7227.96,9.14,14.73
ZENSARTECH,EQ,546.5,-3.26,12429.07,2.69,14.71
IDEAFORGE,EQ,396.8,-5.06,1717.16,3.63,14.62
MOBIKWIK,EQ,172.98,-4.86,1361.88,8.38,14.61
MBAPL,EQ,443.8,-2.04,3888.88,3.31,14.59
BERGEPAINT,EQ,406,-2.57,47339.71,3.57,14.52
GMRP&UI,EQ,100.27,-4.07,7831.26,14.27,14.38
ECOSMOBLTY,EQ,107.5,-3.9,645,13.47,14.38
KSHINTL,EQ,432.9,-0.3,2933.14,3.31,14.21
RSL,EQ,105.62,-7.46,882.64,12.76,14.19
JYOTISTRUC,EQ,9.75,-6.79,1163.82,143.47,14.13
BUILDPRO,EQ,925,-2.18,2243.06,1.55,14.1
CRIZAC,EQ,187,-7.64,3272.17,7.45,14.1
SAPPHIRE,EQ,154.97,-3.22,4980.47,9.11,14.08
KRISHNADEF,EQ,840,-6.5,1254.3,1.66,14.07
TVSHLTD,EQ,13650,-1.42,27616.82,0.1,14.05
LUXIND,EQ,930,-1.18,2796.67,1.49,13.99
UBL,EQ,1551.7,-1.1,41027.75,0.9,13.93
JUBLPHARMA,EQ,811,-2.45,12917.7,1.71,13.92
IGIL,EQ,316.95,-6.35,13697.3,4.3,13.89
INTERARCH,EQ,1676,-3.81,2810.96,0.82,13.82
AVALON,EQ,884.1,-7.12,5902.8,1.53,13.78
NORTHARC,EQ,219,-6.51,3538.42,6.17,13.77
CONFIPET,EQ,33.8,-6.84,1122.97,37.83,13.75
SETFNN50,EQ,654,-4.14,2606.36,2.08,13.73
SHANTIGOLD,EQ,176,-4.67,1268.89,7.81,13.73
PICCADIL,EQ,525,-2.86,5171.13,2.58,13.66
HONAUT,EQ,27200,-3.99,24048.94,0.05,13.6
MASTEK,EQ,1383,-4.59,4286.93,0.97,13.59
SOBHA,EQ,1200.9,-5.23,12841.56,1.11,13.38
RBA,EQ,59.2,-3.16,3450.28,22.34,13.37
TTML,EQ,33.6,-7.11,6568.56,38.95,13.37
EUREKAFORB,EQ,439,-5.08,8490.42,3.03,13.26
PRICOLLTD,EQ,512.45,-3.95,6245.82,2.56,13.22
AMAGI,EQ,332,-4.9,7182.45,3.95,13.2
VADILALIND,EQ,4225,-6.77,3036.86,0.3,13.16
BAJAJELEC,EQ,345.25,-2.38,3983.86,3.76,13.16
ASTRAZEN,EQ,8140,-2.18,20350,0.16,13.11
PENIND,EQ,134.3,-6,1812.33,9.67,13.08
FIEMIND,EQ,1944,-4.09,5116.54,0.66,12.97
BRIGADE,EQ,632.8,-1.72,15477.87,2.06,12.95
ARSSBL,EQ,440.3,-4.37,2761.79,2.9,12.92
SKIPPER,EQ,330.1,-5.73,3726.96,3.85,12.91
VAIBHAVGBL,EQ,193.89,-5.29,3238.92,6.52,12.84
JAICORPLTD,EQ,94.3,-7.66,1655.01,13.06,12.72
BBTC,EQ,1401.1,-6.88,9775.74,0.89,12.72
SHARDACROP,EQ,912,-6.81,8228.11,1.37,12.71
TMB,EQ,573,-4.34,9073.54,2.2,12.71
RICOAUTO,EQ,102.55,-6.07,1387.35,12.18,12.69
RAYMONDREL,EQ,376,-9.72,2503.17,3.28,12.68
AADHARHFC,EQ,440,-2.19,19122.07,2.86,12.65
SALASAR,EQ,6.12,-11.82,1069.75,200.17,12.65
3MINDIA,EQ,31120,-3.56,35056.9,0.04,12.63
BAJEL,EQ,156.11,-4.23,1805.98,8.07,12.55
BIRET,RR,320.94,-1.93,24050.78,3.92,12.54
FMCGIETF,EQ,49,-2.57,705.18,25.37,12.48
UGROCAP,EQ,87.56,-7.15,1271.73,13.96,12.48
PGHH,EQ,9480,-2.34,30772.78,0.13,12.48
BOMDYEING,EQ,96,-6.94,1982.74,12.74,12.46
CCAVENUE,EQ,13.45,-5.28,4689.18,91.6,12.41
NEXT50,EQ,630.67,-3.89,1063.08,1.96,12.41
INOXINDIA,EQ,1151.1,-2.51,10447.79,1.06,12.41
DBL,EQ,391,-4.96,6351.59,3.11,12.35
SYMPHONY,EQ,725,-6.02,4978.68,1.66,12.3
EBGNG,EQ,373.5,-1.8,4258.33,3.31,12.28
CHALET,EQ,714,-1.31,15635.47,1.73,12.28
PINELABS,EQ,159.05,-3.3,18263.34,7.56,12.26
NFL,EQ,67.39,-2.88,3306.01,18.28,12.25
ORIANA,SM,1670,-4.43,3393.3,0.73,12.24
KITEX,EQ,149.69,-6.09,2986.32,8.03,12.18
DCAL,EQ,142.99,-9.53,2241.84,8.2,12.1
SUMICHEM,EQ,375,-3.1,18717.97,3.21,12.09
GOLDIAM,EQ,280.5,-5.27,3167.35,4.25,12.08
WEWORK,EQ,445,-5.32,6024.32,2.71,12.03
INDIAGLYCO,EQ,817,-5.96,5476.09,1.43,11.99
DELTACORP,EQ,50.49,-6.31,1351.98,23.45,11.98
UNIVCABLES,EQ,634.3,-6.16,2200.73,1.91,11.95
HGINFRA,EQ,463.8,-5.33,3022.64,2.56,11.94
EBBETF0430,EQ,1556,-0.38,24868.88,0.77,11.92
FEDFINA,EQ,126.73,-5.55,4742.31,9.44,11.9
SCHNEIDER,BE,862.35,-3.11,20619.14,1.39,11.89
JSLL,EQ,585.4,-4.24,7276.56,2.02,11.87
MOREPENLAB,EQ,35.3,-4.57,1934.28,33.3,11.84
PNCINFRA,EQ,173.45,-6.85,4449.67,6.65,11.78
CARBORUNIV,EQ,753,-0.52,14341.98,1.57,11.77
REFEX,EQ,188.06,-6.22,2580.17,6.11,11.76
GLAXO,EQ,2280,-4.39,38624.58,0.51,11.75
IIFLCAPS,EQ,254.5,-5.67,7925.48,4.55,11.75
CEIGALL,EQ,265,-2.03,4616.43,4.42,11.72
NESCO,EQ,1014,-3.92,7144.64,1.15,11.72
MOMENTUM50,EQ,45.51,-3.91,271.86,25.61,11.72
JYOTHYLAB,EQ,200,-4.1,7344.29,5.8,11.71
FINPIPE,EQ,166.3,-4.77,10318.53,6.91,11.68
IONEXCHANG,EQ,321.15,-5,4710.2,3.65,11.67
INDRAMEDCO,EQ,368,-7.13,3373.57,3.12,11.67
DREDGECORP,EQ,825,-6.05,2310,1.4,11.65
MOM30IETF,EQ,27.79,-3.71,473.47,41.52,11.56
BAYERCROP,EQ,4472.8,-5.19,22411.97,0.26,11.54
GULFOILLUB,EQ,870,-5.36,4297.81,1.29,11.52
JTLIND,EQ,49.5,-5.01,1945.75,22.95,11.5
TARC,EQ,113.1,-8.12,3337.54,9.87,11.45
SGBAUG28V,GB,13100,-8.99,8318.21,0.09,11.32
IMFA,EQ,1175.2,-4.87,6340.69,0.94,11.23
ZYDUSWELL,EQ,415.8,-2.08,13229.12,2.73,11.2
ATALREAL,EQ,22.48,-3.77,278.52,49.8,11.16
GMBREW,EQ,989,-1.69,2259.56,1.12,11.13
VENUSPIPES,EQ,918,-3.32,1901.74,1.21,11.11
ROUTE,EQ,444.9,-4.94,2803.01,2.47,11.09
TOP10ADD,EQ,85.1,-1.04,695.59,13.2,11.07
LICMFGOLD,EQ,123.1,-6.39,1282.67,9.04,11.04
JSFB,EQ,342.95,-1.8,3611.1,3.26,10.98
SHAREINDIA,EQ,117.2,-6.27,2549.01,9.09,10.97
MANGLMCEM,EQ,815,-2.25,2241.03,1.33,10.91
MOMENTUM30,EQ,27.06,-5.22,6.12,39.74,10.86
EFCIL,EQ,182.25,-6.94,2501.99,5.87,10.85
SENORES,EQ,709,-5.67,3265.2,1.5,10.83
LMW,EQ,12501,-8.77,13354.82,0.08,10.82
CONCORDBIO,EQ,1030,-5.7,10775.47,1.03,10.81
DCMSHRIRAM,EQ,1025,-1.54,15984.09,1.05,10.76
SHILCTECH,EQ,3776,-5.06,4319.82,0.28,10.71
HEMIPROP,EQ,127,-7.43,3619.5,8.17,10.64
WALCHANNAG,EQ,139.56,-5.79,946.8,7.44,10.61
GMMPFAUDLR,EQ,822.25,-4.04,3696.61,1.28,10.58
INFOBEAN,EQ,131,-6.25,1278.64,8.01,10.55
GLAND,EQ,1612.9,-0.87,26573.56,0.65,10.53
ANTHEM,EQ,625.2,-3.05,35118.35,1.67,10.52
JKPAPER,EQ,314,-6.8,5319.23,3.27,10.44
SMSPHARMA,EQ,373,-3.13,3493.22,2.78,10.42
BIRLACORPN,EQ,806.6,-1.04,6211.25,1.3,10.39
SGBSEP31II,GB,13433,-9.43,15681.63,0.08,10.38
JUSTDIAL,EQ,500.1,-3.9,4253.08,2.05,10.35
EASEMYTRIP,EQ,6.5,-5.11,2363.95,157.66,10.34
ALPL30IETF,EQ,24.92,-2.62,1406.77,41.26,10.31
KALAMANDIR,EQ,95,-5.61,1456.98,10.68,10.31
AHLUCONT,EQ,670,-7.58,4488.17,1.49,10.25
GODREJAGRO,EQ,549.9,-6.56,10576.17,1.82,10.23
VSTIND,EQ,211.35,-1.18,3590.01,4.75,10.19
GHCL,EQ,420.05,-3.09,3861.69,2.4,10.17
PARKHOSPS,EQ,187,-6.11,8077.11,5.35,10.16
MSCIINDIA,EQ,27,-8.29,1418.56,37.43,10.14
AWFIS,EQ,249.6,-5.31,1785.65,4.03,10.13
PVTBANIETF,EQ,25.32,-0.71,2629.65,40.78,10.13
SUPRIYA,EQ,550,-5.85,4426.55,1.8,10.1
AGI,EQ,474,-5.03,3066.66,2.11,10.05
GICRE,EQ,358,-3.8,62807.52,2.77,9.96
BBL,EQ,2249,-2.66,2542.07,0.45,9.93
JPOLYINVST,EQ,1100,-5.64,1156.31,0.91,9.91
RSYSTEMS,EQ,251.75,-4.69,2982.79,3.91,9.9
VARROC,EQ,475.9,-4.48,7271.1,2.06,9.88
TBOTEK,EQ,1018,-4.69,11054.24,0.96,9.86
ALIVUS,EQ,934.2,-1.64,11466.03,1.06,9.84
BASF,EQ,3150,-4.9,13634.98,0.31,9.84
KIRLPNU,EQ,1040,-1.02,6755.02,0.94,9.8
WELENT,EQ,435,-5.92,6021,2.23,9.78
AVL,EQ,457,-0.16,5901.61,2.15,9.78
GODAVARIB,EQ,304,-4.07,1555.75,3.16,9.74
BLUEDART,EQ,4900,-3.95,11626.69,0.2,9.69
SEDEMAC,EQ,1470,-2.08,6491.74,0.66,9.68
LUMAXIND,EQ,4810,-4.86,4496.26,0.2,9.68
GRINDWELL,EQ,1367.8,-2.45,15144.28,0.71,9.66
INDIGOPNTS,EQ,721,-3.06,3437.42,1.34,9.66
LXCHEM,EQ,113,-5.96,3131.77,8.37,9.58
RHIM,EQ,340,-8.19,7021.05,2.74,9.57
MSTCLTD,EQ,382.25,-8.04,2691.04,2.4,9.55
FINEORG,EQ,3985,-6.37,12218,0.23,9.51
JARO,EQ,456.5,-6.1,1012.35,2.08,9.46
E2E,BE,2163,-4.39,4446.04,0.43,9.4
HCG,EQ,520.7,-4.33,7342.27,1.78,9.39
NPST,EQ,1062,-3.97,2214.34,0.87,9.34
TATVA,EQ,1123,-0.49,2626.93,0.83,9.32
AYE,EQ,104.99,-2.38,2590.99,9.3,9.31
STLNETWORK,EQ,18.05,-3.22,880.82,51.36,9.31
VIMTALABS,EQ,398.8,-6.65,1781.41,2.29,9.28
ARMANFIN,EQ,1460,-3.41,1534.89,0.63,9.24
ARVIND,EQ,346,-3.69,9069.17,2.66,9.21
WESTLIFE,EQ,415,-5.15,6459.22,2.24,9.2
CEINSYS,EQ,891,-5.08,1589.65,1.03,9.16
ALOKINDS,EQ,12.12,-5.61,6017.87,73.99,9.15
BALAMINES,EQ,1008,-5.54,3266.02,0.9,9.13
EIHOTEL,EQ,290.8,-6.04,18185.59,3.05,9.06
APLLTD,EQ,650,-4.03,12776.6,1.39,9
SUDARSCHEM,EQ,767.05,-5.6,6029.93,1.15,8.95
SAMBHV,EQ,90.85,-3.84,2677.09,9.84,8.95
NEXT50BETA,EQ,65.9,-4.33,2034.77,13.51,8.93
ARIS,EQ,101.71,-1.99,831.59,8.94,8.92
SULA,EQ,142.54,-6.6,1203.71,6.09,8.91
HIKAL,EQ,155.72,-7.57,1920.04,5.59,8.88
SPMLINFRA,EQ,154,-8.39,1162.04,5.6,8.81
METAL,EQ,10.89,-4.97,402.77,80.19,8.8
NIFTYBETA,EQ,253.99,-0.5,65208.19,3.54,8.8
MIDCAPIETF,EQ,20.55,-1.86,609.17,43.37,8.77
BAJAJHCARE,EQ,302.4,-3.37,955.08,2.89,8.77
VIDYAWIRES,EQ,51,-5.89,1084.73,16.76,8.67
PSPPROJECT,EQ,605.25,-7.06,2399.32,1.41,8.66
HERITGFOOD,EQ,301.25,-2.65,2795.48,2.87,8.65
HDFCNEXT50,EQ,64,-1.77,139.03,13.71,8.62
CARERATING,EQ,1435,-6.68,4311.75,0.6,8.58
VINATIORGA,EQ,1355.3,-2.23,14049.8,0.63,8.57
SANOFI,EQ,3231,-4.58,7441.19,0.26,8.49
PGIL,EQ,1389.9,-6.69,6413.2,0.6,8.45
HAPPYFORGE,EQ,1215,-3.98,11460.84,0.7,8.44
AVADHSUGAR,EQ,432.4,-5.2,865.6,1.9,8.43
MAHSEAMLES,EQ,537,-4.91,7195.76,1.55,8.41
UTIAMC,EQ,912,-2.88,11721.03,0.92,8.38
ETHOSLTD,EQ,2165,-3.22,5793.04,0.39,8.38
EMBDL,BE,45.41,-4.98,6314.87,18.32,8.37
JINDALPHOT,EQ,1080,-5.38,1107.9,0.79,8.36
EXCELSOFT,EQ,72,-5.93,828.61,11.5,8.35
IOLCP,EQ,71.74,-3.52,2105.77,11.53,8.33
REPCOHOME,EQ,340.15,-3.13,2128.02,2.44,8.32
BANKNIFTY1,EQ,53.55,-2.85,5389.51,15.4,8.25
MAFANG,EQ,158.11,-0.63,3910.12,5.19,8.2
EMSLIMITED,EQ,278.3,-6.3,1545.42,2.89,8.16
MANINFRA,EQ,85.1,-6.58,3435.2,9.43,8.14
RUBICON,EQ,763.25,-2.52,12574.57,1.06,8.08
648GS2035,GS,100.5,-0.64,192960,8.02,8.06
HITECH,EQ,73,-3.36,1482.69,11.05,8.05
POLYPLEX,EQ,808.1,-5.21,2536.82,0.99,8.04
RHETAN,EQ,24.12,-3.56,1922.06,32.92,8.04
UTKARSHBNK,EQ,11.3,-4.88,2010.86,69.8,8.01
NIACL,EQ,124.1,-6.35,20451.68,6.35,7.97
PACEDIGITK,EQ,156.3,-4.9,3373.76,5.07,7.96
MAHLOG,EQ,347,-5.11,3443.02,2.25,7.92
THELEELA,EQ,397.05,-0.56,13259.8,2.02,7.9
SHILPAMED,EQ,311.05,-3.77,6083.57,2.51,7.87
HPL,EQ,268.15,-5.43,1724.22,2.9,7.86
ANUP,EQ,1515,-4.61,3034.77,0.52,7.84
SURYAROSNI,EQ,197.5,-5.54,4298.31,3.93,7.83
DCW,EQ,37.26,-7.24,1099.75,20.5,7.8
SFL,EQ,491.45,-4.76,5342.59,1.56,7.7
QUADFUTURE,EQ,285,-5.02,1140,2.67,7.69
SANGHVIMOV,EQ,236.8,-1.8,2050.12,3.24,7.68
AUTOBEES,EQ,247.65,-2.66,383.3,3.1,7.67
MAHSCOOTER,EQ,11889,-4.44,13587.42,0.06,7.63
PGHL,EQ,4800,-1.25,7967.7,0.16,7.62
VIJAYA,EQ,882,-2.5,9060.34,0.86,7.6
NRBBEARING,EQ,228,-6.02,2209.84,3.27,7.56
CARYSIL,EQ,751,-3.92,2136.04,0.99,7.54
SILVERBND,EQ,201.28,-12.66,10.61,3.72,7.54
NITCO,EQ,75.5,-7.23,1729.83,9.51,7.54
KROSS,EQ,159.1,-7.33,1026.34,4.57,7.5
SAREGAMA,EQ,331.9,-3.55,6399.35,2.25,7.49
NEOGEN,EQ,1251,-6.39,3300.35,0.58,7.45
MONIFTY500,EQ,21.46,-1.47,219.54,35.13,7.44
INDIACEM,EQ,350,-2.74,10846.4,2.12,7.42
EPL,EQ,183.88,-3.57,5889.77,4.02,7.42
HONASA,EQ,280,-3.18,9110.35,2.64,7.41
VENKEYS,EQ,1225,-6.14,1725.7,0.6,7.41
VSTTILLERS,EQ,4955,-5.42,4282.78,0.15,7.39
ICIL,EQ,222.9,-4.52,4414.63,3.3,7.38
KRMAYURVED,SM,185.25,-5.75,393.86,3.87,7.35
KIRLOSBROS,EQ,1485,-4.89,11792.23,0.49,7.34
MARATHON,EQ,408,-2.61,2750.76,1.82,7.33
ESILVER,EQ,203.75,-12.04,1293.55,3.55,7.33
NIFTYCASE,EQ,9.03,-1.95,39.54,81.33,7.31
PRAKASH,EQ,113.07,-6.77,2024.88,6.31,7.24
PRINCEPIPE,EQ,224.9,-5.84,2486.52,3.2,7.23
STYRENIX,EQ,1839.9,-6.59,3235.58,0.38,7.22
MOM100,EQ,57.24,-3.2,721.39,12.59,7.21
SKFINDIA,EQ,1463,-4.84,7232.77,0.49,7.18
ORISSAMINE,EQ,3278.9,-9.02,1967.34,0.21,7.17
ALPEXSOLAR,SM,745,-3.32,1902.95,0.95,7.16
CRAMC,EQ,228,-3.92,4546.72,3.11,7.14
KHADIM,EQ,85,-3.42,156.22,8.57,7.13
UTTAMSUGAR,EQ,216.5,-6.06,825.69,3.21,7.11
SDBL,EQ,69.9,-6.38,1378.96,9.98,7.1
AKZOINDIA,EQ,2855,-1.04,13001.76,0.25,7.1
MINDACORP,EQ,490.3,-2.43,11722.06,1.45,7.09
GANECOS,EQ,780,-3.13,2090.09,0.92,7.08
SHRIRAMPPS,EQ,66.17,-3,1129.22,10.68,7.07
TIPSMUSIC,EQ,491,-4.76,6276.53,1.42,7.04
IBULLSLTD,EQ,9.24,-7.04,2147.73,74.94,7.01
ORIENTCEM,EQ,124.45,-5.98,2556.95,5.51,6.98
NIITLTD,EQ,54.31,-9.04,740.7,12.53,6.98
MOREALTY,EQ,66.52,-4.49,241.8,10.36,6.94
FUSION,EQ,149.9,-5.73,2418.88,4.59,6.94
ASKAUTOLTD,EQ,393.5,-3.84,7757.56,1.73,6.91
SPARC,EQ,108.6,-5.91,3524.07,6.18,6.89
SEAMECLTD,EQ,1306,-5.31,3320.51,0.52,6.87
RTNINDIA,EQ,25.55,-4.34,3531.7,26.42,6.85
RATNAVEER,EQ,133.89,-4.15,908.72,5.08,6.85
BECTORFOOD,EQ,176.02,-3.73,5403.65,3.83,6.84
WENDT,EQ,6505,-3.37,1301,0.1,6.83
TIRUMALCHM,EQ,164.1,-5.89,1978.27,4.07,6.83
BANKETF,EQ,521.49,-3.82,226.23,1.29,6.83
EUROPRATIK,EQ,211,-1.7,2156.42,3.19,6.79
SUNDRMFAST,EQ,800,-1.6,16810.27,0.85,6.78
GILT5YBEES,EQ,63.99,-0.33,242.24,10.6,6.78
GATEWAY,EQ,48.1,-5.82,2403.29,13.76,6.77
GREENPOWER,EQ,8.76,-6.31,1027.58,75.64,6.72
POKARNA,EQ,797.5,-3.71,2472.57,0.83,6.67
KANSAINER,EQ,158.68,-4.85,12829.67,4.15,6.64
GROWWDEFNC,EQ,73.79,-4.79,257.57,8.91,6.62
DATAMATICS,EQ,666,-2.96,3936.49,0.99,6.62
PFIZER,EQ,4524.5,-5.22,20698.56,0.14,6.62
INDSWFTLAB,EQ,133,-6.01,1085.43,4.7,6.57
DAMCAPITAL,EQ,123.2,-5.12,870.85,5.31,6.55
AWHCL,EQ,416,-5.14,1180.7,1.57,6.55
ALKYLAMINE,EQ,1239,-4.1,6336.75,0.52,6.5
MBEL,EQ,246.2,-9.17,1406.99,2.58,6.5
HIRECT,EQ,1430.1,-3.93,2457.46,0.45,6.49
SWARAJENG,EQ,3399.9,-4.51,4130.83,0.19,6.45
MOSMALL250,EQ,14.31,-3.83,166.85,44.93,6.45
EPACKPEB,EQ,141.3,-4.96,1419.39,4.54,6.44
HIMATSEIDE,EQ,73.12,-7.82,919.43,8.58,6.41
CIEINDIA,EQ,443.2,-3.89,16813.34,1.43,6.4
JKLAKSHMI,EQ,580,-2.17,7200.38,1.1,6.39
CERA,EQ,4565,-3.97,5887.73,0.14,6.37
SUNTECK,EQ,287.45,-6.58,4210.83,2.17,6.34
ZOTA,EQ,1026.6,-6.45,3496.66,0.6,6.32
TEMBO,EQ,485,-3.27,750.16,1.3,6.3
EBBETF0433,EQ,1264.01,-1.01,6320.31,0.5,6.29
AXISNIFTY,EQ,247.82,-2.67,1128.13,2.51,6.26
NIF100IETF,EQ,25.6,-3.36,146.07,24.32,6.25
NELCO,EQ,532.2,-9.39,1214.4,1.13,6.25
NUVOCO,EQ,282.6,-1.26,10093.23,2.21,6.25
SOLEX,EQ,978.9,-3.06,1057.46,0.63,6.25
ADFFOODS,EQ,162.2,-7.01,1781.99,3.78,6.24
BANKBETA,EQ,52.95,-3.69,3418.45,11.55,6.16
PURVA,EQ,167.44,-7,3970.83,3.62,6.15
MIDSMALL,EQ,42.67,-3.87,363.41,14.36,6.14
DHAMPURSUG,EQ,122.5,-3.28,787.75,4.96,6.1
GALLANTT,EQ,538,-3.23,12980.91,1.13,6.09
RALLIS,EQ,228.95,-4.06,4452.37,2.62,6.05
EMUDHRA,EQ,388,-1.88,3213.09,1.58,6.04
RPEL,EQ,596,-7.25,2736.35,0.99,6.03
NIBE,EQ,890,-6.97,1290.61,0.66,6.03
STALLION,EQ,108.96,-5,1264.87,5.49,6
CAMLINFINE,EQ,110.99,-6.5,2132.02,5.29,5.99
SHK,EQ,123,-1.47,1702.58,4.96,5.98
XPROINDIA,EQ,951.1,-5.36,2232.27,0.63,5.98
MARINE,EQ,161.25,-5.55,2230,3.63,5.96
ELLEN,EQ,182.7,-7.72,2574.89,3.12,5.95
MOL,EQ,40.5,-4.97,1029.97,14.59,5.94
HDFCNIFBAN,EQ,52.73,-3.62,5027.22,11.15,5.93
TSFINV,EQ,343.95,-6.18,7639.26,1.71,5.92
EPIGRAL,EQ,813,-3.87,3507.39,0.71,5.91
SILVER360,EQ,197,-12.51,41.88,2.92,5.91
MEDPLUS,EQ,800,-2.52,9604.37,0.73,5.86
GIPCL,EQ,126.75,-4.57,1967.36,4.6,5.86
KPEL,EQ,263.85,-5.5,1783.52,2.18,5.85
INDOSTAR,EQ,185.9,-6.63,3003.61,3.16,5.84
INGERRAND,EQ,3535,-3.08,11159.29,0.17,5.83
CAMPUS,EQ,218.15,-3.04,6666.52,2.65,5.81
PSB,EQ,21.7,-5.49,15397.42,26.47,5.79
CANHLIFE,EQ,140.7,-3.41,13366.5,4.08,5.77
GAEL,EQ,128.01,-4.83,5871.44,4.46,5.74
HARIOMPIPE,EQ,303,-0.83,938.31,1.89,5.72
FDC,EQ,328,-1.46,5340.17,1.72,5.66
SML100CASE,EQ,8.65,-2.92,49.29,66,5.66
DALMIASUG,EQ,306,-4.55,2476.74,1.82,5.65
SIGACHI,EQ,18.07,-4.79,690.49,30.92,5.63
AJMERA,EQ,101.07,-6.87,1989.01,5.47,5.63
MOGOLD,EQ,134,-7.49,1529.28,4.21,5.62
GENCON,EQ,43.01,-0.32,245.1,13.03,5.62
VMART,EQ,496,-2.78,3941.13,1.12,5.61
MPSLTD,EQ,1440,-4.38,2463.24,0.38,5.61
PARKHOTELS,EQ,104,-4.12,2219.09,5.36,5.6
RELAXO,EQ,253,-7.65,6298.15,2.16,5.6
MAITHANALL,EQ,862.3,-7.8,2510.29,0.64,5.6
DIAMONDYD,EQ,898,-1.1,2146.54,0.64,5.59
MAHKTECH,EQ,21.7,-4.99,420.35,25.56,5.57
GLOBUSSPR,EQ,858.25,-0.92,2494.76,0.66,5.56
ARKADE,EQ,99.5,-3.6,1847.35,5.56,5.54
QUESS,EQ,170.25,-4.21,2540.43,3.22,5.52
ORIENTTECH,EQ,247.8,-5.76,1135.07,2.18,5.5
ATULAUTO,EQ,390.05,-6.47,1082.44,1.39,5.5
VENTIVE,EQ,610.2,-4.86,14250.71,0.88,5.48
MOSILVER,EQ,202.5,-11.93,913.38,2.67,5.47
GODREJIND,EQ,784,-5.77,26405.5,0.68,5.44
ALLCARGO,EQ,7.6,-5.94,1138.31,70.22,5.43
INA,EQ,96.5,-4.74,2126.81,5.61,5.42
NIVABUPA,EQ,68.2,-2.57,12599.66,7.86,5.4
MOLDTKPAC,EQ,480,-6.28,1594.99,1.11,5.39
KAMDHENU,EQ,19.19,-9.14,540.93,27.12,5.38
GTLINFRA,EQ,1.01,-1.94,1284.38,537.1,5.37
MUFIN,EQ,97.75,-5.09,1693.34,5.42,5.36
RACLGEAR,EQ,1166.2,-6.72,1374.73,0.46,5.36
MARSONS,EQ,127.4,-4.9,2192.55,4.14,5.36
GROWWPOWER,EQ,10.25,-2.01,140.55,52.62,5.34
JASH,EQ,344.15,-6.61,2164.88,1.53,5.32
SENSEXIETF,EQ,828,-2.87,25730.99,0.64,5.31
LGBBROSLTD,EQ,1651.6,-3.42,5267.35,0.32,5.31
GKENERGY,EQ,98.12,-5,1990.04,5.38,5.3
TAJGVK,EQ,283.2,-6.18,1775.71,1.83,5.3
CANTABIL,EQ,221,-6.77,1848.4,2.34,5.3
RESPONIND,EQ,140,-7.97,3732.52,3.66,5.27
MOCAPITAL,EQ,43,-3.59,124.48,12.26,5.27
VGUARD,EQ,321,-1.19,14019.82,1.65,5.26
ORIENTHOT,EQ,89.85,-2.12,1604.71,5.84,5.25
SOLARA,EQ,434.9,-3.4,1573.16,1.19,5.23
SATIN,EQ,143.18,-1.36,1581.72,3.61,5.23
PLATIND,EQ,190.15,-6.73,1044.4,2.75,5.22
VPRPL,EQ,33.84,-8.42,421.8,14.96,5.22
MIDWESTLTD,EQ,1183,-4.53,4277.82,0.44,5.21
TIIL,EQ,2110,-3.64,4783.96,0.25,5.2
SAFARI,EQ,1500,-1.35,7349.09,0.35,5.2
SUVEN,EQ,126.22,-5.83,2927.7,4.06,5.19
AKUMS,EQ,466,-3.6,7334.56,1.09,5.18
ONEPOINT,EQ,42.9,-3.64,1127.93,12.02,5.16
SAFEENTP,SM,199,-6.7,927.43,2.58,5.16
MEDIASSIST,EQ,304,-6.5,2268.13,1.66,5.15
UNIMECH,EQ,768.45,-3.44,3908.1,0.67,5.12
TOP100CASE,EQ,9.65,-2.72,128.42,52.83,5.1
IGPL,EQ,361.25,-6.13,1112.46,1.37,5.07
ROLEXRINGS,EQ,112.55,-5.53,3065.11,4.43,5.06
KDDL,EQ,2095.8,-4.54,2577.68,0.24,5.05
NSIL,EQ,5075,-5.41,2606.6,0.1,5.04
VISHNU,EQ,508,-1.03,3419.62,1.01,5.03
COFFEEDAY,EQ,22.34,-6.25,471.94,21.86,5.03
GOPAL,EQ,258,-5.53,3215.93,1.91,5.02
MID150CASE,EQ,9.8,-3.26,201.44,51.11,5.01
MMFL,EQ,406.8,-5.01,1964.1,1.18,4.98
MAYURUNIQ,EQ,490,-3.8,2129.18,1.01,4.97
AARTIDRUGS,EQ,327,-4.71,2984.53,1.48,4.93
SSWL,EQ,181.5,-2.14,2852.82,2.73,4.91
AGARWALEYE,EQ,418.15,-1.46,13247.31,1.18,4.91
QGOLDHALF,EQ,110.5,-8.99,623.66,4.39,4.88
FINKURVE,EQ,55.04,-0.58,770.84,8.76,4.87
COSMOFIRST,EQ,586.2,-6.14,1538.76,0.82,4.87
UNIECOM,EQ,86.49,-5.62,971.97,5.51,4.87
METROBRAND,EQ,901.9,-3.09,24574.74,0.53,4.86
SIS,EQ,264.8,-3.23,3740.21,1.84,4.85
DYCL,EQ,254.6,-5.51,1233.76,1.87,4.83
738GS2027,GS,103,-0.21,146260,4.69,4.83
UFLEX,EQ,399.95,-7.99,2888.1,1.19,4.82
SBCL,EQ,393,-3.09,2263.85,1.21,4.8
LANDMARK,EQ,357.6,-0.78,1482.79,1.34,4.78
SIRCA,EQ,398,-7.28,2260.35,1.17,4.77
ALGOQUANT,EQ,51.08,-6.53,1435.84,9.15,4.76
HINDWAREAP,EQ,180.12,-8.63,1506.64,2.56,4.74
SPANDANA,EQ,196.5,-5.46,1401.15,2.37,4.72
BSLNIFTY,EQ,26.24,-2.78,2969.05,17.88,4.71
GVPIL,BE,411.85,-3.13,2768.76,1.15,4.71
ICEMAKE,EQ,711,-6.94,1121.94,0.65,4.7
BEPL,EQ,82,-5.24,2040.64,5.64,4.7
SAATVIKGL,EQ,360,-3.2,4575.78,1.3,4.68
MAXESTATES,EQ,341,-7.56,5573.49,1.34,4.66
NEPHROPLUS,EQ,502,-5.8,5037.1,0.92,4.63
OMINFRAL,EQ,81.5,-2.08,784.88,5.83,4.62
VRLLOG,EQ,240,-0.6,4198.49,1.92,4.59
SGBJUN31I,GB,13400,-9.96,10410.85,0.03,4.58
ARVINDFASN,EQ,375.05,-5.46,5011.8,1.2,4.58
GREENLAM,EQ,205,-3.99,5230.53,2.25,4.58
MOVALUE,EQ,107.86,-3.43,144.72,4.28,4.57
GRINFRA,EQ,847.6,-1.41,8201.42,0.55,4.57
718GS2033,GS,102,-1.24,205020,4.47,4.55
GAUDIUMIVF,EQ,70.9,-7.97,516.06,6.29,4.55
SALZERELEC,EQ,520,-5.64,919.5,0.86,4.51
TVSSCS,BE,95.45,-5,4211.06,4.64,4.49
RATNAMANI,EQ,2162,-6.44,15153.89,0.2,4.47
SIMPLEXINF,EQ,148.1,-10.37,1171.4,2.86,4.42
LEMERITE,EQ,435.05,-2.48,1089.09,0.99,4.37
SUBROS,EQ,631.6,-6.64,4120.29,0.68,4.37
KSL,EQ,647.4,-0.65,2826.1,0.69,4.37
EVEREADY,EQ,280,-6.88,2035.24,1.53,4.36
SERVOTECH,EQ,65.5,-4.67,1479.29,6.62,4.36
SPIC,EQ,58.55,-4.69,1192.31,7.29,4.31
NXST,RR,150.87,-2.46,22856.81,2.82,4.31
PRAMARA,SM,345,-0.86,481.07,1.24,4.31
GTPL,EQ,57.5,-2.59,646.66,7.56,4.3
ARVSMART,EQ,506.1,-5.26,2321.33,0.84,4.29
DHANUKA,EQ,928.1,-3.53,4183.72,0.46,4.29
HDFCMID150,EQ,19.84,-3.36,150.76,21.55,4.27
IFBIND,EQ,922.4,-5.68,3737.45,0.45,4.26
VASCONEQ,EQ,29.9,-5.5,683.71,14.21,4.25
ELECTHERM,EQ,592,-9.98,754.37,0.69,4.21
WONDERLA,EQ,506,-2.74,3209.19,0.83,4.21
MANAKCOAT,EQ,100.39,-5.44,1062.47,4.16,4.21
KCP,EQ,127.8,-7.05,1647.61,3.23,4.21
TARSONS,EQ,178.7,-3.13,950.8,2.34,4.2
KKCL,EQ,424,-0.67,2612.91,1.01,4.2
MASFIN,EQ,293,-3.16,5316.58,1.43,4.19
BCONCEPTS,EQ,216.8,-5.04,270.61,1.91,4.15
KECL,EQ,83.2,-0.18,552.57,4.95,4.15
679GS2031,GS,101.7,-0.49,64071,4.08,4.14
KRSNAA,EQ,567.35,-3.45,1840.41,0.71,4.12
RANEHOLDIN,EQ,1044.7,-2,1491.6,0.4,4.11
675GS2029,GS,102.1,-0.47,104142,4.01,4.1
SOLARWORLD,EQ,145.5,-8.89,1261.09,2.72,4.08
GALAXYSURF,EQ,1561.2,-4.86,5535.2,0.26,4.07
SKFINDUS,EQ,2115,-2.93,10456.13,0.19,4.07
SHARDAMOTR,EQ,740,-5.89,4248.17,0.54,4.07
ANONDITA,SM,660,-3.06,1193.72,0.61,4.06
ADVENTHTL,EQ,136,-9.98,733.62,2.92,4.06
BALMLAWRIE,EQ,157.75,-2.74,2697.59,2.57,4.05
AEROENTER,EQ,62.2,-14.24,703.39,6.04,4.05
GREENPLY,EQ,182,-5.65,2272.96,2.21,4.04
GANESHCP,EQ,161.9,-6.98,654.29,2.48,4.04
RAJOOENG,EQ,51.8,-7.32,925.54,7.67,4.03
PSUBANK,EQ,829,-3.17,2272.49,0.48,4
OILIETF,EQ,10.89,-2.59,258.37,36.57,4
DDEVPLSTIK,EQ,215.5,-6.1,2229.92,1.82,3.98
MAHLIFE,EQ,327,-4.22,6976.31,1.22,3.97
601GS2030,GS,98,-0.67,97020,4,3.96
FCL,EQ,20.78,-4.55,2380.87,18.72,3.94
BGRENERGY,BE,276.9,-4.99,1998.15,1.42,3.92
PANACEABIO,EQ,323,-2.02,1978.4,1.21,3.91
GOCOLORS,EQ,257.1,-6.64,1352.24,1.5,3.91
SURAJEST,EQ,190.9,-5.21,911.99,2.04,3.9
UNITECH,EQ,3.95,-6.4,1032.78,97.48,3.9
TINNARUBR,EQ,594.55,-5.11,1071.13,0.65,3.86
IMAGICAA,EQ,37.6,-5.95,2127.64,10.04,3.85
ZUARI,EQ,185.2,-6.19,778.91,2.04,3.84
KOPRAN,EQ,112.9,-4.5,545.17,3.37,3.84
SARTELE,SM,151.25,-12.8,712.5,2.42,3.83
HMAAGRO,EQ,23.27,-2.88,1165.29,16.27,3.83
CONSUMBEES,EQ,114.8,-3.39,182.94,3.32,3.83
VENUSREM,EQ,824.85,-5,1102.58,0.46,3.83
GOLDBND,EQ,133.48,-8.59,9.49,2.87,3.82
PATELRMART,EQ,159.3,-4.83,532.07,2.37,3.82
PDSL,EQ,256,-1.84,3620.92,1.51,3.81
TIRUPATIFL,EQ,42.6,-9.13,529.43,8.63,3.81
GEOJITFSL,EQ,57.2,-4.56,1596.58,6.59,3.8
PARACABLES,EQ,32.3,-7.08,985.83,11.47,3.78
OLIL,SM,319,-0.28,214.1,1.18,3.78
PITTIENG,EQ,730,-5.92,2748.71,0.51,3.78
BOROLTD,EQ,214.1,-3.56,2560.25,1.73,3.78
SILVERTUC,EQ,116.9,-4.96,1482.41,3.13,3.75
INFRAIETF,EQ,88.97,-1.3,368.17,4.25,3.75
JGCHEM,EQ,314.3,-5.33,1231.62,1.18,3.74
ALEMBICLTD,EQ,75.54,-5.46,1939.73,4.9,3.73
GARFIBRES,EQ,594.05,-2.89,5896.89,0.62,3.71
C2C,SM,325,-7.87,551.47,1.12,3.7
TEAMLEASE,EQ,1145,-3.66,1920.04,0.32,3.69
ADVANCE,EQ,88.25,-9.32,567.32,4,3.66
AIMTRON,SM,749.45,-4.99,1544.55,0.48,3.66
RPTECH,EQ,338.15,-1.23,2228.4,1.08,3.65
PRUDENT,EQ,2182,-2.44,9034.94,0.17,3.65
CENTURYPLY,EQ,631.2,-3.03,14023.56,0.57,3.64
SARVESHWAR,EQ,2.85,-11.49,350.19,123.89,3.63
SUNFLAG,EQ,206,-5.35,3712.52,1.74,3.63
SAKSOFT,EQ,115.25,-3.61,1527.65,3.14,3.62
DOLPHIN,EQ,368.1,-4.32,1472.57,0.96,3.61
CAPINVIT,IV,67.54,-0.91,3319.94,5.33,3.61
MARKOLINES,EQ,146.9,-3.03,323.78,2.42,3.58
SGBMAY29I,GB,13135,-8.25,6986.47,0.03,3.57
TBZ,EQ,121,-6.25,807.44,2.9,3.57
IPL,EQ,125.25,-8.57,1442.42,2.75,3.57
VALIANTORG,EQ,244,-9.39,683.68,1.42,3.56
UTLSOLAR,EQ,191.5,-5.2,5867.77,1.84,3.55
SIGMAADV,EQ,163.86,-5,2887.86,2.12,3.53
RAMKY,EQ,445.2,-3.96,3080.69,0.79,3.53
TCI,EQ,885.9,-6.21,6798.73,0.39,3.5
EMIL,EQ,85.7,-6.86,3297.3,4.01,3.5
UFBL,EQ,220,-6.53,859.9,1.54,3.49
DWARKESH,EQ,37.94,-4.39,703.03,9.01,3.48
LOWVOLIETF,EQ,20.14,-2.61,3306.25,17.14,3.47
WSTCSTPAPR,EQ,412,-5.21,2721.22,0.83,3.45
VAKRANGEE,EQ,5.18,-9.12,561.09,64.49,3.44
LOWVOL1,EQ,19.01,-3.06,158.56,17.85,3.44
SAGCEM,EQ,154,-8.16,2012.9,2.17,3.43
PSUBNKIETF,EQ,82.32,-5.31,112.83,4.1,3.42
MONARCH,EQ,250,-6.72,1981.71,1.37,3.42
UNIPARTS,EQ,449.35,-1.46,2028.13,0.76,3.42
RUPA,EQ,120,-3.17,954.29,2.87,3.42
MTNL,EQ,23.11,-6.63,636.96,14.35,3.4
SGBMR29XII,GB,13065,-8.81,4221.18,0.03,3.39
VESUVIUS,EQ,458,-4.25,9295.6,0.73,3.39
MASPTOP50,EQ,67,-1.33,1129.78,5.03,3.39
SMCGLOBAL,EQ,61.3,-5.4,1283.62,5.42,3.37
ROSSARI,EQ,386,-6.16,2137.8,0.85,3.37
STYL,EQ,222.28,-3.94,3596.62,1.51,3.36
ENERGY,EQ,34.97,-3,217.9,9.59,3.36
KELLTONTEC,EQ,15.44,-4.04,814.93,21.64,3.35
SAKAR,EQ,509.9,-3.97,1134.52,0.65,3.35
HEIDELBERG,EQ,149,-0.29,3376.54,2.3,3.35
MAMATA,EQ,351.15,-6.11,864.1,0.93,3.34
BCG,BE,8.37,-4.99,1689,39.65,3.33
SGBMAY28,GB,12970,-9.19,3299.95,0.03,3.32
NITINSPIN,EQ,351,-4.75,1973.32,0.93,3.31
HUHTAMAKI,EQ,153,-6.09,1155.49,2.12,3.29
SANDHAR,EQ,447.35,-6.27,2692.63,0.72,3.27
IZMO,BE,664.9,-4.48,994.86,0.49,3.27
GPTINFRA,EQ,100,-3.49,1263.65,3.17,3.25
MSPL,EQ,27.45,-8.62,1555.86,11.4,3.24
SANGHIIND,EQ,47,-6.82,1214.13,6.69,3.24
ASHIANA,EQ,293.5,-3.29,2950.4,1.09,3.23
IVALUE,EQ,210.5,-10.57,1149.97,1.47,3.23
CORONA,EQ,1580,-4.27,9663.29,0.2,3.23
718GS2037,GS,102.54,-0.88,176368.8,3.16,3.23
NIFTYADD,EQ,235.86,-2.7,201.24,1.36,3.21
FABTECH,EQ,137.95,-5.27,613.2,2.34,3.2
PRSMJOHNSN,EQ,125,-0.02,6291.96,2.55,3.18
COMSYN,EQ,153,-0.27,611.27,2.07,3.17
DENTA,EQ,227.75,-5.73,608.09,1.37,3.17
ROHLTD,EQ,293.75,-6.34,805.62,1.07,3.15
SMALL250,EQ,14.25,-3.78,42.67,22.01,3.15
ALPHAETF,EQ,22.26,-3.76,356.38,14,3.13
EIMCOELECO,EQ,1485.9,-5.1,857.12,0.21,3.12
BSE500IETF,EQ,34.92,-2.92,312.97,8.86,3.11
EXICOM,EQ,83,-6.17,1154.36,3.66,3.1
ADVENZYMES,EQ,267.2,-1.98,2990.68,1.15,3.07
CARRARO,EQ,430,-2.7,2444.62,0.73,3.07
HLEGLAS,EQ,274.7,-4.05,1907.92,1.1,3.07
REDTAPE,EQ,112.2,-4.27,6202.5,2.69,3.07
SETL,EQ,110.6,-5.32,2206.38,2.74,3.06
TVSSRICHAK,EQ,3400,-4.5,2603.4,0.09,3.04
SHIVALIK,EQ,208.8,-10.65,328.87,1.4,3.04
DPABHUSHAN,EQ,970,-5.41,2214.31,0.31,3.03
ASTEC,EQ,517.6,-8.04,1153.33,0.57,3.02
IVZINGOLD,EQ,11540,-9.52,653.35,0.03,3.02
JNKINDIA,EQ,224.7,-5.4,1257.28,1.34,3.02
INDOTECH,EQ,1230,-5.25,1306.26,0.24,3.02
SNOWMAN,EQ,32.04,-6.26,535.35,9.36,3.02
PNGSREVA,EQ,338,-8.23,1071.41,0.87,3.01
ITDC,EQ,387.05,-9.29,3319.7,0.75,3
KIRLOSIND,EQ,2634.5,-3.7,2768.69,0.11,3
ORCHPHARMA,EQ,509.95,-4.24,2586.42,0.59,3
HATSUN,EQ,885,-7.5,19713.22,0.33,3
MCLOUD,EQ,20.72,-4.74,1220.55,14.36,3
MOTISONS,EQ,12.14,-6.97,1195.13,23.86,2.98
SUPRAJIT,EQ,401,-0.39,5500.56,0.75,2.97
HNDFDS,EQ,466.8,-3.18,5577.41,0.63,2.97
FISCHER,EQ,33.65,-5,2182.25,8.74,2.96
SUBEXLTD,EQ,7.6,-6.52,427.12,38.27,2.95
KRISHANA,EQ,466.2,-4.31,2882.4,0.63,2.95
GPTHEALTH,EQ,119,-1.37,976.45,2.45,2.93
BLKASHYAP,EQ,45.7,-7.49,1030.26,6.23,2.93
ROSSTECH,EQ,672.65,-6.59,2535.65,0.43,2.92
VINDHYATEL,EQ,1021,-3.55,1209.97,0.28,2.9
SUYOG,EQ,600.5,-11.68,703.61,0.46,2.9
HATHWAY,EQ,9.34,-5.08,1653.28,30.76,2.89
EGOLD,EQ,133.4,-8.79,1253.26,2.14,2.88
BALAJITELE,EQ,77.22,-7.7,940.63,3.67,2.87
GANESHHOU,EQ,552.1,-6.5,4603.8,0.51,2.86
UDS,EQ,129,-6.62,863.7,2.18,2.84
ASALCBR,EQ,715.1,-1.74,1357.2,0.4,2.84
SGBSEP28VI,GB,13140,-7.79,4191.83,0.02,2.84
GNA,EQ,352.25,-6.15,1512.24,0.78,2.83
DISHTV,EQ,2.12,-5.36,390.35,132.14,2.83
PRECAM,EQ,107.55,-8.43,1021.57,2.54,2.83
RAJRATAN,EQ,341.9,-7.76,1735.86,0.8,2.82
SCODATUBES,EQ,115.7,-7.28,693.15,2.36,2.8
SGBJUL28IV,GB,13066,-8.49,5397.33,0.02,2.8
NIF100BEES,EQ,244.2,-2.99,297.6,1.14,2.8
ONWARDTEC,EQ,225.9,-5.4,513.93,1.24,2.8
PILANIINVS,EQ,4508,-4.87,4991.37,0.06,2.79
MCLEODRUSS,EQ,32.27,-7.11,337.08,8.4,2.79
CEWATER,EQ,262.9,-7.09,544.1,1.02,2.79
GREENPANEL,EQ,177.4,-8.59,2175.41,1.52,2.77
SANOFICONR,EQ,4055,-4.63,9338.92,0.07,2.77
RPSGVENT,EQ,564.5,-6.54,1867.73,0.49,2.77
MICEL,EQ,32.8,-0.03,790.52,8.79,2.76
SASKEN,EQ,1081,-7.95,1641.66,0.25,2.76
JAYBARMARU,EQ,78.5,-8.59,849.76,3.42,2.75
SWELECTES,EQ,548.2,-1.02,831,0.5,2.74
AONEGOLD,EQ,12.61,-7.96,74.05,21.59,2.72
RAMCOSYS,EQ,371.55,-5.87,1391.89,0.72,2.71
SCILAL,EQ,39.06,-6.22,1819.41,6.74,2.71
INSECTICID,EQ,566,-1.54,1646.94,0.47,2.7
JUNIPER,EQ,193.54,-5.42,4306.31,1.37,2.68
DLINKINDIA,EQ,380,-3.58,1349.18,0.7,2.68
WCIL,EQ,85,-8.03,866.62,3.09,2.68
FINIETF,EQ,28.54,-2.26,252.19,9.49,2.67
MHRIL,EQ,248,-3.41,5010.68,1.07,2.66
SANSTAR,EQ,78.48,-4.76,1430.25,3.32,2.66
QUICKHEAL,EQ,135,-6.74,732.15,1.91,2.66
SUDEEPPHRM,EQ,591,-3.72,6675.26,0.44,2.66
RAMRAT,EQ,299,-2.78,2789.7,0.88,2.65
BANKADD,EQ,52.49,-3.71,579.49,5.01,2.63
GOLD360,EQ,130.05,-9.44,119.37,1.99,2.63
SRM,EQ,385,-4.74,883.35,0.67,2.61
ASIANENE,EQ,262,-7.24,1177.35,0.97,2.6
STANLEY,EQ,138.01,-4.73,788.39,1.86,2.58
TAC,SM,404.9,-6.6,851.35,0.62,2.58
NCLIND,EQ,162.5,-4.3,735.03,1.57,2.58
INDOFARM,EQ,119.95,-4.79,576.38,2.11,2.57
LICNETFGSC,EQ,28.54,-1.07,2275.42,8.96,2.57
BHARATSE,EQ,148.85,-6.41,934.78,1.7,2.56
GANDHAR,EQ,127,-4.06,1243.07,2,2.56
SGBJAN29IX,GB,13000,-9.5,3730.85,0.02,2.55
REGAAL,EQ,66.46,-4.99,682.7,3.81,2.55
UGARSUGAR,EQ,36.85,-3.91,414.56,7,2.54
FILATEX,EQ,38.21,-6.07,1696.75,6.51,2.53
TNPL,EQ,128,-1.76,885.9,1.99,2.53
SOMANYCERA,EQ,356,-5.89,1460.06,0.69,2.52
AJAXENGG,EQ,451.9,-4.06,5170.04,0.55,2.52
DAVANGERE,EQ,3.81,-5.93,544.83,65.84,2.52
EKC,EQ,100.47,-3.48,1127.35,2.5,2.51
GICL,EQ,39.5,-7.41,442.22,6.43,2.51
SHOPERSTOP,EQ,285,-1.21,3138.34,0.88,2.5
BANKBETF,EQ,54.08,-0.07,374.77,4.72,2.5
SHREEPUSHK,EQ,274,-8.21,886.05,0.89,2.5
ROTO,EQ,52.7,-7.01,993.11,4.64,2.49
NAVNETEDUL,EQ,124,-2.42,2743.04,1.98,2.49
AUTOAXLES,EQ,1566,-6.04,2366.54,0.16,2.48
LAOPALA,EQ,177,-3.83,1964.7,1.39,2.48
PAKKA,EQ,84.15,-1.13,378.24,2.89,2.46
RPGLIFE,EQ,1733.2,-7.79,2866.54,0.14,2.45
MIRCELECTR,EQ,23.2,-8.98,856.99,10.28,2.45
NAVKARCORP,EQ,81,-2.14,1219.21,3.04,2.44
TVTODAY,EQ,94,-6.71,560.88,2.54,2.44
DSSL,EQ,876,-2.41,1114.74,0.28,2.44
IRMENERGY,EQ,185,-7.12,759.6,1.28,2.42
20MICRONS,EQ,141.99,-5.98,501.03,1.66,2.41
SAHANA,SM,958.1,-1.86,846.68,0.25,2.4
APCOTEXIND,EQ,345,-1.72,1788.65,0.7,2.38
VEEDOL,EQ,1285.1,-3.47,2239.16,0.18,2.38
DURLAX,SM,48.4,-2.52,140.03,4.94,2.38
CAPITALSFB,EQ,223.9,-6.73,1016.93,1.03,2.37
ARTEMISMED,EQ,220.49,-2.37,3489.78,1.08,2.37
AGARIND,EQ,382.5,-7.26,572.14,0.6,2.36
LAXMIDENTL,EQ,168.99,-2.72,928.81,1.39,2.36
SANATHAN,EQ,362,-4.32,3055.43,0.65,2.36
AUTOIETF,EQ,24.63,-3.45,162.28,9.54,2.36
ZUARIIND,EQ,215.05,-6.68,640.44,1.08,2.36
SACHEEROME,SM,294.1,-9.96,657.98,0.78,2.34
PVTBANKADD,EQ,24.72,-3.59,471.88,9.36,2.34
EXPLEOSOL,EQ,700,-2.82,1086.38,0.33,2.33
MWL,EQ,256,-3.63,760.34,0.93,2.33
BIRLANU,EQ,1217,-1.93,917.73,0.19,2.33
MANALIPETC,EQ,42.22,-7.23,726.18,5.43,2.33
SGBSEP29VI,GB,13120,-8.6,4618.69,0.02,2.32
BANSALWIRE,EQ,237.9,-3.9,3724.47,0.97,2.3
JAGSNPHARM,EQ,182.34,-0.55,1219.68,1.27,2.3
CSLFINANCE,EQ,242,-2,551.34,0.95,2.3
GULPOLY,EQ,141.8,-8.92,884.41,1.57,2.3
ESABINDIA,EQ,5159,-4.57,7941.26,0.04,2.3
ACETEC,SM,143,-1.41,234.29,1.49,2.27
SGBJUN29II,GB,13025,-9.12,2472.76,0.02,2.27
EUROBOND,EQ,140,-4.5,343,1.62,2.26
GEMAROMA,BE,162.4,-5,848.33,1.37,2.25
SGBMAR31IV,GB,13375,-9.58,4723.5,0.02,2.25
TVSELECT,EQ,382,-5.71,712.44,0.58,2.23
EIHAHOTELS,EQ,280.9,-6.89,1711.7,0.77,2.22
JAGRAN,EQ,59.95,-1.93,1304.84,3.68,2.21
DHARMAJ,EQ,230,-4.29,777.34,0.95,2.2
HDFCNIF100,EQ,23.88,-3.01,69.94,9.22,2.2
SYNCOMF,EQ,11.19,-5.01,1051.86,19.36,2.19
PREMIERPOL,EQ,57.81,-3.59,605.52,3.73,2.19
EQUAL50ADD,EQ,313,-1.4,1067.07,0.7,2.18
SMARTWORKS,EQ,371,-5.71,4239.12,0.57,2.18
INFRABEES,EQ,901,-0.71,172.06,0.24,2.17
BIL,EQ,665.3,-5.8,892.19,0.32,2.17
BIRLACABLE,EQ,115.45,-10.17,346.35,1.84,2.16
CAPILLARY,EQ,472.6,-6.86,3752.79,0.45,2.16
SGBJU29III,GB,13100,-8.54,1937.79,0.02,2.16
NDRAUTO,EQ,640,-6.1,1522.26,0.33,2.15
NUCLEUS,EQ,768.1,-5.36,2022.05,0.27,2.14
ICRA,EQ,5147.5,-1.08,4967.97,0.04,2.13
AONETOTAL,EQ,10.5,-2.69,38.37,20.25,2.12
GROWWNIFTY,EQ,9.19,-1.18,23.36,23.37,2.12
GROWWRAIL,EQ,28.06,-4.62,122.23,7.41,2.11
DODLA,EQ,985.3,-2.86,5944.1,0.21,2.1
GICHSGFIN,EQ,136.15,-4.33,733.18,1.51,2.1
FLAIR,EQ,293,-4.68,3088.08,0.7,2.09
APTECHT,EQ,75.12,-5,435.72,2.75,2.09
BFSI,EQ,24.77,-2.94,399.02,8.41,2.09
BCLIND,EQ,25.99,-4.1,767.13,8.08,2.09
ACCELYA,EQ,1130.7,-4.32,1687.71,0.18,2.07
ETML,SM,84.9,-4.18,165.36,2.44,2.07
INNOVACAP,EQ,673,-0.97,3851.24,0.31,2.07
ARIHANTCAP,EQ,65,-4.43,712.48,3.15,2.06
TIL,EQ,167.17,-10.72,1113.39,1.18,2.06
ALLTIME,EQ,199.19,-5.5,1304.85,1,2.05
SGBAPR28I,GB,13041.99,-9.55,2312.18,0.02,2.05
PAR,EQ,83,-4.33,102.13,2.41,2.05
BANK10ADD,EQ,15.39,-5.87,5.24,13.13,2.05
WINDMACHIN,EQ,220,-4.37,1915.86,0.93,2.05
SPLPETRO,EQ,633.25,-3.17,11907.72,0.32,2.04
TNPETRO,EQ,79.15,-3.63,712.12,2.53,2.04
PNBGILTS,EQ,64,-6.64,1152.06,3.1,2.03
LINCOLN,EQ,590,-1.73,1181.75,0.34,2.03
SGBJUN28,GB,12990,-8.97,3102.44,0.02,2.03
SGBD29VIII,GB,13189,-8.53,3271.52,0.02,2.03
SPORTKING,EQ,112.4,-4.15,1428.29,1.81,2.02
KSOLVES,EQ,261.8,-4.96,621,0.77,2.02
IKIO,EQ,107.9,-7.76,833.86,1.82,2.01
DECCANCE,EQ,603.1,-7.46,844.79,0.33,2
AGARWALTUF,SM,86,-6.52,152,2.27,2
DBCORP,EQ,200.02,-3.66,3565.2,1,1.99
5PAISA,EQ,278.75,-4.41,871.23,0.71,1.98
SHALBY,EQ,131.5,-6.13,1420.33,1.48,1.98
KAMATHOTEL,EQ,165,-9.62,486.42,1.17,1.97
IGARASHI,EQ,294.95,-6.34,928.36,0.65,1.97
MOMOMENTUM,EQ,55.05,-4.24,109.88,3.54,1.96
VMARCIND,SM,602.5,-7.43,1471.35,0.31,1.92
ORICONENT,EQ,61.6,-8.74,967.41,2.93,1.92
3IINFOLTD,EQ,13.56,-1.88,281.23,14.29,1.92
FMGOETZE,EQ,360.55,-5.63,2005.82,0.52,1.92
MIDCAP,EQ,15.45,-2.77,166.49,12.38,1.91
HEALTHIETF,EQ,144.54,-2.17,151.35,1.29,1.87
ELIN,EQ,109.5,-6.41,543.77,1.68,1.87
PPL,EQ,186.3,-1.6,445.6,1.01,1.86
ADSL,EQ,95.3,-6.15,538.58,1.9,1.84
KILITCH,EQ,314,-0.66,548.9,0.58,1.84
REMSONSIND,EQ,81.5,-5.57,284.26,2.23,1.84
BOSCH-HCIL,EQ,1220.2,-4.75,3317.83,0.15,1.84
CHANDAN,SM,246,-1.6,601.52,0.74,1.83
TASTYBITE,EQ,6478.5,-3.73,1662.38,0.03,1.83
BBNPPGOLD,EQ,129.95,-8.68,299.92,1.38,1.82
DOLLAR,EQ,240.2,-7.63,1362.32,0.73,1.82
SGBOC28VII,GB,13000,-9.01,2417.37,0.01,1.82
WANBURY,BE,235.9,-4.99,824.22,0.76,1.81
MEIL,EQ,215.05,-7.09,594.19,0.81,1.8
IT,EQ,32.11,-0.12,383.92,5.63,1.8
HGS,EQ,351.6,-2.94,1635.65,0.51,1.8
AONESILVER,EQ,8.03,-9.27,17.38,22.52,1.79
FOCUS,EQ,65,-2.34,438.39,2.74,1.79
SGBDE30III,GB,13438,-9.26,3777.44,0.01,1.79
ITETF,EQ,30.64,-0.1,91.87,5.82,1.78
BHARATRAS,EQ,1233,-3.35,2049.38,0.14,1.78
TALBROAUTO,EQ,223,-5.73,1376.54,0.78,1.76
RAJESHEXPO,BZ,89.31,-5,2636.97,1.97,1.76
NDTV,EQ,65.1,-6.93,734.49,2.61,1.75
LYKALABS,EQ,49.5,-9.92,176.67,3.45,1.74
UTSSAV,SM,204,-0.95,485.89,0.88,1.74
SHREDIGCEM,EQ,56.5,-6.05,835.46,3.09,1.74
BORANA,BE,334,-3.12,889.95,0.52,1.74
PFS,EQ,26.6,-2.6,1708.47,6.52,1.74
KAYA,EQ,256,-9.52,388.8,0.67,1.73
INDNIPPON,EQ,710,-3.43,1606.12,0.24,1.73
RAMCOIND,EQ,237,-8.58,2058.14,0.71,1.72
NACLIND,EQ,131.1,-4.99,3067.91,1.3,1.72
DHANBANK,EQ,20.88,-6.49,824.13,7.99,1.71
ORIENTELEC,EQ,160.4,-3.55,3422.39,1.06,1.71
GUJTHEM,EQ,258.9,-5.34,2821.11,0.65,1.7
SPAL,EQ,680.1,-4.91,1706.55,0.25,1.69
TOLINS,EQ,91.2,-7.53,360.32,1.78,1.69
VAL30IETF,EQ,14.45,-3.02,43.82,11.76,1.69
TCIEXP,EQ,470,-5.65,1805.69,0.36,1.69
ADOR,EQ,870,-5.14,1514.04,0.19,1.69
SINDHUTRAD,EQ,22.25,-4.42,3430.79,7.53,1.68
SGBAUG30,GB,13325,-9.99,4477.74,0.01,1.67
CENTRUM,EQ,25.15,-3.05,1155.84,6.86,1.67
PDMJEPAPER,EQ,68.05,-4.49,646.13,2.42,1.66
INDIANHUME,EQ,306.1,-5.45,1612.59,0.53,1.66
KALPATARU,EQ,282.15,-4.76,5809.86,0.58,1.65
NILASPACES,EQ,12,-3.92,472.67,13.7,1.65
KICL,EQ,4181,-5.71,1825.13,0.04,1.65
SUNDROP,EQ,606.3,-2.47,2285.56,0.27,1.65
SUBAHOTELS,SM,107,-10.68,259.39,1.45,1.65
SGBAUG27,GB,12911,-9.55,1323.17,0.01,1.64
SRTL,EQ,44.7,-7.68,178.69,3.61,1.63
JLHL,EQ,1260.4,-0.67,8263.94,0.13,1.63
SGBJAN30IX,GB,13223.99,-8.82,3085.41,0.01,1.63
JAYKAY,EQ,123.58,-6.82,1610.09,1.29,1.62
SUMMITSEC,EQ,1395,-6.75,1520.8,0.11,1.62
MUNISH,SM,54.2,-3.9,130.46,2.95,1.62
SJLOGISTIC,SM,253.95,-7.49,388.37,0.62,1.61
JTEKTINDIA,EQ,119.8,-5.87,3322.2,1.32,1.61
MAGSON,SM,135,-3.57,154.57,1.19,1.61
DPEL,SM,405.1,-2.17,1011.34,0.4,1.61
MULTICAP,EQ,14.34,-3.5,68.1,11.11,1.6
NELCAST,EQ,119.6,-0.19,1040.53,1.35,1.59
PARAMATRIX,SM,60,-7.9,66.29,2.56,1.59
BHAGYANGR,EQ,135.2,-7.29,432.57,1.15,1.59
PIXTRANS,EQ,1405,-3.3,1914.34,0.11,1.59
SAWALIYA,SM,308.55,-1.89,306.03,0.51,1.58
MEDICAMEQ,EQ,239.75,-5.46,325.17,0.65,1.58
MANOMAY,EQ,200.1,-1.66,361.16,0.78,1.57
SGBAUG29V,GB,13178,-8.63,3021.38,0.01,1.57
EVINDIA,EQ,26.77,-3.29,139.33,5.83,1.57
SGBNOV26,GB,13050,-8.42,534.3,0.01,1.57
MONQ50,EQ,92.93,-3.2,136.37,1.67,1.56
HDFCMOMENT,EQ,27.89,-2.65,113.27,5.64,1.56
SKMEGGPROD,EQ,152.9,-1.27,805.17,1.04,1.56
DANISH,SM,590.2,-3.8,1162.2,0.26,1.55
MVGJL,EQ,139.42,-2.63,681.03,1.11,1.55
AMBIKCO,EQ,1221.4,-4.26,699.25,0.13,1.54
DEFENCE,EQ,60.64,-4.47,42.23,2.52,1.54
DEN,EQ,25.07,-3.39,1196.4,6.06,1.53
EXCELINDUS,EQ,836,-4.4,1050.91,0.18,1.53
MAKEINDIA,EQ,142.74,-3.1,227.6,1.07,1.53
MENONBE,EQ,116.35,-1.49,652.03,1.34,1.53
SSEGL,SM,320,-5.94,831.31,0.46,1.52
CHEMICAL,EQ,25.49,-3.41,49.33,6.01,1.52
AHCL,EQ,113,-6.7,600.61,1.31,1.52
KINGFA,EQ,3932,-3.47,5328.4,0.04,1.51
ANDHRAPAP,EQ,60.39,-0.02,1200.86,2.53,1.51
RUSTOMJEE,EQ,371.8,-0.87,4693.36,0.41,1.51
SGBNV29VII,GB,13001,-9.76,4223.03,0.01,1.5
HARSHA,EQ,328,-3.7,2986.25,0.45,1.49
SHANTIGEAR,EQ,435,-1.23,3337.14,0.34,1.49
GUFICBIO,EQ,287.5,-2.33,2883.12,0.52,1.49
VINYAS,SM,862,-8.21,1084.8,0.17,1.48
DOLATALGO,EQ,69.45,-2.62,1222.32,2.08,1.46
DIVGIITTS,EQ,684,-2.98,2091.87,0.22,1.45
SGBMAR28X,GB,13000,-8.77,984.54,0.01,1.44
SBGLP,EQ,24.47,-3.78,424.35,5.98,1.44
GALAPREC,EQ,749,-0.12,958.54,0.19,1.43
SGBMAY26,GB,12999,-8.84,845.37,0.01,1.43
NILKAMAL,EQ,1121.1,-7.9,1672.96,0.12,1.42
AXISBPSETF,EQ,13.21,-0.08,1016.38,10.79,1.42
KABRAEXTRU,EQ,193,-7.63,674.98,0.72,1.42
ESTER,EQ,88.15,-3.68,860.22,1.57,1.42
DREAMFOLKS,EQ,64.8,-8.23,345.19,2.13,1.41
INDOAMIN,EQ,82.08,-7.01,595.8,1.67,1.4
ANDHRSUGAR,EQ,69.4,-2.2,940.62,2.02,1.39
BHARATWIRE,EQ,153.1,-6.79,1050.03,0.89,1.39
KRYSTAL,EQ,540.05,-2.37,754.56,0.26,1.39
BFUTILITIE,BZ,408.5,-3.15,1538.72,0.34,1.38
SGBJUL29IV,GB,13100,-9.01,3830.13,0.01,1.38
MUTHOOTCAP,EQ,178.59,-9.13,293.74,0.74,1.37
GOCLCORP,EQ,223.5,-5.42,1107.95,0.6,1.37
SENSEXBETA,EQ,798.7,-2.72,49434.35,0.17,1.36
EBBETF0431,EQ,1388.1,-0.29,13116.23,0.1,1.36
RML,EQ,676.1,-6.6,1868.55,0.2,1.36
RNFI,SM,250,-4.21,626.52,0.55,1.36
SUPREMEPWR,SM,155.25,-5.85,387.99,0.87,1.36
ASMS,EQ,7.55,-2.83,229.96,18.03,1.36
SHERA,SM,103,-7.25,251.73,1.3,1.35
CLSEL,EQ,222.4,-4.55,1105.9,0.6,1.35
OSELDEVICE,SM,501.05,-3.79,886.59,0.27,1.35
GLOBAL,EQ,93.75,-5.52,477.2,1.44,1.34
STUDDS,EQ,479,-2.37,1885.03,0.28,1.34
INDOBORAX,EQ,244,-0.07,783,0.55,1.33
INDIQUBE,EQ,135,-8.81,2861.53,0.97,1.33
STERTOOLS,EQ,168,-5.38,610.59,0.78,1.33
LIKHITHA,EQ,131.53,-7.2,518.89,0.98,1.32
IFBAGRO,EQ,725.1,-5,679.21,0.18,1.32
BOROSCI,EQ,102.02,-2.39,907.44,1.27,1.31
HCL-INSYS,EQ,10.89,-7.16,358.51,11.96,1.31
MANBA,EQ,109.85,-3.87,551.88,1.17,1.3
HERANBA,EQ,167,-6.91,668.22,0.76,1.3
SPECTRUM,EQ,1380,-4.21,2168.51,0.09,1.3
MAHASTEEL,BE,940,-0.91,1544.83,0.14,1.29
RSWM,EQ,127.95,-3.33,602.67,1.01,1.28
PROZONER,EQ,42.65,-4.8,650.85,2.97,1.28
SOUTHWEST,EQ,197.7,-3.11,589.74,0.65,1.28
SPENCERS,EQ,27.97,-5.12,252.1,4.52,1.28
ARROWGREEN,EQ,361.8,-4.4,545.88,0.35,1.27
KUANTUM,EQ,71.77,-7.55,626.29,1.75,1.27
AYMSYNTEX,EQ,177.79,-2.99,1041.51,0.69,1.26
MASTERTR,EQ,62.15,-9.63,764.54,1.95,1.24
SBIBPB,EQ,47.3,-4.92,1327.54,2.6,1.24
JINDWORLD,EQ,19.6,-8.07,1965.1,6.19,1.24
WORTHPERI,EQ,120,-4.87,189.01,1.01,1.24
SCML,SM,138.5,-1.6,159.41,0.89,1.23
SGBN28VIII,GB,13154,-8.13,2069.73,0.01,1.22
VIVIANA,SM,665.6,-0.87,673.91,0.19,1.22
MOMIDMTM,EQ,55.34,-3.86,26.7,2.19,1.22
SUNCLAY,EQ,1231.1,-4.54,2714.1,0.1,1.22
PAUSHAKLTD,EQ,382.1,-4.51,942.14,0.32,1.22
725GS2063,GS,97.6,-0.86,234240,1.24,1.22
GKSL,EQ,100.51,-5.37,792.45,1.17,1.2
BFINVEST,EQ,352,-5.1,1325.9,0.34,1.2
709GS2074,GS,95.55,-0.54,150969,1.25,1.2
MATRIMONY,EQ,409,-3.41,845.41,0.29,1.2
RISHABH,EQ,372.2,-3.99,1432.87,0.32,1.19
MIDSELIETF,EQ,15.75,-3.31,89.14,7.5,1.18
BAHETI,SM,498,-3.27,516.35,0.24,1.17
CONTROLPR,EQ,604.7,-2.87,967.17,0.19,1.17
STEELXIND,EQ,7.04,-4.86,878.04,16.43,1.17
CENTENKA,EQ,396,-5.07,865.28,0.29,1.17
ARIHANTSUP,EQ,203.8,-3.69,881.43,0.57,1.17
ESAFSFB,EQ,22.62,-1.91,1166.43,5.05,1.16
FOODSIN,EQ,51.06,-5.15,375.45,2.24,1.15
MUFTI,EQ,72.5,-2.83,473.93,1.57,1.15
DMCC,EQ,198.81,-9.3,495.83,0.56,1.15
SAURASHCEM,EQ,55.3,-6.89,615.42,2.04,1.14
OBSCP,SM,280,-4.52,684.67,0.4,1.13
UNIHEALTH,ST,376.3,-4.82,590.79,0.29,1.13
PANAMAPET,EQ,252.55,-3.83,1527.77,0.44,1.13
JUBLCPL,EQ,1505,-9.2,2280.45,0.07,1.13
MBLINFRA,EQ,20.26,-8.24,309.02,5.52,1.12
NV20IETF,EQ,13.39,-1.76,174.21,8.4,1.12
TNIDETF,EQ,76.42,-1.84,153.46,1.46,1.12
URJA,EQ,8.63,-4.54,453.47,12.83,1.12
SCHAND,EQ,140.41,-4.07,495.26,0.79,1.12
SARLAPOLY,EQ,78.9,-4.95,658.84,1.41,1.11
MID150,EQ,20.38,-1.55,21.56,5.51,1.1
BYKE,EQ,28.6,-13.02,149.52,3.69,1.1
RBMINFRA,SM,317,-3.06,320.27,0.35,1.1
AXISVALUE,EQ,30.99,-1.49,27.79,3.6,1.1
92GS2030,GS,114.45,-0.61,70826.87,0.95,1.09
VIESL,SM,219.25,-5.6,540.28,0.5,1.09
INM,SM,180,-0.55,251.83,0.61,1.09
KRISHCA,SM,162,-6.84,233.93,0.67,1.09
ARIHANTACA,SM,470,-6,284.59,0.23,1.08
RAMANEWS,EQ,29.1,-11.76,429.29,3.48,1.08
RADHIKAJWE,EQ,55.1,-4.59,650.18,1.93,1.08
FLYSBS,SM,392.6,-5,679.35,0.27,1.07
KRITI,EQ,59.3,-13.59,312.49,1.7,1.07
MAXIND,EQ,138.12,-4.85,725.45,0.77,1.07
DVL,EQ,203.01,-3.19,711.04,0.52,1.07
BAGDIGITAL,SM,103.5,-3.72,219.61,1.04,1.06
DENORA,EQ,676,-3.19,358.86,0.16,1.06
AUTOIND,EQ,56.44,-5.51,256.1,1.86,1.05
DELPHIFX,EQ,8.91,-9.82,218.53,11.46,1.05
MONTECARLO,EQ,496.5,-5.49,1029.35,0.21,1.05
BALAXI,EQ,17.2,-2.55,94.96,6.06,1.05
RBZJEWEL,EQ,111.06,-2.45,444.24,0.94,1.04
VSSL,EQ,218.85,-6.01,2115.97,0.46,1.04
GOACARBON,EQ,290,-5.03,265.38,0.36,1.04
HONDAPOWER,EQ,1999,-1.13,2027.6,0.05,1.04
AURUM,EQ,162.01,-5.09,1235.24,0.63,1.03
CUBEXTUB,EQ,81.01,-9.03,116,1.23,1.03
RAMAPHO,EQ,107,-7.62,378.63,0.95,1.03
TCPLPACK,EQ,2200,-5.77,2002,0.05,1.03
BETA,EQ,1075,-2.81,1089.72,0.1,1.03
LOKESHMACH,EQ,191.5,-3.44,382.94,0.53,1.02
IGCL,EQ,53.04,-9.55,335.34,1.87,1.02
MINDTECK,EQ,161.9,-4.76,517.34,0.62,1.02
IRISDOREME,EQ,28,-5.08,532.93,3.65,1.02
OMAXE,EQ,68,-5.62,1243.72,1.48,1.02
RELTD,EQ,123,-6.84,2196.22,0.81,1.02
NAHARCAP,EQ,211.84,-6.2,354.75,0.47,1.02
VLEGOV,EQ,10.1,-8.43,109.54,9.7,1.01
THEJO,EQ,1548,-0.49,1679.19,0.07,1.01
GLOTTIS,EQ,40.9,-5.21,377.93,2.45,1.01
RADIANTCMS,EQ,34.6,-3.24,369.21,2.94,1.01
RKSWAMY,EQ,76.5,-11.22,386.15,1.25,1.01
CGRAPHICS,SM,138.4,-4.55,336.12,0.72,1.01
ESPRIT,SM,62,-6.06,136.06,1.63,1
SINCLAIR,EQ,71.1,-3.84,364.46,1.39,1
KCK,SM,15.55,-19.85,98.9,5.78,0.99
AURIGROW,EQ,0.29,-3.33,42.81,341.2,0.99
SAHASRA,SM,221,-3.79,552.34,0.45,0.99
ORIENTPPR,EQ,15.1,-3.64,320.4,6.53,0.99
ONMOBILE,EQ,46.16,-6.33,490.78,2.07,0.98
AAREYDRUGS,EQ,62.36,-9.99,176.82,1.51,0.98
BIRLAMONEY,EQ,102.9,-8.08,581.48,0.93,0.98
SUNLITE,SM,330,-4.61,455.59,0.29,0.97
SETF10GILT,EQ,258.85,-0.42,3237.28,0.38,0.97
GGBL,SM,246,-3.43,610.1,0.39,0.97
SANGAMIND,EQ,412.2,-5.34,2071.16,0.23,0.97
CHEMCON,EQ,140.8,-3.93,515.76,0.69,0.96
SGBJUN30,GB,13710,-7.11,3506.83,0.01,0.96
KESORAMIND,EQ,7.95,-1.24,246.98,12.42,0.96
PSUBANKADD,EQ,82.4,-4.39,203.38,1.15,0.96
REXPIPES,SM,196,-0.51,185.22,0.51,0.96
MOENERGY,EQ,35.42,-1.83,55.82,2.72,0.95
ZIMLAB,EQ,60.7,-10.31,295.83,1.5,0.95
RPPINFRA,EQ,62.26,-7.8,308.72,1.5,0.95
MAGADSUGAR,EQ,442.55,-3.68,623.63,0.21,0.95
HESTERBIO,EQ,1339,-4.01,1139.07,0.07,0.95
702GS2031,GS,102,-0.51,65280,0.93,0.94
VILAS,SM,357.05,-7.36,874.06,0.26,0.94
MUKANDLTD,EQ,119.85,-5.17,1731.78,0.78,0.94
ABSLBANETF,EQ,52.54,-3.63,2394.33,1.77,0.94
SATIA,EQ,57,-4.65,570,1.62,0.93
BROOKS,EQ,45.62,-13.34,134.38,1.94,0.92
GUJAPOLLO,EQ,422.1,-5.57,498.08,0.21,0.92
RBS,SM,70,-14.16,160.03,1.25,0.92
RITCO,EQ,185.5,-5.55,530.95,0.48,0.91
SGIL,EQ,485,-3.13,753.84,0.19,0.91
OCCLLTD,EQ,83,-5.47,414.59,1.09,0.91
GROWWMETAL,EQ,10.34,-4.17,32.16,8.72,0.9
ACCENTMIC,SM,345,-3.74,827.62,0.26,0.9
KHAICHEM,EQ,46.8,-4.2,453.91,1.9,0.9
BALAJIPHOS,SM,100,-9.54,237.77,0.86,0.89
PRABHA,EQ,149.1,-5.27,2041.26,0.59,0.88
GHCLTEXTIL,EQ,72.33,-4.44,691.37,1.21,0.88
TCC,EQ,330,-7.99,1568.43,0.25,0.88
HILINFRA,EQ,45.8,-5,328.48,1.9,0.88
MADRASFERT,EQ,58.55,-3.48,943.25,1.49,0.88
BRIGHOTEL,EQ,57.2,-4.32,2172.7,1.51,0.88
UFO,EQ,59.31,-6.72,230.21,1.44,0.87
COMMOIETF,EQ,91,-4.84,106.61,0.94,0.87
FOSECOIND,EQ,4983.5,-5.02,3756.19,0.02,0.87
INVICTA,SM,67.5,-4.93,84.86,1.28,0.87
EVERESTIND,EQ,305,-6.37,483.6,0.28,0.86
NGLFINE,EQ,2027,-7.18,1252.29,0.04,0.86
JAYBEE,SM,80.5,-8.26,181.67,1.02,0.86
EMKAY,EQ,210,-5.69,544.13,0.41,0.86
VIDHIING,EQ,270.9,-3.09,1353.01,0.32,0.86
GSLSU,EQ,54.77,-5,232.13,1.56,0.86
NATHBIOGEN,EQ,132.5,-5.19,251.8,0.63,0.86
JAYESH,SM,144,-10.5,125.16,0.57,0.86
BLAL,EQ,160.4,-2.35,667.98,0.53,0.85
BALAJEE,EQ,23.8,-3.68,194.14,3.56,0.85
DBEIL,EQ,67.3,-7.91,313.49,1.25,0.85
YUKEN,EQ,638,-4.53,866.66,0.13,0.85
INNOVANA,EQ,344,-2.63,710.7,0.25,0.85
TRANSTEEL,SM,133,-6.54,293.82,0.62,0.84
LGHL,EQ,231.65,-12.04,1160.39,0.34,0.84
INFLUX,SM,210.5,-5.03,487.32,0.4,0.84
TECHLABS,SM,177.65,-4.97,307,0.46,0.84
NAHARSPING,EQ,201.51,-4.29,726.75,0.41,0.84
CHEMFAB,EQ,338.4,-5.26,486.41,0.24,0.83
YAAP,SM,141,-3.75,295.16,0.59,0.83
STEELCAS,EQ,216,-5.66,2185.92,0.38,0.83
TECHD,SM,480.3,-6.12,359.25,0.17,0.83
HDFCNIFIT,EQ,30.92,-0.16,111.15,2.67,0.83
XCHANGING,EQ,53.6,-5.47,597.12,1.52,0.82
DBOL,EQ,96.25,-2.68,638.98,0.86,0.82
INTLCONV,EQ,64.98,-6.83,414.45,1.23,0.82
GROWWEV,EQ,27.6,-0.07,240.63,3.04,0.82
PRESSTONIC,ST,32.6,-4.96,49.69,2.5,0.82
JINDALPOLY,EQ,909.4,-5,3981.94,0.09,0.82
AVG,EQ,159,-8.22,239.42,0.5,0.81
BBETF0432,EQ,1308,-0.64,10544.38,0.06,0.81
BHAGERIA,EQ,135.3,-4.33,590.51,0.59,0.81
MANCREDIT,EQ,166.1,-2.52,350.7,0.48,0.8
SGBJAN27,GB,12901,-9.47,314.28,0.01,0.8
MIDQ50ADD,EQ,213.81,-3.47,85.13,0.37,0.8
SGBDC27VII,GB,13000,-8.74,842.8,0.01,0.8
THOMASCOTT,EQ,267,-2.32,391.7,0.3,0.78
UNIENTER,EQ,89.81,-6.83,624.59,0.87,0.78
ITADD,EQ,30.6,-1.92,104.33,2.54,0.78
SOTL,EQ,320.05,-6.65,2194.28,0.24,0.78
GPECO,SM,317,-2.28,375.04,0.25,0.78
CHOICEGOLD,EQ,133.91,-7.72,47.54,0.58,0.78
SGBJAN29X,GB,13005.01,-9.55,1578.87,0.01,0.77
WSI,EQ,68.7,-0.81,521.17,1.14,0.77
FAIRCHEMOR,EQ,464,-5.94,584.45,0.16,0.77
MALLCOM,EQ,985,-4.67,614.64,0.08,0.77
VISAKAIND,EQ,56,-1.84,483.87,1.38,0.77
MAHEPC,EQ,105,-9.15,293.4,0.71,0.77
KOTHARIPET,EQ,104,-6.2,612,0.7,0.76
MUKKA,EQ,20.44,-3.27,613.2,3.69,0.76
ATMASTCO,SM,116.5,-9.93,288.16,0.62,0.76
EEPL,SM,117.25,-8.51,151.95,0.64,0.76
JKIPL,EQ,51,-1.12,195.77,1.51,0.76
SPCENET,EQ,3.56,-9.87,202.11,20.04,0.76
UNICHEMLAB,EQ,299,-4.58,2105.13,0.25,0.76
DCMSRIND,EQ,33.54,-5.04,291.77,2.21,0.75
TPLPLASTEH,EQ,57.2,-6.03,446.18,1.3,0.75
NDLVENTURE,EQ,113,-0.92,380.49,0.67,0.75
ZTECH,SM,490,-3.67,708.45,0.15,0.75
HDFCPVTBAN,EQ,24.82,-3.24,663.26,2.96,0.74
APS,SM,289.35,-4.17,583.33,0.25,0.74
CONNPLEX,SM,228.45,-4.07,436.34,0.32,0.74
ZEEMEDIA,BE,7.13,-3.39,445.93,10.36,0.73
DIVOPPBEES,EQ,75.48,-1.49,65.01,0.98,0.73
ALLETEC,SM,137,-3.59,276.66,0.53,0.73
PRIZOR,ST,375,-3.74,400.92,0.2,0.73
THEMISMED,EQ,71,-5.7,653.91,1.01,0.73
ABSMARINE,SM,159.95,-4.05,392.68,0.45,0.72
TERASOFT,EQ,318,-4.19,397.88,0.23,0.72
SICALLOG,BE,64.03,-1.4,510.86,1.12,0.72
TRACXN,EQ,30.24,-5.91,322.77,2.36,0.72
PATILAUTOM,SM,127.5,-7.61,278.22,0.55,0.72
LIBERTSHOE,EQ,231,-6.98,393.62,0.3,0.71
ALICON,EQ,598,-7.62,976.94,0.11,0.71
BASILIC,SM,174,-2.82,439.61,0.41,0.71
MUNJALAU,EQ,70.16,-5.37,701.6,0.99,0.71
INDOCO,EQ,183.2,-4.68,1691,0.38,0.7
MONOLITH,SM,395,-5.36,858.57,0.18,0.7
PENINLAND,EQ,14.8,-5.13,490.96,4.69,0.7
BMWVENTLTD,EQ,54.68,-6.11,474.16,1.25,0.7
CYBERTECH,EQ,102,-7.37,317.53,0.68,0.7
KCEIL,SM,111,-5.09,135.69,0.64,0.7
JITFINFRA,BE,300.3,-5,771.88,0.23,0.69
AONENIFTY,EQ,9.24,-2.33,18.2,7.48,0.69
BIGBLOC,EQ,46.5,-7.22,658.33,1.46,0.69
NIPPOBATRY,EQ,276.9,-5.78,207.68,0.25,0.69
SGBSEP27,GB,13004.7,-8.71,816.55,0.01,0.68
SESHAPAPER,EQ,241.5,-6.76,1523.1,0.28,0.68
MODISONLTD,EQ,114.53,-9.07,371.65,0.58,0.68
SURAKSHA,EQ,260,-0.12,1354.1,0.27,0.68
NAMOEWASTE,SM,146.7,-7.74,335.47,0.45,0.68
NEXT50ETF,EQ,62.8,-2.33,10.12,1.09,0.68
PVSL,EQ,85.26,-0.25,607.04,0.78,0.68
IVC,EQ,6.49,-6.08,203.81,10.67,0.68
SENSEXETF,EQ,74.53,-2.52,40.58,0.9,0.67
QNIFTY,EQ,247.4,-2.12,74.5,0.27,0.67
BASML,EQ,18.6,-7.05,148.65,3.48,0.67
SHALPAINTS,EQ,40.95,-8.41,342.8,1.6,0.67
AVPINFRA,SM,88.8,-3.53,221.82,0.74,0.67
ATL,EQ,21.35,-4.35,623.12,3.1,0.67
SBIETFPB,EQ,250,-2.87,370.97,0.27,0.67
SRHHYPOLTD,EQ,413.2,-4.03,709.25,0.16,0.67
VINSYS,SM,268,-9.15,393.37,0.24,0.66
STCINDIA,EQ,100,-6.91,600,0.65,0.66
AVANA,SM,64.1,-9.53,145.16,1.02,0.66
RUBYMILLS,EQ,200.91,-0.07,671.84,0.33,0.66
PVP,EQ,24.94,-0.64,649.45,2.61,0.66
SGBOCT27,GB,12944,-9.1,589.96,0.01,0.66
BELLACASA,EQ,256.1,-1.27,342.85,0.26,0.66
SWARAJ,ST,282.65,-2.82,622.35,0.23,0.66
PYRAMID,EQ,139.5,-5.23,513.15,0.47,0.66
SYSTANGO,SM,243,-4.31,356.45,0.27,0.66
GANDHITUBE,EQ,777,-3.26,944.21,0.08,0.65
VALIANTLAB,EQ,55.98,-8.38,304.04,1.13,0.65
MAWANASUG,EQ,81.01,-1.92,316.89,0.79,0.64
SGBOCT27VI,GB,12968.83,-9.18,899.01,0,0.64
CCCL,EQ,14.25,-4.81,636.63,4.49,0.64
TREJHARA,EQ,159.1,-3.97,373.97,0.4,0.64
URBAN,SM,117.95,-4.38,102.14,0.54,0.64
SASTASUNDR,EQ,280,-2.73,890.69,0.23,0.64
ASAL,EQ,404,-3.01,640.92,0.16,0.64
INTEGRITY,SM,105.5,-0.47,45.37,0.6,0.63
JEYYAM,SM,25.6,-12.63,121.59,2.32,0.63
ADDICTIVE,SM,70,-6.35,111.37,0.91,0.63
BESTAGRO,BE,13.8,-4.83,489.45,4.49,0.63
GFLLIMITED,EQ,41.75,-2.59,458.62,1.49,0.63
ESSARSHPNG,EQ,22.12,-6.23,457.83,2.8,0.63
TRANSWORLD,EQ,133.49,-1.26,293.11,0.48,0.63
BRANDMAN,SM,125,-9.55,230.71,0.49,0.62
73GS2053,GS,99,-0.9,193050,0.63,0.62
SIGNPOST,EQ,222.3,-5.42,1188.19,0.28,0.62
VSTL,EQ,107,-5.41,202.9,0.58,0.62
SONAMLTD,EQ,52.9,-1.54,211.77,1.16,0.61
INDOUS,EQ,103,-1.14,206.54,0.6,0.61
NDL,EQ,2.08,-6.73,299.83,29.14,0.61
EXCEL,EQ,1,-2.91,141.07,61.01,0.61
PASUPTAC,EQ,42.05,-5.68,374.8,1.44,0.61
PHANTOMFX,SM,175.2,-4.26,278.97,0.34,0.61
PONNIERODE,EQ,262,-4.73,225.28,0.23,0.61
SPECIALITY,EQ,89.26,-7.49,430.55,0.67,0.61
KRONOX,EQ,103.8,-6.19,385.14,0.57,0.6
BTML,EQ,5.8,-10.36,104.69,10.07,0.6
PANACHE,BE,295,-4.99,472.41,0.2,0.6
MOLDTECH,EQ,114.95,-6.71,331.11,0.51,0.6
MNC,EQ,28.4,-4.34,38.36,2.11,0.6
NURECA,EQ,221,-7.05,210.88,0.27,0.6
VIPCLOTHNG,EQ,16.69,-3.53,150.43,3.57,0.6
MEDICO,EQ,33.51,-12.16,278.08,1.65,0.6
724GS2055,GS,97.55,-1.45,76089,0.61,0.59
GANESHIN,SM,73.75,-4.96,315.07,0.78,0.59
PRIMECAB,SM,71.4,-4.1,130.83,0.82,0.59
ESFL,SM,121.5,-3.8,301.79,0.49,0.59
AFFORDABLE,EQ,138,-2.88,155.2,0.42,0.58
MOS,SM,11.65,-9.69,299.92,4.96,0.58
HDFCPSUBK,EQ,83.14,-3.91,30.12,0.7,0.58
BAJAJINDEF,EQ,222,-4.66,710.4,0.26,0.57
DENTALKART,SM,384,-3.58,665.73,0.15,0.57
SUDARCOLOR,EQ,283.1,-9.36,653.45,0.19,0.57
PELATRO,SM,272.5,-10.6,288.78,0.2,0.57
NOVAAGRI,EQ,20.99,-7.61,194.2,2.59,0.57
SGBJUL27,GB,12990,-8.96,696.2,0,0.57
IEML,SM,69.9,-4.44,128.15,0.8,0.57
IWARE,ST,247,-4.98,264.69,0.23,0.57
734GS2064,GS,99.25,-0.93,237207.5,0.57,0.57
MIDCAPADD,EQ,19.5,-3.85,4.68,2.9,0.57
JHS,EQ,6.71,-15.38,57.44,8.04,0.56
BPL,EQ,44.65,-5.2,218.68,1.25,0.56
ANUHPHR,EQ,70.35,-5.33,705.08,0.77,0.56
GROWWCAPM,EQ,9.02,-3.74,20.32,6.2,0.56
SHREEKARNI,SM,332,-6.64,239.99,0.16,0.56
741GS2036,GS,103.71,-1.06,155565,0.52,0.55
SHRIAHIMSA,SM,235,-2.16,550.63,0.23,0.54
764NABAR31,N2,1078.1,-0.56,1896.09,0.05,0.54
HTMEDIA,EQ,19.7,-3.15,359.83,2.74,0.54
OAL,EQ,241.6,-4.37,813.07,0.22,0.54
SHARIABEES,EQ,438.5,-1.88,48.35,0.12,0.54
EMULTIMQ,EQ,36.7,-3.65,32.18,1.46,0.54
NECLIFE,EQ,10.42,-4.93,202.42,5.09,0.53
SMARTEN,SM,48,-7.69,91.2,1.09,0.53
PRLIND,SM,50,-7.41,114.31,1.05,0.53
VGINFOTECH,SM,115,-3.32,285.99,0.45,0.53
HLVLTD,EQ,6.65,-3.9,438.41,8.07,0.53
OSWALGREEN,EQ,22.7,-8.84,582.96,2.25,0.53
VIKASLIFE,EQ,1.23,-3.91,228.49,43.37,0.53
GROWWNET,EQ,8.16,-2.16,25.04,6.55,0.53
IFGLEXPOR,EQ,136.02,-5.97,980.41,0.38,0.53
PLASTIBLEN,EQ,126.2,-5.69,327.98,0.4,0.52
RANASUG,EQ,10.76,-7.4,165.24,4.72,0.52
CORDSCABLE,EQ,138.52,-6.64,179.08,0.37,0.52
RELIABLE,EQ,113,-7.19,116.62,0.45,0.51
EVIETF,EQ,26.8,-3.49,42.88,1.9,0.51
AFIL,BE,8.05,-4.96,343.53,6.26,0.51
NIFTY100EW,EQ,31.2,-0.38,9.81,1.66,0.51
SBIETFQLTY,EQ,201,-1.97,70.67,0.25,0.51
KOKUYOCMLN,EQ,73.01,-5.11,732.32,0.68,0.5
VIRINCHI,EQ,15.96,-4.14,163.82,3.11,0.5
CONSUMER,EQ,9.78,-4.02,43.98,5.08,0.5
TREL,EQ,24.21,-3.97,594.83,2.05,0.5
REPRO,EQ,349.9,-4.43,501.94,0.14,0.5
PRIMO,EQ,16.62,-8.18,402.77,2.83,0.5
SGBMAR30X,GB,13300,-9.49,2047.79,0,0.5
HPAL,EQ,29.25,-4.91,268.73,1.65,0.49
ALLDIGI,EQ,720.1,-1.87,1097.31,0.07,0.49
CIFL,EQ,23.9,-6.75,934.62,1.99,0.49
NETF,EQ,243.84,-3.59,663.69,0.2,0.49
RSSOFTWARE,EQ,25.97,-5.18,67.08,1.87,0.49
KCPSUGIND,EQ,22.98,-3.53,260.56,2.12,0.49
ASAHISONG,EQ,200,-3.34,235.75,0.25,0.49
MAANALU,BE,129.3,-5,775.6,0.38,0.49
INTENTECH,EQ,76.3,-9.15,180.25,0.62,0.49
KANPRPLA,EQ,155.66,-12.83,373.78,0.31,0.49
BANSWRAS,EQ,106.9,-4.88,365.94,0.46,0.49
AMJLAND,EQ,35.15,-8.06,144.12,1.34,0.48
SGBFEB29XI,GB,13035,-9.98,1600.59,0,0.48
KANORICHEM,EQ,58.5,-7.11,255.61,0.81,0.48
QUAL30IETF,EQ,19.07,-2.21,150.53,2.54,0.48
SWANDEF,BE,1954.3,-5,10295.67,0.02,0.48
NARMADA,EQ,31.3,-3.69,118.74,1.54,0.48
SOLARAPP1,E1,285,-4.79,335.19,0.17,0.48
MUNJALSHOW,EQ,116.38,-3.39,465.3,0.41,0.48
ADVANIHOTR,EQ,48,-7.21,443.7,0.96,0.47
KAPSTON,BE,278,-1.45,846.01,0.17,0.47
ABSLPSE,EQ,10.05,-2.05,21.51,4.76,0.47
NILAINFRA,EQ,6.85,-3.25,269.81,6.92,0.47
KRISHIVAL,EQ,310.85,-2.89,796.66,0.15,0.47
SBIETFIT,EQ,321.2,-0.46,66.04,0.15,0.47
ALPHAGEO,EQ,178,-3.73,113.29,0.26,0.47
JAYSREETEA,EQ,76.84,-4.68,221.89,0.6,0.47
ALBERTDAVD,EQ,639,-2.96,364.69,0.07,0.46
UNITEDPOLY,EQ,26.64,-4.99,611.43,1.7,0.46
830NHAI27,N2,1059,-0.37,3476.72,0.04,0.46
WTICAB,SM,89,-10.24,211.93,0.49,0.46
GULFPETRO,EQ,27.05,-4.21,137.91,1.68,0.46
COASTCORP,EQ,42.41,-1.99,284.05,1.06,0.45
GROWWMOM50,EQ,9.48,-0.84,21.62,4.9,0.45
IRIS,EQ,218.2,-3.69,448.8,0.2,0.45
VISHWARAJ,EQ,4.56,-6.37,99.33,9.64,0.45
MMP,EQ,206.8,-4.99,525.33,0.21,0.45
MIRZAINT,EQ,27.62,-5.89,381.71,1.59,0.45
INTERNET,EQ,10.87,-3.12,18.8,4.07,0.45
SYSTMTXC,EQ,57.25,-4.65,781.68,0.76,0.44
VLSFINANCE,EQ,214,-4.4,671.5,0.2,0.44
MAYASHEEL,SM,46,-0.97,101.43,1.02,0.44
DIAMINESQ,EQ,215,-3.19,210.36,0.2,0.44
AVTNPL,EQ,56,-5.07,852.79,0.77,0.44
TTKHLTCARE,EQ,795,-2.03,1123.36,0.05,0.44
CONSUMIETF,EQ,107.7,-2.49,51.02,0.4,0.43
DEVX,EQ,36,-4.69,324.68,1.18,0.43
AXITA,BE,8.66,-2.15,331.29,5.02,0.43
CHEVIOT,EQ,948.7,-3.74,554.22,0.04,0.43
MOTOUR,EQ,66.5,-3.64,8.81,0.65,0.43
710GS2029,GS,103.79,-0.94,156722.9,0.41,0.43
A2ZINFRA,BE,15.98,-3.5,281.44,2.67,0.43
EMAMIREAL,EQ,52,-13.48,227.94,0.78,0.43
VETO,EQ,91.39,-2.01,174.69,0.47,0.42
MODIS,EQ,295,-6.82,577.94,0.14,0.42
NRL,EQ,48.5,-3.08,334.98,0.87,0.42
SGBFEB27,GB,13039,-8.5,270.41,0,0.42
ACL,EQ,47.99,-9.09,442.33,0.83,0.42
ANNAPURNA,SM,149.5,-6.36,326.21,0.28,0.42
75GS2034,GS,104,-1.89,99945.18,0.39,0.41
PURPLEUTED,SM,277.95,-4.99,267.1,0.15,0.41
GSMFOILS,SM,192.2,-4.47,270.86,0.21,0.41
AARON,EQ,137,-0.54,286.97,0.31,0.41
GROWWRLTY,EQ,7.59,-2.94,11.77,5.42,0.41
PIGL,EQ,95.49,-4.89,170.29,0.42,0.4
PUSHPA,SM,87,-5.18,210.74,0.46,0.4
WEL,EQ,127.8,-4.63,1712.62,0.31,0.4
930AEL30,NF,1057,-0.28,237.02,0.04,0.4
RUCHIRA,EQ,100.9,-1.97,301.14,0.39,0.4
KRITIKA,EQ,5.45,-6.68,145.12,7.08,0.4
MOMENTUM,EQ,28.75,-0.93,42.03,1.43,0.4
HIGREEN,SM,113,-6.22,282.39,0.34,0.39
SGBJUN27,GB,13099,-8.14,602.28,0,0.39
OPTIVALUE,SM,76.95,-3.75,180.15,0.51,0.39
TEXMOPIPES,EQ,37.73,-6.77,110.15,1.01,0.39
VINYLINDIA,EQ,180.1,-6.74,330.25,0.21,0.39
PROV,SM,1140,-3.39,393.69,0.03,0.39
AARTISURF,EQ,336.2,-4.72,284.59,0.11,0.39
PPAP,EQ,190.1,-3.88,268.33,0.2,0.39
GROWWSC250,EQ,8.14,-4.01,13.01,4.72,0.39
SPUNWEB,SM,82,-3.87,197.65,0.47,0.39
KAVDEFENCE,BE,57.64,-4.99,198.13,0.66,0.39
875NHAI29,N6,1080,-0.39,1284.99,0.04,0.39
FCSSOFT,EQ,1.36,-5.56,232.5,27.92,0.39
UCAL,EQ,91.8,-5.73,203,0.41,0.38
NHIT,IV,153.5,-0.03,29730.66,0.25,0.38
VOLERCAR,SM,218,-7.43,242.93,0.18,0.38
REPL,EQ,62.29,-11.57,112.89,0.59,0.38
RAJSREESUG,EQ,26.26,-7.24,87.01,1.46,0.38
HDFCBSE500,EQ,33.99,-1.25,19.83,1.14,0.38
DEVIT,EQ,25.6,-7.18,144.22,1.48,0.38
PUNJABCHEM,EQ,975,-4.63,1195.56,0.04,0.38
ORIENTBELL,EQ,255,-7.31,375.12,0.14,0.38
LTGILTCASE,EQ,29.7,-0.77,105.44,1.26,0.37
SHAH,EQ,4.4,-5.38,389.49,8.32,0.37
INFOLLION,SM,283,-2.8,274.7,0.13,0.37
VIKASECO,EQ,1.2,-4.76,212.24,30.92,0.37
SGBJ28VIII,GB,12989.99,-9.49,678.23,0,0.37
AVONMORE,EQ,11.39,-5.71,321.41,3.18,0.37
SIGMA,EQ,38.8,-2.14,398.77,0.96,0.37
FRESHARA,ST,175,-4.32,411.24,0.21,0.37
GLOBECIVIL,EQ,40.72,-5.46,243.18,0.89,0.37
MONEYBOXX,EQ,58.5,-6.02,382.64,0.63,0.37
GRPLTD,EQ,1799,-2.65,959.47,0.02,0.37
DSFCL,EQ,21,-4.37,182.68,1.7,0.36
OMAXAUTO,EQ,93.85,-4.43,200.57,0.39,0.36
VRAJ,EQ,109,-0.8,359.51,0.34,0.36
ALANKIT,EQ,7.14,-5.31,193.61,4.99,0.36
DIGIKORE,SM,67.4,-10.85,85.37,0.5,0.36
RADIOCITY,EQ,4.97,-5.51,171.81,7.11,0.36
ORBTEXP,EQ,144.01,-3.23,381.79,0.25,0.36
SGBDEC26,GB,12900,-9.46,268.17,0,0.36
CSSL,SM,107,-6.92,257.3,0.33,0.35
ZEELEARN,EQ,4.96,-2.55,162.22,7.09,0.35
SHETHJI,SM,118.3,-0.5,269.25,0.3,0.35
DONEAR,EQ,83.86,-2.49,436.07,0.42,0.35
VERTOZ,EQ,35.05,-6.83,298.73,0.98,0.35
GCSL,BE,301.8,-3.81,683.26,0.11,0.34
TAURIAN,SM,202,-2.42,179.44,0.17,0.34
ZODIAC,EQ,242,-4.23,365.99,0.14,0.34
CENTEXT,EQ,18,-3.69,144,1.9,0.34
CCHHL,EQ,11.16,-8.82,182.43,2.91,0.34
TECH,EQ,31.53,-0.35,109.94,1.08,0.34
REMUS,SM,603.1,-7.26,710.69,0.06,0.34
SHREERAMA,EQ,42.35,-4.83,565.24,0.78,0.34
ABSLNN50ET,EQ,65.1,-2.78,90.59,0.52,0.33
GOKUL,EQ,39.4,-8.2,390.04,0.83,0.33
SAKUMA,EQ,1.36,-6.85,213.21,24.16,0.33
RACE,EQ,100.05,-2.47,172.66,0.33,0.33
MIDCAPBETA,EQ,197.5,-2.92,12.58,0.17,0.33
SALSTEEL,BE,34.83,-4.99,362.99,0.95,0.33
ASHIMASYN,EQ,13,-7.6,249.16,2.48,0.33
EQUAL50,EQ,298.37,-2.99,135.24,0.11,0.33
HINDCOMPOS,EQ,378,-4.21,558.27,0.09,0.33
MOHEALTH,EQ,42.11,-1.96,40.49,0.79,0.33
INDOWIND,EQ,8.48,-3.96,136.53,3.87,0.33
XELPMOC,EQ,90,-0.34,132.84,0.36,0.33
764HUDCO31,N8,1085,-0.87,603.42,0.03,0.33
HILTON,EQ,14.5,-7.29,50.31,2.2,0.32
FAZE3Q,BE,393,-3.58,955.74,0.08,0.32
RCOM,BE,0.86,-3.37,237.84,37.61,0.32
CANARYS,SM,17.05,-6.06,100.16,1.84,0.32
JAINAM,SM,173,-4.45,202.6,0.18,0.32
SVLL,EQ,501.2,-1.05,576.06,0.06,0.32
GCHOTELS,SM,83,-1.19,206.83,0.39,0.32
BANARISUG,EQ,3600,-0.08,4514.29,0.01,0.32
717GS2030,GS,103.91,-0.66,107027.3,0.3,0.32
TRIGYN,EQ,45.8,-4,141,0.69,0.31
ECAPINSURE,EQ,21.55,-3.79,14.67,1.45,0.31
NAGAFERT,EQ,3.88,-2.27,232.05,8.05,0.31
SAAKSHI,SM,185,-3.14,326.64,0.17,0.31
HITECHGEAR,BE,580,-3.87,1091.19,0.05,0.31
PSRAJ,SM,276,-0.36,208.06,0.12,0.31
DYNAMIC,SM,87.5,-7.85,120.28,0.35,0.3
CLEDUCATE,BE,44.42,-4.98,240.86,0.66,0.3
MCL,BE,58.12,-4.99,157.75,0.51,0.3
GINNIFILA,EQ,35.5,-6.36,304.06,0.83,0.3
APRAMEYA,SM,210,-3.54,399.84,0.14,0.3
VMSTMT,EQ,39.67,-3.99,196.89,0.74,0.3
LINC,EQ,97.59,-5.13,580.55,0.3,0.29
733GS2026,GS,101,-1.94,46460,0.29,0.29
BBTCL,EQ,165,-2.94,338.44,0.17,0.29
ARCHIDPLY,EQ,67.66,-2.44,134.41,0.43,0.29
FORGEAUTO,SM,75,-3.85,81.9,0.38,0.29
JAYAGROGN,EQ,166,-0.95,498,0.17,0.29
VASWANI,EQ,51.8,-0.71,162.37,0.55,0.28
NIFTYBETF,EQ,230.45,-2.8,161.56,0.12,0.28
PLAZACABLE,EQ,31.54,-4.97,137.99,0.89,0.28
NEPTUNE,ST,188,-4.2,425.89,0.15,0.28
GATECH,EQ,0.45,-2.17,49.62,62.85,0.28
732GS2030,GS,104,-0.76,72800,0.27,0.28
THEINVEST,EQ,96,-5.13,501.53,0.3,0.28
NAHARPOLY,EQ,220.06,-7.35,541.08,0.12,0.28
851HUDCO28,NB,1096.8,-0.38,876.64,0.03,0.28
ORIENTCER,EQ,36.5,-5.56,436.68,0.74,0.28
EFACTOR,SM,169,-7.02,221.92,0.16,0.28
GENUSPAPER,EQ,10.21,-4.76,262.53,2.68,0.27
MAHAPEXLTD,EQ,53,-6.11,75,0.51,0.27
CROWN,EQ,111,-4.83,128.65,0.24,0.27
935MOFSL29,N5,1060,-3.02,86.9,0.03,0.27
VISHNUINFR,SM,138,-3.9,339.61,0.19,0.27
OMFREIGHT,EQ,67.35,-4.62,226.8,0.4,0.27
FLEXIADD,EQ,9.15,-0.22,11.77,3.01,0.27
ESCONET,SM,105,-4.98,138.56,0.26,0.27
DCCL,SM,35,-2.78,49.97,0.78,0.27
GTL,EQ,6.07,-4.56,95.48,4.35,0.27
WOMANCART,SM,150.45,-8.98,106,0.17,0.27
CHEMBONDCH,EQ,118.05,-7.77,317.51,0.22,0.27
TANKUP,ST,441.1,-4.88,233.56,0.06,0.27
AJOONI,EQ,4.05,-4.93,69.76,6.49,0.27
810IRFC27,N2,1057.4,-0.05,3273.12,0.03,0.27
865IRFC29,NA,1172,-0.42,806.76,0.02,0.27
ENIL,EQ,105,-0.81,500.54,0.25,0.27
GSEC5IETF,EQ,64.44,-0.03,20.55,0.41,0.26
E2ERAIL,SM,173.85,-4.21,300.02,0.15,0.26
VERTIS,IV,105.5,-0.94,15930.33,0.25,0.26
AAKASH,BE,8.48,-4.93,85.86,3.1,0.26
MARUSHIKA,SM,93,-5.87,79.39,0.29,0.26
850NHAI29,N5,1075,-1.79,1861.93,0.02,0.26
PRITIKAUTO,EQ,11.25,-6.87,187.33,2.3,0.26
ROSSELLIND,EQ,44.66,-4.67,168.35,0.58,0.26
ESSENTIA,EQ,1.21,-3.2,129.19,21.61,0.26
MEGATHERM,SM,187.35,-3.75,352.98,0.14,0.26
NRVANDANA,SM,49.5,-14.29,115.31,0.51,0.26
GREENCHEF,SM,43.35,-8.83,100.88,0.58,0.26
SGBOCT26,GB,12913,-9.6,403.61,0,0.26
TWCGOLDETF,EQ,134,-8.04,21.24,0.19,0.26
KDL,ST,112.5,-4.98,135.27,0.23,0.25
MYMUDRA,SM,72,-4.32,82.02,0.34,0.25
IMPAL,EQ,979,-1.67,1221.79,0.03,0.25
ASHWINI,SM,138,-4.17,207,0.18,0.25
SUTLEJTEX,EQ,27.15,-7.05,444.79,0.9,0.25
SINGERIND,EQ,67.88,-3.11,422.34,0.36,0.25
SHIVAMAUTO,EQ,14.91,-6.4,196.06,1.62,0.25
MASON,SM,131,-7.09,313.61,0.18,0.25
SANDESH,EQ,880,-6.06,666.11,0.03,0.25
10IIFL28A,NE,975,-0.61,267.82,0.02,0.25
GREENLEAF,SM,65,-8.39,38.54,0.37,0.25
RNPL,SM,136,-2.68,155.02,0.18,0.24
82IGT31,NJ,1077,-0.43,645.32,0.02,0.24
SBIMIDMOM,EQ,54.67,-3.82,6.71,0.44,0.24
SGBFEB28IX,GB,12916,-9.8,524.33,0,0.24
PAVNAIND,EQ,16.9,-6.68,235.81,1.36,0.24
SHANKARA,BE,104.65,-3.67,253.77,0.23,0.24
KAMOPAINTS,EQ,4.2,-2.1,132.03,5.86,0.24
VICTORYEV,SM,14.3,-3.7,34.45,1.71,0.24
BANKPSU,EQ,82.58,-4.17,55.88,0.29,0.24
PARTH,SM,316.75,-1.11,432.93,0.08,0.24
HARRMALAYA,EQ,165.2,-5.32,304.88,0.14,0.24
10NIDO26,N6,1052.01,-0.57,367.37,0.02,0.23
CHAVDA,SM,88,-8.33,287.37,0.26,0.23
SINTERCOM,EQ,65.6,-15.88,180.58,0.31,0.23
PIONEEREMB,EQ,22.8,-8.54,70.24,0.97,0.23
ISFT,EQ,58.48,-10.98,95.39,0.37,0.23
UNIONGOLD,EQ,131.65,-8.61,285.14,0.17,0.23
JAINIK,SM,110.2,-5,158.11,0.2,0.23
SHIVASHRIT,SM,116,-1.74,211.92,0.2,0.23
DUCOL,SM,105,-4.55,170.67,0.22,0.23
VGL,EQ,54.88,-4.36,282.79,0.4,0.23
GEEKAYWIRE,EQ,20.55,-1.96,214.79,1.11,0.23
ELDEHSG,EQ,780,-3.9,766.97,0.03,0.22
KMSUGAR,EQ,24.95,-3.07,229.54,0.9,0.22
RVHL,EQ,32.16,-8.45,197.22,0.66,0.22
JAIPURKURT,EQ,26.5,-7.41,50.59,0.83,0.22
709GS2054,GS,96,-0.36,142080,0.23,0.22
DHUNINV,EQ,740.65,-3.43,451.59,0.03,0.22
SSDL,EQ,53.5,-4.86,211.86,0.4,0.22
TICL,EQ,24.33,-5,377.12,0.9,0.22
RKEC,EQ,31.35,-8.44,80.95,0.69,0.22
CINELINE,EQ,84.85,-3.59,290.75,0.26,0.22
ELGNZ,SM,62,-6.34,140.12,0.35,0.22
HEXATRADEX,EQ,158,-1.04,872.87,0.14,0.22
MOLOWVOL,EQ,34.26,-3.76,63.52,0.63,0.22
ALUWIND,SM,55.6,-4.63,138.15,0.39,0.21
MODINATUR,EQ,286.2,-4.49,380.83,0.07,0.21
SMALLADD,EQ,14.5,-1.96,3.1,1.47,0.21
BHARATGEAR,EQ,92.11,-6.11,141.44,0.22,0.21
737GS2028,GS,104.15,-1,78112.5,0.2,0.21
RAPPID,SM,255,-2.21,132.4,0.08,0.21
PRAKASHSTL,EQ,4.06,-1.93,71.05,5.07,0.21
JOCIL,EQ,107.05,-3.11,95.07,0.19,0.21
DEEM,SM,34.15,-4.61,28.47,0.61,0.21
HDFCVALUE,EQ,126,-0.3,33.03,0.17,0.21
ANLON,SM,349,-5.16,218.31,0.06,0.21
BHANDARI,EQ,2.42,-5.1,58.09,8.54,0.21
SHEETAL,ST,230,-1.29,263.49,0.09,0.21
SUPERHOUSE,EQ,130.5,-6.59,143.88,0.16,0.21
BEWLTD,SM,78.55,-4.21,102.69,0.26,0.21
MANORG,EQ,400,-0.06,342.58,0.05,0.21
GLOBE,EQ,2.25,-6.64,101.34,8.97,0.21
ZODIACLOTH,EQ,61.66,-7.36,169.31,0.33,0.21
SOMICONVEY,EQ,92.03,-7.96,108.41,0.22,0.2
OILCOUNTUB,EQ,38.75,-6.4,201.46,0.51,0.2
SURANAT&P,EQ,16.98,-1.51,230.52,1.2,0.2
HMVL,EQ,61.7,-2.33,454.55,0.32,0.2
SAHAJSOLAR,SM,108.8,-7.8,239.06,0.18,0.2
DPWIRES,EQ,140.9,-1.53,218.4,0.14,0.2
AARTECH,EQ,44.15,-5.32,140.27,0.44,0.2
SHYAMDHANI,SM,59.6,-1.57,123.11,0.34,0.2
897MOFSL29,N4,1002,-0.89,95.33,0.02,0.2
FELIX,SM,165.7,-2.33,285.11,0.12,0.2
739NHAI31A,ND,1115,-0.27,2098.56,0.02,0.2
MAGNUM,EQ,16.46,-9.06,112.61,1.13,0.2
SUKHJITS,EQ,155.5,-4.35,485.84,0.13,0.19
AARVI,EQ,125.68,-3.43,186.14,0.15,0.19
PRITIKA,SM,49.8,-6.74,131.3,0.38,0.19
BHADORA,SM,59.95,-3.31,111.51,0.34,0.19
SHYAMCENT,EQ,4.27,-4.9,90.6,4.48,0.19
STARTECK,EQ,239.3,-4.95,237.15,0.08,0.19
AAATECH,EQ,90.37,-2.83,115.92,0.21,0.19
VAISHALI,EQ,5.7,-4.68,74.36,3.24,0.19
KNAGRI,EQ,167,-2.39,417.48,0.11,0.19
DPSCLTD,EQ,7.64,-4.02,743.98,2.51,0.19
FINBUD,SM,106.95,-7,203.73,0.17,0.19
SDL26BEES,EQ,136.8,-0.11,4309.06,0.14,0.19
VARDMNPOLY,BE,7.31,-4.94,335.45,2.5,0.19
82HUDCO27,N2,1025.5,-0.05,2582.44,0.02,0.19
UMAEXPORTS,EQ,19.75,-5.91,66.77,0.92,0.19
79NHIT47,N3,419,-0.95,628.5,0.04,0.18
KRITINUT,EQ,59,-7.12,295.61,0.3,0.18
RADIOWALLA,SM,27.2,-9.93,19.17,0.66,0.18
PRATHAM,SM,115,-1.88,209.44,0.16,0.18
WELINV,EQ,1190.5,-6.56,435.07,0.02,0.18
PRIMESECU,EQ,266,-5.52,901.75,0.07,0.18
925ISF28,N0,9800,-0.83,171.5,0,0.18
SPCL,SM,69,-5.02,166.4,0.26,0.18
VISAMAN,ST,99,-4.26,198.37,0.18,0.18
LORDSCHLO,EQ,113.15,-5.02,284.62,0.16,0.18
ROCKINGDCE,ST,152.5,-4.98,86.3,0.12,0.18
NEXT30ADD,EQ,37.94,-1.99,40.75,0.48,0.18
SKP,SM,143.1,-5.29,237.55,0.12,0.18
RUBFILA,EQ,59.73,-2.19,324.14,0.3,0.18
USK,BE,21.89,-3.86,121.18,0.79,0.18
KALYANIFRG,EQ,531,-4.24,193.18,0.03,0.18
NEPHROCARE,SM,57.95,-8.81,95.54,0.3,0.18
GVPTECH,EQ,5.9,-11.94,108.58,2.9,0.18
KOHINOOR,EQ,21.9,-3.48,81.19,0.81,0.18
PRECOT,BE,470,-2.85,564,0.04,0.18
GVKPIL,BE,2.55,-1.92,402.55,6.92,0.18
SCPL,BE,285.9,-4.99,300.19,0.06,0.18
PRAENG,EQ,18.1,-6.85,126.58,0.94,0.18
POSITRON,SM,122.65,-4.74,93.22,0.14,0.18
UMIYA-MRO,EQ,74.71,-7.7,139.59,0.23,0.17
SHREEOSFM,SM,68,-9.33,104.74,0.24,0.17
SAKHTISUG,EQ,13.95,-5.36,165.79,1.23,0.17
DUCON,EQ,2.78,-5.12,90.33,6.03,0.17
AKSHOPTFBR,EQ,4.41,-4.13,71.75,3.88,0.17
MDL,SM,52,-7.8,92.25,0.33,0.17
NAVKARURB,EQ,0.83,-4.6,93.13,20.63,0.17
MANAKSTEEL,EQ,48,-8.27,314.56,0.35,0.17
MANUFGBEES,EQ,144.11,-1.63,11.57,0.12,0.17
DTL,SM,93,-11.22,76.82,0.18,0.17
OSWALAGRO,EQ,39.97,-5.01,536.54,0.42,0.17
NIRAJ,EQ,23.14,-9.01,138.13,0.69,0.17
PTL,EQ,36.8,-2.36,487.15,0.45,0.17
TBI,SM,59.45,-3.41,107.95,0.28,0.17
AKI,EQ,4.41,-3.92,45.51,3.67,0.17
CREST,EQ,318.25,-3.63,905.41,0.05,0.17
OSIAHYPER,EQ,4.75,-4.81,84.06,3.48,0.17
EMAMIPAP,EQ,65.5,-4.04,396.27,0.25,0.16
930APMD30,N0,102435,-0.85,1024.34,0,0.16
STUDIOLSD,SM,9.65,-1.03,50.08,1.72,0.16
MADHAV,EQ,32.9,-4.03,29.44,0.5,0.16
XTGLOBAL,EQ,29.7,-0.93,398.35,0.56,0.16
SATTVAENGG,SM,46.15,-1.6,80.62,0.35,0.16
690GS2065,GS,94.1,-0.69,175967,0.17,0.16
SNXT30BEES,EQ,37.6,-2.01,4.68,0.43,0.16
NINSYS,EQ,282.5,-2.65,524.77,0.05,0.16
ITBETA,EQ,303.02,-0.46,5.22,0.05,0.16
ROXHITECH,SM,28,-7.89,64.23,0.56,0.16
DELAPLEX,SM,91,-3.7,82.9,0.17,0.16
TIPSFILMS,EQ,288.2,-7.83,124.59,0.05,0.16
CHEMBOND,EQ,120.14,-4.89,161.57,0.13,0.16
MAHESHWARI,EQ,42.51,-3.67,125.82,0.36,0.16
MURUDCERA,EQ,28.45,-3.2,172.25,0.54,0.16
TPHQ,EQ,0.47,-4.08,51.52,32.2,0.15
ARCIIL,SM,43.7,-2.89,45,0.35,0.15
STEELCITY,EQ,73.8,-7.61,111.49,0.2,0.15
SIKKO,EQ,4.54,-4.22,198.31,3.32,0.15
BLBLIMITED,BE,15.78,-5,83.42,0.95,0.15
ALMONDZ,EQ,13.62,-4.82,236.51,1.11,0.15
CURIS,SM,88.8,-2.84,71.79,0.17,0.15
DHARARAIL,SM,100.8,-1.32,152.05,0.15,0.15
IPSL,SM,211,-15.23,181.6,0.07,0.15
HECPROJECT,EQ,101,-6,109.47,0.14,0.15
INVENTURE,EQ,0.98,-2,102.9,15.25,0.15
SAJHOTELS,SM,40,-3.61,64.5,0.38,0.15
MANAKSIA,EQ,47,-6.26,308.01,0.31,0.15
GOLDTECH,EQ,36.95,-7.16,193.11,0.39,0.15
MEGASTAR,EQ,246.5,-1.45,278.39,0.06,0.15
SPECTSTM,SM,55.95,-8.58,129.21,0.26,0.15
10IIFL28,N4,1033,-0.19,240.4,0.01,0.15
STARPAPER,EQ,126.85,-3.13,197.99,0.12,0.15
MAHICKRA,ST,195,-0.96,158.38,0.07,0.15
EMMIL,SM,124.9,-4.18,141.47,0.12,0.15
EMMBI,EQ,71,-6.95,136.61,0.2,0.15
DIVIDEND,EQ,33.2,-3.21,8.12,0.44,0.15
96IIFL28A,NF,990,-0.25,324.74,0.01,0.15
ACCPL,SM,63.05,-3.07,70.09,0.23,0.14
INDBANK,EQ,29.9,-3.98,132.69,0.48,0.14
BEACON,SM,71.05,-6.7,128.35,0.2,0.14
YASHOPTICS,SM,100.95,-4.4,250.01,0.14,0.14
71GS2034,GS,102,-2.49,163200,0.14,0.14
MANILAM,SM,56.5,-2.84,123.44,0.26,0.14
PILITA,EQ,7.18,-3.49,168.73,2.04,0.14
FOCE,SM,560,-0.88,657.61,0.03,0.14
SHEEL,SM,47.5,-3.16,96.67,0.3,0.14
SUPREMEINF,BZ,66.5,-5,643.29,0.21,0.14
MONEXT50,EQ,61.23,-3.88,2.57,0.23,0.14
ZEAL,SM,58,-8.16,77.2,0.24,0.14
SILGO,EQ,71.29,-0.59,228.03,0.2,0.14
SLONE,SM,184.3,-5,97.11,0.08,0.14
KOTARISUG,EQ,23.38,-1.35,193.79,0.61,0.14
SECURKLOUD,EQ,21.75,-1.09,72.67,0.63,0.14
AESTHETIK,SM,62.7,-4.27,107.97,0.22,0.14
NIRMAN,ST,43.7,-5,35,0.32,0.14
COMMITTED,SM,256.8,-0.08,297.24,0.06,0.14
SRGHFL,EQ,238,-3.9,373.7,0.06,0.14
SBIETFCON,EQ,106.25,-3.05,21.39,0.13,0.14
TCL,SM,85,-1.45,206.9,0.16,0.14
MONIFTY100,EQ,23.18,-2.93,10.94,0.59,0.14
STEL,EQ,425.15,-5.28,784.63,0.03,0.14
CPEDU,EQ,157.13,-4.38,285.87,0.09,0.14
NECCLTD,EQ,12,-7.62,120,1.11,0.14
NRAIL,EQ,385,-8.33,655.24,0.03,0.13
CHETANA,SM,34,-1.31,69.36,0.42,0.13
HDFCQUAL,EQ,52.59,-2.52,17.94,0.25,0.13
743GS2076,GS,100.25,-0.69,26065,0.13,0.13
NIFTYQLITY,EQ,19.4,-1.47,25.62,0.69,0.13
SRD,EQ,42.7,-3.87,273.14,0.31,0.13
GLOSTERLTD,EQ,499.25,-3,546.34,0.03,0.13
GROWWNXT50,EQ,61.61,-3.54,7.22,0.21,0.13
AONETMMQ50,EQ,8.83,-2.65,5.8,1.48,0.13
ORIENTALTL,EQ,4.96,-2.55,36.46,2.6,0.13
NAHARINDUS,EQ,86.15,-4.2,372.22,0.15,0.13
HITECHCORP,EQ,135,-4.36,231.87,0.09,0.13
VITAL,EQ,35.4,-4.97,84.79,0.36,0.13
AERON,SM,78.05,-8.34,132.84,0.16,0.13
MOKSH,EQ,9.9,-4.62,87.37,1.3,0.13
HMT,BZ,56.9,-1.15,2678.12,0.23,0.13
GANGABATH,SM,20.55,-8.26,45.64,0.6,0.13
HVAX,SM,719.9,-0.01,199.91,0.02,0.13
AVROIND,EQ,118.18,-5,157.31,0.11,0.13
GKWLIMITED,EQ,1560,-3.66,930.77,0.01,0.13
SADBHIN,EQ,2.45,-4.67,86.3,5.11,0.13
MKPL,EQ,4.7,-4.47,176.42,2.63,0.12
INDTERRAIN,EQ,27.52,-1.71,139.44,0.45,0.12
SUNDRMBRAK,EQ,503.3,-5.03,198.03,0.02,0.12
HEALTHADD,EQ,142.19,-2.19,12.33,0.09,0.12
RAJMET,EQ,3.38,-2.03,93.45,3.64,0.12
901NHB34,N6,6165,-0.24,820.83,0,0.12
VHLTD,BE,140,-2.51,946.11,0.09,0.12
MGSL,SM,75,-1.51,109.36,0.17,0.12
SADHNANIQ,EQ,1.39,-4.79,412.09,8.75,0.12
MOPSE,EQ,97.63,-2.88,1.76,0.13,0.12
MANAKALUCO,BE,23.79,-4.99,155.91,0.51,0.12
WOL3D,ST,117.1,-4.8,75.55,0.1,0.12
LOVABLE,EQ,60,-7.69,88.8,0.19,0.12
846REC28,N6,1148.8,-0.1,1882.63,0.01,0.12
AIRAN,EQ,14.52,-4.6,181.53,0.81,0.12
AXSENSEX,EQ,75.09,-2.59,120.3,0.16,0.12
RUDRA,EQ,15.5,-3.91,155.53,0.75,0.12
NIKITA,SM,111,-2.2,273.81,0.11,0.12
DIGIDRIVE,EQ,19.77,-1.54,76.24,0.61,0.12
REFRACTORY,SM,31.1,-4.89,67.8,0.38,0.12
IDFNIFTYET,EQ,247.48,-2.43,3.54,0.05,0.12
ADROITINFO,EQ,8.43,-4.53,45.67,1.41,0.12
HEALTHCARE,EQ,17.66,-2.21,7.53,0.66,0.12
TGBHOTELS,EQ,7.8,-5.22,22.84,1.47,0.12
BAIDFIN,EQ,10.59,-2.13,158.94,1.09,0.12
TOP15IETF,EQ,9.41,-0.95,8.59,1.24,0.12
COMPUSOFT,EQ,12.32,-5.3,97.48,0.92,0.11
PODDARMENT,EQ,209.4,-1.99,222.17,0.05,0.11
IL&FSENGG,BZ,22.5,-3.56,295.02,0.5,0.11
JYOTIGLOBL,SM,35.1,-2.5,69.57,0.32,0.11
SAHYADRI,EQ,223.15,-7.19,244.27,0.05,0.11
LAMOSAIC,SM,23,-2.95,23.78,0.47,0.11
ATLANTAA,EQ,35.49,-4.31,289.24,0.31,0.11
935TSI30,N0,101000,-2.17,1261.9,0,0.11
HINDCON,EQ,17.48,-4.43,89.48,0.63,0.11
AXISBNKETF,EQ,528.01,-4.04,326.22,0.02,0.11
SELECTIPO,EQ,38.33,-4.13,16.03,0.29,0.11
MADHUSUDAN,SM,135,-3.98,195.34,0.08,0.11
CKKRETAIL,ST,125.4,-4.96,242.87,0.09,0.11
IVP,EQ,125.1,-4.26,129.18,0.09,0.11
LANCORHOL,BE,20.2,-3.12,148.57,0.53,0.11
SEMAC,EQ,266.4,-3.07,83.05,0.04,0.11
HOACFOODS,ST,360,-0.33,156.26,0.03,0.11
ARHAM,SM,118,-5.22,199.66,0.09,0.11
751HUDCO28,N5,1035.5,-0.86,1319.47,0.01,0.11
LATTEYS,EQ,18.99,-2.62,109.18,0.56,0.11
WINSOL,SM,111,-2.2,128.04,0.1,0.11
903SFL28,YI,1025.2,-1.44,51.18,0.01,0.11
LAMBODHARA,EQ,90,-5.14,93.4,0.12,0.11
GROWWPSE,EQ,97.31,-2.09,16.78,0.11,0.11
ATAM,EQ,55,-6.67,63.05,0.18,0.11
RILINFRA,SM,36,-4.64,66.98,0.29,0.1
AARNAV,EQ,24.51,-4.89,103.53,0.41,0.1
VIVIMEDLAB,EQ,5.98,-4.78,49.58,1.73,0.1
TRUST,SM,30.45,-4.55,72.55,0.34,0.1
SUNDARAM,EQ,1.15,-4.96,54.5,8.99,0.1
890AEL31,NN,1001.1,-0.39,204.38,0.01,0.1
AXISTECETF,EQ,317.76,-1.26,149.69,0.03,0.1
KKJEWELS,SM,94.4,-1.1,98.98,0.11,0.1
930APMD31,N0,102800,-0.68,1027.99,0,0.1
RHL,EQ,164,-5.56,283.58,0.06,0.1
AMNPLST,EQ,141.99,-6.55,781.23,0.07,0.1
JETFREIGHT,EQ,17.2,-3.8,79.81,0.6,0.1
HALEOSLABS,EQ,1222,-1.93,369.45,0.01,0.1
UYFINCORP,EQ,12.39,-3.73,235.71,0.82,0.1
GROWWN200,EQ,10.46,-0.76,14.3,0.99,0.1
QUESTLAB,ST,107.25,-0.74,175.75,0.1,0.1
APCL,EQ,109.9,-2.63,322.83,0.09,0.1
DCMNVL,EQ,105.3,-5.6,196.68,0.09,0.1
SURANASOL,EQ,21,-5.41,103.33,0.47,0.1
CTE,EQ,21.8,-7.12,42.8,0.45,0.1
MANGALAM,BE,29.2,-3.31,46.22,0.34,0.1
888IRFC29,NE,1189,-0.08,518.9,0.01,0.1
WEALTH,EQ,850,-4.9,905.67,0.01,0.1
ANMOL,EQ,10.2,-2.67,58.05,0.98,0.1
SSFLPP,E1,94,-7.07,162.94,0.1,0.1
UHTL,SM,48.25,-4.46,91.69,0.2,0.1
BRNL,EQ,18.3,-2.81,153.63,0.53,0.1
LOWVOL,EQ,188,-2.62,43.49,0.05,0.1
TSC,SM,31.85,-5.49,44.74,0.3,0.1
BEDMUTHA,BE,109.54,-5,353.42,0.09,0.1
SAMPANN,EQ,26.02,-8.41,105.67,0.36,0.1
NAMAN,SM,50,-2.91,65.33,0.18,0.1
CMNL,SM,95.7,-4.3,230.97,0.1,0.1
84TCHF28,NA,1012,-0.98,91.66,0.01,0.1
NIBL,EQ,28.19,-2.76,68.31,0.34,0.1
PATINTLOG,EQ,8.85,-5.65,61.58,1.04,0.09
ENVIRO,SM,95,-3.01,178.5,0.1,0.09
79NHIT35,N1,313.04,-0.63,469.56,0.03,0.09
KLL,SM,37.35,-4.96,69.21,0.25,0.09
MPEL,SM,64.15,-9.96,49.88,0.14,0.09
MARC,SM,63.8,-0.7,110.46,0.14,0.09
IIFLZC28A,NU,1265,-0.39,47.89,0.01,0.09
PROPEQUITY,SM,190,-2.56,199.16,0.05,0.09
MRIL,SM,38,-4.4,83.99,0.24,0.09
SIGIND,EQ,41.9,-3.1,123.34,0.22,0.09
PSFL,SM,24.05,-5.69,47.34,0.38,0.09
SURYALAXMI,EQ,50,-4.65,94.03,0.18,0.09
RPPL,EQ,15,-2.6,111.37,0.6,0.09
746GS2073,GS,100.9,-0.73,118053,0.09,0.09
GOYALALUM,BE,5.66,-4.07,80.79,1.6,0.09
FIBERWEB,BE,33.7,-4.86,97.03,0.26,0.09
VIGOR,SM,47.5,-4.9,49.17,0.19,0.09
AHLADA,EQ,36.25,-7.95,46.84,0.24,0.09
SUNTECH,SM,30.5,-5.43,59.06,0.29,0.09
BSL,EQ,115,-6.78,118.36,0.08,0.09
957ICCL25,YW,1030,-4.39,27.17,0.01,0.09
KODYTECH,ST,680.9,-1.99,867.98,0.01,0.09
MON50EQUAL,EQ,29.89,-2.92,94.36,0.3,0.09
SHIVAUM,EQ,345.15,-4.83,469.42,0.02,0.09
SATECH,SM,40.4,-3.46,52.75,0.22,0.09
EMAPARTNER,SM,72.75,-0.07,169.12,0.12,0.09
GEECEE,EQ,244,-7.29,510.25,0.04,0.09
RTL,ST,86,-4.92,113.51,0.1,0.09
SILINV,EQ,393.6,-2.19,417.05,0.02,0.09
CONSOFINVT,BE,210,-4.39,678.85,0.04,0.09
GLOBALVECT,EQ,152.9,-2.12,214.06,0.06,0.09
BSLSENETFG,EQ,73.47,-1.33,255.22,0.12,0.09
SMARTLINK,EQ,114.5,-4.57,114.21,0.08,0.09
BALPHARMA,EQ,66.03,-2.75,105.13,0.13,0.09
ENFUSE,SM,172,-1.71,152.18,0.05,0.09
898LTF29,N7,1052.95,-1.32,107.13,0.01,0.08
DRCSYSTEMS,EQ,13.13,-0.53,189.18,0.65,0.08
SREEL,EQ,180.25,-2.95,417.37,0.05,0.08
VARDHACRLC,EQ,30.7,-5.33,246.72,0.27,0.08
AGSTRA,BZ,2.72,-4.9,34.93,3.06,0.08
M&MFIN,N3,2274.75,-0.1,61.33,0,0.08
WEIZMANIND,EQ,73,-3.87,113.11,0.11,0.08
ZENITHSTL,EQ,4.75,-5,67.58,1.7,0.08
ENERGYDEV,EQ,14.59,-3.57,69.3,0.56,0.08
ANANTAM,IV,102.94,-0.03,2238.95,0.08,0.08
UNILEX,SM,24.25,-1.62,33.02,0.34,0.08
SMLT,EQ,63.11,-4.47,86.4,0.12,0.08
MAITREYA,SM,180,-4.81,121.97,0.04,0.08
GSS,EQ,10,-9.01,26.16,0.76,0.08
GJL,ST,247.5,-3.04,359.05,0.03,0.08
LLOYDS,SM,41.5,-15.31,100.16,0.19,0.08
NEWJAISA,SM,18.75,-4.82,67.08,0.42,0.08
INSPIRISYS,BE,73.15,-4.43,289.8,0.11,0.08
ISHANCH,EQ,49.3,-3.37,128.87,0.15,0.08
VINNY,EQ,1.06,-0.93,49.32,7.41,0.08
ASHOKAMET,EQ,13.71,-3.86,34.27,0.55,0.08
HEADSUP,EQ,6.25,-4.43,13.8,1.26,0.08
SATKARTAR,SM,160.9,-4.37,253.34,0.05,0.08
RNBDENIMS,BE,79.2,-4.99,712.59,0.1,0.08
SAIFL,SM,8.65,-9.9,23.31,0.88,0.08
865IIFL28,NS,971.35,-1.42,153.73,0.01,0.08
CRAYONS,SM,30,-2.44,73.29,0.26,0.08
TOTAL,EQ,49.16,-5.44,79.28,0.15,0.08
BSHSL,EQ,75.8,-3.35,795.42,0.1,0.08
BANG,EQ,33.5,-3.71,45.43,0.22,0.08
AEPL,EQ,16.06,-4.69,403.17,0.47,0.08
DUGLOBAL,SM,33.5,-9.34,240.77,0.23,0.08
GROWWCHEM,EQ,25.51,-1.81,7.03,0.3,0.08
SENSEXADD,EQ,74.57,-2.25,2.67,0.1,0.08
AQYLON,EQ,62.1,-4.9,1575.67,0.12,0.08
TOP20,EQ,8.23,-2.02,9.53,0.91,0.08
TEAMGTY,EQ,247,-7.96,222.13,0.03,0.08
MOALPHA50,EQ,44.78,-4.05,5.44,0.17,0.08
NEOCHEM,SM,67.5,-5.59,115.57,0.11,0.07
SHIGAN,ST,48.65,-4.98,98.89,0.15,0.07
SHREYANIND,EQ,137,-8.56,189.4,0.05,0.07
BLUEWATER,SM,146,-0.68,160.6,0.05,0.07
SNXT50BETA,EQ,81.97,-2.3,29.22,0.09,0.07
726GS2032,GS,101.91,-1.54,150826.8,0.07,0.07
NOIDATOLL,EQ,3.2,-5.6,59.58,2.19,0.07
GLOBALPET,SM,86.5,-4.05,101.96,0.08,0.07
ARCHIES,EQ,12.7,-5.22,42.9,0.56,0.07
RVTH,EQ,542.25,-3.78,166.3,0.01,0.07
ORCHASP,EQ,2.19,-1.79,75.87,3.29,0.07
BLUEPEBBLE,ST,114,-0.87,46.51,0.06,0.07
EXXARO,EQ,6.58,-3.8,294.4,1.06,0.07
DELTAMAGNT,EQ,53,-0.8,57.51,0.14,0.07
OMFURN,SM,45.55,-8.81,53.63,0.16,0.07
SADHAV,SM,93.8,-1.88,134.63,0.08,0.07
LICNMID100,EQ,53.09,-4.07,562.17,0.13,0.07
AKSHARCHEM,EQ,170.15,-7.54,136.68,0.04,0.07
PRITI,EQ,37,-2.45,49.41,0.19,0.07
BANKA,EQ,45.17,-7.31,49.34,0.15,0.07
HOMESFY,SM,128,-0.19,41.3,0.05,0.07
LOTUSEYE,EQ,103.9,-4.75,216.07,0.07,0.07
DCM,EQ,58.9,-3.82,110.01,0.12,0.07
VCL,EQ,1.33,-4.32,24.44,5.15,0.07
CONTI,SM,13.7,-4.86,19.1,0.5,0.07
LCCINFOTEC,BE,4.43,-4.94,56.08,1.48,0.07
SOFTTECH,EQ,256,-3.67,354.36,0.03,0.07
ARENTERP,EQ,34.81,-11.22,10.82,0.18,0.07
SHEKHAWATI,EQ,11,-5.09,37.92,0.6,0.07
NITIRAJ,EQ,217.25,-0.33,222.7,0.03,0.07
QMSMEDI,SM,76.45,-1.99,147.83,0.09,0.07
PARAGON,SM,43,-2.93,84.13,0.16,0.07
PALREDTEC,EQ,27.65,-4.49,33.82,0.24,0.07
MOINFRA,EQ,54.87,-3.43,2.52,0.12,0.07
892NHPC33,N6,1200,-0.08,304.35,0.01,0.06
BAGFILMS,EQ,4.21,-2.55,83.25,1.52,0.06
UEL,EQ,140.32,-5,1871.84,0.05,0.06
ALPA,EQ,57,-5.27,119.93,0.11,0.06
TTL,BE,8.76,-4.99,226.28,0.73,0.06
MOMGF,EQ,140.57,-3.45,1.76,0.05,0.06
GOYALSALT,SM,107.9,-0.55,193.14,0.06,0.06
ASHALOG,SM,56.7,-6.97,76.86,0.11,0.06
ALKALI,EQ,53.5,-2.97,54.48,0.12,0.06
RKDL,EQ,17.44,-6.59,41.86,0.35,0.06
DCMSIL,BE,83.89,-4.99,729.78,0.07,0.06
LAKSHYA,SM,95.6,-3.92,96.4,0.06,0.06
TRU,EQ,6.01,-3.69,71.44,1.02,0.06
IPHL,SM,51.6,-1.71,128.95,0.12,0.06
DELTIC,SM,35,-1.41,53.51,0.18,0.06
PRAXIS,EQ,6.27,-5,116.5,0.97,0.06
VLINFRA,SM,21.1,-8.66,33.15,0.28,0.06
SHANTHALA,SM,25,-10.71,16.75,0.24,0.06
GAYAHWS,EQ,2,-4.76,47.93,2.98,0.06
KEYFINSERV,EQ,246,-5,136.94,0.02,0.06
SONUINFRA,SM,43.8,-4.99,51.53,0.14,0.06
AXISCETF,EQ,109.5,-0.43,12.09,0.06,0.06
BAWEJA,SM,28.35,-4.71,52.24,0.21,0.06
FIDEL,SM,117.2,-5.1,161.16,0.05,0.06
MITCON,EQ,52.27,-1.88,91.05,0.11,0.06
ATLASCYCLE,EQ,77.99,-4.02,50.72,0.07,0.06
GILT5BETA,EQ,64.94,-0.29,25.61,0.09,0.06
SUPREME,EQ,49.76,-3.25,192.31,0.12,0.06
AMEYA,SM,95.5,-4.93,71.63,0.06,0.06
NPBET,EQ,253,-2.77,9.9,0.02,0.06
GILLANDERS,EQ,76,-4.06,162.2,0.07,0.06
MUKTAARTS,EQ,38,-9.59,85.82,0.15,0.06
IBLFL,SM,46.5,-1.69,115,0.12,0.06
TAINWALCHM,EQ,174.25,-3.94,163.17,0.03,0.06
KEL,SM,77.1,-0.19,79.2,0.07,0.06
AKANKSHA,SM,67.05,-1.76,131.29,0.08,0.05
EFORCE,SM,18.2,-9.9,42.59,0.29,0.05
812REC27,NI,1081,-0.02,2335.31,0.01,0.05
SHRIKANHA,SM,18.1,-9.5,28.2,0.29,0.05
SYLVANPLY,SM,43.95,-2.44,85.15,0.12,0.05
925AEL26,N1,1031,-0.48,37.54,0.01,0.05
SFLZC26A,ZC,1820,-0.27,25.89,0,0.05
ODIGMA,EQ,21.69,-5.57,67.8,0.24,0.05
DHRUV,EQ,29.7,-1.13,56.33,0.18,0.05
734IRFC28,N4,1061.01,-0.13,2714.82,0.01,0.05
KRIDHANINF,EQ,2.24,-3.45,21.23,2.33,0.05
MANUGRAPH,EQ,11.57,-5.78,35.19,0.45,0.05
GENSOL,BZ,20.54,-5,78.06,0.26,0.05
GOLDSTAR,ST,6.7,-4.96,191.75,0.79,0.05
EQUAL200,EQ,11.88,-3.73,16.06,0.44,0.05
STRIDERS,SM,64.9,-0.92,120.82,0.08,0.05
ENSER,SM,10.2,-8.11,88.9,0.5,0.05
SPEB,SM,50.1,-3.75,112.55,0.1,0.05
863IRFC29,NC,1163,-0.18,1102.42,0,0.05
S&SPOWER,BE,325,-0.84,401.1,0.02,0.05
AKIKO,ST,210.45,-4.99,226.65,0.02,0.05
TARAPUR,EQ,25.11,-4.99,48.96,0.2,0.05
865TCAPS27,N8,1048,-0.2,629.21,0,0.05
891IIFCL34,N4,1218,-0.16,725.81,0,0.05
706GS2028,GS,103.5,-0.48,114885,0.05,0.05
FCONSUMER,BZ,0.32,-3.03,63.91,15.56,0.05
GURUNANAK,SM,23.5,-6.75,28.2,0.21,0.05
LASA,EQ,6.94,-2.66,34.77,0.69,0.05
GROWWMC150,EQ,195.12,-4.12,5.61,0.02,0.05
VIAZ,SM,60.4,-1.95,81.16,0.08,0.05
ARMOUR,SM,22,-3.72,37.11,0.22,0.05
9IHFL27,N1,963,-3.12,42.56,0.01,0.05
9SCL26BA,NA,1019.88,-0.51,412.54,0,0.05
CLASSICEIL,SM,42.5,-8.6,76.35,0.11,0.05
125VCCL31,N0,96000,-0.52,48,0,0.05
MARALOVER,EQ,39,-2.99,161.88,0.12,0.05
KEN,SM,34.3,-9.74,84.26,0.13,0.05
JFLLIFE,SM,9.5,-4.52,31.35,0.48,0.05
EXCELLENT,ST,95.1,-4.9,42.51,0.05,0.05
CORALFINAC,EQ,29.75,-3.22,119.9,0.16,0.05
SFML,SM,21.5,-4.44,53.38,0.21,0.05
KOTHARIPRO,EQ,62.9,-1.5,375.44,0.07,0.05
SDREAMS,SM,77,-2.1,144.16,0.06,0.05
704GS2029,GS,102.86,-0.62,90516.8,0.04,0.05
1060ECL29,NS,1020,-1.91,199.16,0,0.05
BIOFILCHEM,EQ,28.9,-3.44,47.03,0.16,0.05
ESG,EQ,38.1,-2.93,95.3,0.12,0.05
10CAGL27,N5,1014,-0.1,56.27,0,0.05
78ABCL33,N1,1007,-0.3,14.68,0,0.04
MHHL,SM,38.5,-1.28,70.21,0.12,0.04
ISHAN,SM,0.55,-8.33,11.89,8.16,0.04
CPS,ST,995.6,-5,226.8,0,0.04
706GS2046,GS,99.18,-0.82,84303,0.05,0.04
SAVY,SM,122,-3.17,253.86,0.04,0.04
BARFLEX,SM,53.1,-6.18,131.42,0.08,0.04
HOLMARC,SM,73.65,-4.97,74.02,0.06,0.04
RAJPUTANA,SM,219.5,-0.23,154.39,0.02,0.04
ZENITHDRUG,SM,40,-2.44,68.6,0.11,0.04
CELEBRITY,EQ,6.61,-8.83,39.45,0.64,0.04
VIVIDHA,EQ,0.54,-3.57,15.81,7.98,0.04
SECMARK,EQ,104.4,-1.75,109.07,0.04,0.04
RUCHINFRA,EQ,4.79,-3.43,113.06,0.86,0.04
ARSHIYA,BZ,1.33,-4.32,35.04,3.18,0.04
CEDAAR,SM,20.9,-5,29.01,0.2,0.04
URAVIDEF,EQ,123.5,-2.36,140.79,0.03,0.04
AAKAAR,ST,50.9,-4.95,72.14,0.08,0.04
DNAMEDIA,EQ,3.01,-8.51,35.43,1.35,0.04
AHLEAST,EQ,142.1,-6.14,245.72,0.03,0.04
880IREDA34,N6,1200,-3.61,173,0,0.04
INFRA,EQ,10.24,-3.94,7.26,0.38,0.04
FLEXITUFF,EQ,6.32,-1.25,20.74,0.62,0.04
910TCAP28,NA,1056.1,-0.65,361.03,0,0.04
12VCCL29B,N0,98000,-1.01,53.9,0,0.04
MSCIADD,EQ,26.5,-5.19,2.99,0.14,0.04
MOGSEC,EQ,63.01,-1.02,153.93,0.06,0.04
SIL,EQ,13.51,-2.88,86.91,0.29,0.04
MARCO,SM,29.6,-13.2,55.35,0.12,0.04
HPIL,EQ,111.99,-0.96,127.94,0.03,0.04
94SFL28,YL,1088.5,-0.01,462.49,0,0.04
676GS2061,GS,90.9,-0.03,129168.5,0.04,0.04
INDIANCARD,EQ,175.55,-3.64,104.3,0.02,0.04
753IRFC30,NJ,1104,-0.16,1185.94,0,0.04
ACCURACY,EQ,3.91,-2.01,58.87,0.96,0.04
828GS2032,GS,106.99,-0.94,97026.14,0.04,0.04
KAKATCEM,EQ,97,-3.48,75.41,0.04,0.04
CUDML,SM,91.05,-5.16,160.67,0.04,0.04
NEXTMEDIA,EQ,3.77,-9.38,25.22,0.96,0.04
AARADHYA,SM,103,-4.63,145.62,0.04,0.04
LAGNAM,EQ,60.66,-4.92,107.18,0.06,0.04
COUNCODOS,EQ,3.92,-6.22,30.42,0.91,0.04
TOKYOPLAST,EQ,68.82,-1.6,65.39,0.05,0.04
SONAMAC,SM,30.2,-3.36,41.45,0.12,0.04
DTIL,EQ,124.48,-2.05,130.8,0.03,0.04
830PFCL27,N5,1056,-0.14,1300.07,0,0.04
ROYALARC,SM,145,-3.33,160.95,0.02,0.04
BIKEWO,ST,17.35,-4.93,22.63,0.2,0.04
SHIVATEX,EQ,131.17,-1.77,170.03,0.03,0.03
PEARLPOLY,EQ,14.11,-10.47,23.75,0.23,0.03
MEDIORG,SM,21.1,-4.95,24.69,0.16,0.03
APEXECO,SM,108.5,-4.82,143.06,0.03,0.03
BIOPOL,SM,93.05,-6.62,100.54,0.04,0.03
MOTOGENFIN,EQ,20,-0.45,77.45,0.17,0.03
BVCL,EQ,37.99,-3.68,84.19,0.09,0.03
DGCONTENT,EQ,22.4,-6.55,130.34,0.14,0.03
IIFLZC28C,N6,1493.25,-0.27,60.14,0,0.03
PARTYCRUS,SM,81,-4.71,97.08,0.04,0.03
PALASHSECU,EQ,85.97,-0.54,86,0.04,0.03
SPLIL,EQ,25,-3.4,72.5,0.13,0.03
CLSL,SM,41.1,-8.67,70.45,0.08,0.03
WEWIN,EQ,41.2,-2.94,41.86,0.08,0.03
AIROLAM,EQ,84.17,-3.71,126.27,0.04,0.03
AGROPHOS,EQ,30.55,-3.29,61.94,0.11,0.03
TAKE,BE,36.62,-1.98,541.73,0.09,0.03
KSHITIJPOL,BE,2.3,-1.29,35.48,1.41,0.03
860AEL28,NH,1000,-0.2,157.46,0,0.03
21STCENMGM,EQ,31.27,-1.97,32.83,0.1,0.03
BALCO,SM,14.65,-4.87,6.4,0.22,0.03
PKTEA,EQ,805,-4.73,249.22,0,0.03
SSFL,SM,123,-6.82,105.42,0.03,0.03
SERVICE,ST,52.5,-1.96,69.97,0.06,0.03
BMETRICS,SM,39,-4.65,48.02,0.08,0.03
ITALIANE,ST,39,-4.99,57.63,0.08,0.03
AKG,EQ,10.49,-3.05,33.33,0.3,0.03
12AFIL27,N0,9855.48,-0.45,49.28,0,0.03
695GS2061,GS,93.05,-2.05,136783.5,0.03,0.03
GML,ST,16.95,-4.51,25.72,0.18,0.03
FORCAS,SM,95.1,-4.9,167.19,0.03,0.03
USHAFIN,SM,31.25,-9.68,135.86,0.1,0.03
KONSTELEC,SM,30.25,-2.1,45.68,0.1,0.03
LICNETFSEN,EQ,817.14,-2.89,673.83,0,0.03
ORIENTLTD,EQ,56.13,-3.95,56.13,0.05,0.03
MOHITIND,EQ,20.92,-8.61,29.62,0.14,0.03
MADHUCON,EQ,4.01,-4.98,29.59,0.74,0.03
MHLXMIRU,EQ,163.93,-1.86,174.1,0.02,0.03
GROBTEA,EQ,842,-5.33,97.87,0,0.03
HDFCLOWVOL,EQ,18.9,-2.53,32.46,0.16,0.03
12VCCL27D,N0,98000,-0.56,24.5,0,0.03
VISASTEEL,EQ,28.56,-4.99,369.25,0.1,0.03
PRANIK,SM,45,-6.93,49.55,0.06,0.03
SEL,SM,136,-2.16,31.54,0.02,0.03
ABSL10BANK,EQ,153,-5.15,42.19,0.02,0.03
ENIFTY,EQ,22.58,-2.71,14.83,0.13,0.03
MCON,ST,41.1,-0.96,30.12,0.07,0.03
LIBAS,EQ,9.89,-1.49,26.05,0.29,0.03
AGNI,SM,13.6,-4.9,26.57,0.2,0.03
68GS2060,GS,91.79,-0.01,77949.66,0.03,0.03
KANANIIND,EQ,1.3,-3.7,25.72,2.13,0.03
ASTRON,EQ,3.92,-2.97,18.23,0.7,0.03
1050UCL28,NH,1002,-0.79,55.05,0,0.03
SUVIDHAA,EQ,2.65,-6.03,55.6,0.99,0.03
SUPERSPIN,EQ,4.24,-6.19,23.32,0.61,0.03
BABAFP,SM,20.75,-4.6,33.88,0.13,0.03
RAJRILTD,BE,20.43,-1.59,1136.08,0.13,0.03
ARUNAYA,SM,16.1,-4.73,28.24,0.16,0.03
GSEC10YEAR,EQ,29.54,-1.37,93.53,0.09,0.03
LAXMICOT,BE,12.94,-1.22,22.19,0.2,0.03
CALSOFT,EQ,12,-5.36,74.19,0.21,0.03
LICNFNHGP,EQ,252.4,-2.51,676.31,0.01,0.03
PURVFLEXI,SM,38.95,-5,81.73,0.06,0.03
AROGRANITE,EQ,22.32,-2.15,34.15,0.11,0.03
SHRADHA,EQ,28.81,-9.63,233.35,0.08,0.02
LAL,EQ,6.79,-4.77,117.29,0.36,0.02
KONTOR,SM,66.5,-5,41.1,0.04,0.02
PNC,EQ,19.05,-9.29,27.56,0.13,0.02
364D180626,TB,98.23,-0.27,5913.6,0.03,0.02
679GS2034,GS,101.1,-1.41,186024,0.02,0.02
PENTAGON,SM,60,-1.96,46.26,0.04,0.02
1050NFL26,N7,992.51,-0.65,66.99,0,0.02
920IIFLS26,N8,985.35,-1.07,6.11,0,0.02
AMBICAAGAR,EQ,21.8,-6.36,37.45,0.11,0.02
DIL,BZ,1.13,-4.24,18.39,2.09,0.02
760PFCL35,N3,1178,-1.42,183.15,0,0.02
IIFLZC28,NG,1563.2,-0.13,106.52,0,0.02
SHAHALLOYS,EQ,58,-5.01,114.83,0.04,0.02
BANARBEADS,EQ,104.49,-5.01,69.34,0.02,0.02
BAFNAPH,EQ,119.65,-4.99,283.05,0.02,0.02
SHIVAMILLS,EQ,50.2,-5.03,43.38,0.04,0.02
IVZINNIFTY,EQ,2575,-2.41,86.18,0,0.02
PRUDMOULI,EQ,11.58,-4.3,37.35,0.19,0.02
SILKY,SM,143,-4.67,91.06,0.02,0.02
ABHAPOWER,SM,27.9,-4.62,51.86,0.08,0.02
AGARWALFT,SM,25.5,-0.97,18.47,0.09,0.02
BONLON,BE,37,-4.49,52.48,0.06,0.02
AMDIND,EQ,36.6,-3.86,70.15,0.06,0.02
FALCONTECH,SM,12,-4.76,6.43,0.18,0.02
SHANTI,EQ,5.83,-6.57,6.47,0.37,0.02
CYBERMEDIA,EQ,13.1,-0.15,27.01,0.17,0.02
MALUPAPER,EQ,28.8,-9.63,49.13,0.07,0.02
862AEL31,NM,1006.1,-0.88,51.27,0,0.02
RHFL,BZ,2.57,-4.81,124.53,0.83,0.02
RAPIDFLEET,SM,175,-0.03,130.11,0.01,0.02
930APMD34,N0,104883,-1.33,1048.82,0,0.02
TCIFINANCE,BE,13.18,-1.86,16.97,0.16,0.02
AGRITECH,EQ,101.4,-3.54,60.23,0.02,0.02
DECCANTRAN,SM,19,-6.17,43.17,0.11,0.02
DBSTOCKBRO,EQ,24.82,-0.88,86.87,0.08,0.02
BBNPNBETF,EQ,51.81,-3.57,3.82,0.04,0.02
TNTELE,EQ,8.69,-4.61,39.69,0.24,0.02
REXPRO,SM,40.15,-4.97,44.99,0.05,0.02
WHITEFORCE,SM,40,-2.44,46.4,0.05,0.02
1015ECL29,NR,1011,-0.05,112.32,0,0.02
96SFIL24A,NB,950,-1.04,11.78,0,0.02
CINEVISTA,EQ,14.73,-3.35,84.6,0.13,0.02
668GS2040,GS,96.5,-1.03,154400,0.02,0.02
585GS2030,GS,98.2,-0.41,144117.35,0.02,0.02
GSEC10IETF,EQ,259,-0.65,536.16,0.01,0.02
NAGREEKEXP,EQ,20.4,-4.4,63.75,0.09,0.02
HISARMETAL,EQ,135.89,-2.35,73.38,0.01,0.02
81TCHF28,N8,1009,-0.49,38.62,0,0.02
FMNL,EQ,7.23,-3.98,43.85,0.26,0.02
SVPGLOB,BE,2.59,-0.38,32.76,0.75,0.02
LOYALTEX,BE,199,-0.5,95.85,0.01,0.02
OSWALSEEDS,EQ,11.38,-0.44,104.09,0.17,0.02
NGIL,EQ,22.9,-5.14,40.16,0.08,0.02
DANGEE,EQ,2.63,-5.05,40.5,0.71,0.02
SELMC,EQ,28.52,-1.49,94.5,0.06,0.02
LICNETFN50,EQ,251.41,-2.23,805.66,0.01,0.02
GANGESSECU,EQ,107,-4.86,107.04,0.02,0.02
BALKRISHNA,EQ,15.25,-0.2,49.13,0.12,0.02
91MOFSL27,N2,1066.11,-2.82,478.18,0,0.02
AUSOMENT,BE,98.25,-3.61,133.85,0.02,0.02
TREEHOUSE,BE,8.47,-4.94,35.84,0.21,0.02
EBANKNIFTY,EQ,51.77,-3.76,11.71,0.03,0.02
91D090426,TB,99.6,-0.05,8964,0.02,0.02
CEREBRAINT,BZ,4.07,-1.45,49.32,0.44,0.02
MANDEEP,SM,17.7,-4.58,18.3,0.1,0.02
1075WCA28,N0,9813,-0.27,19.63,0,0.02
MOQUALITY,EQ,176.15,-3.65,20.18,0.01,0.02
HALDER,EQ,243,-4.71,302.25,0.01,0.02
1050ISFL28,N5,990,-1,156.14,0,0.02
ATLPP,E1,7.45,-10.67,29.65,0.22,0.02
ABAN,BE,23.29,-4.98,135.93,0.07,0.02
SUPREMEENG,BZ,1.16,-0.85,28.99,1.47,0.02
REGENCERAM,EQ,38,-7.52,100.48,0.04,0.02
ANYA,SM,17,-4.49,204,0.1,0.02
WILLAMAGOR,EQ,24.99,-3.48,27.38,0.07,0.02
PRECISION,SM,8.35,-0.6,19.17,0.2,0.02
935LTF29,N5,1050.1,-0.57,116.47,0,0.02
105IIFL29,N7,1014,-2.87,15.66,0,0.02
INSPIRE,SM,9.1,-18.02,12.38,0.18,0.02
OBCL,EQ,54.11,-3.38,114.08,0.03,0.02
SGL,EQ,9.84,-5.38,26.56,0.17,0.02
SYNOPTICS,SM,45.1,-2.17,38.24,0.04,0.02
RAJTV,EQ,36.9,-0.11,191.56,0.04,0.02
KARMAENG,EQ,37.88,-2.77,43.83,0.04,0.02
HPTL,SM,262.2,-5,312.4,0.01,0.02
MIEL,SM,13,-4.76,22.88,0.12,0.02
SILGOPP,E1,31.2,-0.16,23.03,0.05,0.02
SWASTIK,SM,16,-3.61,37.17,0.1,0.02
PFCL36B,N9,51200,-0.19,136.43,0,0.02
TIJARIA,BE,4.48,-1.75,12.82,0.35,0.02
CELLPOINT,SM,13.6,-4.9,25.41,0.11,0.02
837IIFL28,Y4,975,-0.51,86.36,0,0.02
PULZ,SM,24.95,-2.16,54.41,0.06,0.01
IL&FSTRANS,BZ,2.06,-4.63,67.77,0.71,0.01
TOUCHWOOD,EQ,67.93,-0.64,75.27,0.02,0.01
AKASH,EQ,24.89,-2.81,41.97,0.06,0.01
QUADPRO,SM,2,-2.44,10.11,0.72,0.01
ROLLT,BE,1.22,-4.69,30.52,1.16,0.01
ARVEE,BE,140.6,-3.8,154.94,0.01,0.01
KALANA,ST,23.65,-4.83,30.84,0.06,0.01
DAMODARIND,EQ,22.25,-7.25,51.84,0.06,0.01
EMKAYTOOLS,SM,95.35,-1.19,101.75,0.01,0.01
ZENITHEXPO,EQ,180,-4.26,97.13,0.01,0.01
KANDARP,SM,136,-4.23,122.03,0.01,0.01
HYBRIDFIN,EQ,16.3,-2.4,47.98,0.08,0.01
GATECHDVR,EQ,0.38,-2.56,7.21,3.55,0.01
TROM,SM,54.75,-6.33,50.34,0.02,0.01
IDENTICAL,SM,15.8,-12.22,22.16,0.08,0.01
LYPSAGEMS,EQ,4.56,-2.36,13.44,0.28,0.01
SOCL,SM,26.6,-5,35.63,0.05,0.01
SRIVASAVI,SM,42,-5.51,59.53,0.03,0.01
CHAMUNDA,SM,41.95,-0.12,46.16,0.03,0.01
AILIMITED,SM,41.5,-4.93,24.99,0.03,0.01
AATMAJ,SM,18.7,-6.03,42.26,0.06,0.01
ALCODIS,SM,63,-3.08,64.58,0.02,0.01
PLADAINFO,SM,9.5,-3.06,8.15,0.12,0.01
TEJASCARGO,SM,283.15,-5,676.53,0,0.01
INCREDIBLE,EQ,31.5,-4.37,147.31,0.04,0.01
1039UCL26,NE,1087.8,-0.2,30.44,0,0.01
TVVISION,EQ,4.9,-6.84,18.98,0.22,0.01
ANTGRAPHIC,EQ,0.76,-1.3,11.78,1.47,0.01
HBSL,EQ,46.02,-4.44,32.85,0.02,0.01
VIJIFIN,BE,2.74,-4.86,39.05,0.39,0.01
SIGNORIA,SM,53.25,-5,25.34,0.02,0.01
SELLOWRAP,SM,66,-4.35,90.71,0.02,0.01
MOMNC,EQ,27.25,-5.12,2.04,0.04,0.01
SHYAMTEL,EQ,8.37,-6.69,9.43,0.12,0.01
LPDC,EQ,5.93,-2.63,79.55,0.17,0.01
YUDIZ,ST,25,-4.03,25.8,0.04,0.01
SKIL,BZ,0.93,-4.12,20.14,1.08,0.01
SATIPOLY,SM,32.45,-4.98,16.05,0.03,0.01
VERITAAS,SM,41.55,-4.92,11.73,0.02,0.01
SPPPOLY,SM,12.15,-4.33,18.7,0.08,0.01
KHAITANLTD,EQ,93.29,-2.51,44.31,0.01,0.01
CMRSL,SM,61,-0.81,17.86,0.02,0.01
SILLYMONKS,EQ,15.89,-2.69,19.8,0.06,0.01
INFOMEDIA,EQ,4.58,-7.1,22.99,0.21,0.01
EQUIPPP,BE,17.6,-2,181.45,0.06,0.01
574GS2026,GS,101.3,-1.45,82053,0.01,0.01
931SFL26,Z5,993,-1.19,20.89,0,0.01
GVPTECHPP,E1,2.31,-6.85,4.89,0.39,0.01
769HUDCO31,N9,1100.1,-0.08,671.11,0,0.01
MOSERVICE,EQ,28.74,-2.58,4.74,0.03,0.01
ORTINGLOBE,BE,14.8,-4.82,12.03,0.06,0.01
830CIFC26,N2,1062,-0.35,198.81,0,0.01
743REC35,NH,1165,-0.51,216.76,0,0.01
CREATIVEYE,EQ,6.23,-2.66,12.5,0.14,0.01
PANSARI,EQ,269.95,-2.23,470.98,0,0.01
JIWANRAM,SM,4.35,-16.35,10.77,0.18,0.01
KHANDSE,EQ,15.87,-0.81,24.21,0.05,0.01
SAMBHAAV,EQ,5.52,-3.33,105.49,0.15,0.01
SAHAJ,SZ,4.05,-4.71,5.33,0.2,0.01
AUSL,SM,19.95,-5,49.55,0.04,0.01
QVCEL,SM,24.75,-4.99,25.87,0.03,0.01
EDUCOMP,BZ,0.98,-2,12,0.79,0.01
KREBSBIO,EQ,45.75,-4.69,98.64,0.02,0.01
99AEL29,N7,1079.9,-0.3,139.14,0,0.01
UNIINFO,EQ,12.5,-1.03,13.37,0.06,0.01
1065NFL27,NC,1001,-0.88,94.39,0,0.01
AHIMSA,ST,24.7,-5,13.52,0.03,0.01
QUICKTOUCH,SM,30.2,-0.17,38.7,0.03,0.01
MARINETRAN,ST,17.1,-5,21.76,0.04,0.01
GSEC10ABSL,EQ,109.25,-1.53,31.43,0.01,0.01
930SFL28,YP,1015,-2.87,32.82,0,0.01
BILVYAPAR,BE,5.85,-2.01,18.35,0.11,0.01
DHTL,SM,40,-2.2,12.57,0.02,0.01
HAVISHA,EQ,1.14,-11.63,17.5,0.54,0.01
ICDSLTD,BE,41.8,-4.98,54.45,0.01,0.01
ACEINTEG,EQ,15.55,-8.21,15.86,0.04,0.01
PRABHA-RE,BE,3.26,-39.85,3.15,0.19,0.01
956AEL29,N6,1029.99,-0.77,51.87,0,0.01
UMA,SM,15.35,-5.25,31.12,0.04,0.01
HDIL,BZ,2.03,-4.69,96.22,0.29,0.01
YCCL,SM,9.8,-4.39,18.92,0.06,0.01
726GS2029,GS,102.85,-0.39,64795.5,0.01,0.01
VERTEXPLUS,SM,94.55,-4.97,51.81,0.01,0.01
KEEPLEARN,EQ,1.75,-3.85,27.25,0.32,0.01
GLOBALE,EQ,10.45,-1.51,11.1,0.05,0.01
KAYTEX,SM,68.95,-0.58,101.35,0.01,0.01
NKIND,EQ,62.4,-3.84,37.5,0.01,0.01
840CIFCL28,N4,1074.5,-0.05,473.1,0,0.01
LEXUS,BE,27.38,-5,56.1,0.02,0.01
905LTF27,NF,1092,-0.27,384.38,0,0.01
RULKA,SM,86,-1.77,36.62,0.01,0.01
INDIFRA,SM,12.8,-4.83,9.33,0.04,0.01
895AEL27,N9,1037.2,-1.39,84.52,0,0.01
KORE,SM,99,-3.79,120.04,0.01,0.01
SAGARDEEP,EQ,22.63,-1.74,38.6,0.02,0.01
925SCL2028,N8,1001.2,-2.32,13.7,0,0.01
ANSALAPI,BZ,3.22,-1.83,50.68,0.15,0
3PLAND,EQ,30.95,-4.36,55.71,0.01,0
ADL,EQ,63.52,-4.6,35.36,0.01,0
PARAMOUNT,SM,39.1,-1.26,27.15,0.01,0
ROML,EQ,42.7,-1.84,64,0.01,0
MMEL,SM,23,-6.31,43.25,0.02,0
ANKITMETAL,BZ,1.45,-3.33,20.46,0.31,0
QFIL,SM,44.85,-4.88,12.8,0.01,0
NIDOZC26,N7,2475,-0.71,14.81,0,0
WINNY,SM,43.4,-4.82,9.42,0.01,0
915AEL28,NC,1050,-0.14,436.28,0,0
960IIFL30,Y2,985,-1.01,41.94,0,0
ABSLMSCIN,EQ,26.75,-2.8,9.29,0.02,0
797IGT31,NL,1010,-0.01,41.63,0,0
ESENSEX,EQ,72.86,-2.63,13.69,0.01,0
SRPL,BZ,0.47,-4.08,10.07,0.86,0
FLFL,BZ,1.28,-1.54,25.83,0.32,0
SURAJLTD,EQ,216,-6.27,396.66,0,0
SIMBHALS,BZ,7.3,-1.35,30.13,0.05,0
USASEEDS,SM,90.1,-4.91,90.87,0,0
GAJANAND,SM,6.35,-13.01,11.96,0.06,0
GLFL,BE,4.07,-4.46,11.04,0.09,0
DCMFINSERV,BE,6.33,-4.95,11.89,0.06,0
ORTEL,BZ,1.74,-1.14,5.74,0.2,0
93MOFSL34,N6,1120,-2.18,52.7,0,0
SABEVENTS,BE,10.46,-5,10.97,0.03,0
848AEL29,NJ,1003,-0.2,109.05,0,0
CMICABLES,BZ,3.61,-5,5.79,0.09,0
SETUINFRA,BZ,0.38,-2.56,4.78,0.77,0
71MH33,SG,91,-3.7,1365,0,0
1225IFL27,N0,9101,-4.2,18.18,0,0
IMPEXFERRO,BZ,1.5,-2.6,13.19,0.18,0
97SFL28,YS,1056.57,-0.79,41.19,0,0
ABGSEC,EQ,112.26,-0.34,44.95,0,0
9AEL30,NE,1011,-0.29,75.7,0,0
COMPINFO,BZ,1,-4.76,8.58,0.23,0
GILT10BETA,EQ,25.9,-0.73,23.29,0.01,0
UNIVAFOODS,BE,9.5,-5,13.61,0.02,0
GOLDENTOBC,BZ,27.24,-1.23,47.97,0.01,0
9IIFL31,Y9,990,-0.5,111.12,0,0
885IIFL29,Y8,999.99,-0.2,198.65,0,0
91D040626,TB,98.57,-0.34,15278.35,0,0
PREMIER,BE,2.74,-4.53,8.32,0.07,0
SANWARIA,BZ,0.24,-4,17.67,0.78,0
FELDVR,BZ,2.47,-5,9.73,0.07,0
ARTNIRMAN,EQ,34.27,-0.06,85.52,0.01,0
MOIPO,EQ,38.3,-3.77,4.4,0,0
995SCL2035,NM,1127,-2,6.3,0,0
VIPULLTD,BE,11.11,-1.94,156.61,0.02,0
NIDAN,SM,15.8,-0.63,21.96,0.01,0
875IIFL26,NM,1017.2,-0.08,138.42,0,0
EUROTEXIND,EQ,13.05,-1.14,11.42,0.01,0
866IIFC34B,N3,1207.01,-1.06,910.57,0,0
JALAN,SM,2,-4.76,2.91,0.06,0
MFML,EQ,22.3,-3.04,23.68,0.01,0
77AP29A,SG,100,-3.16,1000,0,0
182D180926,TB,96.84,-0.49,15407.52,0,0
698GR2054,GS,94,-1.6,28200,0,0
755GJ31,SG,95.6,-4.43,1912,0,0
LAKPRE,BZ,4.66,-4.9,5.1,0.02,0
GTECJAINX,EQ,20.47,-0.58,20.86,0,0
905SC24B,Z9,950.65,-2.3,13.08,0,0
1040UCL27B,N1,1000,-0.46,34.39,0,0
1025SCL34,Z8,965,-2.53,13.92,0,0
805NMC34,N6,121.5,-2.79,24.3,0,0
948SCL26B,Y8,950.2,-3.89,10.81,0,0
735NHAI31,N9,1078,-0.09,6449.22,0,0
BLUECHIP,BE,2.51,-1.95,13.88,0.01,0
692GS2039,GS,99.65,-2.02,121573,0,0
1015SCL28,NR,681,-19.07,5.98,0,0
NHPC,T0,75,-2.34,75337.76,0,0
EASTSILK,BE,63.38,-4.99,31.69,0,0