Symbol ,Series ,LTP ,%chng ,Mkt Cap (₹ Crores),Volume (Lakhs),Value (₹ Crores)
LT,EQ,3445,-7.38,473898.17,107.79,3784.6
HDFCBANK,EQ,816.7,-1.93,1256930.05,417,3409.97
RELIANCE,EQ,1382.1,-0.73,1870323.04,172.65,2396.81
ICICIBANK,EQ,1255,-0.91,898330.26,173.44,2176.41
M&M,EQ,2940,-3.01,365597.48,72.18,2144.9
ATGL,EQ,572.5,-5.78,62964.13,318.42,1913.86
SBIN,EQ,1046,-3.61,965522.6,159.79,1688.13
SILVERBEES,EQ,245.3,-3.23,34225,596.66,1466.65
ETERNAL,EQ,217,-1.89,209412.61,654.62,1419.35
MARUTI,EQ,12615,-3.04,396618.85,9.4,1186.35
KOTAKBANK,EQ,367.1,-2.18,365134.44,321.79,1184.49
NATIONALUM,EQ,386.45,-5.55,70976.64,284.67,1110.57
AXISBANK,EQ,1199.1,-2.87,372587.89,90.98,1097.72
VEDL,EQ,687.9,-4.41,268995.59,154.17,1068.46
NTPC,EQ,384.05,-1.66,372400.46,271.07,1053.5
HINDALCO,EQ,910.9,-6.07,204699.86,103.47,952.53
COALINDIA,EQ,466.5,-0.77,287491.28,202.17,945.89
BSE,EQ,2805,-1.6,114411.48,33.14,937.5
INFY,EQ,1250.4,-1.22,507086.11,73.66,923.43
DIXON,EQ,10329,-4.39,62802.28,8.48,889.43
BEL,EQ,439,-3.21,320899.29,195.03,857.68
HAL,EQ,3912,-2.53,261624.78,21.14,829.97
ADANIPOWER,EQ,147.52,-1.07,284487.82,544.8,814.75
TATASTEEL,EQ,183.01,-5.41,228461.03,426.84,792.17
ITC,EQ,301.9,-0.72,378334.39,256.6,776.96
ULTRACEMCO,EQ,10744,-3.11,316603.3,7.24,776.38
INDIGO,EQ,4162,-2.11,160908.33,18.48,768.39
POWERGRID,EQ,301,-0.86,279948.17,236.15,714.71
KAYNES,EQ,3498,-5.47,23448.72,19.52,690.12
ABB,EQ,6389,-0.31,135388.26,10.71,689.07
NIFTYBEES,EQ,263.5,-1.66,54841.37,252.35,666.06
SHRIRAMFIN,EQ,1005.9,-2.5,189262.91,65.63,659.53
CUMMINSIND,EQ,4683.9,-1.47,129837.71,13.25,618.19
WAAREEENER,EQ,2724.1,-0.56,78356.26,22.5,617.44
MCX,EQ,2498.9,-1.08,63719.91,24.34,606.88
TCS,EQ,2412,-1.24,872682.71,24.66,596.41
ADANIGREEN,EQ,863,-0.41,141652.29,67.56,578.21
BAJFINANCE,EQ,856.5,-0.76,532926.45,66.69,573.04
EICHERMOT,EQ,6765,-3.02,185573.56,8.19,554.95
PGEL,EQ,502.8,-5.52,14347.03,109.33,552.06
HINDCOPPER,EQ,496,-5.94,47964.39,108.34,545.84
TMPV,EQ,314.2,-3.19,115708.1,170.74,536.27
IDEA,EQ,9.4,-1.67,101842.45,5709.44,532.69
HFCL,EQ,72.3,-2.91,11066.26,709.57,526.36
TMCV,EQ,426,-3.96,156867.32,119.72,509.36
ONGC,EQ,264.05,-2.4,332182.27,184.12,489.16
GOLDBEES,EQ,130.43,-1.51,58685.1,371.92,485.77
TVSMOTOR,EQ,3327.4,-2.78,158080.49,14.47,483.06
ASHOKLEY,EQ,170.99,-4.19,100437.04,271.77,465.65
SUNPHARMA,EQ,1802,-1.28,432349.97,25.55,462.4
PFC,EQ,404.6,-2.72,133522.12,112.02,456.72
INDUSINDBK,EQ,816,-1.85,63575.06,56.07,456.22
POLYCAB,EQ,7200,-3.42,108395.58,6.29,453.48
TRENT,EQ,3500,-0.95,124420.61,12.16,428.83
MAZDOCK,EQ,2325.7,-4.81,93814.09,16.99,401.31
CGPOWER,EQ,708.2,-3.95,111535.45,54.31,393.13
BAJAJ-AUTO,EQ,8875,-3.13,248054.33,4.36,387.78
AMBER,EQ,6430,-7.21,22628.24,5.79,382.27
HINDZINC,EQ,551.35,-5.43,232962.96,68.85,381.79
ADANIPORTS,EQ,1368.8,-1.63,315365.92,26.89,367.04
TATAPOWER,EQ,394.5,-1.9,126056.15,90.72,361.74
DMART,EQ,3829.8,-3.13,249217.75,9.14,360.81
SAIL,EQ,149.2,-2.9,61627.44,241.57,359.08
TITAN,EQ,4072.5,-1.38,361550.91,8.69,355.39
TATSILV,EQ,24.9,-3.19,5498.55,1414.97,353.88
GRASIM,EQ,2570,-3.86,174894.75,13.1,342.1
SUZLON,EQ,41.64,-1.86,57107.41,794.98,330.71
NETWEB,EQ,3172.1,-1.68,18062.16,10.29,326.78
MAXHEALTH,EQ,991,-2.88,96433.49,32.68,325.79
MOTHERSON,EQ,113.82,-5.28,120125.79,274.24,318.47
JIOFIN,EQ,235.85,-2.62,149838.85,133.28,315.88
VBL,EQ,401.5,-2.32,135791.09,76.64,313.08
LAURUSLABS,EQ,1003,-4.18,54147.62,30.68,307.42
PAYTM,EQ,977,-3.18,62532.46,30.61,300.92
KPRMILL,EQ,851.05,-6.42,29090.08,35.59,298.2
APOLLOHOSP,EQ,7545,-0.39,108485.52,3.94,297.79
BHEL,EQ,258.25,-3.58,89924.29,112.38,294.51
COFORGE,EQ,1092,-1.44,36664.79,27.05,293.35
HCLTECH,EQ,1329.1,-2.14,360673.23,21.91,292.74
TEJASNET,EQ,427,-3.2,7583.72,66.26,286.88
CANBK,EQ,134.75,-3.98,122227.03,210.35,286.04
IDFCFIRSTB,EQ,62.55,-3.44,53787.95,449.18,282.58
HDFCAMC,EQ,2385,-1.81,102163.84,11.77,280.83
DLF,EQ,541.75,-2.93,134100.19,50.08,273.97
DATAPATTNS,EQ,3205,-3.81,17942.86,8.04,261.16
CDSL,EQ,1178,-2.71,24620.2,21.95,260.25
HEROMOTOCO,EQ,5193,-3.74,103906.62,4.96,259.25
JSWSTEEL,EQ,1120,-4.49,273890.84,22.85,258.8
JSWENERGY,EQ,512,-1.22,89973.36,49.17,254.19
TORNTPHARM,EQ,4410,-0.81,149250.21,5.73,252.18
JINDALSAW,EQ,190.25,-4.3,12166.64,131.07,252.06
WIPRO,EQ,197.75,-2.35,207401.15,126.3,250.8
POWERINDIA,EQ,24190,-2.77,107820.55,1.02,250.44
BAJAJFINSV,EQ,1750.8,-1.13,280224.29,13.91,243.51
BPCL,EQ,319.8,-2.01,138743.08,75.56,242.37
ADANIENT,EQ,1960,-2.1,253365.75,11.95,235.76
SOLARINDS,EQ,14257,-1.85,129011.67,1.63,232.89
BHARATFORG,EQ,1670,-6.16,79829.12,13.61,231.56
PERSISTENT,EQ,4638.8,-1.6,73177.07,4.99,230.95
PREMIERENE,EQ,778.8,-1.34,35279.2,29.19,230.41
SILVERIETF,EQ,255.97,-3.17,16258.95,89.9,230.26
ICICIAMC,EQ,2879.7,-1.93,142331.63,7.95,229.09
AUBANK,EQ,884.8,-1.93,66191.1,25.58,227.64
ADANIENSOL,EQ,993.8,-1.06,119383.47,22.41,224.18
KEI,EQ,4150,-4.16,39674.25,5.27,220.42
CHOLAFIN,EQ,1515,-0.73,129055.22,14.52,219.89
RECLTD,EQ,331.2,-3.58,87212.38,65.62,219.82
GROWW,EQ,155.71,-1.59,97686.17,141.03,218.32
STLTECH,EQ,189.06,-5.87,9228.1,113.88,217.25
JINDALSTEL,EQ,1145.5,-6.49,116851.09,18.66,216.71
HINDPETRO,EQ,369.35,-3.9,78591.12,58.17,215.83
VOLTAS,EQ,1406.4,-2.97,46535.63,15.25,214.86
AUROPHARMA,EQ,1299.3,-0.96,75463.55,16.35,212.79
HDFCSILVER,EQ,244.8,-3.44,8229.23,86.57,212.77
PNB,EQ,111.74,-4.18,128422.15,186.5,210.67
HAVELLS,EQ,1319.3,-2.56,82754,15.99,210.26
AMBUJACEM,EQ,424.55,-4.91,104941.27,48.56,209.24
ASIANPAINT,EQ,2194.1,-1.22,210457.59,9.49,209.01
NESTLEIND,EQ,1202.1,-1.53,231802.66,16.81,204.69
GODREJCP,EQ,1029,-2.21,105291.87,19.67,204.28
DRREDDY,EQ,1290,-2.2,107666.24,15.75,204.16
OIL,EQ,471.15,-1.7,76637.63,42.96,203.78
HDFCLIFE,EQ,624.6,-3.27,134764.69,31.67,199.88
LTFOODS,EQ,384.65,-1.37,13357.08,50.18,198.67
INDIANB,EQ,874,-3.91,117724.65,22.05,193.51
UNIONBANK,EQ,173.99,-4.45,132817.1,109.35,192.77
FEDERALBNK,EQ,262.9,-2.72,64745.07,72.58,192.45
IDBI,EQ,92.2,-6.69,99137.15,203.95,191.81
SBILIFE,EQ,1908.8,-1.58,191455.85,9.9,189.16
IOC,EQ,156.6,-2.22,221138.59,119.59,188.38
LENSKART,EQ,498.9,-1.12,86629.79,37.13,186.5
BDL,EQ,1309.6,-2.95,48005.03,14.13,185.97
BIOCON,EQ,383.4,-2.24,62145.6,47.58,184.17
BLUESTARCO,EQ,1833.2,-6.16,37693.3,9.8,182.46
UNOMINDA,EQ,1010.5,-5.43,58347.8,17.77,182.06
FORCEMOT,EQ,20250,-6.08,26391.65,0.88,181.94
YESBANK,EQ,18.81,-2.59,59024.75,940.03,177.95
GESHIP,EQ,1450,-2.46,20701.24,12.02,177.36
CIPLA,EQ,1315.1,-0.69,106231.24,13.46,177.01
INDHOTEL,EQ,611.05,-2.22,86978.83,28.89,176.91
BANKBARODA,EQ,281.3,-2.73,145470.42,62.38,176.3
MANKIND,EQ,2140,-3.08,88340.29,8.02,174.1
HAPPSTMNDS,EQ,388.4,-5.05,5914.35,43.47,173.51
NYKAA,EQ,237.6,-3,68026.26,72.48,172.97
NMDC,EQ,78.59,-2.82,69094.89,217.1,172.12
MFSL,EQ,1630,-3.9,56253.71,10.44,171.83
GAIL,EQ,148,-2.86,97311.47,113.89,169.99
TTKPRESTIG,EQ,533.1,-7.82,7300.86,28.92,166.69
BANDHANBNK,EQ,175.8,-1.24,28320.88,94.25,165.3
SRF,EQ,2500.4,-4.79,74118.06,6.49,164.17
KPITTECH,EQ,662.05,-1.37,18149.69,24.72,163.06
LUPIN,EQ,2301.1,-2.38,105170.22,6.96,162.03
JBCHEPHARM,EQ,2125,-0.3,34118.73,7.58,160.18
CUPID,EQ,76.1,-6.45,10232.87,205.57,159.09
POLICYBZR,EQ,1442.5,-1.38,66743.48,10.9,157.82
NAVINFLUOR,EQ,6170,-0.8,31610.13,2.57,157.71
VMM,EQ,102.64,-3.23,47964.88,152.21,156.93
MRPL,EQ,178.8,-6.6,31336.47,84.63,153.32
TECHM,EQ,1332,-1.32,130506.65,11.5,152.96
GODREJPROP,EQ,1571.7,-2.76,47340.6,9.58,151.7
CEATLTD,EQ,3460,-9.1,13995.73,4.15,147.01
KTKBANK,EQ,225.75,-0.42,8537.27,64.41,145.16
BANKINDIA,EQ,150.3,-2.89,68426.6,95.51,144.87
TATAGOLD,EQ,15.3,-1.42,6030.23,941.93,144.21
ATHERENERG,EQ,699.6,-1.54,26751.04,20.14,142.57
GRSE,EQ,2311.8,-4.62,26482.13,6.01,141.3
APOLLOPIPE,EQ,401,-3.44,1766.33,33.23,137.28
APARINDS,EQ,8990,-4.93,36111.32,1.5,135.51
IREDA,EQ,115.2,-1.56,32362.34,113.96,132.65
COLPAL,EQ,1964,-0.6,53417.98,6.61,130.17
BANKBEES,EQ,560,-1.62,7366.76,22.45,125.38
RADICO,EQ,2800,-2.01,37490.18,4.46,125.36
RVNL,EQ,270.9,-3.11,56483.19,45.64,125.05
NLCINDIA,EQ,259.5,-2.17,35983.22,47.04,124.49
WOCKPHARMA,EQ,1226.2,-5.58,19923.98,10.13,124.15
RPOWER,EQ,22.3,-5.75,9222.77,542.53,123.59
DIVISLAB,EQ,6070,-3.37,161139.43,2.01,123.3
ABCAPITAL,EQ,310.05,-3.09,81214.67,38.72,121.33
UPL,EQ,609.3,-3.14,51434.95,19.55,119.39
PIDILITIND,EQ,1342,-3.27,136577.22,8.78,118.23
TIINDIA,EQ,2459,-3.56,47592.7,4.7,116.13
MAHABANK,EQ,64.15,-4.41,49341.24,178.69,115.91
INDUSTOWER,EQ,424.5,-3.97,111990.01,27.02,115.84
GVT&D,EQ,3640,-2.93,93200.94,3.13,114.11
GLENMARK,EQ,2172,-3.74,61294.02,5.17,113.06
SHREECEM,EQ,23000,-2.13,82985.72,0.49,112.08
IRFC,EQ,97.25,-1.64,127091.22,114.15,111.93
APLAPOLLO,EQ,1933.3,-3.78,53675.37,5.61,108.56
CHENNPETRO,EQ,910,-3.58,13550.94,11.58,107
APOLLOTYRE,EQ,400.6,-4.08,25442.14,26.46,106.45
IRCTC,EQ,527.55,-1.7,42204,20.09,106.19
GUJGASLTD,EQ,373,-3.96,25676.95,27.09,103.7
OBEROIRLTY,EQ,1457.5,-0.87,52995.03,7.03,102.22
SIEMENS,EQ,3217,-3.24,114563.97,3.13,102.09
FIVESTAR,EQ,354.3,-3.94,10436.48,28.98,101.79
INOXWIND,EQ,79.74,-4.71,13780.97,125.61,101.42
COCHINSHIP,EQ,1382,-4.31,36357.76,7.15,100.36
KALYANKJIL,EQ,380,-2.55,39241.18,25.76,98.04
SCI,EQ,238.5,-4.87,11109.31,40.03,98.01
PIIND,EQ,2900,-1.77,43998.25,3.39,97.9
GMDCLTD,EQ,530,-4.59,16854,18.13,97.57
LICI,EQ,773.4,-2.92,489175.32,12.5,97.57
SUPREMEIND,EQ,3877.3,-4.12,49252.13,2.48,97.06
GMRAIRPORT,EQ,89.6,-3.96,94608.42,107.07,96.61
BELRISE,EQ,177.45,-5.65,15790.91,52.93,95.26
PATANJALI,EQ,480.75,-2.01,52301.66,19.46,94.52
SBICARD,EQ,702.5,-1.09,66849.53,13.39,94.31
J&KBANK,EQ,120.6,-5.42,13280.26,76.43,93.83
GOLDIETF,EQ,134.85,-1.62,26214.02,68.76,92.87
JINDALPOLY,EQ,929,-1.1,4067.76,9.84,91.28
LTF,EQ,257.8,-2.9,64563.07,35.11,90.86
UNITDSPR,EQ,1313.9,-3.64,95566.63,6.75,90.49
APOLLO,EQ,201.9,-4.24,7155.17,44,90.19
GRAPHITE,EQ,617.5,-4.37,12064.44,14.39,89.68
LGEINDIA,EQ,1555,-1.4,105549.11,5.73,89.27
DELHIVERY,EQ,404.8,-0.83,30300.21,22.07,88.82
M&MFIN,EQ,330,-4.71,45869.05,26.56,88.23
ASTRAL,EQ,1610,-5.07,43252.68,5.36,87.71
JUBLFOOD,EQ,459.6,-0.47,30326.49,19.06,87.38
ICICIPRULI,EQ,584.65,-1.4,84726.3,14.83,86.66
JUNIORBEES,EQ,709.2,-0.93,7059.18,12.26,86.13
PNBHOUSING,EQ,765.95,-1.82,19953.65,11.13,85.73
SBISILVER,EQ,250.55,-3.29,6457.45,33.95,85.44
NAUKRI,EQ,950,-0.57,61599.96,8.89,85
FORTIS,EQ,840,-2.27,63416.48,10.03,84.86
CRAFTSMAN,EQ,6647.5,-9.61,15858,1.23,84.63
STOVEKRAFT,EQ,500,-1.57,1655.37,16.4,84.18
GPIL,EQ,251.4,-5.02,16873.16,33.09,83.66
RBLBANK,EQ,293.75,-2.02,18150.46,28.27,83.46
DOMS,EQ,2075,-3.67,12592.83,3.91,82.83
NATCOPHARM,EQ,960,-5.53,17194.55,8.46,82.32
LICHSGFIN,EQ,496,-0.5,27283.12,16.38,81.47
ACUTAAS,EQ,2090,-4.47,17111.06,3.83,80.47
PFOCUS,EQ,255.5,-6.9,19826.56,30.54,80.34
NIFTYIETF,EQ,261.79,-1.79,35593.43,30.3,79.59
REDINGTON,EQ,236.95,-3.5,18524.15,33.43,79.34
TATAELXSI,EQ,4253,-1.78,26478.73,1.85,79.17
MTARTECH,EQ,3385,-3.67,10412.12,2.29,78.68
ZYDUSLIFE,EQ,903.95,-1.41,90958.52,8.62,78.25
HDFCSML250,EQ,150.05,-2.5,1724.85,51.96,78.21
DABUR,EQ,454.9,-0.97,80685.17,17.12,78.17
TATACOMM,EQ,1402,-3.26,39957,5.48,77.54
PAGEIND,EQ,30240,-2.01,33729.31,0.25,77.25
EXIDEIND,EQ,296,-4.52,25160,25.43,76.67
TDPOWERSYS,EQ,787,-3.15,12294.11,9.58,76.16
SAGILITY,EQ,38.03,-3.7,17803.09,197.58,75.93
TARIL,EQ,277.5,-5.1,8329.6,27.08,75.84
OLAELEC,EQ,23.06,-2.7,10171.37,323.94,75.64
NH,EQ,1672,-1.96,34169.13,4.46,74.36
CROMPTON,EQ,245.1,-0.85,15782.35,30.34,74.22
HDFCGOLD,EQ,134.75,-1.51,23222.58,54.79,73.88
ANANTRAJ,EQ,448.9,-4.41,16154.88,15.89,72.73
CONCOR,EQ,452.05,-3.23,34428.94,15.91,72.65
ENGINERSIN,EQ,189.83,-5.41,10669.25,37.76,72.47
NBCC,EQ,83.29,-3.8,22488.3,85.55,72.19
HBLENGINE,EQ,659.35,-4.41,18276.85,10.74,71.55
SAMMAANCAP,EQ,139.77,-1.86,11582.28,50.2,70.51
ZEEL,EQ,78.11,-4.77,7502.62,88.65,70.49
SETFGOLD,EQ,134.5,-1.54,25364.25,52.16,70.25
MPHASIS,EQ,2105.1,-3.67,40137.65,3.23,68.74
PARADEEP,EQ,110.11,-2.23,11431.3,61.47,68.33
KEC,EQ,551,-1.7,14667.62,12.51,68.13
SETFNIF50,EQ,249,-1.62,198292.49,27.23,67.94
LTM,EQ,4200,-2.86,124527.19,1.6,67.87
MRF,EQ,134600,-2.47,57085.78,0.05,67.47
HEG,EQ,495.95,-4.47,9570.72,13.34,67.15
KIRLOSENG,EQ,1440.5,-1.93,20937.62,4.56,66.62
ITCHOTELS,EQ,152.82,-3.25,31830.62,42.86,66.3
HSCL,EQ,440,-2.88,22198.83,15.05,66.02
PRECWIRE,EQ,283,-11.47,5173.47,22.22,65.41
EDELWEISS,EQ,107.25,-0.78,10150.98,60.8,65.2
ENRIN,EQ,2786,-2.82,99215.17,2.3,65.19
SAPPHIRE,EQ,162.99,-3.74,5238.22,40.46,64.61
ICICIGI,EQ,1834.5,-1.12,91407.84,3.48,64.22
GODFRYPHLP,EQ,2020,-3.42,31508.32,3.14,63.99
CONFIPET,EQ,35.11,-0.96,1166.5,170.13,63.83
COROMANDEL,EQ,2000,-0.42,59002.93,3.17,63.76
MEESHO,EQ,138.01,-2.38,62285.72,45.74,63.39
IEX,EQ,120.35,-1.96,10731.52,52.04,63.28
PPLPHARMA,EQ,139.99,-3.81,18608.14,44.63,63.19
PARAS,EQ,639.9,-4.32,5156.78,9.73,63.13
OFSS,EQ,6528,-2.49,56812.66,0.96,63.07
SHAKTIPUMP,EQ,500,-4.99,6169.9,12.36,62.59
AURIONPRO,EQ,858,-6.89,4737.32,6.99,62.59
MID150BEES,EQ,209.5,-2.62,2797.25,29.78,62.5
BOSCHLTD,EQ,30260,-3.34,89247.75,0.2,62.31
LEMONTREE,EQ,101.27,-3.95,8023.08,61.03,62.07
SAILIFE,EQ,945.25,-6.3,20017.38,6.47,61.98
ANANDRATHI,EQ,3025,-1.63,25113.74,2.03,61.86
KARURVYSYA,EQ,281.8,-4.7,27235.8,21.63,61.66
KRN,EQ,865,-3.45,5376.55,7.04,61.31
UJJIVANSFB,EQ,50.99,-4.14,9905.9,119.06,61.01
NEULANDLAB,EQ,12150,-3.37,15588.32,0.5,60.85
TATAINVEST,EQ,620,-1.46,31368.95,9.48,60.06
SYRMA,EQ,727.5,-3.03,14028.42,8.21,59.98
JPPOWER,EQ,13.99,-1.27,9587.99,424.53,59.9
360ONE,EQ,1030,-1.28,41809.34,5.82,59.89
PRAJIND,EQ,303.15,-3.59,5572.29,19.21,59.17
GRAVITA,EQ,1427.8,-5.02,10538.37,4.03,58.97
ITBEES,EQ,32.28,-1.25,3310.69,182.6,58.85
NIFTYETF,EQ,250.6,-1.98,4665.44,23.29,58.79
BAJAJHLDNG,EQ,9504,-2.91,105773.35,0.61,58.78
ACC,EQ,1376.5,-3.97,25848.92,4.19,58.55
CUB,EQ,230,-5.68,17090.09,24.89,58.55
AWL,EQ,173.29,-1.62,22522.13,33.18,58.2
SEPC,EQ,5.28,-15.25,997.95,1035.97,57.81
PETRONET,EQ,286.65,-3.39,42997.5,19.96,57.53
ZENTEC,EQ,1365,-3.78,12324.63,4.17,57.51
CAMS,EQ,644.95,-2.83,15987.56,8.78,57.15
KALPATARU,EQ,299,-0.17,6156.83,17.72,56.63
SJVN,EQ,69.94,-3.33,27484.99,78.81,56.41
SONACOMS,EQ,485,-4.96,30159.57,11.36,56.16
ALKEM,EQ,5384,-1.1,64373.8,1.03,55.68
SILVER,EQ,256,-3.06,3478.44,21.64,55.5
LODHA,EQ,868.8,-0.03,86783.75,6.41,55.49
NCC,EQ,144.2,-3.55,9053.55,37.7,55.01
SILVERCASE,EQ,26.08,-2.98,1318.69,210.02,54.73
RAIN,EQ,112.54,-5.18,3785.23,48.33,54.67
QPOWER,EQ,782,-4.67,6056.13,6.85,54.57
TORNTPOWER,EQ,1463.4,-2.83,73741.24,3.58,52.96
JKTYRE,EQ,412.6,-4.2,11894.83,12.73,52.94
MOTILALOFS,EQ,678,-2.78,40791.62,7.72,52.81
HUDCO,EQ,172.62,-2.29,34556.8,30.07,52.28
VIKRAMSOLR,EQ,180.6,-2.26,6543.68,28.58,52.23
NFL,EQ,71,-2.73,3483.11,70.92,51.8
NEWGEN,EQ,443,-1.96,6304.68,11.53,51.07
JAINREC,EQ,427,-0.36,14735.16,11.76,49.94
AARTIIND,EQ,420,-5.87,15228.96,11.48,49.64
LINDEINDIA,EQ,6929,-3.62,59093.44,0.71,49.61
IGL,EQ,156.8,-3.16,21952.03,30.77,49.04
TATATECH,EQ,540,-2.15,21922.88,8.94,48.52
JSL,EQ,707.6,-5.23,58335.93,6.74,48.32
PIRAMALFIN,EQ,1743.7,-2.44,39525.79,2.74,47.9
AJANTPHARM,EQ,3030,-2.87,37855.49,1.55,47.04
ESCORTS,EQ,3118,-3.46,34883.48,1.5,47.02
LOTUSDEV,EQ,119,-4.13,5815.81,38.67,46.7
GOLD1,EQ,131.57,-1.28,13317.01,35.4,46.53
TFCILTD,EQ,63.03,-1.61,2918.15,73.84,46.19
LLOYDSME,EQ,1140,-5.39,62056.93,3.99,46.01
KFINTECH,EQ,893,-1.61,15404.04,5.15,45.97
BEML,EQ,1525,-5.53,12701.57,2.95,45.77
PSUBNKBEES,EQ,95.5,-2.79,4107.22,47.34,45.31
DEEDEV,EQ,295,-4.81,2043.27,14.87,44.81
CPPLUS,EQ,1605.1,-0.23,18907.77,2.77,44.65
SOUTHBANK,EQ,38.1,-2.28,9972.66,116.36,44.45
AVANTIFEED,EQ,1192.1,-4.63,16241.84,3.66,44.37
POONAWALLA,EQ,409.75,-0.29,33304.02,10.81,43.88
SANSERA,EQ,1956,-5.94,12171.07,2.21,43.63
DCBBANK,EQ,168.52,-3.15,5423.2,25.53,43.29
JYOTICNC,EQ,717,-5.63,16306.24,5.96,43.04
IRCON,EQ,130.81,-4.2,12302.89,32.53,43.03
WABAG,EQ,1228,-4.03,7650.63,3.45,42.92
JINDRILL,EQ,474,-7.96,1373.7,8.69,42.51
IXIGO,EQ,161.51,-3.97,7077.1,26.09,42.49
TIMKEN,EQ,3464.7,-0.63,26061.03,1.19,41.41
ELLEN,EQ,195.35,-10,2753.18,20.81,41.13
THANGAMAYL,EQ,3500,-1.76,10878.71,1.17,41.07
JWL,EQ,262.5,-3.56,11218.47,15.47,41.03
SMCGLOBAL,EQ,63.4,-10.6,1327.6,62.88,40.97
BAJAJHFL,EQ,82.15,-1.83,68450.13,49.03,40.53
AZAD,EQ,1492,-5.86,9635.6,2.65,40.21
MODEFENCE,EQ,87.1,-3.62,1246.4,45.49,40.06
WELCORP,EQ,800.1,-5.23,21105.89,4.91,39.79
HDBFS,EQ,643.95,-0.95,53467.42,6.12,39.71
PWL,EQ,84.15,-0.17,24064.31,47.04,39.63
VOLTAMP,EQ,8500,-2.7,8599.55,0.46,39.43
JKCEMENT,EQ,5000,-3.83,38634.13,0.78,38.97
YATRA,EQ,99.79,-4.7,1565.87,37.56,38.25
FRACTAL,EQ,794.1,-6.26,13655.75,4.69,38.11
TATACAP,EQ,313.8,-1.51,133203.99,11.81,37.08
CHOICEIN,EQ,621.8,-3.63,13852.24,5.83,36.95
DEVYANI,EQ,112.08,-4.17,13818.03,32.75,36.47
MOM30IETF,EQ,28.98,-2.06,543.82,125.28,36.21
TITAGARH,EQ,639.95,-2.42,8618.45,5.61,36.14
FINCABLES,EQ,857.5,-4.13,13114.55,4.17,36.02
CHAMBLFERT,EQ,415.5,-4.28,16647.03,8.5,35.86
INDGN,EQ,428.7,-3.33,10309.38,8.28,35.86
AEROFLEX,EQ,237.1,-0.01,3066.19,15.26,35.65
RSYSTEMS,EQ,267.15,-7.3,3165.25,12.98,35.43
QUADFUTURE,EQ,296.8,-7.31,1187.2,11.69,34.8
GOKEX,EQ,580.8,-3.67,4253.77,5.94,34.74
IIFL,EQ,475,-1.19,20201.05,7.27,34.7
SWSOLAR,EQ,168.9,-5.81,3944.35,20.17,34.68
ARE&M,EQ,776,-1.75,14202.77,4.42,34.45
PCBL,EQ,254.9,-6.29,10029.36,13.25,34.43
JSWCEMENT,EQ,116.1,-3.12,15828.67,29.5,34.41
HOMEFIRST,EQ,990,-1.26,10320.36,3.46,34.16
PCJEWELLER,EQ,8.5,-3.41,6229.22,395.11,34.02
LALPATHLAB,EQ,1355,-1.6,22703.71,2.5,33.98
AEGISLOG,EQ,602.75,-5.41,21156.53,5.49,33.81
SHREEJISPG,EQ,361,-0.89,5881.35,9.32,33.66
APTUS,EQ,221.98,-2.31,11115.49,15.05,33.66
AXISGOLD,EQ,131.2,-1.83,5493.44,25.28,33.3
ABSLAMC,EQ,929,-7.11,26828.18,3.46,33.01
BLS,EQ,246.5,-2.09,10149.41,13.41,32.86
SIGNATURE,EQ,786,-3.52,11044.14,4.12,32.75
JMFINANCIL,EQ,118.8,-3.71,11361.61,27.39,32.69
BHARTIHEXA,EQ,1489,-2.16,74450,2.18,32.67
MGL,EQ,1034.4,-1.5,10217.57,3.14,32.57
SBC,EQ,32,-0.59,1523.81,101.14,32.49
AGIIL,EQ,308,-1.33,3849.92,10.48,32.26
EMMVEE,EQ,200.75,-3.16,13898.83,15.83,32.11
GOLDETF,EQ,153.19,-1.49,3351.07,20.91,32.02
ASTRAMICRO,EQ,975.2,-5.72,9259.04,3.21,32
NUVAMA,EQ,1158.5,-2.14,21089,2.73,31.77
OLECTRA,EQ,883.9,-2.2,7255.12,3.59,31.77
AFFLE,EQ,1328.7,-3.56,18702.43,2.37,31.71
ELECTCAST,EQ,72,-9.08,4450.93,42.47,31.47
SWANCORP,EQ,343.25,-5.11,10759.41,9.05,31.38
KANSAINER,EQ,182.43,-2.99,14749.92,16.6,31.3
CARTRADE,EQ,1642,-2.19,7855.81,1.89,31.27
PVRINOX,EQ,973.9,-2.25,9563.69,3.16,30.9
NAM-INDIA,EQ,823.9,-2.65,52503.85,3.72,30.75
HEXT,EQ,413.65,-1.21,25274.68,7.33,30.37
SOBHA,EQ,1296,-3.31,13858.49,2.33,30.28
JAMNAAUTO,EQ,118,-3.61,4716.59,25.59,30.24
HCC,EQ,15.4,-4.29,4033.98,193.92,30.21
EMCURE,EQ,1438,-5.03,27262.98,2.04,29.82
SMLMAH,EQ,3678,-3.88,5322.67,0.8,29.78
RKFORGE,EQ,556,-0.73,10065.3,5.37,29.76
SCHAEFFLER,EQ,3848,-3.53,60145.65,0.77,29.66
ASTERDM,EQ,667,-2.49,34558.67,4.42,29.64
WHIRLPOOL,EQ,836,-2.89,10606.48,3.53,29.54
STYLAMIND,EQ,2210,-0.23,3745.52,1.33,29.47
DALBHARAT,EQ,1890,-0.24,35449.97,1.59,29.47
BSOFT,EQ,357,-4.7,9978.37,8.07,29.37
MEDPLUS,EQ,841.1,-0.36,10097.8,3.47,29.23
DEEPAKFERT,EQ,944,-3.51,11916.85,3.06,29.19
ENERGY,EQ,36.31,-1.92,242.95,79.93,29.14
UCOBANK,EQ,25.38,-4.44,31825.4,113.16,29.13
MON100,EQ,220.58,-1.45,11169.83,13.25,29.09
DCXINDIA,EQ,173.98,-5.75,1937.9,16.44,28.95
SMALLCAP,EQ,39.28,-2.53,793.37,73.52,28.95
PTCIL,EQ,16995,-5.36,25479.84,0.17,28.82
BLACKBUCK,EQ,556.5,-2.79,10110.07,5.14,28.81
HDFCNIFTY,EQ,263,-0.76,4603.41,11.04,28.81
JSWINFRA,EQ,254.7,-1.64,53487.04,11.19,28.68
SMSPHARMA,EQ,368.6,-9.03,3452.01,7.58,28.65
FLUOROCHEM,EQ,3051,-4.22,33515.24,0.92,28.2
NAZARA,EQ,242,-0.21,8965.25,11.84,28.15
EUREKAFORB,EQ,431,-3.19,8335.7,6.35,28.01
SJS,EQ,1555,-3.21,4972.31,1.79,27.82
METROPOLIS,EQ,1810,-0.76,9381.58,1.54,27.78
GSFC,EQ,156.35,-1.95,6230.2,17.52,27.66
TRANSRAILL,EQ,492,-4.35,6605.4,5.53,27.5
WELSPUNLIV,EQ,112.3,-3.07,10771.28,24.42,27.48
RBA,EQ,61.08,-0.16,3559.85,44.68,27.35
ZFCVINDIA,EQ,13602,-2.64,25799.71,0.2,27.14
IRB,EQ,41.56,-2.37,25098.08,64.76,27.08
STARHEALTH,EQ,460,-0.5,27066.34,5.82,26.84
METALIETF,EQ,11.4,-4.12,953.12,234.17,26.81
DBREALTY,EQ,99.29,-4.1,5353.76,26.46,26.53
RAMCOCEM,EQ,972,-2.38,22967.62,2.7,26.53
EPACK,EQ,253,-5.21,2434.58,10.3,26.4
CENTRALBK,EQ,35.64,-2.65,32259.19,73.8,26.35
DYNAMATECH,EQ,9063,-6.42,6155.08,0.28,26.23
EIEL,EQ,151.99,-4.99,2667.88,16.94,26.07
MOSCHIP,EQ,169,-1.54,3271.2,15.35,25.97
JAYNECOIND,EQ,70.95,-5.85,6889.23,35.81,25.81
MOIL,EQ,260.2,-4.32,5294.69,9.78,25.8
ABLBL,EQ,97.25,-3.81,11869.45,26.45,25.78
BALRAMCHIN,EQ,487,-4.38,9834.99,5.17,25.62
CAPACITE,EQ,188.45,-6.74,1594.36,13.32,25.61
3MINDIA,EQ,32750,-4.53,36893.1,0.08,25.58
RRKABEL,EQ,1343,-6.33,15189.47,1.86,25.46
SAREGAMA,EQ,345,-0.73,6651.93,7.24,25.1
TI,EQ,441.9,-2.41,10866.71,5.63,25.02
DIACABS,EQ,129,-5.72,6797.93,19,24.84
OSWALPUMPS,EQ,293.55,-4.27,3345.81,8.38,24.82
PROTEAN,EQ,524,-4.93,2128.32,4.68,24.75
GRANULES,EQ,560.5,-4.47,13601.58,4.32,24.36
SILVERBETA,EQ,246.8,-3.45,1531.47,9.77,24.21
ASHAPURMIN,EQ,507.5,-4.52,4847.95,4.69,24.18
PRICOLLTD,EQ,517,-4.55,6301.27,4.6,24
PHARMABEES,EQ,23.4,-2.13,1054.19,101.86,23.97
SPARC,EQ,117,-4.4,3796.65,20.33,23.93
VINCOFE,EQ,125.22,-0.42,1808.66,19.21,23.91
CPSEETF,EQ,102.59,-1.8,23864.76,23.15,23.9
BALKRISIND,EQ,2211,-3.03,42742.43,1.06,23.84
SANDUMA,EQ,191.95,-3.92,9330.78,12.26,23.67
CREDITACC,EQ,1160.1,-1.45,18578.62,2.03,23.56
NEXT50IETF,EQ,68.8,-1.66,2121.9,34.24,23.48
STYLEBAAZA,EQ,245.45,-8.6,1831.48,9.18,23.31
STALLION,EQ,109.5,-4.72,1271.14,20.94,23.24
WEBELSOLAR,EQ,52.5,-6.18,2215.83,42.92,23.13
BLUEJET,EQ,357.7,-5.21,6204.86,6.37,23.05
MBAPL,EQ,445.3,-4.64,3902.03,5.05,22.98
GRWRHITECH,EQ,3800,-6.84,8828.31,0.59,22.98
TATACHEM,EQ,672,-1.63,17119.62,3.39,22.84
MSUMI,EQ,38.96,-2.75,25836.95,57.52,22.59
KIMS,EQ,637.9,-3.99,25524.86,3.5,22.55
LLOYDSENT,EQ,48,-1.48,7163.63,46.54,22.48
SARDAEN,EQ,531.95,-3.39,18744.92,4.16,22.29
ARVIND,EQ,346,-0.66,9069.17,6.44,22.09
GOLDIAM,EQ,296.3,-5.03,3345.76,7.33,22.06
SILVER1,EQ,24.86,-3.79,2451.19,88.42,22.04
SUNDARMFIN,EQ,5051.5,-5.54,56124.11,0.42,21.97
ZAGGLE,EQ,216,-3.83,2904.3,10.03,21.9
POLYMED,EQ,1258,-4.14,12751.02,1.7,21.82
GOLDCASE,EQ,24.83,-1.51,2319.86,87.03,21.65
EMBASSY,RR,427,-0.94,40475.06,5.09,21.65
PGHH,EQ,10510,-2.87,34116.23,0.2,21.48
JUBLPHARMA,EQ,821.3,-0.77,13081.76,2.59,21.47
ABFRL,EQ,59.3,-4.46,7237.55,35.64,21.41
GABRIEL,EQ,837.65,-4.79,12032.33,2.51,21.27
GRMOVER,EQ,154,-2.1,2834.46,13.78,21.2
ABREL,EQ,1140,-4.19,12733.31,1.83,21.18
URBANCO,EQ,110.01,-3.84,16085.45,19.03,21.13
BLISSGVS,EQ,203.11,-2.91,2148.68,10.19,21.07
BALAMINES,EQ,1001,-3.29,3243.34,2.08,20.84
KAJARIACER,EQ,909,-3.3,14477.85,2.26,20.74
ATLANTAELE,EQ,992,-5.2,7628.15,2.04,20.54
JUBLINGREA,EQ,558,-3.45,8887.89,3.67,20.5
GSPL,EQ,272.1,-2.4,15352.19,7.39,20.21
AVANTEL,EQ,135.79,-5.67,3608.09,14.64,20.18
INOXGREEN,EQ,144.59,-4.56,5805.17,13.85,20.14
DREDGECORP,EQ,873,-7.87,2444.4,2.21,20
LUMAXIND,EQ,4830.5,-2.43,4515.42,0.42,19.99
MANORAMA,EQ,1267,-4.41,7565.07,1.56,19.94
KRISHNADEF,EQ,999.9,-7.2,1493.07,1.95,19.87
ELGIEQUIP,EQ,470,-4.21,14894.72,4.17,19.76
PTC,EQ,158.7,-1.35,4697.65,12.35,19.76
AADHARHFC,EQ,456.05,-4.18,19819.6,4.26,19.63
CCL,EQ,1023.5,-3.5,13666.58,1.9,19.62
LATENTVIEW,EQ,280.5,-4.93,5804.25,6.9,19.58
JYOTHYLAB,EQ,219.15,-4.34,8047.51,8.74,19.29
INTELLECT,EQ,661,-0.91,9225.09,2.91,19.26
CEMPRO,EQ,539.8,-1.21,9273.09,3.52,19.26
BIRET,RR,337.95,-0.64,25325.48,5.66,19.16
EQUITASBNK,EQ,56.35,-0.7,6429.78,34,19.06
ANURAS,EQ,1238.5,-2.26,14100.11,1.53,19.01
IOB,EQ,32.56,-3.84,62699.46,57.51,19.01
JKLAKSHMI,EQ,599,-1.58,7436.25,3.13,18.92
TENNIND,EQ,510.8,-4.6,20616.11,3.63,18.82
TEXRAIL,EQ,92,-3.95,3743.15,19.96,18.64
BANCOINDIA,EQ,551,-4.22,7881.36,3.39,18.58
HUBTOWN,EQ,200.33,-1.7,2846.7,9.3,18.44
RAILTEL,EQ,278,-2.83,8922.09,6.56,18.36
UGROCAP,EQ,88,-8.7,1258.31,20.07,18.35
MIDHANI,EQ,312.6,-5.93,5856.25,5.72,18.24
NAVA,EQ,551,-4.26,15593.37,3.28,18.24
GREAVESCOT,EQ,136.35,-4.86,3175.54,13.12,18.24
IKS,EQ,1330,-3.2,22819.23,1.36,18.22
GROWWSLVR,EQ,25.05,-3.47,360.96,71.49,18.04
GLAND,EQ,1625.1,-1.82,26774.57,1.11,17.99
AXISCADES,EQ,1316,-5,5595.29,1.34,17.95
AARTIPHARM,EQ,653.8,-3.66,5926.81,2.73,17.88
SHRIPISTON,EQ,2930,-1.57,12906.6,0.61,17.71
BALUFORGE,EQ,454,-2.75,5220.63,3.86,17.69
V2RETAIL,EQ,1925,-3.22,7019.27,0.91,17.61
BORORENEW,EQ,407.35,-3.51,5710.59,4.29,17.47
JAIBALAJI,EQ,62.69,-5.81,5718.94,27.16,17.39
ARIS,EQ,102,-6.7,833.96,16.98,17.35
TANLA,EQ,417.8,-3.24,5540.75,4.11,17.34
TMB,EQ,605.5,-3.48,9588.18,2.85,17.34
BAJAJCON,EQ,335.6,-4.89,4383.55,5.1,17.33
OMNI,EQ,217,-1.52,2683.55,7.97,17.3
ABDL,EQ,441.55,-4.76,12350.6,3.81,17.08
CANFINHOME,EQ,835,-4.3,11118.37,2.06,16.95
EMBDL,BE,51.99,-3.86,7229.9,32.01,16.9
PENIND,EQ,142.58,-1.17,1924.06,11.78,16.89
VIDYAWIRES,EQ,52.83,-5.49,1123.65,30.93,16.84
IGIL,EQ,308,-4.02,13310.52,5.41,16.82
LLOYDSENGG,EQ,41.8,-4.85,4895.57,39.67,16.81
KIRIINDUS,EQ,384.2,-4.26,2306.07,4.31,16.8
LMW,EQ,13915,-4.17,14865.39,0.12,16.8
TIMETECHNO,EQ,161.02,-4.3,7948.52,10.25,16.7
SKIPPER,EQ,348,-0.95,3929.06,4.82,16.64
JBMA,EQ,492.2,-4.25,11640.25,3.31,16.51
AXISILVER,EQ,254.11,-3.49,2034.58,6.47,16.49
ISGEC,EQ,910,-2.94,6691.19,1.77,16.32
SKYGOLD,EQ,336,-3.2,5203.76,4.86,16.32
HERITGFOOD,EQ,307.6,-4.5,2854.4,5.23,16.2
ASIANTILES,EQ,60.7,-6.02,1407.7,26.24,16.18
NIFTY1,EQ,256.13,-1.93,3101.15,6.29,16.15
RTNPOWER,EQ,8.17,-4.22,4387.38,193.71,16.12
PSPPROJECT,EQ,663,-1.56,2628.25,2.39,16.11
CSBBANK,EQ,330.9,-4.65,5740.65,4.76,15.99
ELECON,EQ,382,-2.3,8572.08,4.18,15.99
GPPL,EQ,152,-4.65,7348.29,10.33,15.87
GRINDWELL,EQ,1437.9,-3.37,15920.43,1.09,15.86
PRIVISCL,EQ,2859,-0.36,11168.03,0.56,15.83
JYOTISTRUC,EQ,10.97,-1.17,1309.44,144.22,15.82
AAVAS,EQ,1171.9,-0.67,9280.5,1.36,15.74
MIDCAPETF,EQ,20.8,-1.98,1419.64,75.72,15.71
SUNTV,EQ,561,-5.44,22108.15,2.74,15.67
TECHNOE,EQ,1089.6,-1.55,12672,1.44,15.65
SUPRIYA,EQ,575.05,-1.84,4628.16,2.63,15.49
PVTBANIETF,EQ,25.72,-1.91,2826.86,60.01,15.48
GMRP&UI,EQ,103.27,-4.1,8065.57,14.65,15.25
ARVSMART,EQ,527,-1.95,2417.19,2.79,15.25
SHARDACROP,EQ,992,-3.99,8949.87,1.52,15.22
EASEMYTRIP,EQ,6.99,-3.45,2542.16,214.6,15.19
POCL,EQ,1056,-4.35,3221.99,1.42,15.13
RICOAUTO,EQ,106,-5.2,1434.02,14.02,15.07
IMFA,EQ,1184.8,-6.2,6392.48,1.26,15.04
ALPHA,EQ,45.4,-1.22,693.38,33.24,15
ACE,EQ,840.05,-2.98,10003.58,1.76,14.88
MARKSANS,EQ,167,-3.57,7567.83,8.78,14.77
ZENSARTECH,EQ,554.5,-1.75,12611.02,2.66,14.75
REFEX,EQ,198.85,-4.53,2728.21,7.32,14.71
CMSINFO,EQ,292.9,-2.15,4822.23,4.98,14.65
BERGEPAINT,EQ,407.55,-3.58,47518.95,3.57,14.63
HINDOILEXP,EQ,145.37,-1.4,1922.42,10.07,14.58
BANKETF,EQ,545.76,-2.46,234.58,2.65,14.56
CLEAN,EQ,701,-4.48,7449.98,2.05,14.53
WAAREERTL,EQ,816,-2.86,8514.62,1.76,14.48
RAYMOND,EQ,355,-6.07,2363.37,3.98,14.39
MANYAVAR,EQ,342.05,-3.09,8310.89,4.18,14.37
HGINFRA,EQ,486.9,-4.09,3173.18,2.9,14.25
KRBL,EQ,308.35,-3.44,7057.82,4.56,14.2
AUTOBEES,EQ,250.42,-3.04,367.55,5.65,14.18
ASHOKA,EQ,116.2,-4.01,3262,12.09,14.17
NSLNISP,EQ,36.52,-3.62,10702.57,38.16,14.08
DEEPAKNTR,EQ,1445,-2.4,19708.79,0.96,13.95
RAINBOW,EQ,1132,-3.58,11496.5,1.22,13.91
JPOLYINVST,EQ,1230.7,-6.25,1293.7,1.1,13.87
USHAMART,EQ,406.6,-3.45,12390.8,3.37,13.86
INTERARCH,EQ,1720,-4.02,2884.76,0.8,13.85
SHYAMMETL,EQ,768,-1.51,21437.33,1.79,13.83
STYRENIX,EQ,2035,-1.87,3578.67,0.68,13.79
PGINVIT,IV,90.68,-0.41,8251.87,15.15,13.73
CLEANMAX,EQ,892,-1.01,10443.46,1.54,13.7
IIFLCAPS,EQ,285,-2.4,8875.29,4.8,13.64
MOREPENLAB,EQ,38.28,-4.92,2097.57,34.83,13.51
MAPMYINDIA,EQ,934.9,-3.33,5115.93,1.43,13.48
KWIL,EQ,24.94,-2.35,5859.88,53.37,13.43
SONATSOFTW,EQ,235.6,-2.83,6606.81,5.69,13.41
CYIENT,EQ,869.65,-3.65,9663.9,1.52,13.37
MUFIN,EQ,101,-3.2,1749.64,13.06,13.34
SUDARSCHEM,EQ,836,-2.03,6571.96,1.63,13.33
PARKHOSPS,EQ,192.8,-2.97,8327.63,6.79,13.3
ADVANCE,EQ,98.7,-2.91,634.5,13.32,13.3
BAJAJHIND,EQ,16.23,-1.81,2073.16,80.65,13.14
RELINFRA,BE,86.33,-3.96,3527.71,15.01,13.13
NETWORK18,EQ,31.08,-5.45,4792.54,41.54,13.09
VTL,EQ,534.5,-1.27,15459.73,2.44,13.09
RUBICON,EQ,761,-4.77,12537.5,1.69,13.08
SCHNEIDER,BE,875.9,-3.48,20943.12,1.48,13.07
FIEMIND,EQ,2056,-2.17,5411.32,0.63,12.96
KPEL,EQ,281,-4.75,1899.44,4.48,12.88
YATHARTH,EQ,658,-2.92,6340.12,1.94,12.87
CRAMC,EQ,238.45,-1.91,4755.11,5.39,12.85
SEAMECLTD,EQ,1321.2,-1.42,3359.15,0.95,12.77
CCAVENUE,EQ,14.18,-3.14,4943.69,88.27,12.68
EIDPARRY,EQ,789.5,-2.57,14043.05,1.59,12.63
GLAXO,EQ,2415,-3.57,40911.56,0.51,12.53
CARBORUNIV,EQ,754.4,-4.2,14368.65,1.65,12.5
VARROC,EQ,479,-3.3,7318.47,2.6,12.45
BRIGADE,EQ,655,-1.5,16020.87,1.9,12.42
THYROCARE,EQ,355,-3.28,5650.24,3.47,12.41
ERIS,EQ,1334,-1.3,18479,0.93,12.35
AETHER,EQ,1001,-4.45,13280.7,1.22,12.34
KNRCON,EQ,123.9,-2.17,3484.5,10.04,12.32
CARYSIL,EQ,779.8,-4.35,2217.95,1.56,12.29
JSLL,EQ,583,-2.55,7246.73,2.08,12.29
OPTIEMUS,EQ,335,-6.1,2971.07,3.62,12.29
JAGSNPHARM,EQ,182.98,-3.5,1223.96,6.49,12.2
SHILCTECH,EQ,3768,-1.63,4310.67,0.32,12.12
BANKIETF,EQ,56,-0.71,2861.83,21.78,12.06
ITI,EQ,241.65,-6.68,23219.83,4.89,12.02
SYMPHONY,EQ,800,-1.9,5493.71,1.49,12.01
BATAINDIA,EQ,698.05,-2.23,8971.86,1.71,12
INDIGOPNTS,EQ,788,-3.67,3756.84,1.51,11.98
SENCO,EQ,288.95,-3.05,4730.64,4.09,11.96
PREMEXPLN,EQ,451.3,-4.89,2426.24,2.59,11.9
MAHLOG,EQ,369.05,-7.32,3661.81,3.16,11.87
63MOONS,EQ,558,-6.07,2571.18,2.1,11.85
HONASA,EQ,267.9,-4.49,8716.66,4.34,11.74
AGI,EQ,512.4,-5.19,3315.09,2.28,11.73
BBOX,EQ,498,-4.63,8490.03,2.32,11.72
SHILPAMED,EQ,315.8,-4.97,6176.47,3.68,11.72
IBULLSLTD,EQ,9.75,-1.91,2266.27,119.97,11.68
SENORES,EQ,728.8,-1.05,3356.39,1.58,11.48
PNCINFRA,EQ,193,-4.39,4951.21,5.83,11.47
TEGA,EQ,1764,-2.21,13252.53,0.64,11.41
ARFIN,EQ,74.31,-7.41,1253.78,14.93,11.4
INFOBEAN,EQ,125.1,-3.1,1221.05,9.2,11.4
ANUP,EQ,1518.2,-2.47,3041.18,0.73,11.36
BIRLACORPN,EQ,783,-4.52,6029.52,1.43,11.36
THOMASCOOK,EQ,88.5,-3.37,4162.87,12.74,11.35
KERNEX,EQ,985,-0.86,1655.04,1.15,11.31
ENDURANCE,EQ,2383,-3.15,33519.96,0.47,11.26
SILVERADD,EQ,246.85,-3.45,1970.06,4.5,11.19
SFL,EQ,513.95,-1.6,5587.19,2.16,11.16
INDIACEM,EQ,354,-3.27,10970.36,3.09,11.13
ANTELOPUS,EQ,541.3,-6,1903.34,2.01,11.12
MANINDS,EQ,398,-3.16,2985.38,2.79,11.08
MEDANTA,EQ,1084.5,-1.7,29150.32,1.02,11.03
EMSLIMITED,EQ,283.5,-6.93,1574.3,3.78,10.97
KSHINTL,EQ,392,-5,2656.02,2.76,10.97
KPIL,EQ,1092,-4.8,18648.36,0.98,10.91
ANTHEM,EQ,638.5,-0.38,35865.43,1.7,10.91
FEDFINA,EQ,126.9,-1.04,4747.65,8.64,10.88
ETHOSLTD,EQ,2024.3,-3.94,5416.56,0.54,10.86
PARAGMILK,EQ,195,-4.37,2439.64,5.48,10.83
CAPLIPOINT,EQ,1659.7,-1.65,12615.66,0.65,10.8
ACETEC,ST,135.05,-0.74,221.26,7.86,10.77
IDEAFORGE,EQ,402.75,-5.49,1742.91,2.58,10.63
PNGSREVA,EQ,386,-1.73,1223.56,2.72,10.58
SPANDANA,EQ,222,-2.35,1582.97,4.78,10.51
BOROLTD,EQ,228,-5.55,2726.47,4.44,10.4
GOODLUCK,EQ,1018.5,-3.4,3385.34,1.01,10.4
EMAMILTD,EQ,416,-2.83,18158.4,2.45,10.31
SHADOWFAX,EQ,107.52,-3.97,6216.09,9.44,10.18
VIJAYA,EQ,932,-2.46,9573.96,1.09,10.15
RATEGAIN,EQ,491.85,-3.53,5809.93,2.06,10.15
AVALON,EQ,881.5,-3.44,5884.8,1.14,10.13
METAL,EQ,11.35,-4.86,414.34,88.15,10.1
WALCHANNAG,EQ,150.6,-6.22,1021.7,6.55,10.06
MONIFTY500,EQ,22.14,-1.07,213.21,45.7,10.05
VSTTILLERS,EQ,4885.5,-7.37,4222.71,0.2,10.01
AKUMS,EQ,470.9,-5.62,7411.68,2.08,9.99
ROUTE,EQ,459,-3.56,2891.84,2.15,9.97
TRIVENI,EQ,347,-3.6,7595.76,2.82,9.95
SHRINGARMS,EQ,191.25,-4.4,1844.26,5.09,9.87
EFCIL,EQ,208,-4.75,2855.49,4.74,9.81
PINELABS,EQ,159.99,-2.92,18371.27,6.07,9.76
BAJAJELEC,EQ,364.85,-4.81,4209.95,2.6,9.75
KITEX,EQ,165,-2.63,3291.75,5.89,9.74
ICICIB22,EQ,119,-2.56,10678.65,8.16,9.72
MINDACORP,EQ,480.25,-0.19,11481.79,2.01,9.72
KMEW,EQ,1514.9,-3.41,3703.04,0.63,9.71
JISLJALEQS,EQ,32.05,-6.78,2290.33,29.56,9.69
ALPL30IETF,EQ,25.71,-1.91,1458.3,37.64,9.68
PATELENG,EQ,24.61,-2.07,2441.66,39.16,9.67
RITES,EQ,196.5,-1.58,9443.86,4.89,9.65
BAJAJHCARE,EQ,284,-5.48,896.96,3.35,9.64
APEX,EQ,326.15,-5.82,1019.22,2.92,9.64
RGL,EQ,102.15,-2.25,1096.33,9.46,9.62
TRITURBINE,EQ,458.6,-2.49,14578.53,2.08,9.59
SUNDRMFAST,EQ,828,-0.26,17398.63,1.17,9.55
EPL,EQ,184,-4.61,5893.61,5.14,9.55
RENUKA,EQ,23.96,-2.44,5099.86,39.53,9.54
RHIM,EQ,374,-1.81,7723.15,2.55,9.5
SGMART,EQ,448.35,-2.2,5649.21,2.09,9.46
TIRUMALCHM,EQ,167.15,-5.47,2015.04,5.63,9.45
VIKRAN,EQ,60.58,-2.68,1562.42,15.56,9.43
MASTEK,EQ,1497.1,-3.89,4639.72,0.62,9.42
VASCONEQ,EQ,33.25,-4.07,760.32,27.12,9.36
BUTTERFLY,EQ,620,-11.06,1108.53,1.4,9.32
MASPTOP50,EQ,67.2,-3.68,1133.15,13.69,9.31
SAMBHV,EQ,89.3,-2.53,2631.42,10.4,9.28
SURYAROSNI,EQ,206.72,-6.95,4498.97,4.41,9.27
ARSSBL,EQ,481,-2.41,3017.08,1.91,9.26
RHETAN,EQ,24.54,-2.04,1955.53,37.64,9.25
GNFC,EQ,427,-1.39,6274.37,2.15,9.24
CRISIL,EQ,4155.1,-1.89,30386.25,0.22,9.18
ARVINDFASN,EQ,383,-2.63,5118.04,2.39,9.16
C2C,SM,378,-2.85,641.41,2.32,9.13
FINPIPE,EQ,185,-1.76,11478.82,4.96,9.12
VPRPL,EQ,38.08,-5.49,474.64,23.15,9
AHLUCONT,EQ,758.15,-0.57,5078.66,1.2,8.97
ALKYLAMINE,EQ,1281,-1.77,6551.55,0.71,8.96
GMMPFAUDLR,EQ,870,-2.33,3911.28,1.03,8.95
ORIANA,SM,1770.05,-0.62,3596.59,0.5,8.93
DEEPINDS,EQ,333,-2.4,2131.2,2.66,8.93
BLSE,EQ,140.35,-1.54,1275.17,6.28,8.86
SRM,EQ,380.1,-1.05,872.11,2.34,8.85
NUVOCO,EQ,292.15,-0.73,10434.32,3.05,8.84
ATALREAL,EQ,22,-3.47,272.57,39.96,8.82
MAHSEAMLES,EQ,550.05,-2.04,7370.63,1.59,8.75
JTLIND,EQ,52.22,-3.74,2052.67,16.74,8.73
PAISALO,EQ,30.77,-4.35,2798.6,27.72,8.72
RAYMONDLSL,EQ,759,-3.64,4624.1,1.14,8.71
MAITHANALL,EQ,932,-1.03,2713.2,0.93,8.7
PITTIENG,EQ,769.75,-4.8,2898.38,1.11,8.66
CORONA,EQ,1532.3,-3.54,9371.56,0.55,8.6
RIIL,EQ,647.25,-6.09,977.35,1.31,8.59
BANKNIFTY1,EQ,56.42,-0.83,5813.48,15.28,8.56
IONEXCHANG,EQ,341,-4.13,5001.33,2.5,8.55
VAIBHAVGBL,EQ,208.35,-2.94,3480.48,4.03,8.52
SETFNN50,EQ,692.5,-2.48,2742.48,1.22,8.5
AWFIS,EQ,271.35,-5.17,1941.25,3.08,8.5
SIMPLEXINF,EQ,171.51,-8.7,1356.56,4.77,8.48
AIAENG,EQ,3665.4,-1.54,34205.65,0.23,8.46
DELTACORP,EQ,55,-0.61,1472.74,15.27,8.44
GODREJAGRO,EQ,576,-1.8,11078.15,1.47,8.41
PRUDENT,EQ,2218.7,-2.39,9186.9,0.38,8.41
NIBE,EQ,1009.6,-5.97,1464.05,0.82,8.4
IRBINVIT,IV,60,-0.23,7689.6,14.01,8.4
SBFC,EQ,91.15,-1.49,10084.97,9.16,8.4
INDRAMEDCO,EQ,385,-3.42,3529.41,2.18,8.37
THELEELA,EQ,432,-0.79,14426.98,1.95,8.35
MEDIASSIST,EQ,303.2,-3.01,2262.16,2.76,8.33
GODREJIND,EQ,840.7,-5.84,28315.18,0.97,8.28
GIPCL,EQ,132,-3.63,2048.85,6.08,8.13
E2E,BE,2301,-1.78,4729.7,0.35,8.09
BBL,EQ,2357,-2.12,2664.15,0.34,8.08
INOXINDIA,EQ,1150,-3.89,10437.8,0.7,8.07
DCAL,EQ,161.8,-2.07,2536.75,5.09,8.04
VADILALIND,EQ,4690,-4.55,3371.09,0.17,8.03
SILVERAG,EQ,248.31,-3.93,1009.46,3.19,7.99
BOMDYEING,EQ,104,-4.31,2147.96,7.51,7.95
GICRE,EQ,360,-2.52,63158.4,2.18,7.93
NORTHARC,EQ,226,-3.11,3651.52,3.51,7.93
JUSTDIAL,EQ,518.9,-1.21,4412.97,1.51,7.92
ENTERO,EQ,1010,-0.81,4394.6,0.78,7.91
WHEELS,EQ,895,-3.84,2186.75,0.86,7.9
MARATHON,EQ,380,-6.53,2561.98,2.04,7.89
TRIDENT,EQ,22.92,-1.63,11679.93,34.3,7.89
MIDSMALL,EQ,44.45,-2.46,371.45,17.69,7.87
SPMLINFRA,EQ,166,-5.16,1252.58,4.67,7.86
DCW,EQ,40.4,-5.28,1192.43,18.98,7.8
SULA,EQ,156,-3.54,1317.38,4.94,7.77
GENUSPOWER,EQ,246,-3.85,7483.76,3.12,7.74
SIRCA,EQ,409.25,-3.51,2324.25,1.87,7.71
JUNIPER,EQ,198,-3.11,4405.55,3.86,7.71
PIXTRANS,EQ,1392,-3.75,1896.63,0.54,7.68
VMART,EQ,520.1,-1.28,4132.63,1.46,7.64
NXST,RR,155,-0.12,23482.5,4.9,7.6
MIDCAPIETF,EQ,21.18,-1.49,614.5,36.02,7.59
NESCO,EQ,1024,-3.94,7215.1,0.74,7.56
INDIAGLYCO,EQ,850,-3.44,5697.28,0.88,7.55
MOM100,EQ,59.23,-2.42,739.07,12.67,7.53
PRAKASH,EQ,120.8,-5.67,2163.31,6.08,7.49
JKPAPER,EQ,336.35,-3.26,5697.85,2.2,7.46
HITECH,EQ,78.24,-2.83,1589.11,9.42,7.44
ORIENTCEM,EQ,133,-4.98,2732.62,5.48,7.42
NIFTYBETA,EQ,255.98,-1.84,64341.92,2.88,7.4
CENTUM,EQ,2679.8,-3.41,3950.29,0.27,7.36
PFIZER,EQ,4623,-1.53,21149.18,0.16,7.35
HAPPYFORGE,EQ,1218,-4.62,11489.14,0.59,7.33
KSB,EQ,754.05,-1.84,13123.43,0.97,7.31
CHEMPLASTS,EQ,269.99,-2.05,4268.8,2.74,7.31
SANDHAR,EQ,487,-0.83,2931.29,1.51,7.29
RATNAMANI,EQ,2330,-1.28,16331.44,0.31,7.28
RAMASTEEL,EQ,5.65,-4.07,924.06,128.01,7.26
KIRLOSBROS,EQ,1526.9,-3.97,12124.95,0.47,7.25
AJAXENGG,EQ,460,-2.24,5262.71,1.56,7.22
SUMICHEM,EQ,381.45,-1.83,19039.91,1.89,7.21
TTML,EQ,38.19,-2.9,7465.87,18.66,7.19
EIHOTEL,EQ,321,-3.25,20074.19,2.24,7.19
MID150CASE,EQ,10.2,-2.11,202.48,70.4,7.17
MOS,SM,13.5,-19.88,347.54,51.84,7.16
UTKARSHBNK,EQ,12.29,-1.92,2187.03,58.25,7.15
ASKAUTOLTD,EQ,405,-0.34,7984.28,1.76,7.09
PNGJL,EQ,550,-3.2,7463.96,1.28,7.09
VENUSREM,EQ,890,-4.04,1189.66,0.78,7.05
SHAREINDIA,EQ,131.2,-1.29,2853.5,5.39,7.05
VENUSPIPES,EQ,983,-3.21,2036.39,0.72,7.04
HCG,EQ,550,-1.84,7755.42,1.29,7.02
SKFINDIA,EQ,1580.5,-1.47,7813.67,0.44,7.02
NEOGEN,EQ,1359,-6.04,3585.27,0.51,7.01
GARUDA,EQ,158.4,-5.13,1473.78,4.35,7
VENTIVE,EQ,640,-3.86,14946.66,1.07,6.98
JINDALPHOT,EQ,1202,-2.86,1233.05,0.59,6.94
ICIL,EQ,234.8,-3.79,4650.32,2.92,6.91
SANOFI,EQ,3496,-2.75,8051.51,0.2,6.91
CEWATER,EQ,246.45,-0.02,510.06,2.77,6.87
TARC,EQ,129.88,-1.13,3832.71,5.33,6.85
GPTHEALTH,EQ,124.57,-1.94,1022.16,5.5,6.82
TAKE,BE,41.68,-0.07,616.59,16.32,6.81
MOMENTUM50,EQ,47.6,-2.02,270.42,14.28,6.79
TATVA,EQ,1150,-0.74,2690.09,0.59,6.77
GOCOLORS,EQ,264.3,-3.54,1427.46,2.53,6.73
PICCADIL,EQ,532.4,-1.64,5244.02,1.26,6.71
LTGILTBEES,EQ,29.46,-0.17,2594.01,22.65,6.67
TVSHLTD,EQ,14000,-0.34,28324.95,0.05,6.66
IFBIND,EQ,985.5,-3.5,3993.13,0.67,6.66
CIEINDIA,EQ,437.1,-4.29,16581.93,1.51,6.66
VENKEYS,EQ,1206.1,-4.03,1699.07,0.54,6.65
RAYMONDREL,EQ,376.5,-3.21,2506.5,1.76,6.63
DOLPHIN,EQ,397,-0.41,1588.18,1.67,6.62
TBOTEK,EQ,1156.1,-4.64,12553.83,0.56,6.62
UTIAMC,EQ,952.45,-2.82,12240.89,0.69,6.62
BSLGOLDETF,EQ,138.9,-1.2,3020.01,4.74,6.59
EBGNG,EQ,388,-0.08,4423.65,1.72,6.57
AEGISVOPAK,EQ,192.25,-0.63,21301.14,3.4,6.56
MMTC,EQ,53.31,-4.17,7996.5,12.13,6.54
BANKBETA,EQ,56,-1.5,3635.52,11.69,6.53
AVL,EQ,450.7,-0.74,5820.25,1.46,6.52
TIRUPATIFL,EQ,43.27,-1.82,537.76,14.61,6.49
AVADHSUGAR,EQ,402,-5.64,804.74,1.55,6.48
NPST,EQ,886,-10.03,1847.37,0.7,6.44
RTNINDIA,EQ,25.95,-2.92,3586.99,24.43,6.43
QUESS,EQ,181.5,-4.59,2708.3,3.5,6.42
AWHCL,EQ,459.8,-5.28,1305.01,1.36,6.36
SPIC,EQ,60.49,-4.14,1231.82,10.36,6.36
ADVENZYMES,EQ,278.5,-4.11,3117.16,2.26,6.35
RACLGEAR,EQ,1230,-4.39,1449.93,0.51,6.35
HONAUT,EQ,30000,-1.9,26524.57,0.02,6.35
ROLEXRINGS,EQ,115.33,-5.51,3140.82,5.43,6.33
HIRECT,EQ,1425,-5.64,2448.69,0.44,6.33
DLINKINDIA,EQ,388,-1.56,1377.59,1.61,6.33
GODAVARIB,EQ,282.75,-2.06,1447,2.23,6.31
GATEWAY,EQ,53.7,-3.17,2683.09,11.58,6.3
MANGLMCEM,EQ,791.2,-2.3,2175.59,0.78,6.29
MOSMALL250,EQ,14.92,-2.67,166.81,41.99,6.29
PGHL,EQ,4832,-1.17,8020.82,0.13,6.27
SUNTECK,EQ,318.5,-4.73,4665.68,1.94,6.26
WENDT,EQ,6420,-3.47,1284,0.1,6.25
GOLDBETA,EQ,132.95,-1.37,4462.34,4.7,6.25
RUSTOMJEE,EQ,385,-2.62,4859.98,1.62,6.23
ITIETF,EQ,32.11,-1.74,436.73,19.35,6.23
HIMATSEIDE,EQ,83.05,-4.69,1044.29,7.37,6.22
MSTCLTD,EQ,414,-3.45,2914.56,1.49,6.21
RALLIS,EQ,239,-3.38,4647.81,2.56,6.2
HEMIPROP,EQ,133.51,-2.49,3805.03,4.62,6.18
GVPIL,BE,442.35,-4.99,2973.81,1.39,6.18
EMIL,EQ,92,-2.8,3539.69,6.65,6.13
CEINSYS,EQ,962,-4.68,1716.32,0.63,6.13
WEWORK,EQ,465,-0.64,6232.08,1.32,6.12
VIPIND,EQ,340,-2.17,4829.75,1.79,6.11
SOLEX,EQ,930,-5.45,1004.63,0.64,6.09
SHRIRAMPPS,EQ,71.67,-0.39,1223.08,8.55,6.04
REPCOHOME,EQ,369,-0.01,2308.51,1.67,6.03
BBTC,EQ,1528,-2.73,10661.15,0.39,6.02
GALLANTT,EQ,540.15,-2.08,13032.79,1.1,5.97
SUDEEPPHRM,EQ,600.1,-1.32,6778.05,0.98,5.96
DATAMATICS,EQ,700,-4.37,4137.45,0.83,5.91
SHK,EQ,122.5,-5.16,1695.65,4.78,5.89
JKIL,EQ,493,-1.49,3730.31,1.19,5.89
HNGSNGBEES,EQ,499.99,-1.98,1179.31,1.16,5.87
LICMFGOLD,EQ,141.9,-1.39,1483.67,4.11,5.85
ORIENTHOT,EQ,86.4,-1.7,1543.1,6.75,5.84
SHANTIGOLD,EQ,189.7,-6.86,1367.66,3.03,5.84
ASTRAZEN,EQ,8418,-2.22,21045,0.07,5.84
IOLCP,EQ,69.1,-2.17,2028.28,8.39,5.82
AKZOINDIA,EQ,2884.9,-1.1,13137.93,0.2,5.82
NITINSPIN,EQ,360,-0.11,2023.92,1.63,5.8
POKARNA,EQ,854.9,-3.26,2650.53,0.68,5.8
FMGOETZE,EQ,372.25,-5.53,2070.91,1.54,5.76
MARINE,EQ,175.4,-3.86,2425.68,3.24,5.76
MAHSCOOTER,EQ,12599,-1.69,14398.85,0.05,5.74
BIKAJI,EQ,601.1,-2.89,15063.13,0.94,5.69
SAATVIKGL,EQ,351,-2.88,4461.39,1.61,5.67
LGBBROSLTD,EQ,1790,-3.69,5708.74,0.31,5.62
KDDL,EQ,2220,-3.57,2730.44,0.25,5.6
EPACKPEB,EQ,156.5,-3.25,1572.07,3.52,5.59
CARRARO,EQ,450,-4.78,2558.32,1.23,5.58
ATULAUTO,EQ,406.75,-4.25,1128.78,1.35,5.54
LXCHEM,EQ,116.61,-4.78,3231.82,4.67,5.5
GMBREW,EQ,970.05,-3.06,2216.27,0.57,5.49
VSTIND,EQ,216.5,-2.36,3677.49,2.51,5.48
ALGOQUANT,EQ,54,-2.65,1517.92,9.88,5.43
DBL,EQ,437.1,-3.75,7100.46,1.22,5.41
TIPSMUSIC,EQ,493.8,-2.08,6312.32,1.09,5.39
MAFANG,EQ,162.62,-0.16,4021.65,3.31,5.38
SENSEXIETF,EQ,856.63,-1.52,24990.53,0.63,5.38
NCLIND,EQ,172,-6.4,778,3.03,5.38
TRAVELFOOD,EQ,1166,-2.22,15353.83,0.46,5.36
SANGHVIMOV,EQ,236.3,-2.29,2045.79,2.29,5.35
PGIL,EQ,1468,-3.12,6773.57,0.36,5.34
ECOSMOBLTY,EQ,126.69,-6.07,760.14,4.15,5.34
CERA,EQ,4538,-2.78,5852.9,0.12,5.31
SUNFLAG,EQ,211.69,-6.28,3815.07,2.45,5.28
HNDFDS,EQ,469,-2.37,5603.69,1.12,5.26
JAICORPLTD,EQ,97.63,-4.96,1713.46,5.31,5.25
ORISSAMINE,EQ,3589,-6.72,2153.4,0.14,5.24
GHCL,EQ,452,-2.46,4155.42,1.16,5.24
ABINFRA,EQ,16.79,-1.29,1072.53,31.02,5.23
MMFL,EQ,425.05,-5.26,2052.21,1.21,5.22
726GS2033,GS,103.5,-0.52,163530,5.03,5.22
SANGHIIND,EQ,51.02,-4.72,1317.98,9.99,5.21
CHALET,EQ,742,-4.2,16248.62,0.7,5.17
ZUARI,EQ,200.6,-4.39,843.68,2.5,5.17
SWARAJENG,EQ,3480,-0.03,4228.15,0.15,5.16
SGBDE31III,GB,16151,-0.88,19553.7,0.03,5.14
MIDWESTLTD,EQ,1185,-3.33,4285.06,0.44,5.13
CRIZAC,EQ,201.79,-4.22,3530.97,2.5,5.12
PANACEABIO,EQ,325.35,-4.74,1992.79,1.55,5.11
FINEORG,EQ,4284,-1.19,13134.73,0.12,5.11
ARMANFIN,EQ,1359,-1.44,1428.71,0.38,5.11
VERANDA,EQ,142.1,-6.06,1366.57,3.5,5.1
GILT5YBEES,EQ,64.45,-0.25,245.27,7.91,5.1
EPIGRAL,EQ,880,-0.24,3796.44,0.58,5.08
SSWL,EQ,182.85,-5.05,2874.04,2.75,5.05
GULFOILLUB,EQ,995,-1.49,4915.31,0.5,5.04
SILVER360,EQ,251.63,-4.35,53.5,1.98,5.02
HIKAL,EQ,173,-4.02,2133.1,2.88,5.02
NEPHROPLUS,EQ,537.55,-4.01,5393.82,0.93,5.01
ITETF,EQ,30.66,-1.41,90.46,16.27,5
PSB,EQ,23.57,-2.76,16724.29,20.94,4.98
VINATIORGA,EQ,1350,-2.57,13994.86,0.37,4.97
HLEGLAS,EQ,296,-3.17,2055.86,1.68,4.96
FUSION,EQ,159,-5.13,2565.72,3.07,4.96
JUBLCPL,EQ,1628,-6.36,2466.83,0.3,4.95
MAXESTATES,EQ,372,-0.75,6080.17,1.35,4.95
AYE,EQ,98.45,-6.6,2429.59,4.88,4.94
MOREALTY,EQ,71.05,-1.18,251.3,6.95,4.93
TVSSCS,BE,103.55,-1.69,4568.42,4.74,4.93
MOLDTKPAC,EQ,499,-3.2,1658.12,0.98,4.9
NITCO,EQ,64.8,-3.97,1484.67,7.49,4.89
MANINFRA,EQ,94.69,-3.58,3822.32,5.12,4.88
ORCHPHARMA,EQ,508,-6.07,2576.53,0.93,4.84
SAFEENTP,SM,223,-0.84,1039.28,2.25,4.84
DAMCAPITAL,EQ,125.69,-4.14,888.45,3.79,4.83
CEIGALL,EQ,266.85,-1.84,4648.66,1.8,4.83
VIMTALABS,EQ,420.5,-4.31,1876.91,1.13,4.81
NIACL,EQ,134.51,-2.45,22167.25,3.54,4.81
SGBAUG28V,GB,15756,-0.17,10004.71,0.03,4.76
ADVENTHTL,EQ,159.07,-6.68,858.07,2.93,4.75
WESTLIFE,EQ,453.9,-1.55,7064.67,1.05,4.74
SASKEN,EQ,1005,-6.46,1526.24,0.47,4.73
SUBROS,EQ,669,-2.7,4364.27,0.69,4.64
RAMCOSYS,EQ,410.4,-1.83,1536.55,1.11,4.62
KIRLPNU,EQ,1070,-4.48,6949.87,0.42,4.62
SIGACHI,EQ,18.75,-2.6,716.47,24.46,4.62
GROWWGOLD,EQ,15.39,-1.6,464.41,29.87,4.61
RAJRATAN,EQ,372.2,-3.69,1889.7,1.24,4.59
GANESHHOU,EQ,605,-4.67,5044.92,0.74,4.58
INDOSTAR,EQ,196,-3.85,3166.8,2.29,4.56
AGARWALEYE,EQ,429,-1.45,13591.04,1.06,4.56
TRUALT,EQ,394.1,-2.11,3379.51,1.18,4.56
GOPAL,EQ,271,-3.87,3377.97,1.67,4.56
AMAGI,EQ,368.15,-3.28,7964.52,1.23,4.55
MAHLIFE,EQ,347.45,-2.03,7412.59,1.3,4.54
NEXT50,EQ,665.63,-2.53,1112.03,0.68,4.54
SAKSOFT,EQ,128.35,-2.21,1701.3,3.53,4.53
ARKADE,EQ,104.64,-2.16,1942.78,4.29,4.53
ALLCARGO,EQ,7.75,-1.9,1160.78,57.99,4.5
RITCO,EQ,203.55,-0.68,582.62,2.21,4.47
NRBBEARING,EQ,254.05,-4.01,2462.32,1.74,4.46
EMUDHRA,EQ,418.4,-3.32,3464.84,1.07,4.45
ALOKINDS,EQ,13,-1.59,6454.81,34.17,4.45
SGFIN,EQ,381,-2.17,2129.6,1.18,4.45
INA,EQ,95.06,-3.02,2095.07,4.61,4.43
GODIGIT,EQ,332.95,-3.35,30780.23,1.32,4.42
EIMCOELECO,EQ,1500.3,-2.29,865.43,0.29,4.42
GTLINFRA,EQ,1.06,-1.85,1347.96,420.17,4.41
BIRLANU,EQ,1302.9,-2.4,982.5,0.34,4.41
GROWWPOWER,EQ,10.43,-2.16,117.35,41.58,4.41
BHAGYANGR,EQ,145.9,-7.48,466.81,2.97,4.4
COSMOFIRST,EQ,647,-2.14,1698.36,0.68,4.4
RATNAVEER,EQ,136.16,-3.36,924.12,3.16,4.4
SUNCLAY,EQ,1230.2,-2.97,2712.12,0.36,4.39
OILIETF,EQ,11.48,-1.96,272.37,37.77,4.37
JASH,EQ,367,-2.24,2308.62,1.19,4.35
PARKHOTELS,EQ,111.99,-3.62,2389.58,3.81,4.34
GNA,EQ,386,-7.2,1657.13,1.1,4.34
HDFCSENSEX,EQ,84.45,-1.61,900.09,5.1,4.31
CAMLINFINE,EQ,137.22,-5.32,2635.88,3.12,4.3
ROSSTECH,EQ,681.55,-5.1,2569.2,0.61,4.29
SALASAR,EQ,7.07,-1.94,1235.8,60.15,4.29
MOVALUE,EQ,113.3,-3.51,144.08,3.75,4.28
JSWHL,EQ,15500,-2.96,17204.42,0.03,4.24
BLUEDART,EQ,5217,-1.63,12378.86,0.08,4.24
ROTO,EQ,57.18,-5.03,1077.53,7.31,4.24
GALAXYSURF,EQ,1790,-3.39,6346.4,0.24,4.23
GOLDADD,EQ,153.12,-1.57,2256.72,2.76,4.22
FINOPB,EQ,169.1,-4.83,1407.22,2.44,4.2
PDSL,EQ,270.95,-5.53,3832.37,1.52,4.18
DYCL,EQ,272,-4.33,1318.07,1.52,4.17
TAJGVK,EQ,303.5,-0.41,1902.99,1.38,4.16
IPL,EQ,142.3,-4.01,1638.78,2.93,4.16
SOLARWORLD,EQ,154.6,-5.7,1339.96,2.63,4.16
AXISBNKETF,EQ,550.86,-2.57,375.59,0.75,4.15
SDBL,EQ,74.19,-3.3,1463.59,5.52,4.15
SPLPETRO,EQ,668,-3.24,12561.16,0.61,4.1
ADVAIT,EQ,1506,-4.72,1647.08,0.27,4.08
RAJOOENG,EQ,57.9,-3.9,1034.53,7.08,4.07
RPSGVENT,EQ,600,-2.03,1985.18,0.67,4.07
KOPRAN,EQ,116.6,-4.43,563.03,3.42,4.05
DDEVPLSTIK,EQ,254,-2.35,2628.31,1.58,4.04
DALMIASUG,EQ,302.9,-2.56,2451.65,1.32,4.03
YASHO,EQ,1305,-4.98,1573.45,0.31,4.03
INGERRAND,EQ,3670,-3.67,11585.46,0.11,4.02
MULTICAP,EQ,14.91,-2.29,64.54,26.82,4.02
CIGNITITEC,EQ,1070,-2,2947.52,0.38,4.01
HARIOMPIPE,EQ,316,-2.51,978.57,1.25,4
LINCOLN,EQ,600.9,-2.71,1203.59,0.65,3.98
TSFINV,EQ,359.25,-4.85,7979.08,1.09,3.98
SAKAR,EQ,523,-6.07,1163.67,0.75,3.96
CANHLIFE,EQ,139.8,-4.16,13281,2.78,3.95
COFFEEDAY,EQ,24.92,-2.08,526.44,15.67,3.95
GROWWDEFNC,EQ,80.39,-2.49,276.36,4.93,3.94
ARTEMISMED,EQ,225.01,-2.02,3561.32,1.74,3.94
AJMERA,EQ,117.6,-3.73,2314.32,3.31,3.94
NIF100BEES,EQ,255.7,-0.94,307.78,1.55,3.92
UNIECOM,EQ,95.58,-3.78,1074.12,4.07,3.91
AUTOIETF,EQ,24.95,-3.48,160.94,15.52,3.9
KRYSTAL,EQ,570.75,-2.44,797.45,0.65,3.87
DIAMONDYD,EQ,940,-1.67,2246.93,0.4,3.86
DENTA,EQ,243.15,-2.05,649.21,1.58,3.83
KIRLOSIND,EQ,2693,-4.21,2830.17,0.14,3.8
SERVOTECH,EQ,68.35,-3.95,1543.65,5.52,3.8
GOCLCORP,EQ,240,-4.57,1189.74,1.58,3.8
CARERATING,EQ,1575,-3.45,4732.14,0.24,3.8
BANKADD,EQ,54.88,-2.52,654.72,6.86,3.79
GLOBUSSPR,EQ,820.35,-2.04,2376.73,0.46,3.79
VRLLOG,EQ,258,-0.17,4513.37,1.47,3.77
NIITLTD,EQ,64,-2.47,872.86,5.88,3.77
SAWALIYA,SM,321.1,-4.11,318.47,1.13,3.77
KIOCL,EQ,300,-5.93,18232.53,1.23,3.76
ABSLBANETF,EQ,54.99,-2.31,2541.39,6.79,3.76
XPROINDIA,EQ,810,-5.64,1901.1,0.45,3.73
ICEMAKE,EQ,792.55,-3.37,1250.62,0.46,3.71
WONDERLA,EQ,522.4,-0.29,3313.21,0.71,3.71
SBCL,EQ,410.25,-3.14,2363.21,0.89,3.7
JAYKAY,EQ,128.8,-5.28,1678.1,2.86,3.7
UNIMECH,EQ,825.5,-3.16,4198.24,0.44,3.69
ESILVER,EQ,256.38,-3.36,1609.99,1.43,3.69
CAMPUS,EQ,235,-2.08,7181.44,1.56,3.69
SALZERELEC,EQ,573.95,-4.2,1014.9,0.64,3.68
GREENPLY,EQ,192.7,-2.58,2406.59,1.89,3.67
SAGCEM,EQ,174,-3.85,2274.31,2.08,3.67
KRONOX,EQ,112.1,-0.27,415.94,3.18,3.64
KROSS,EQ,181.35,-3.63,1169.88,1.98,3.63
MOTISONS,EQ,13.16,-2.45,1295.55,27.33,3.62
MOCAPITAL,EQ,44.65,-1.82,126.25,8.02,3.59
SOLARA,EQ,446,-0.44,1613.31,0.81,3.59
ITADD,EQ,30.9,-0.93,100.18,11.69,3.59
HPL,EQ,317.9,-1.3,2044.11,1.14,3.58
RELAXO,EQ,294.2,-2.79,7323.77,1.2,3.57
PRSMJOHNSN,EQ,125,-0.14,6291.96,2.83,3.56
PSUBANK,EQ,854,-3.39,2335.04,0.41,3.55
MTNL,EQ,25.11,-3.72,692.09,13.98,3.54
SGBFEB32IV,GB,16600,-1.05,21226.12,0.02,3.54
SMALL250,EQ,15,-1.9,35.61,23.52,3.52
SANOFICONR,EQ,4200,-3.6,9672.86,0.08,3.51
BUILDPRO,EQ,954,-1.2,2313.39,0.37,3.47
FISCHER,EQ,34.19,-2.73,2217.27,10.14,3.47
MUTHOOTMF,EQ,146,-4.92,2489.19,2.33,3.47
KAMDHENU,EQ,22,-1.08,620.14,15.81,3.45
DODLA,EQ,975.1,-2.62,5882.56,0.35,3.44
DOLLAR,EQ,247.9,-3.65,1405.99,1.39,3.43
DHAMPURSUG,EQ,119.27,-3.39,766.98,2.84,3.43
MIRCELECTR,EQ,24.5,-1.84,905.01,14.23,3.43
ASIANENE,EQ,275,-1.43,1231.3,1.26,3.43
INDOFARM,EQ,125.1,-0.33,601.13,2.75,3.42
GANESHCP,EQ,157,-7.48,634.48,2.14,3.41
EBBETF0430,EQ,1564,-0.19,25032.83,0.22,3.4
HEIDELBERG,EQ,150.71,-3.53,3415.29,2.24,3.39
MOGSEC,EQ,63.59,-0.3,156.88,5.31,3.38
ANNAPURNA,SM,150.05,-4.27,327.41,2.17,3.33
KCP,EQ,141.15,-4.17,1819.72,2.33,3.32
RPTECH,EQ,346,-1,2280.13,0.97,3.32
PRINCEPIPE,EQ,243.5,-4.57,2692.16,1.34,3.29
INSECTICID,EQ,576,-5.57,1676.04,0.56,3.28
GKENERGY,EQ,102.7,-4.97,2082.93,3.13,3.27
BHARATWIRE,EQ,154.7,-5.36,1061,2.07,3.26
WAKEFIT,EQ,160.55,-4.8,5247.23,2,3.26
ESABINDIA,EQ,5303,-0.43,8162.92,0.06,3.25
MAYURUNIQ,EQ,502.7,-3.51,2184.36,0.64,3.23
AARTIDRUGS,EQ,348.25,-2.3,3178.48,0.92,3.23
BAJEL,EQ,138,-5.43,1596.47,2.28,3.23
BHARATSE,EQ,163.8,-3.33,1028.66,2,3.23
TEAMLEASE,EQ,1096,-2.32,1837.87,0.3,3.22
ONEPOINT,EQ,43.9,-3.64,1154.22,7.2,3.22
RPEL,EQ,655,-2.11,3007.23,0.49,3.22
NIITMTS,EQ,298,-2.8,4095.87,1.08,3.21
REMSONSIND,EQ,99.01,-6.14,345.33,3.19,3.2
SGBSEP28VI,GB,15750,-0.27,5024.46,0.02,3.2
NDRAUTO,EQ,654,-5.52,1555.56,0.48,3.17
LUXIND,EQ,861,-1.05,2589.17,0.37,3.16
AIMTRON,SM,754,-2.2,1553.93,0.41,3.14
IMAGICAA,EQ,40.8,-5.29,2308.71,7.55,3.12
INDSWFTLAB,EQ,137.2,-4.37,1119.71,2.25,3.11
ALEMBICLTD,EQ,80.1,-3.46,2056.82,3.79,3.1
APLLTD,EQ,678.55,-3.52,13337.79,0.45,3.1
QUICKHEAL,EQ,145.4,-6.08,788.55,2.09,3.08
KSL,EQ,662,-5.35,2889.83,0.46,3.08
BALMLAWRIE,EQ,166,-1.17,2838.66,1.84,3.06
ASTEC,EQ,625,-0.22,1392.64,0.49,3.06
SINDHUTRAD,EQ,23.51,-6.15,3625.07,12.36,3.02
STLNETWORK,EQ,18.75,-4.09,914.97,15.97,3.02
VESUVIUS,EQ,476.2,-4.15,9664.99,0.62,2.98
KRSNAA,EQ,595,-2.75,1930.1,0.49,2.95
BHARATRAS,EQ,1286.9,-3.95,2138.97,0.23,2.94
SETL,EQ,117.2,-3.82,2338.04,2.49,2.93
MOL,EQ,43.1,-4.58,1096.09,6.65,2.91
UNIPARTS,EQ,440,-0.93,1985.93,0.66,2.9
TARSONS,EQ,191.58,-1.37,1019.33,1.52,2.9
AGARIND,EQ,428,-3.66,640.19,0.67,2.9
BSLNIFTY,EQ,27.15,-1.52,3050.52,10.66,2.89
NGLFINE,EQ,2150,-7.87,1328.28,0.13,2.89
FDC,EQ,354.9,-3.27,5778.13,0.81,2.89
MBEL,EQ,281.9,-3.94,1611.01,1.01,2.88
IVZINGOLD,EQ,13730,-1.48,767.73,0.02,2.85
SML100CASE,EQ,9.18,-0.54,45.7,31.48,2.84
BCG,BE,9.36,-2.4,1888.77,30.29,2.84
MICEL,EQ,33.44,-4.51,805.94,8.37,2.83
APTECHT,EQ,79.45,-2.24,460.83,3.54,2.83
PROSTARM,EQ,124.1,-4.01,730.63,2.24,2.82
SAFARI,EQ,1600,-2.44,7839.03,0.18,2.82
IZMO,BE,712,-3.02,1065.34,0.4,2.8
ASAHIINDIA,EQ,830.25,-3.03,21165.33,0.34,2.8
ASALCBR,EQ,717.25,-1.91,1361.28,0.39,2.8
ZOTA,EQ,1122,-4.14,3801.5,0.25,2.8
MATRIMONY,EQ,378.3,-1.39,781.96,0.74,2.79
DIGITIDE,EQ,81.75,-5.72,1218.17,3.34,2.77
UDS,EQ,143.79,-3.97,962.72,1.92,2.77
ELECTHERM,EQ,573,-6.37,730.16,0.47,2.77
SIYSIL,EQ,486.9,-2.13,2209.07,0.56,2.75
JAGRAN,EQ,61.66,-1.91,1342.06,4.38,2.72
CONSUMBEES,EQ,118.51,-0.75,185.29,2.29,2.71
AHCL,EQ,115.4,-5.99,613.37,2.29,2.7
SUPRAJIT,EQ,402.95,-1.92,5527.31,0.67,2.7
WSTCSTPAPR,EQ,389.8,-1.96,2574.59,0.69,2.69
DIFFNKG,EQ,242.9,-3.9,909.08,1.1,2.68
HUHTAMAKI,EQ,161.18,-3.64,1217.26,1.64,2.67
TOP100CASE,EQ,9.98,-1.87,125.94,26.57,2.66
GAUDIUMIVF,BE,80.3,-0.7,584.48,3.3,2.66
KRISHANA,EQ,480.4,-5.32,2970.2,0.54,2.63
PASHUPATI,EQ,984.75,-1.14,1554.33,0.27,2.62
SHARDAMOTR,EQ,780,-3.95,4477.8,0.33,2.62
SMARTWORKS,EQ,385,-2.05,4399.09,0.68,2.62
UNIVCABLES,EQ,603.55,-4.86,2094.04,0.43,2.61
BORANA,BE,372,-4.39,991.2,0.7,2.6
BLUSPRING,EQ,45.94,-2.07,685.11,5.59,2.6
METROBRAND,EQ,935,-1.66,25476.64,0.28,2.6
GUJTHEM,EQ,279.8,-6.06,3048.85,0.91,2.59
PURVA,EQ,180.12,-3.73,4271.54,1.43,2.59
WINDLAS,EQ,720,-2.31,1517.56,0.36,2.57
SIS,EQ,278,-3.47,3926.65,0.91,2.57
SATIN,EQ,144.02,-2.05,1591,1.76,2.55
VINDHYATEL,EQ,1105,-6.78,1309.52,0.22,2.55
UNITECH,EQ,4.44,-1.11,1160.9,56.89,2.55
JNKINDIA,EQ,233.5,-4.27,1306.52,1.07,2.54
PSUBNKIETF,EQ,86.5,-3.24,116.83,2.91,2.53
NAVKARCORP,EQ,86.94,-1.56,1308.61,2.92,2.52
MASFIN,EQ,300.45,-1.18,5451.77,0.83,2.5
GPTINFRA,EQ,102.93,-3.71,1300.67,2.41,2.5
ROSSARI,EQ,445.1,-1.8,2465.11,0.56,2.49
ORIENTELEC,EQ,170.28,-0.22,3633.19,1.47,2.47
NSIL,EQ,5475,-2.97,2812.05,0.04,2.46
SANSTAR,EQ,83.78,-3.26,1526.84,2.95,2.46
OSIAHYPER,EQ,6.4,-4.33,113.25,38.44,2.46
MAMATA,EQ,384.5,-1.07,946.17,0.64,2.45
MAHKTECH,EQ,22.5,-2.13,435.85,10.77,2.44
HINDWAREAP,EQ,202.5,-4.17,1693.84,1.19,2.43
ZUARIIND,EQ,239,-3.43,711.77,1,2.42
BLKASHYAP,EQ,48.6,-4.5,1095.64,4.92,2.42
NAVNETEDUL,EQ,129.3,-4.6,2860.29,1.85,2.42
JAYBARMARU,EQ,88.7,-2.42,960.18,2.71,2.4
GEOJITFSL,EQ,59.18,-0.59,1651.84,4.1,2.39
BANSALWIRE,EQ,236,-3.79,3694.72,0.99,2.37
JGCHEM,EQ,334.75,-2.45,1311.75,0.71,2.37
INFRABEES,EQ,917.9,-1.15,171.62,0.26,2.36
RAMRAT,EQ,308.3,-2.47,2876.47,0.76,2.35
SOUTHWEST,EQ,194.9,-2.77,581.39,1.22,2.35
REPRO,EQ,357.2,-3.21,512.42,0.63,2.34
FILATEX,EQ,40.8,-4.54,1811.76,5.69,2.34
GOKULAGRO,EQ,160,-0.19,4721.39,1.46,2.33
LOWVOLIETF,EQ,20.85,-1.51,3439.7,11.07,2.32
KELLTONTEC,EQ,16.82,-1.92,887.77,13.71,2.32
TCI,EQ,965,-2.66,7405.78,0.24,2.31
MEIL,EQ,227.05,-3.49,627.34,1,2.3
SIGMAADV,EQ,144.99,-5,2555.3,1.55,2.3
CAPINVIT,IV,68.3,-0.34,3357.3,3.37,2.3
TIIL,EQ,1999.8,-2.24,4534.11,0.11,2.3
STANLEY,EQ,153,-3.6,874.02,1.49,2.3
CONNPLEX,SM,216.5,-7.58,413.51,1.02,2.27
RAJESHEXPO,BZ,109.62,-3.79,3236.64,2.06,2.27
HEALTHIETF,EQ,150.94,-1.17,153.52,1.5,2.26
CENTURYPLY,EQ,658.5,-3.87,14630.09,0.34,2.26
SPAL,EQ,697,-0.56,1748.95,0.33,2.25
WAAREEINDO,BE,316.4,-3.61,1316.34,0.7,2.25
STYL,EQ,252.37,-0.68,4083.49,0.9,2.24
GREENLAM,EQ,211,-5.55,5383.62,1.05,2.24
VEEDOL,EQ,1317.7,-3.02,2295.96,0.17,2.23
EKC,EQ,106.98,-1.23,1200.4,2.08,2.23
HATHWAY,EQ,9.88,-1.59,1748.86,22.45,2.23
MCLEODRUSS,EQ,37.12,-3.83,387.74,5.88,2.22
PARACABLES,EQ,31.7,-4.35,967.52,6.88,2.22
MIDCAP,EQ,16.15,-0.8,170.16,13.79,2.2
TNPL,EQ,135.99,-0.82,941.19,1.6,2.2
NIFTYADD,EQ,243.25,-1.83,203.16,0.9,2.2
SUNDROP,EQ,623,-1.56,2348.51,0.35,2.18
ALPHAETF,EQ,23.55,-0.63,373.73,9.38,2.18
FOSECOIND,EQ,4645,-8.46,3501.06,0.05,2.17
DWARKESH,EQ,37.99,-2.16,703.96,5.64,2.17
HDFCNIFBAN,EQ,55,-2.78,5243.98,3.88,2.16
CANTABIL,EQ,252.4,-1.66,2111.02,0.86,2.15
ONWARDTEC,EQ,239.95,-4.93,545.9,0.9,2.14
SPORTKING,EQ,109,-5.06,1385.08,1.92,2.1
SOTAC,SM,110.55,-4.7,122.16,1.9,2.1
MARKOLINES,EQ,150,-0.89,330.61,1.38,2.09
ALPEXSOLAR,SM,715,-2.52,1826.32,0.29,2.09
SHAH,EQ,4.75,-1.45,420.48,43.9,2.09
MONTECARLO,EQ,504.9,-2.89,1046.76,0.41,2.08
KECL,EQ,79.7,-3.94,529.32,2.55,2.07
JPASSOCIAT,BE,2.63,-1.5,645.34,76.53,2.07
SHREEPUSHK,EQ,305.5,-4.61,987.92,0.66,2.06
MOGOLD,EQ,155.5,-1.8,1774.65,1.32,2.05
MSPL,EQ,31.09,-1.96,1762.17,6.47,2.02
BHAGCHEM,EQ,189.42,-4.1,2456.19,1.04,2.02
EXICOM,EQ,85.5,-1.49,1189.13,2.35,2.01
MHRIL,EQ,264,-0.73,5333.95,0.77,2.01
MCLOUD,EQ,22.12,-3.28,1303.02,9.02,2.01
SYNCOMF,EQ,12.12,-2.26,1139.28,16.59,2.01
DIVGIITTS,EQ,680,-4.47,2079.64,0.29,2
ALMONDZ,EQ,13.7,-3.99,237.9,14.55,1.99
SBINEQWETF,EQ,30.58,-2.92,32.24,6.38,1.98
ADSL,EQ,100,-3.45,565.14,1.97,1.98
INFRAIETF,EQ,90.45,-2.09,374.29,2.17,1.97
TVSSRICHAK,EQ,3475,-2.11,2660.82,0.06,1.97
PFS,EQ,27.5,-3.27,1766.28,7,1.95
INDOTECH,EQ,1315,-4.39,1396.53,0.15,1.95
MADRASFERT,EQ,63.8,-0.36,1027.83,2.97,1.95
TRANSWORLD,EQ,130.46,-2.84,286.46,1.47,1.94
RESPONIND,EQ,162.7,-0.87,4337.72,1.18,1.94
AUTOAXLES,EQ,1760.1,-3.44,2659.86,0.11,1.93
CHOICEGOLD,EQ,156.15,-1.51,53.87,1.23,1.93
PNBGILTS,EQ,71.63,-3.22,1289.41,2.66,1.92
BOSCH-HCIL,EQ,1299.9,-2.03,3534.54,0.15,1.91
NECLIFE,EQ,11.04,-2.56,214.46,16.79,1.91
BGRENERGY,BE,306,-4.35,2208.14,0.61,1.9
TNIDETF,EQ,76.74,-1.58,153.55,2.46,1.89
MANALIPETC,EQ,45.99,-6.41,791.02,4.02,1.89
HDFCNEXT50,EQ,66.79,-1.39,143.75,2.85,1.89
PAKKA,EQ,76.8,-6.3,345.2,2.44,1.89
GICHSGFIN,EQ,142.69,-2.42,768.4,1.31,1.89
TVTODAY,EQ,107.04,-5.1,638.69,1.74,1.89
DSSL,EQ,902,-0.62,1147.82,0.21,1.88
IT,EQ,32.12,-1.65,379.86,5.85,1.88
MANOMAY,EQ,209.34,-6.96,377.83,0.88,1.88
IVALUE,EQ,225.5,-2.07,1231.57,0.84,1.87
MOSILVER,EQ,257,-1.68,1152.03,0.74,1.87
RUPA,EQ,126,-2.32,1002.01,1.48,1.86
DECCANCE,EQ,653.15,-4.2,914.9,0.28,1.86
EGOLD,EQ,156.7,-1.94,1469.03,1.18,1.86
EBBETF0431,EQ,1395,-0.5,13214.64,0.13,1.85
AUTOIND,EQ,62.74,-3.7,284.69,2.92,1.85
GEMAROMA,BE,173,-2.16,903.7,1.08,1.84
PPL,EQ,193.95,-2.74,463.9,0.94,1.83
ANDHRSUGAR,EQ,70.6,-2.32,956.88,2.56,1.83
ESCONET,SM,118.05,-3.08,155.78,1.52,1.83
BCLIND,EQ,27.39,-3.08,808.45,6.67,1.82
AXISNIFTY,EQ,255.47,-1.92,1154.01,0.71,1.82
SENSEXETF,EQ,76.58,-1.81,36.34,2.36,1.82
IKIO,EQ,127.7,-4.36,986.87,1.41,1.81
MAXVOLT,SM,258.5,-2.14,281.87,0.69,1.81
SUYOG,EQ,687,-0.71,804.97,0.26,1.81
HERANBA,EQ,173.5,-5.13,694.23,1.03,1.81
GROWWRAIL,EQ,30.16,-1.89,130.68,5.94,1.8
SAHANA,SM,987,-1.79,872.22,0.18,1.8
JKIPL,EQ,54.3,-0.39,208.44,3.35,1.79
EXPLEOSOL,EQ,728,-2.03,1129.84,0.24,1.79
PRECAM,EQ,120.5,-4.51,1144.58,1.45,1.78
MOMOMENTUM,EQ,57.8,-1.58,114.96,3.07,1.77
FINIETF,EQ,29.64,-1.36,258.35,5.97,1.77
PLATIND,EQ,205,-2.99,1125.96,0.85,1.77
LAXMIINDIA,EQ,82.98,-0.78,433.72,2.16,1.77
SARTELE,SM,181,-2.58,852.65,0.95,1.75
DISHTV,EQ,2.5,-1.96,460.31,69.12,1.74
ABCOTS,EQ,404,-0.3,887.33,0.43,1.73
GUJALKALI,EQ,430.1,-2.46,3158.52,0.4,1.72
MACPOWER,EQ,922,-0.69,922.38,0.19,1.72
EVEREADY,EQ,305,-2.59,2216.96,0.56,1.72
VAL30IETF,EQ,15.15,-2.51,39.58,11.35,1.72
SJLOGISTIC,SM,264,-4.1,403.74,0.65,1.71
20MICRONS,EQ,157.94,-3.16,557.32,1.08,1.71
OBSCP,SM,293,-4.76,716.46,0.57,1.71
SSEGL,SM,337,-2.32,875.48,0.5,1.7
MAHASTEEL,EQ,948.8,-7.06,1559.3,0.17,1.67
SHOPERSTOP,EQ,302.5,-2.12,3331.05,0.53,1.64
ALLDIGI,EQ,755,-6.41,1150.49,0.21,1.64
MWL,EQ,269.3,-1.5,799.84,0.6,1.64
SKMEGGPROD,EQ,152.9,-2.31,805.17,1.06,1.63
ROHLTD,EQ,335.7,-0.34,920.66,0.49,1.62
DPABHUSHAN,EQ,989,-3.39,2257.68,0.16,1.61
BFUTILITIE,BZ,424.85,-3.8,1600.31,0.38,1.61
SGBJUN31I,GB,16111.9,-0.37,12517.8,0.01,1.6
SHALBY,EQ,143.05,-3.78,1545.08,1.1,1.6
GULPOLY,EQ,155,-2.44,966.74,1.02,1.59
AEROENTER,EQ,68.63,-3.38,776.1,2.28,1.58
SGIL,EQ,500,-0.03,777.15,0.32,1.58
CLSEL,EQ,239.1,-4.19,1188.94,0.65,1.58
TAC,SM,444.9,-1.18,935.46,0.36,1.57
TINNARUBR,EQ,654.5,-2.27,1179.13,0.24,1.57
DEN,EQ,26.29,-2.67,1254.62,5.92,1.57
SHIVALIK,EQ,260,-4.29,409.51,0.59,1.56
SUBEXLTD,EQ,8.27,-2.13,464.78,18.97,1.56
TBZ,EQ,131.5,-3.02,877.51,1.18,1.56
OSELDEVICE,SM,462.65,-5,818.64,0.33,1.56
NIF100IETF,EQ,26.82,-1.14,149,5.82,1.55
ALLTIME,EQ,199.1,-5.19,1304.26,0.76,1.54
RAMCOIND,EQ,267,-3.38,2318.67,0.57,1.54
KRMAYURVED,SM,187.25,-4.9,398.11,0.8,1.53
DOLATALGO,EQ,71.69,-2.91,1261.74,2.11,1.53
SGBMAR31IV,GB,16039,-0.24,5664.31,0.01,1.53
BAHETI,SM,539,-1.37,558.86,0.28,1.52
KICL,EQ,4441,-5.34,1938.63,0.03,1.52
SARLAPOLY,EQ,75,-5.79,626.27,1.98,1.51
BFSI,EQ,26.02,-1.92,416.03,5.69,1.49
INDUSINVIT,IV,121.98,-0.09,5402.97,1.21,1.47
RPGLIFE,EQ,1905.3,-3.03,3151.18,0.08,1.47
VAKRANGEE,EQ,5.9,-1.99,639.08,24.99,1.46
PREMIERPOL,EQ,60.51,-1.18,633.8,2.38,1.44
UTTAMSUGAR,EQ,190.85,-3.13,727.87,0.74,1.44
MOENERGY,EQ,36.29,-2.18,53.42,3.91,1.43
TVSELECT,EQ,366.8,-2.63,684.09,0.39,1.43
ACCELYA,EQ,1182,-1.52,1764.28,0.12,1.43
BODALCHEM,EQ,43.1,-2.53,542.82,3.25,1.43
GROWWNIFTY,EQ,9.48,-1.04,20.76,15.19,1.42
AONESILVER,EQ,9.8,-3.26,19.62,14.42,1.42
RELTD,EQ,133.5,-1.82,2383.7,1.03,1.42
GROWWMETAL,EQ,10.9,-3.02,33.25,13.08,1.42
DHARMAJ,EQ,240,-2.17,811.14,0.58,1.4
5PAISA,EQ,299.9,-0.63,937.33,0.47,1.4
MEDICAMEQ,EQ,273.5,-0.62,370.94,0.51,1.4
EQUAL50,EQ,307.88,-2.15,135.08,0.45,1.4
DBCORP,EQ,203.9,-1.41,3634.36,0.68,1.38
ICRA,EQ,5250,-3.07,5066.9,0.03,1.38
EVINDIA,EQ,27.4,-2.84,141.38,4.99,1.37
ADFFOODS,EQ,181,-2.71,1988.53,0.75,1.37
VILAS,SM,374,-1.02,915.55,0.36,1.37
MIDCAPBETA,EQ,206.99,-2.79,11.73,0.67,1.37
LAXMIDENTL,EQ,177.31,-3.46,974.53,0.76,1.36
ARIHANTCAP,EQ,69.44,-2.33,761.15,1.95,1.36
SCODATUBES,EQ,118.05,-4.06,707.22,1.13,1.36
ESAFSFB,EQ,24.28,-2.06,1251.94,5.56,1.35
DEFENCE,EQ,65.01,-3.57,41.47,2.06,1.34
STERTOOLS,EQ,183,-4.71,665.1,0.72,1.34
LIKHITHA,EQ,141.9,-5.28,559.8,0.93,1.34
BALAJITELE,EQ,95.28,-2.01,1160.62,1.41,1.34
LAOPALA,EQ,186.2,-3.63,2066.82,0.71,1.34
SGBOC28VII,GB,15750,-0.36,2928.74,0.01,1.34
JAYBEE,SM,74.95,-6.25,169.14,1.69,1.33
DCMSIL,EQ,63.98,-7.05,556.58,1.98,1.32
FABTECH,EQ,142.2,-5.13,632.09,0.92,1.32
QGOLDHALF,EQ,130.55,-1.82,733.69,1,1.32
BANKPSU,EQ,85.6,-3.6,59.97,1.53,1.31
UNIVASTU,EQ,64.7,-0.81,232.83,1.96,1.31
ARIES,EQ,323,-4.71,420.04,0.4,1.31
INDNIPPON,EQ,770.4,-2.56,1742.75,0.17,1.31
LOKESHMACH,EQ,198.75,-5.58,397.44,0.65,1.31
THEMISMED,EQ,78.22,-5.1,720.41,1.65,1.3
STEELXIND,EQ,7.83,-1.76,976.57,16.56,1.29
EIHAHOTELS,EQ,300,-4.99,1828.09,0.42,1.29
UTLSOLAR,EQ,187.03,-1.46,5730.8,0.69,1.29
IRISDOREME,EQ,29.32,-3.84,558.05,4.31,1.29
RML,EQ,764,-5.23,2111.48,0.16,1.29
SYSTMTXC,EQ,63.88,-5.54,872.2,1.96,1.28
TOLINS,EQ,98.93,-4.39,390.86,1.28,1.28
IGARASHI,EQ,310.05,-3.68,975.88,0.41,1.28
SGBJUL28IV,GB,15807.9,-0.02,6529.96,0.01,1.26
MOMIDMTM,EQ,57.98,-2.31,26.51,2.18,1.26
NEXT50BETA,EQ,71.35,-0.1,2198.77,1.79,1.26
SOTL,EQ,327.4,-3.92,2244.67,0.38,1.25
KHAICHEM,EQ,51.5,-5.09,499.49,2.36,1.25
KOLTEPATIL,EQ,328.35,-1.66,2911.81,0.38,1.24
VSSL,EQ,232,-4.59,2243.11,0.53,1.23
NELCAST,EQ,122.01,-1.54,1061.5,1.01,1.23
PSUBANKADD,EQ,85.23,-4.56,222.04,1.42,1.23
TNPETRO,EQ,81.6,-2.33,734.17,1.5,1.23
MOM50,EQ,242.63,-1.45,53.37,0.51,1.23
SHANTIGEAR,EQ,454.8,-4.91,3489.04,0.26,1.21
BAJAJINDEF,EQ,243.39,-4.46,778.85,0.49,1.21
SOMANYCERA,EQ,358,-4.96,1468.26,0.33,1.2
PVP,EQ,24,-3.77,624.97,4.96,1.2
MASTERTR,EQ,71.67,-3.34,881.66,1.67,1.19
AONEGOLD,EQ,14.68,-1.54,86.2,8.07,1.19
MUTHOOTCAP,EQ,191,-5.17,314.15,0.61,1.18
BASILIC,SM,199.5,-3.37,504.04,0.58,1.18
RANEHOLDIN,EQ,1129,-3.71,1611.96,0.1,1.18
TEXINFRA,EQ,85.7,-1.66,1092.05,1.34,1.17
WANBURY,BE,249,-3.24,869.99,0.46,1.17
HDFCNIFIT,EQ,31,-1.4,110.81,3.77,1.17
HDFCMOMENT,EQ,29.3,-0.64,117.53,4.03,1.16
734GS2064,GS,100.5,-0.3,240195,1.16,1.16
SHREDIGCEM,EQ,63,-0.49,931.58,1.84,1.16
LICNETFGSC,EQ,28.91,-0.31,2305.21,3.99,1.15
VIESL,SM,229.9,-1.22,566.53,0.51,1.14
KHADIM,EQ,101.35,-4.18,186.26,1.11,1.14
VALIANTORG,EQ,207,-1.89,580.01,0.55,1.14
ONMOBILE,EQ,49.1,-2.96,522.04,2.34,1.13
SILVERBND,EQ,256.39,-3,13.51,0.44,1.13
EFACTOR,SM,197.45,-3.66,258.42,0.58,1.13
TALBROAUTO,EQ,246,-2.26,1518.51,0.46,1.13
VERTOZ,EQ,36.5,-7.03,311.09,3.09,1.13
SILVERTUC,EQ,110.5,-4.99,1401.25,1.02,1.13
ITDC,EQ,442.8,-4.62,3797.87,0.25,1.12
CIFL,EQ,26.5,-4.88,1036.3,4.09,1.12
UNICHEMLAB,EQ,321.5,-4.26,2263.54,0.34,1.12
SGBMR29XII,GB,15795,-0.31,5103.22,0.01,1.12
SENSEXBETA,EQ,832.9,-0.52,50188.82,0.13,1.11
SBIBPB,EQ,50,-2.46,1400.52,2.21,1.1
YUKEN,EQ,701,-1.89,952.24,0.15,1.09
KSOLVES,EQ,273.6,-3.12,648.76,0.4,1.09
CHEMICAL,EQ,26.62,-1.88,50.06,4.1,1.09
JLHL,EQ,1253.3,-0.06,8217.39,0.09,1.09
SNOWMAN,EQ,34.88,-2.16,582.8,3.11,1.09
ASHIANA,EQ,305,-2.9,3066.01,0.36,1.08
COMMOIETF,EQ,96.96,-0.2,112.63,1.12,1.08
GSMFOILS,SM,196,-5.31,276.22,0.54,1.07
CHEMCON,EQ,151.06,-2.79,553.34,0.7,1.06
AONENIFTY,EQ,9.54,-1.75,17.65,11.12,1.06
DMCC,EQ,212.36,-5.97,529.62,0.49,1.06
SARVESHWAR,EQ,3.25,-0.91,399.34,32.54,1.06
CONTROLPR,EQ,623,-0.8,996.44,0.17,1.06
SCILAL,EQ,42.75,-1.11,1991.29,2.47,1.06
RADIANTCMS,EQ,36.65,-2.42,391.08,2.9,1.05
SUNLITE,ST,307.6,-2.35,424.67,0.34,1.05
JTEKTINDIA,EQ,129.9,-3.9,3602.28,0.8,1.05
SGBNV29VII,GB,15742,-0.63,5113.38,0.01,1.05
IGCL,EQ,61.3,-3.71,387.56,1.7,1.05
BCONCEPTS,EQ,230,-5.25,287.08,0.44,1.04
HITECHCORP,EQ,131.1,-0.43,225.17,0.78,1.03
BFINVEST,EQ,372.2,-0.56,1401.99,0.28,1.03
DREAMFOLKS,EQ,72.11,-3.57,384.13,1.41,1.03
SAHASRA,SM,228.1,-3.55,570.08,0.44,1.03
DBOL,EQ,98.5,-4.51,653.92,1.02,1.02
AXISVALUE,EQ,32.01,-3.03,27.37,3.2,1.02
SRTL,BE,48.37,-4.99,193.36,2.09,1.02
IGPL,EQ,339.55,-4.77,1045.64,0.29,1.02
JINDWORLD,EQ,20.99,-3.63,2104.46,4.75,1.01
PDMJEPAPER,EQ,73,-3.49,693.13,1.36,1
SWARAJ,ST,291,-0.72,640.73,0.34,1
RADHIKAJWE,EQ,58.29,-3.56,687.82,1.69,0.99
SUMMITSEC,EQ,1500,-3.34,1635.27,0.06,0.99
AMBIKCO,EQ,1328.9,-3.11,760.8,0.07,0.98
MAYASHEEL,SM,50,-9.01,110.25,1.83,0.98
BOROSCI,EQ,105,-1.89,933.94,0.93,0.97
STEELCAS,EQ,221,-4.01,2236.52,0.44,0.97
PRABHA,EQ,151.3,-2.49,2071.38,0.64,0.97
SHANKARA,EQ,104.04,-2.09,252.29,0.93,0.97
THOMASCOTT,EQ,256.5,-0.54,376.3,0.38,0.97
MENONBE,EQ,123.8,-2.45,693.78,0.78,0.97
BYKE,EQ,36.1,-8.47,188.73,2.54,0.97
APS,SM,306.85,-0.41,618.61,0.32,0.96
TIL,EQ,202.5,-3.31,1348.69,0.47,0.96
ASMS,EQ,8.65,-1.26,263.46,10.96,0.96
CELLECOR,SM,24,-3.03,529.63,3.96,0.96
ORIENTPPR,EQ,16.64,-1.36,353.08,5.71,0.96
XCHANGING,EQ,57.2,-3.54,637.23,1.66,0.96
RPPINFRA,EQ,69,-1.89,342.14,1.39,0.95
ALLETEC,SM,142.5,-0.31,287.77,0.67,0.95
GUJAPOLLO,EQ,390.35,-3.29,460.61,0.23,0.94
AVONMORE,EQ,11.85,-5.65,334.39,7.94,0.94
SATIA,EQ,59.3,-4.85,593,1.55,0.94
INDIQUBE,EQ,148.2,-5.29,3141.32,0.62,0.94
MADHAVBAUG,SM,206.4,-0.05,217,0.47,0.92
SGBJUN30,GB,15840,-0.62,4051.66,0.01,0.92
INDIANHUME,EQ,324,-4.58,1706.89,0.28,0.92
PENINLAND,EQ,15.47,-3.67,513.18,5.85,0.91
URJA,EQ,9.04,-1.09,475.01,10.04,0.91
MUNISH,SM,61.2,-8.86,147.31,1.46,0.9
TRF,EQ,227,-2.66,249.8,0.4,0.9
OMAXE,EQ,70.81,-2.67,1295.12,1.26,0.9
MAGADSUGAR,EQ,428.1,-4.24,603.26,0.21,0.9
AVTNPL,EQ,59.5,-2.6,906.09,1.48,0.9
MAKEINDIA,EQ,148.37,-3.07,233.61,0.6,0.9
KOKUYOCMLN,EQ,77.99,-0.15,782.27,1.17,0.9
ANDHRAPAP,EQ,61.3,-2.56,1218.95,1.44,0.89
GROWWEV,EQ,27.5,-2.59,238.1,3.23,0.89
FOODSIN,EQ,56,-3.86,411.78,1.58,0.89
ARROWGREEN,EQ,354,-3.24,534.11,0.24,0.88
JITFINFRA,BE,346.8,-3.59,891.4,0.25,0.87
TASTYBITE,EQ,6807,-3.36,1746.68,0.01,0.87
OMFREIGHT,EQ,72.7,-5.05,244.82,1.15,0.87
DHANBANK,EQ,23.08,-0.99,910.96,3.76,0.86
KKCL,EQ,460,-3.35,2834.76,0.18,0.86
DANISH,SM,619,-2.27,1218.91,0.14,0.86
ETML,SM,92,-1.6,179.18,0.94,0.86
MANUFGBEES,EQ,151.25,-0.69,10.63,0.58,0.86
INDORAMA,EQ,32.85,-6.81,857.76,2.6,0.86
MMP,EQ,209.95,-7.29,533.33,0.39,0.86
IFBAGRO,EQ,721,-3.05,675.37,0.12,0.85
MONOLITH,SM,380,-6.62,825.97,0.22,0.85
COMSYN,EQ,153,-0.22,611.27,0.55,0.84
CUBEXTUB,EQ,89.7,-2.83,128.44,0.94,0.84
PILANIINVS,EQ,4283,-3.56,4742.24,0.02,0.84
MAXIND,EQ,147,-1.53,772.09,0.57,0.84
KRITIKA,EQ,5.05,-14.26,134.47,16.51,0.84
STCINDIA,EQ,102.98,-5.99,617.88,0.81,0.84
WSI,EQ,63.5,-5.08,481.72,1.29,0.83
AURUM,EQ,167.5,-4.3,1276.72,0.49,0.83
THEJO,EQ,1600,-3.11,1735.59,0.05,0.83
SUMEETINDS,EQ,28.8,-2.17,1515.82,2.83,0.82
HDFCPVTBAN,EQ,26.5,-0.04,707.55,3.15,0.82
MIDQ50ADD,EQ,225.7,-1.15,88.73,0.36,0.81
INDOCO,EQ,196,-2,1809.15,0.42,0.81
GOLDBND,EQ,157.37,-2.22,11.19,0.51,0.81
NV20,EQ,14.2,-0.7,79.96,5.75,0.81
HGS,EQ,369.3,-1.32,1717.99,0.22,0.8
CHANDAN,SM,254.95,-3.1,623.41,0.31,0.8
SGBJUL29IV,GB,15706,-0.13,4592.06,0.01,0.8
SONAMLTD,EQ,56.07,-4.12,224.46,1.4,0.79
ESTER,EQ,94,-2.01,917.31,0.84,0.79
76NHAI31,NA,1151,-0.09,3079.23,0.07,0.79
AONETOTAL,EQ,10.9,-1.62,39.83,7.2,0.78
PATELRMART,EQ,166.9,-3.15,557.45,0.46,0.78
INFLUX,SM,210.5,-1.8,487.32,0.37,0.78
NV20BEES,EQ,140.4,-2.21,142.72,0.55,0.78
GROWWHOSPI,EQ,46.05,-1.96,22.44,1.68,0.78
MUNJALAU,EQ,77,-1.8,770,1.02,0.77
AMRUTANJAN,EQ,544.1,-0.71,1573.03,0.14,0.77
ADOR,EQ,960,-3.86,1670.67,0.08,0.77
SCHAND,EQ,147,-3.94,518.5,0.52,0.77
TERASOFT,EQ,334.8,-2.45,418.9,0.22,0.77
HARSHA,EQ,349.9,-1.37,3185.63,0.22,0.77
PAUSHAKLTD,EQ,410,-3.03,1010.93,0.19,0.76
MIDSELIETF,EQ,16.38,-1.44,86.56,4.7,0.76
MONQ50,EQ,95.48,-2.05,140.12,0.79,0.76
WINDMACHIN,EQ,235,-0.84,2046.49,0.32,0.76
UFLEX,EQ,442,-1.91,3191.75,0.17,0.75
MVGJL,EQ,148.8,-2.06,726.85,0.5,0.75
WTICAB,SM,106,-0.05,252.41,0.72,0.75
SAHAJSOLAR,SM,118,-0.67,259.27,0.62,0.73
VGINFOTECH,SM,116.55,-4.35,289.84,0.61,0.73
SUPREMEPWR,SM,152,-5.06,379.87,0.47,0.73
ASAL,EQ,414,-3.74,656.79,0.17,0.73
JAYSREETEA,EQ,87.74,-0.66,253.37,0.83,0.73
GLOBAL,EQ,97.05,-6.25,494,0.73,0.72
SCPL,BE,328,-2.42,344.4,0.22,0.72
TCIEXP,EQ,482,-2.53,1851.8,0.15,0.72
SANGAMIND,EQ,423.5,-0.72,2127.94,0.17,0.72
MID150,EQ,20.98,-0.76,6.78,3.44,0.72
AFIL,BE,7.76,-4.9,331.16,9.06,0.71
3IINFOLTD,EQ,12.9,-1.83,267.54,5.51,0.71
GHCLTEXTIL,EQ,71.6,-1.84,684.39,0.99,0.71
PARIN,SM,678,-4.53,753.8,0.11,0.71
MINDTECK,EQ,180.1,-6.06,575.5,0.38,0.71
DAVANGERE,EQ,3.82,-2.3,546.26,18.48,0.71
AFFORDABLE,EQ,159,-3.25,178.82,0.44,0.7
SGBJUN28,GB,15750,-0.27,3761.62,0,0.7
KABRAEXTRU,EQ,225,-2.43,786.89,0.31,0.69
CCCL,EQ,15.68,-0.25,700.52,4.38,0.69
HPAL,EQ,31.26,-5.82,287.2,2.2,0.69
HDFCPSUBK,EQ,85.9,-3.72,30.94,0.79,0.68
CREST,EQ,325,-4.59,924.62,0.21,0.68
MODISONLTD,EQ,117.1,-6.87,379.99,0.57,0.68
CGRAPHICS,SM,140,-3.25,340,0.48,0.68
CAPITALSFB,EQ,237,-1.96,1076.42,0.28,0.68
INDOAMIN,EQ,96.9,-3.02,703.37,0.7,0.67
SAURASHCEM,EQ,59.8,-2.97,665.5,1.11,0.67
SUKHJITS,EQ,165.03,-5.13,515.62,0.39,0.67
GOLD360,EQ,153.85,-1.22,142.75,0.43,0.67
MOMENTUM,EQ,29.05,-1.56,41.78,2.3,0.66
XELPMOC,EQ,95.54,-11.19,141.01,0.67,0.66
TPLPLASTEH,EQ,59.99,-3.48,467.94,1.08,0.66
FAZE3Q,BE,427.85,-5,1040.49,0.15,0.66
PRAXIS,EQ,6.25,-4.87,116.13,10.18,0.65
MAHAPEXLTD,EQ,114.01,-1.2,161.33,0.55,0.65
970CAGL28,ND,1017.05,-0.64,257.55,0.06,0.65
RELIABLE,EQ,109,-6.33,112.49,0.57,0.65
PROZONER,EQ,42.6,-4.53,650.09,1.49,0.65
NILKAMAL,EQ,1254.7,-3.02,1872.33,0.05,0.65
HONDAPOWER,EQ,1995,-1.69,2023.54,0.03,0.64
ASIANHOTNR,EQ,300,-2.1,583.6,0.21,0.64
ZTECH,SM,482.1,-0.4,697.03,0.13,0.64
IRIS,EQ,228.21,-3.87,469.39,0.27,0.63
RADIOWALLA,SM,39.8,-17.08,28.05,1.52,0.63
SGBJU29III,GB,15748,-0.35,2329.49,0,0.63
BBETF0432,EQ,1310.07,-0.69,10560.4,0.05,0.63
SETF10GILT,EQ,260.14,-0.64,3257.83,0.24,0.62
SHARIABEES,EQ,455,-0.46,48.8,0.14,0.62
HEALTHY,EQ,15.15,-0.98,70.95,4.13,0.62
BELLACASA,EQ,269.45,-4.91,360.73,0.23,0.62
SPCENET,EQ,3.66,-6.15,207.79,16.38,0.62
MAANALU,BE,128.4,-2.24,770.21,0.48,0.62
BIRLACABLE,EQ,129.99,-5.76,389.97,0.47,0.62
RVTH,EQ,536.75,-3.95,164.62,0.11,0.61
BESTAGRO,BE,14.84,-0.2,526.33,4.13,0.61
AQYLON,EQ,84.3,-4.96,2138.95,0.72,0.6
GPECO,SM,322.9,-2.03,382.02,0.19,0.6
KAPSTON,BE,271.9,-1.89,827.45,0.22,0.6
RUSHIL,EQ,15.6,-3.76,457.73,3.81,0.6
ASAHISONG,EQ,184,-2.51,216.89,0.33,0.6
CINELINE,EQ,84.31,-4.19,288.9,0.69,0.6
VISAKAIND,EQ,58,-1.19,501.15,1.03,0.59
MANCREDIT,EQ,166,-1.3,350.49,0.36,0.59
MIRZAINT,EQ,30.85,-1.69,426.35,1.88,0.59
PASUPTAC,EQ,44.55,-3.92,397.09,1.3,0.59
HESTERBIO,EQ,1378.9,-3.94,1173.01,0.04,0.59
BIRLAMONEY,EQ,116.18,-3.81,656.52,0.5,0.58
CNL,EQ,627,-3.87,941.55,0.09,0.58
719GS2060,GS,99.7,-4.96,63808,0.58,0.58
TCPLPACK,EQ,2426.6,-3.68,2208.21,0.02,0.58
DEVX,EQ,36.76,-2.03,331.53,1.55,0.57
BLAL,EQ,172.8,-2,719.62,0.33,0.57
MBLINFRA,EQ,22.8,-6.71,347.77,2.43,0.57
GFLLIMITED,EQ,44.45,-3.68,488.28,1.28,0.57
VLEGOV,EQ,12.71,-3.79,137.84,4.4,0.56
VINYAS,SM,934.9,-4.38,1176.55,0.06,0.56
PIGL,EQ,99,-2.29,176.55,0.56,0.56
EXCELINDUS,EQ,879,-0.53,1104.96,0.06,0.56
SGBSEP29VI,GB,15810,-0.68,5565.66,0,0.56
YAAP,ST,139.65,-5,292.33,0.39,0.56
SBIETFIT,EQ,320.16,-1.96,65.82,0.17,0.55
ESFL,SM,150.5,-2.75,373.83,0.37,0.55
ABSMARINE,SM,159,-2.48,390.35,0.34,0.55
EMKAY,EQ,209,-4.65,541.53,0.26,0.55
ORIENTBELL,EQ,273.6,-2.44,402.48,0.2,0.55
HILINFRA,EQ,50,-1.85,358.6,1.1,0.55
RAMAPHO,EQ,111,-4,392.79,0.49,0.55
SHALPAINTS,EQ,49.5,-4.83,414.37,1.08,0.54
SGBJAN29IX,GB,15732,-0.42,4514.9,0,0.54
CYBERTECH,EQ,99.96,-4.25,311.18,0.53,0.54
DYNPRO,EQ,206,-1.49,256.02,0.26,0.54
INTERNET,EQ,10.88,-1.45,17.51,4.96,0.54
AXISCETF,EQ,108.99,-1.55,12.04,0.49,0.54
SANATHAN,EQ,394,-4.9,3325.52,0.14,0.54
SGBMAY28,GB,15750,-0.49,4007.26,0,0.54
ARCHIDPLY,EQ,73.01,-1.28,145.03,0.74,0.54
GLOTTIS,EQ,44,-2.22,406.57,1.2,0.53
BRANDMAN,SM,140,-0.28,258.4,0.38,0.53
GOACARBON,EQ,315.6,-3.52,288.81,0.17,0.53
SADBHAV,BE,8.78,-4.98,150.64,5.96,0.53
SRHHYPOLTD,EQ,433,-4.27,743.24,0.12,0.53
NAHARSPING,EQ,186.06,-4.56,671.03,0.28,0.52
OMAXAUTO,EQ,96.65,-3.93,206.55,0.54,0.52
KILITCH,EQ,307,-6.33,536.66,0.16,0.52
VASWANI,EQ,51.75,-6.47,162.22,0.99,0.52
IEML,SM,67.25,-3.93,123.29,0.77,0.52
ZEEMEDIA,BE,7.79,-1.27,487.21,6.6,0.52
718GS2033,GS,102.55,-0.24,206125.5,0.51,0.52
CHEMFAB,EQ,358.8,-4.57,515.73,0.14,0.52
AMANTA,EQ,96.25,-2.17,373.73,0.53,0.52
EXCEL,EQ,1.05,-7.08,148.12,46.87,0.52
KUANTUM,EQ,79.5,-2.68,693.75,0.64,0.51
BPL,EQ,49.35,-3.58,241.7,1.02,0.51
MUKKA,EQ,21.98,-2.01,659.4,2.32,0.51
SPECIALITY,EQ,97.98,-2.07,472.61,0.52,0.5
SGBAPR28I,GB,15779.99,-0.33,2797.59,0,0.5
FAIRCHEMOR,EQ,531,-3.12,668.84,0.09,0.5
HLVLTD,EQ,7.12,-7.53,469.39,6.78,0.5
TECHERA,SM,179,-3.24,295.72,0.27,0.49
SACHEEROME,ST,370.5,-5,828.91,0.13,0.49
699GS2026,GS,102.59,-0.35,57450.4,0.47,0.49
CENTENKA,EQ,409.55,-0.86,894.89,0.12,0.49
DBEIL,EQ,69.85,-2.5,325.37,0.69,0.48
RSWM,EQ,136.8,-4.63,644.35,0.35,0.48
PRECISION,SM,8.85,-3.8,20.32,5.44,0.48
PRIZOR,ST,368.75,-5,394.24,0.13,0.48
KESORAMIND,BE,7.92,-2.7,246.05,5.95,0.47
RAMANEWS,EQ,35.95,-0.64,530.34,1.3,0.47
ATLANTAA,EQ,34.44,-6.31,280.69,1.32,0.47
DIAMINESQ,EQ,223,-0.01,218.18,0.21,0.47
PRIMECAB,SM,73.5,-2,134.68,0.62,0.47
SWASTIK,SM,16.75,-2.9,38.91,2.77,0.46
ATMASTCO,SM,131.5,-4.19,325.26,0.35,0.46
DELPHIFX,EQ,10.13,-9.15,248.46,4.4,0.46
AAKAAR,ST,56,-0.97,79.37,0.83,0.46
BHAGERIA,EQ,147,-2.77,641.57,0.31,0.46
FELIX,SM,175.15,-2.91,301.37,0.26,0.46
ESSARSHPNG,EQ,23.75,-4.54,491.57,1.89,0.46
VMSTMT,EQ,40.38,-2.49,200.41,1.13,0.46
GROWWSC250,EQ,8.59,-2.16,13.09,5.33,0.46
UGARSUGAR,EQ,37.03,-1.15,416.59,1.23,0.46
EVERESTIND,EQ,361,-3.06,572.39,0.12,0.45
AYMSYNTEX,EQ,170.01,-6.63,995.94,0.25,0.45
INTENTECH,EQ,86,-5.74,203.17,0.5,0.44
CONSUMER,EQ,10.08,-2.14,42.3,4.39,0.44
RKSWAMY,EQ,95.5,-2.96,482.06,0.46,0.44
PVSL,EQ,88.49,-2.13,630.03,0.49,0.44
RMDRIP,EQ,39.93,-5,997.45,1.11,0.44
IWARE,ST,259,-4.43,277.54,0.17,0.44
CONSUMIETF,EQ,110.45,-0.85,51.33,0.4,0.44
AKI,EQ,4.5,-10.89,46.44,9.65,0.44
MGEL,EQ,10.19,-0.68,335.82,4.36,0.44
RBMINFRA,SM,318.5,-2.2,321.78,0.14,0.44
MAZDA,EQ,184.94,-1.96,370.34,0.24,0.44
CSLFINANCE,EQ,241,-1.89,549.06,0.18,0.43
VIRINCHI,EQ,18.2,-4.21,186.82,2.34,0.43
KNAGRI,EQ,173.15,-3.62,432.86,0.24,0.43
ZODIAC,EQ,241,-0.58,364.48,0.18,0.43
DIVOPPBEES,EQ,78.49,-0.78,67.01,0.54,0.42
TAURIAN,SM,198,-2.73,175.89,0.21,0.42
LGHL,EQ,262,-3.78,1312.43,0.16,0.42
GRPLTD,EQ,1755,-2.93,936,0.02,0.42
QNIFTY,EQ,254,-1.79,75.98,0.16,0.42
KCEIL,SM,120.5,-1.11,147.3,0.34,0.42
QUESTLAB,ST,112,-4.76,183.54,0.36,0.41
CORDSCABLE,EQ,150.5,-1.9,194.56,0.27,0.41
DVL,EQ,217,-3.91,760.04,0.19,0.41
EMULTIMQ,EQ,38.33,-2.04,32.65,1.07,0.41
ALICON,EQ,686.55,-1.69,1121.61,0.06,0.41
KAVDEFENCE,BE,60.65,-2.85,208.48,0.67,0.41
FRESHARA,ST,178.6,-5,419.7,0.23,0.41
KCPSUGIND,EQ,23.3,-3,264.19,1.74,0.41
SGBN28VIII,GB,15744,-0.4,2477.25,0,0.41
NEELAM,SM,10.5,-4.55,21.23,3.84,0.4
NAMOEWASTE,SM,157.05,-3.62,359.13,0.26,0.4
GEEKAYWIRE,EQ,20.75,-0.67,216.88,1.96,0.4
SUDARCOLOR,EQ,325,-3.06,750.16,0.12,0.4
MOLDTECH,EQ,128,-0.12,368.71,0.31,0.4
MOHEALTH,EQ,43.4,-2.01,41.73,0.91,0.4
HILTON,EQ,16.76,-0.12,58.15,2.38,0.4
ANANTAM,IV,102.66,-0.14,2232.86,0.39,0.4
PRITIKAUTO,EQ,12.18,-0.98,202.81,3.32,0.4
PARSVNATH,EQ,6.8,-5.69,295.92,5.78,0.4
VINEETLAB,EQ,29.21,-2.76,56.1,1.32,0.39
MADHUSUDAN,SM,145,-5.26,209.81,0.27,0.39
ALPHAGEO,EQ,185.1,-5.94,117.81,0.2,0.39
CANARYS,SM,21.5,-3.15,122.97,1.8,0.39
POLYSIL,ST,181,-0.96,407.34,0.21,0.39
HDFCBSE500,EQ,35,-0.4,20.42,1.12,0.39
SESHAPAPER,EQ,242,-3.59,1526.25,0.16,0.39
QUAL30IETF,EQ,19.65,-1.7,155.11,1.96,0.39
NAVKARURB,EQ,0.95,-5,106.6,40.28,0.38
VLSFINANCE,EQ,227.1,-1.9,712.61,0.17,0.38
HDFCGROWTH,EQ,112,-0.72,17.52,0.34,0.38
RANASUG,EQ,11.66,-3.32,179.06,3.16,0.38
BIGBLOC,EQ,51.6,-1.02,730.53,0.74,0.38
GGBL,SM,271.4,-1.02,673.1,0.14,0.38
ROCKINGDCE,ST,177.9,-3.47,100.67,0.21,0.37
JAYAGROGN,EQ,170,-7.51,510,0.21,0.37
ELGNZ,SM,73.2,-2.07,165.43,0.5,0.37
RUCHIRA,EQ,103.3,-1.78,308.3,0.35,0.37
MAWANASUG,EQ,77.01,-3.71,301.24,0.47,0.37
KANDARP,SM,139.8,-0.14,125.44,0.27,0.37
MNC,EQ,30.24,-1.43,40.39,1.2,0.36
OSWALGREEN,EQ,24,-4.19,616.34,1.47,0.36
ATL,EQ,23.25,-1.48,678.57,1.55,0.36
NEPTUNE,ST,209.1,-4.95,473.68,0.17,0.36
DENORA,EQ,700.6,-0.72,371.92,0.05,0.36
TTKHLTCARE,EQ,838.7,-1.03,1185.11,0.04,0.35
LAKSHYA,SM,106,-2.08,106.89,0.33,0.35
SGBDE30III,GB,15950,-0.54,4483.56,0,0.35
TARACHAND,EQ,59.5,-1.16,469.01,0.59,0.35
INTLCONV,EQ,72.77,-3.32,464.13,0.47,0.35
SGBJAN29X,GB,15731,-0.38,1909.82,0,0.35
IFGLEXPOR,EQ,149.5,-2.86,1077.58,0.23,0.35
VETO,EQ,99.4,-0.91,190,0.35,0.35
CUDML,SM,99,-1,174.69,0.36,0.35
WILLAMAGOR,EQ,26.25,-0.34,28.76,1.24,0.34
GSLSU,EQ,66.89,-4.7,283.49,0.5,0.34
LYKALABS,EQ,52,-5.33,185.59,0.64,0.34
SHERA,SM,111.5,-1.5,272.5,0.3,0.34
BASML,EQ,19.86,-3.07,158.72,1.69,0.34
RUBYMILLS,EQ,196.01,-1.68,655.46,0.17,0.34
GLOBALVECT,EQ,156,-4.54,218.4,0.21,0.34
SATTVAENGG,SM,50.15,-10.61,87.61,0.66,0.33
EBBETF0433,EQ,1271.6,-0.29,6359.28,0.03,0.33
NDLVENTURE,EQ,113.99,-0.56,383.82,0.29,0.33
DCMSRIND,EQ,34.12,-2.93,296.82,0.96,0.33
KDL,ST,125.15,-4.97,150.48,0.26,0.33
CHETANA,SM,34,-3.13,69.36,0.96,0.33
OSWALAGRO,EQ,41.68,-4.51,559.49,0.77,0.33
MANAKALUCO,BE,26.27,-4.99,172.16,1.23,0.33
HMAAGRO,EQ,24.39,-1.53,1221.38,1.32,0.32
PUNJABCHEM,EQ,1055,-2.43,1293.66,0.03,0.32
AVROIND,EQ,132.43,-2.52,176.28,0.24,0.32
LOWVOL1,EQ,19.8,-2.03,161.59,1.6,0.32
LINC,EQ,100.15,-1.33,595.78,0.32,0.32
MCL,BE,62.04,-3.87,168.39,0.51,0.32
RKEC,EQ,39.45,-1.35,101.86,0.81,0.32
SYSTANGO,SM,236,-2.88,346.18,0.13,0.31
UNIDT,EQ,170.85,-5.09,346.88,0.18,0.31
DICIND,EQ,530,-1.28,486.49,0.06,0.31
GCHOTELS,SM,90.05,-5.56,224.4,0.34,0.31
GROWWCAPM,EQ,9.47,-0.84,20.91,3.29,0.31
KOTHARIPET,EQ,110.3,-1.56,649.08,0.28,0.31
BLBLIMITED,BE,16.51,-4.73,87.28,1.82,0.31
WEL,EQ,136.3,-1.79,1826.53,0.22,0.31
SGBD29VIII,GB,15760,-0.47,3909.26,0,0.31
935TSI29,N0,102000,-1.45,1274.4,0,0.31
KAYA,EQ,304,-2.92,461.7,0.1,0.3
SUBAHOTELS,SM,116,-2.48,281.21,0.26,0.3
BROOKS,EQ,57.5,-7.53,169.38,0.51,0.3
SGBJAN30IX,GB,15875,-0.34,3703.94,0,0.3
SEJALLTD,EQ,520.1,-3.46,592.91,0.06,0.3
GROWWMOM50,EQ,9.69,-1.52,21.41,3.14,0.3
SOMICONVEY,EQ,100.54,-2.38,118.43,0.3,0.3
ZEELEARN,EQ,5.4,-1.28,176.61,5.52,0.3
MOBILISE,ST,48.1,-3.61,45.75,0.61,0.3
690GS2065,GS,95.3,-0.1,178211,0.31,0.3
BSLSENETFG,EQ,74.48,-2.42,258.73,0.4,0.3
HARRMALAYA,EQ,177,-2.74,326.66,0.16,0.3
SHREERAMA,EQ,46.2,-4.01,616.62,0.64,0.3
MUNJALSHOW,EQ,121,-3.01,483.77,0.24,0.3
NOVAAGRI,EQ,27.2,-2.65,251.65,1.09,0.3
71GS2034,GS,104.7,-0.1,167520,0.28,0.3
UNIVPHOTO,BE,502.9,-1.2,550.5,0.06,0.29
LANCORHOL,BE,19.45,-4.98,143.06,1.47,0.29
MGSL,SM,74.5,-2.74,108.63,0.38,0.29
JAYESH,SM,153,-3.26,132.98,0.18,0.28
NAHARPOLY,EQ,236.5,-0.79,581.51,0.12,0.28
ARIHANTSUP,EQ,221.85,-2.27,959.5,0.13,0.28
NATCAPSUQ,EQ,148.5,-2.11,154.23,0.19,0.28
PAVNAIND,EQ,18,-5.01,251.15,1.49,0.28
DONEAR,EQ,86.9,-0.98,451.88,0.32,0.28
PPAP,EQ,195.18,-3.58,275.5,0.14,0.28
MANAKSIA,EQ,53.6,-4.22,351.26,0.51,0.28
GULFPETRO,EQ,30.36,-3.53,154.79,0.89,0.28
AARTISURF,EQ,365,-2.96,308.97,0.07,0.27
AARON,EQ,141.97,-0.39,297.38,0.19,0.27
VIPCLOTHNG,EQ,18.15,-3.92,163.59,1.48,0.27
BRNL,EQ,17.88,-2.51,150.1,1.49,0.27
SILGO,EQ,71.6,-2.73,229.02,0.38,0.27
FINKURVE,EQ,57.3,-4.48,802.49,0.45,0.27
SGBAUG29V,GB,15780,-0.39,3617.95,0,0.27
SSDL,EQ,57.75,-2.35,228.69,0.46,0.27
SGBAUG27,GB,15730,-0.37,1612.07,0,0.27
MAHEPC,EQ,112,-1.35,312.96,0.24,0.27
OBCL,EQ,55.5,-0.18,117.01,0.48,0.26
TIPSFILMS,EQ,334.95,-1.02,144.8,0.08,0.26
NIKITA,SM,113,-2.16,278.75,0.23,0.26
CENTEXT,EQ,19.25,-3.22,154,1.33,0.26
BHARATGEAR,EQ,97.01,-1.21,148.96,0.26,0.26
SUPREMEINF,BZ,67.85,-5,656.35,0.37,0.26
MEGATHERM,SM,204.7,-0.12,385.67,0.13,0.26
AJOONI,EQ,4.1,-7.66,70.62,6.06,0.26
MALLCOM,EQ,1041,-2.3,649.58,0.02,0.25
SHREEKARNI,SM,370,-1.43,267.46,0.07,0.25
GREENLEAF,SM,83,-8.39,49.21,0.3,0.25
INSPIRISYS,BE,78.9,-2.59,312.58,0.32,0.25
NEXT50ETF,EQ,66.56,-0.42,10.06,0.39,0.25
MONEXT50,EQ,64.53,-2.58,2.26,0.39,0.25
SASTASUNDR,EQ,281,-0.35,893.88,0.09,0.25
CKKRETAIL,ST,149.15,-4.97,288.87,0.17,0.25
1050ISFL28,N5,999.01,-0.79,157.56,0.02,0.25
NARMADA,EQ,31.25,-3.01,118.55,0.79,0.25
GINNIFILA,EQ,37.3,-0.11,319.47,0.68,0.25
MEGASTAR,EQ,235.02,-0.42,265.42,0.11,0.25
VINYLINDIA,EQ,191,-4.24,350.24,0.13,0.25
PONNIERODE,EQ,265.35,-3.05,228.16,0.09,0.25
SILINV,EQ,401,-2.5,424.89,0.06,0.25
NDL,EQ,2.42,-2.81,348.84,10.05,0.24
INFOLLION,SM,297.45,-0.85,288.73,0.08,0.24
ESPRIT,SM,63.6,-3.64,139.57,0.38,0.24
MONEYBOXX,EQ,64.4,-2.62,421.24,0.38,0.24
THEINVEST,EQ,93.69,-5.01,489.46,0.25,0.24
VRAJ,EQ,112.8,-0.26,372.04,0.21,0.24
NEPHROCARE,SM,68.95,-1.5,113.67,0.34,0.24
IMPAL,EQ,1012,-0.63,1262.98,0.02,0.24
CPCAP,EQ,84.5,-1.74,153.73,0.28,0.24
SPUNWEB,SM,90,-0.66,216.93,0.26,0.24
NIFTYQLITY,EQ,19.9,-1.68,25.88,1.2,0.24
DEVIT,EQ,24.6,-4.43,138.58,0.96,0.24
MKPL,EQ,5.09,-0.2,191.06,4.78,0.24
ABSLPSE,EQ,10.5,-1.87,22.89,2.26,0.24
KRISHCA,SM,172.9,-0.83,249.67,0.14,0.24
ENIL,EQ,105.5,-1.21,502.92,0.22,0.24
TCC,EQ,395,-4.42,1877.36,0.06,0.24
DGCONTENT,EQ,23.7,-5.12,137.9,0.99,0.24
AFSL,EQ,201.01,-0.28,1018.29,0.12,0.24
SAAKSHI,SM,174.25,-3.19,307.66,0.13,0.23
HCL-INSYS,EQ,12.12,-0.16,399,1.91,0.23
NETF,EQ,253,-1.18,688.62,0.09,0.23
CPEDU,EQ,176,-2.68,320.2,0.13,0.23
SNXT50BETA,EQ,83.11,-4.06,29.63,0.27,0.23
NURECA,EQ,256.8,-4.14,245.04,0.09,0.23
MVKAGRO,SM,504,-0.69,2545.4,0.04,0.23
SGBJUN29II,GB,15735.5,-0.34,2987.35,0,0.23
AAREYDRUGS,EQ,65.88,-3.49,186.8,0.34,0.23
CHAVDA,SM,93.05,-2.05,303.86,0.24,0.22
SHEMAROO,EQ,97.95,-6.11,267.6,0.22,0.22
URBAN,SM,126.5,-5.1,109.55,0.18,0.22
MONIFTY100,EQ,23.95,-2.17,11.69,0.92,0.22
JAIPURKURT,EQ,29.25,-3.37,55.84,0.73,0.22
KARNIKA,SM,111,-3.48,688.17,0.2,0.22
NIFTYBETF,EQ,237.71,-1.76,166.65,0.09,0.22
BARFLEX,SM,55.1,-1.61,136.37,0.4,0.22
LAL,EQ,6.39,-8.58,110.38,3.5,0.22
ELM250,EQ,15.38,-1.35,126.33,1.43,0.22
FROG,SM,134,-1.18,208.43,0.16,0.22
ALUWIND,SM,59,-1.67,146.6,0.38,0.22
HVAX,SM,682,-1.37,189.38,0.03,0.21
TECHLABS,SM,222.05,-4.99,383.73,0.1,0.21
PARAGON,SM,42.2,-3.65,82.57,0.52,0.21
BANKBETF,EQ,54.48,-2.56,377.54,0.39,0.21
ALPA,EQ,61,-0.8,128.35,0.34,0.21
PHANTOMFX,SM,185,-0.35,294.57,0.11,0.21
KODYTECH,ST,727.3,-1.72,927.13,0.03,0.21
KHFM,SM,56.6,-7.21,130.81,0.37,0.21
EEPL,SM,128,-1.65,165.88,0.16,0.21
ARCIIL,SM,51.55,-0.77,53.08,0.4,0.21
SUTLEJTEX,EQ,30.8,-3.78,504.59,0.66,0.21
AVANA,SM,62.85,-3.46,142.33,0.32,0.2
RACE,EQ,108.99,-1.35,188.09,0.18,0.2
RAJINDLTD,SM,66,-5.38,146.62,0.3,0.2
SBIETFPB,EQ,260.82,-1.5,379.1,0.08,0.2
ALBERTDAVD,EQ,671.55,-2.24,383.26,0.03,0.2
ONELIFECAP,EQ,15.15,-0.46,20.24,1.25,0.2
718GS2037,GS,103.47,-0.03,177968.4,0.19,0.2
BALAXI,EQ,18.53,-7.49,102.3,1.03,0.2
BALAJEE,EQ,25.6,-2.92,208.82,0.76,0.2
MOQUALITY,EQ,185.31,-1.88,17.56,0.1,0.2
SONUINFRA,SM,51,-3.77,60,0.38,0.19
SHYAMDHANI,SM,68.65,-0.87,141.8,0.28,0.19
GROWWRLTY,EQ,8.04,-0.5,11.59,2.42,0.19
ELGIRUBCO,EQ,39.2,-4.27,196.2,0.49,0.19
SBIETFCON,EQ,109.28,-1.45,22,0.17,0.19
NIPPOBATRY,EQ,288.1,-2.96,216.07,0.06,0.19
GLOBECIVIL,EQ,45.24,-2.71,270.17,0.41,0.19
JHS,EQ,8.42,-6.13,72.08,2.16,0.19
SHIVASHRIT,SM,123,-0.81,224.71,0.15,0.19
STARPAPER,EQ,133,-2.05,207.59,0.14,0.18
RHL,EQ,181.5,-0.89,313.84,0.1,0.18
SIGMA,EQ,41.93,-1.27,430.94,0.45,0.18
READYMIX,SM,90,-4.26,98.63,0.21,0.18
SHEETAL,ST,226.1,-5,259.02,0.08,0.18
NBIFIN,EQ,1783.1,-1.56,526.88,0.01,0.18
VHLTD,BE,140,-3.41,946.11,0.13,0.18
IVZINNIFTY,EQ,2652.89,-3.95,88.26,0.01,0.18
XTGLOBAL,EQ,32.5,-4.47,435.9,0.54,0.18
MASON,SM,139,-4.17,332.77,0.13,0.18
EUROBOND,EQ,144.01,-7.61,352.82,0.12,0.18
SHIVAMAUTO,EQ,16.1,-2.95,211.71,1.14,0.18
NILAINFRA,EQ,7.14,-2.06,281.24,2.53,0.18
IDFNIFTYET,EQ,257.85,-0.8,3.69,0.07,0.18
SILKFLEX,ST,128.75,-4.98,149.44,0.14,0.18
MOMENTUM30,EQ,29.14,-1.02,6.3,0.63,0.18
CTE,EQ,24.16,-2.54,47.43,0.73,0.18
HOACFOODS,ST,340.65,-1.97,147.86,0.05,0.18
NITIRAJ,EQ,219.99,-0.78,225.51,0.08,0.18
PATILAUTOM,SM,142,-3.4,309.86,0.13,0.18
ASHIMASYN,EQ,14.14,-6.11,271.01,1.25,0.18
RVHL,EQ,36.5,-4.72,223.84,0.48,0.18
VARDMNPOLY,BE,7.91,-4.12,362.99,2.21,0.18
TARMAT,BE,50.97,-2.15,127.75,0.36,0.18
GVKPIL,BE,2.73,-1.09,430.96,6.52,0.18
KMSUGAR,EQ,25.5,-0.62,234.6,0.69,0.18
DENEERS,ST,141.9,-2.07,122.12,0.13,0.18
ITBETA,EQ,304.07,-1.81,5.24,0.06,0.18
82IGT31,NJ,1080.05,-0.27,647.15,0.02,0.18
SHREYANIND,EQ,146.65,-1.5,202.74,0.12,0.17
DSFCL,EQ,22.4,-10.83,194.86,0.71,0.17
EMAMIPAP,EQ,72.51,-3.38,438.68,0.23,0.17
AESTHETIK,SM,64.5,-0.92,111.07,0.27,0.17
MAITREYA,SM,208.9,-4.09,141.55,0.08,0.17
667GS2035,GS,100.7,-0.19,123795.54,0.17,0.17
ORIENTCER,EQ,35.99,-5.41,430.58,0.47,0.17
KAMOPAINTS,EQ,4.46,-1.76,140.2,3.74,0.17
EMAMIREAL,EQ,52,-10.56,227.94,0.3,0.17
SGBDC27VII,GB,15702,-0.61,1017.97,0,0.17
DUCON,EQ,3.04,-2.56,98.78,5.41,0.17
VALIANTLAB,EQ,51.4,-4.96,279.17,0.31,0.16
VISHWARAJ,EQ,5.4,-2.88,117.63,3.04,0.16
DECCANTRAN,SM,19.65,-5.53,44.65,0.82,0.16
KAYTEX,SM,72,-6.19,105.83,0.22,0.16
KLL,SM,39.65,-0.63,73.47,0.39,0.16
TRIGYN,EQ,47.3,-2.77,145.62,0.34,0.16
INDTERRAIN,EQ,28.28,-2.92,143.29,0.56,0.16
ADVANIHOTR,EQ,51.87,-0.46,479.48,0.31,0.16
CEDAAR,SM,25.4,-0.39,35.25,0.63,0.16
73GS2053,GS,100,-0.03,195000,0.16,0.16
PRAENG,EQ,18.95,-5.34,132.53,0.83,0.16
PLAZACABLE,EQ,35.07,-1.52,153.44,0.45,0.16
JEYYAM,SM,31.6,-1.56,150.09,0.5,0.16
SAHYADRI,EQ,220.4,-4.59,241.26,0.07,0.16
AAATECH,EQ,91.4,-1.9,117.24,0.17,0.16
WOMANCART,SM,171.9,-0.81,120.5,0.09,0.16
EMMBI,EQ,80.51,-2.85,154.9,0.19,0.16
LAMBODHARA,EQ,94.95,-3.35,98.54,0.16,0.16
ESG,EQ,39.33,-1.35,98.38,0.4,0.16
SURANAT&P,EQ,17.1,-0.29,232.15,0.91,0.16
TIRUPATI,SM,518.5,-0.57,525.24,0.03,0.16
EXXARO,EQ,6.72,-3.45,300.66,2.29,0.16
DELAPLEX,SM,102.7,-6.21,93.56,0.15,0.15
ORBTEXP,EQ,153.8,-5.07,407.74,0.1,0.15
UNIONGOLD,EQ,154.05,-1.75,292.06,0.1,0.15
JOCIL,EQ,117.4,-6.14,104.26,0.13,0.15
PTL,EQ,37.25,-0.53,493.1,0.41,0.15
SETCO,EQ,17.65,-1.84,236.1,0.86,0.15
APCL,EQ,114.1,-2.13,335.17,0.13,0.15
TBI,SM,60,-3.61,108.95,0.25,0.15
ALANKIT,EQ,7.85,-0.25,212.86,1.91,0.15
DHARARAIL,SM,107.5,-1.38,162.15,0.14,0.15
SAKHTISUG,EQ,14.7,-3.1,174.71,1,0.15
DHUNINV,EQ,820,-5.43,499.97,0.02,0.15
TAINWALCHM,EQ,197,-0.28,184.47,0.08,0.15
NIRAJ,EQ,26.4,-1.09,157.59,0.56,0.15
SECURKLOUD,EQ,21.02,-6.99,70.23,0.69,0.15
OILCOUNTUB,EQ,43.78,-2.47,227.61,0.33,0.15
GROWWN200,EQ,10.68,-1.2,14.33,1.38,0.15
TRU,EQ,6.12,-8.52,72.74,2.32,0.15
TUNWAL,SM,29.85,-0.67,172.21,0.48,0.15
WORTHPERI,EQ,130.01,-2.15,204.78,0.11,0.15
SIKKO,EQ,4.5,-4.86,196.56,3.18,0.14
KRITINUT,EQ,63.95,-0.28,320.41,0.23,0.14
QUALITY30,EQ,19.69,-0.15,2.09,0.75,0.14
URAVIDEF,EQ,128,-1.59,145.92,0.11,0.14
SMARTEN,SM,57.95,-0.6,110.11,0.25,0.14
ACL,EQ,51.9,-3.48,478.37,0.28,0.14
GLOBE,EQ,2.44,-3.17,109.9,5.78,0.14
INDBANK,EQ,31.07,-4.08,137.88,0.45,0.14
MODIS,EQ,299.9,-2.07,587.54,0.05,0.14
NAHARINDUS,EQ,88.1,-4.5,380.64,0.16,0.14
SREEL,EQ,190.9,-1.64,442.03,0.07,0.14
DCMNVL,EQ,111.11,-2.07,207.53,0.13,0.14
GSEC5IETF,EQ,64.47,-0.11,20.56,0.22,0.14
NRL,EQ,50.6,-0.84,349.49,0.28,0.14
TOP15IETF,EQ,9.63,-0.62,8.79,1.45,0.14
SUPERSPIN,EQ,4.59,-14.84,25.25,2.81,0.14
VIVIMEDLAB,EQ,6.88,-1.15,57.04,1.98,0.14
TOP20,EQ,8.41,-1.98,8.48,1.62,0.14
ANLON,SM,336,-5.06,210.18,0.04,0.14
SNXT30BEES,EQ,38.68,-2.91,4.62,0.35,0.14
KAKATCEM,EQ,102.31,-3.64,79.53,0.13,0.14
CHEVIOT,EQ,981,-1.09,573.09,0.01,0.14
AERONEU,EQ,66.8,-2.74,172.32,0.2,0.14
FOCE,SM,624.6,-5,733.47,0.02,0.13
AAKASH,BE,9.65,-4.93,97.71,1.4,0.13
AIROLAM,EQ,85.04,-2.48,127.58,0.15,0.13
AXISHCETF,EQ,148.2,-1.76,22.3,0.09,0.13
SAMPANN,EQ,29.02,-6.3,117.85,0.45,0.13
VAISHALI,EQ,6.15,-2.84,80.23,2.14,0.13
GKWLIMITED,EQ,1580,-4.24,942.71,0.01,0.13
SBIETFQLTY,EQ,206.72,-3.08,70.87,0.06,0.13
ACCPL,SM,64.3,-3.6,71.48,0.2,0.13
LORDSCHLO,EQ,118.5,-0.56,298.07,0.11,0.13
NRVANDANA,SM,52,-6.31,121.13,0.24,0.13
GTL,EQ,6.6,-2.8,103.82,1.9,0.13
HDFCVALUE,EQ,128,-0.54,32.78,0.1,0.13
PILITA,EQ,7.48,-4.23,175.78,1.69,0.13
ORIENTALTL,EQ,5.66,-5.98,41.61,2.18,0.13
ARVINDPORT,SM,29,-2.85,51.62,0.43,0.13
INM,SM,192,-0.49,268.62,0.07,0.12
EQUAL200,EQ,12.41,-2.44,15.78,1,0.12
SHETHJI,SM,111,-3.18,252.64,0.11,0.12
MURUDCERA,EQ,29.24,-4.82,177.03,0.42,0.12
MYMUDRA,SM,75,-1.38,85.44,0.17,0.12
AHLADA,EQ,40.5,-1.29,52.33,0.3,0.12
ECAPINSURE,EQ,22.67,-1.31,15.15,0.54,0.12
RUBFILA,EQ,62.85,-0.68,341.07,0.2,0.12
MANORG,EQ,405.8,-2.56,347.54,0.03,0.12
NEWJAISA,SM,17.95,-4.77,64.22,0.68,0.12
REPL,EQ,71,-3.79,128.67,0.17,0.12
DHRUV,EQ,29.56,-2.92,56.07,0.41,0.12
AONETMMQ50,EQ,9.16,-2.03,6.02,1.33,0.12
OWAIS,SM,102.25,-4.97,185.92,0.12,0.12
ALCODIS,SM,67,-3.67,68.67,0.18,0.12
842IIFL26,NL,990,-0.5,145.78,0.01,0.12
NAHARCAP,EQ,218.8,-3.62,366.41,0.05,0.12
SALSTEEL,BE,42.25,-1.99,440.32,0.28,0.12
TCL,SM,92,-2.13,223.94,0.13,0.12
DRONE,SM,44.4,-2.52,108.34,0.27,0.12
SUPREME,EQ,50.54,-1.58,195.32,0.23,0.12
MITCON,EQ,51.79,-4.99,90.21,0.23,0.12
ANYA,SM,19.3,-3.02,231.6,0.6,0.12
DIVIDEND,EQ,34.75,-2.5,8.22,0.33,0.12
STEL,EQ,470,-2.95,867.4,0.02,0.12
AEPL,EQ,17.23,-5.28,432.54,0.66,0.12
LATTEYS,EQ,20,-1.96,114.99,0.58,0.12
CHAMUNDA,SM,43,-3.48,47.32,0.27,0.12
UEL,EQ,153.3,-2.85,2044.99,0.07,0.12
PLASTIBLEN,EQ,133.51,-3.5,346.98,0.08,0.11
SGBMAR28X,GB,15770,-0.03,1194.32,0,0.11
A2ZINFRA,BE,16,-1.6,281.79,0.72,0.11
DAMODARIND,EQ,23.78,-0.63,55.41,0.48,0.11
SURAJLTD,EQ,225.99,-1.74,415.01,0.05,0.11
QMSMEDI,SM,80.3,-2.07,155.28,0.14,0.11
VIPULLTD,BE,11.57,-1.95,163.09,0.97,0.11
KANORICHEM,EQ,59.91,-3.77,261.77,0.18,0.11
AHLEAST,EQ,150.3,-2.02,259.89,0.07,0.11
702GS2031,GS,103.55,-0.08,66272,0.11,0.11
PNC,EQ,20,-10.91,28.93,0.52,0.11
SPCL,SM,75.45,-4.49,181.95,0.14,0.11
EMMIL,SM,141.8,-2.17,160.61,0.08,0.11
VISHNUINFR,SM,156,-1.73,383.91,0.07,0.11
MANGALAM,BE,31.56,-1.13,49.95,0.34,0.11
SUPERHOUSE,EQ,142.35,-2.31,156.94,0.07,0.11
EXIMROUTES,ST,163.25,-3.29,306.13,0.06,0.11
AKSHOPTFBR,EQ,4.57,-3.38,74.35,2.34,0.11
TEXMOPIPES,EQ,42.99,-5.5,125.51,0.24,0.11
710GS2029,GS,104.71,-0.12,158112.1,0.1,0.11
GENUSPAPER,EQ,11.75,-0.17,302.12,0.9,0.11
ATCENERGY,SM,24.85,-1.97,50.67,0.42,0.1
BEACON,SM,74.5,-7.91,134.58,0.14,0.1
AXISTECETF,EQ,319.1,-1.54,150.32,0.03,0.1
VARDHACRLC,EQ,33.3,-1.68,267.61,0.32,0.1
SOFTTECH,EQ,256,-1.31,354.36,0.04,0.1
MITTAL,EQ,0.76,-8.43,33.74,13.54,0.1
HMVL,EQ,61.5,-1.54,453.08,0.17,0.1
PARTYCRUS,SM,80,-0.62,95.88,0.13,0.1
VIGOR,SM,50,-4.76,51.76,0.21,0.1
ISFT,EQ,70.94,-3.09,115.72,0.14,0.1
TECH,EQ,31.56,-1.47,177.11,0.33,0.1
PYRAMID,EQ,145.99,-1.72,537.02,0.07,0.1
SYLVANPLY,SM,44.25,-11.94,85.73,0.22,0.1
NATHBIOGEN,EQ,143,-0.89,271.76,0.07,0.1
NIRMAN,ST,47.65,-3.64,38.17,0.21,0.1
SHIVATEX,EQ,144,-2.33,186.66,0.07,0.1
RAJSREESUG,EQ,27.75,-2.05,91.95,0.36,0.1
APRAMEYA,SM,219.2,-4.7,417.36,0.04,0.1
PROFX,SM,62.5,-1.96,109.4,0.16,0.1
INNOMET,SM,69,-7.38,89.29,0.14,0.1
ROXHITECH,SM,30,-6.25,68.81,0.32,0.1
MSCIINDIA,EQ,28.04,-1.89,1473.2,0.34,0.1
BHANDARI,EQ,2.59,-1.15,62.17,3.71,0.1
GROWWMC150,EQ,207.4,-0.58,5.96,0.05,0.1
EFORCE,SM,23.5,-2.29,54.99,0.4,0.1
SANDESH,EQ,935,-1.13,707.74,0.01,0.09
HINDCOMPOS,EQ,386,-4.55,570.08,0.02,0.09
NECCLTD,EQ,13.3,-3.34,133,0.69,0.09
BBNPPGOLD,EQ,152.9,-1.51,349.82,0.06,0.09
ODIGMA,EQ,22.5,-1.7,70.33,0.42,0.09
DIGISPICE,EQ,17.2,-2.49,403.29,0.52,0.09
SATKARTAR,SM,157.9,-2.59,248.61,0.06,0.09
SMLT,EQ,66.2,-2.35,90.63,0.13,0.09
HDFCQUAL,EQ,54.6,-1.52,18.63,0.16,0.09
DPSCLTD,EQ,8.5,-1.85,827.72,1.05,0.09
1018GS2026,GS,101.65,-0.34,15247.5,0.09,0.09
JETFREIGHT,EQ,18.68,-1.06,86.68,0.48,0.09
SURANASOL,EQ,21.4,-0.14,105.3,0.42,0.09
IPHL,SM,58.05,-6.52,145.06,0.14,0.09
GILLANDERS,EQ,80.18,-2.91,171.12,0.11,0.09
GSS,EQ,11.86,-1,31.02,0.72,0.09
KATARIA,SM,101.1,-1.56,217.68,0.08,0.09
SHRADHA,EQ,31.2,-7.2,252.71,0.27,0.09
BEDMUTHA,BE,124.75,-0.99,402.49,0.07,0.09
SINTERCOM,EQ,77.38,-3.01,213.01,0.11,0.09
AIRAN,EQ,15.75,-1.75,196.91,0.54,0.08
PANACHE,BE,298,-4.9,477.22,0.03,0.08
85IFL26,NX,1050,-0.1,129.76,0.01,0.08
SENSEXADD,EQ,76.5,-1.91,8.28,0.11,0.08
LCCINFOTEC,BE,5.15,-4.98,65.2,1.6,0.08
840CIFCL28,N4,1064.5,-0.05,468.69,0.01,0.08
PIONEEREMB,EQ,24,-5.62,73.94,0.34,0.08
TOTAL,EQ,56.05,-6.11,90.39,0.14,0.08
BALPHARMA,EQ,69.16,-3.26,110.11,0.12,0.08
UYFINCORP,EQ,13.52,-0.52,257.2,0.6,0.08
SECMARK,EQ,108,-5.83,112.83,0.08,0.08
NEOCHEM,SM,72.55,-2.16,124.21,0.11,0.08
VHL,EQ,3100,-0.4,989.38,0,0.08
AGSTRA,BZ,3.13,-3.1,40.2,2.53,0.08
LOVABLE,EQ,66.54,-2.69,98.48,0.12,0.08
KEYFINSERV,EQ,252.5,-3.48,140.56,0.03,0.08
UHTL,SM,49.5,-2.94,94.07,0.16,0.08
WELINV,EQ,1266,-4.5,462.66,0.01,0.08
LICNMID100,EQ,56.16,-0.93,594.67,0.14,0.08
SSFLPP,E1,109,-3.71,188.94,0.07,0.08
115VCCL28,N0,97000,-2.71,67.9,0,0.08
TTL,BE,8.7,-2.03,224.73,0.9,0.08
APEXECO,SM,106.8,-7.41,140.82,0.07,0.08
GROWWCHEM,EQ,27,-0.18,7.3,0.29,0.08
SAVY,SM,129.95,-1.07,270.41,0.06,0.08
KEL,SM,83,-0.36,85.26,0.1,0.08
KANPRPLA,EQ,165.36,-5.99,397.07,0.04,0.08
HTMEDIA,EQ,20.52,-3.84,374.81,0.37,0.08
NEXT30ADD,EQ,39.4,-1.38,42.32,0.19,0.08
RTL,SM,94,-2.59,124.07,0.08,0.08
POSITRON,SM,138.1,-3.43,104.96,0.05,0.07
DCM,EQ,58.82,-3.38,109.86,0.12,0.07
KSR,BE,35.77,-2,65.74,0.21,0.07
CHEMBOND,EQ,137.1,-4.28,184.38,0.05,0.07
SURANI,SM,52,-7.72,80.85,0.14,0.07
AARVI,EQ,127.85,-0.8,189.35,0.06,0.07
736GS2052,GS,99.8,-4.04,149700,0.07,0.07
BVCL,EQ,38.95,-1.29,86.31,0.19,0.07
GROWWNXT50,EQ,64.97,-2.46,7.62,0.11,0.07
PODDARMENT,EQ,220,-0.5,233.42,0.03,0.07
SADHAV,SM,99.4,-0.9,142.67,0.07,0.07
RBS,SM,73.5,-3.29,168.03,0.1,0.07
SBIMIDMOM,EQ,56.82,-2.82,8.68,0.12,0.07
746GS2073,GS,101.8,-0.18,119106,0.07,0.07
KEN,SM,39.9,-0.25,98.02,0.18,0.07
ASCOM,ST,236,-1.67,276.45,0.03,0.07
GROWWLOVOL,EQ,9.96,-1.39,4.13,0.71,0.07
EBANKNIFTY,EQ,54,-2.79,12.16,0.13,0.07
84TCHF28,NA,1018.1,-0.41,92.21,0.01,0.07
695GS2061,GS,94.26,-1.3,138562.2,0.07,0.07
111ESFB31,N0,99250,-0.25,64.51,0,0.07
MOINFRA,EQ,58.25,-1.14,2.41,0.12,0.07
GROWWPSE,EQ,101.1,-2.29,17.12,0.07,0.07
HOLMARC,SM,85.8,-0.81,86.23,0.08,0.07
AXSENSEX,EQ,77.1,-2.28,123.52,0.09,0.07
DRCSYSTEMS,EQ,13.09,-1.87,188.6,0.52,0.07
AKANKSHA,SM,69,-2.13,135.11,0.1,0.07
MARC,SM,63.05,-2.85,109.16,0.11,0.07
SAMAY,SM,34,-4.9,52.19,0.2,0.07
RNBDENIMS,BE,107.7,-4.99,969.01,0.06,0.07
YCCL,SM,9.8,-2.97,18.92,0.69,0.07
SUNDRMBRAK,EQ,544.3,-4.8,214.16,0.01,0.07
GLOSTERLTD,EQ,530.2,-3.35,580.21,0.01,0.07
ZODIACLOTH,EQ,71.79,-0.54,197.12,0.09,0.07
LICNETFN50,EQ,259.28,-1.79,830.88,0.03,0.07
SILGOPP,E1,31.85,-0.09,23.51,0.21,0.07
DYNAMIC,SM,100,-6.28,137.46,0.07,0.07
AMCL,ST,412,-3.68,487.59,0.02,0.07
ATAM,EQ,58.5,-1.25,67.06,0.11,0.07
ADROITINFO,EQ,9.31,-3.62,50.44,0.71,0.07
GOYALALUM,BE,6.18,-0.48,88.21,1.07,0.07
DUCOL,SM,114.8,-2.75,186.6,0.06,0.07
EMKAYTOOLS,SM,94,-3.09,100.31,0.07,0.06
HCG-RE,BE,30,-16.67,24.88,0.23,0.06
BALAJIPHOS,SM,125,-3.85,297.21,0.05,0.06
BANKA,EQ,47.99,-6.6,52.42,0.13,0.06
CPS,ST,1025,-3.3,233.5,0.01,0.06
CRAYONS,SM,37,-2.63,90.39,0.17,0.06
RADIOCITY,EQ,5.65,-1.91,195.31,1.1,0.06
SRIVASAVI,SM,46.35,-5.41,65.7,0.13,0.06
MRIL,SM,41.15,-7.22,90.96,0.14,0.06
TROM,SM,55.75,-4.86,51.26,0.11,0.06
KARMAENG,EQ,38.29,-4.99,44.3,0.16,0.06
TCIFINANCE,BE,13.7,-3.45,17.64,0.44,0.06
SRD,EQ,51.25,-0.72,327.83,0.12,0.06
DIGIDRIVE,EQ,20.89,-1.51,80.56,0.29,0.06
NAGREEKEXP,EQ,23.1,-1.28,72.19,0.26,0.06
KHAITANLTD,EQ,98,-0.33,46.55,0.06,0.06
HEADSUP,EQ,6.81,-4.49,15.04,0.88,0.06
UCAL,EQ,100.23,-2.09,221.64,0.06,0.06
HRHNEXT,SM,22.8,-5,30.11,0.26,0.06
RULKA,SM,87.7,-1.35,37.35,0.07,0.06
NINSYS,EQ,292.95,-2.84,544.18,0.02,0.06
10IIFL28A,NE,987.99,-0.12,271.39,0.01,0.06
TRIDHYA,SM,9.1,-16.51,21.19,0.6,0.06
REFRACTORY,SM,35.7,-3.51,77.83,0.16,0.06
MDL,SM,43.9,-13.41,77.88,0.13,0.06
KOTARISUG,EQ,23.85,-2.69,197.69,0.24,0.06
INFRA,EQ,10.71,-2.55,7.06,0.53,0.06
MANILAM,ST,56.35,-4.97,123.11,0.1,0.06
AKSHAR,EQ,0.38,-2.56,29.92,14.67,0.06
JAINIK,SM,117.95,-0.63,169.23,0.05,0.06
NIBL,EQ,30.5,-0.49,73.9,0.18,0.06
CONS,EQ,10.87,-1.18,32.23,0.51,0.06
LAGNAM,EQ,65.99,-3.38,116.6,0.08,0.05
HITECHGEAR,BE,605,-1.62,1136.99,0.01,0.05
NOIDATOLL,EQ,3.5,-4.37,65.17,1.56,0.05
AUSOMENT,BE,100.19,-1.01,136.49,0.05,0.05
105IIFL29,N7,1003,-8.4,15.49,0.01,0.05
ISHANCH,EQ,53.49,-5.29,139.83,0.1,0.05
BANG,EQ,34.07,-5.41,46.2,0.15,0.05
USK,BE,24.2,-1.71,133.96,0.21,0.05
VITAL,EQ,38.65,-3.13,92.57,0.13,0.05
GANGAFORGE,EQ,2.83,-1.74,38.15,1.79,0.05
MOALPHA50,EQ,47,-1.67,5.71,0.11,0.05
SUNDARAM,EQ,1.27,-0.78,60.18,3.97,0.05
UMAEXPORTS,EQ,24.23,-5.17,81.92,0.2,0.05
ANMOL,EQ,10.92,-0.55,62.15,0.45,0.05
9SCL26BA,NA,1020,-0.66,412.59,0,0.05
BAGFILMS,EQ,4.66,-3.92,92.15,1.02,0.05
MOKSH,EQ,11.25,-2.17,99.28,0.42,0.05
915AEL28,NC,1055,-0.47,438.36,0,0.05
MOHITIND,EQ,22.7,-1.39,32.14,0.21,0.05
SHAHALLOYS,EQ,58.11,-6.2,115.04,0.08,0.05
KONSTELEC,SM,32.55,-4.96,49.15,0.14,0.05
DCG,SM,56.5,-1.74,102.55,0.08,0.05
ABSL10BANK,EQ,161.45,-2.23,44.52,0.03,0.05
HEALTHCARE,EQ,18.37,-1.87,7.84,0.25,0.05
ALKALI,EQ,57.1,-5.35,58.14,0.08,0.05
SIL,EQ,13.71,-2.77,88.19,0.33,0.05
TGL,ST,38.45,-1.91,46.14,0.12,0.05
SPECTSTM,SM,72,-1.37,166.27,0.06,0.05
HECPROJECT,EQ,109.1,-1.78,118.24,0.04,0.05
SHEKHAWATI,EQ,12.4,-2.36,42.74,0.36,0.04
ASPINWALL,EQ,211,-0.94,164.97,0.02,0.04
FIBERWEB,BE,36.2,-2.24,104.23,0.12,0.04
KORE,SM,102.65,-4.95,124.46,0.04,0.04
EXCELLENT,ST,90.15,-2.54,40.3,0.05,0.04
DTIL,EQ,127.5,-3.42,133.97,0.03,0.04
935LTF29,N5,1090,-0.82,120.9,0,0.04
DHANLAXMI,SM,23.5,-1.67,38.37,0.18,0.04
TSC,SM,35.5,-6.21,49.87,0.12,0.04
ZENITHSTL,EQ,5.24,-4.9,74.55,0.8,0.04
HDFCLOWVOL,EQ,19.44,-1.72,33.39,0.21,0.04
LICNFNHGP,EQ,260.96,-1.55,699.25,0.02,0.04
MARALOVER,EQ,40.6,-3.2,168.52,0.1,0.04
PARAMATRIX,SM,66,-6.05,72.92,0.06,0.04
890AEL31,NN,1008.89,-0.01,205.97,0,0.04
NEXT50ADD,EQ,64.96,-2.42,7.29,0.06,0.04
AMEYA,SM,100,-4.53,75,0.04,0.04
LOWVOL,EQ,194.24,-1.77,44.93,0.02,0.04
KHANDSE,EQ,15.73,-13.09,23.99,0.25,0.04
GREENCHEF,SM,50,-4.12,116.36,0.08,0.04
CCHHL,EQ,12,-6.9,196.16,0.33,0.04
SONAMAC,SM,33,-1.79,45.29,0.12,0.04
AGNI,SM,15.9,-2.15,31.06,0.25,0.04
ONYX,SM,32.8,-4.93,59.47,0.12,0.04
PEARLPOLY,EQ,17.21,-1.21,28.97,0.23,0.04
BABAFP,SM,22.35,-3.66,36.49,0.18,0.04
SSFL,SM,131,-1.76,112.27,0.03,0.04
ROML,EQ,44,-2.22,65.95,0.09,0.04
10IFSL26,N7,1008,-3.08,17.11,0,0.04
FINBUD,SM,95,-3.8,180.97,0.04,0.04
VILINBIO,ST,32.1,-3.46,44.78,0.12,0.04
FONEBOX,SM,76,-6.17,77.98,0.05,0.04
LEXUS,BE,36,-1.42,73.77,0.11,0.04
STUDIOLSD,SM,9.9,-2.94,51.37,0.38,0.04
UNIENTER,EQ,98.2,-1.79,682.94,0.04,0.04
HISARMETAL,EQ,154,-0.36,83.16,0.02,0.04
MCON,ST,41.5,-4.05,30.42,0.09,0.04
SIGIND,EQ,44.6,-3.13,131.29,0.08,0.04
SERVICE,ST,46.5,-1.9,61.98,0.08,0.04
BSHSL,EQ,82,-2.83,860.49,0.05,0.04
871REC28,N9,1093,-0.18,1280.43,0,0.04
KOTHARIPRO,EQ,62.91,-1.76,375.5,0.06,0.04
SATIPOLY,SM,37.85,-4.9,18.72,0.1,0.04
GVPTECH,EQ,5.91,-3.27,108.76,0.59,0.03
CINEVISTA,EQ,15.95,-0.13,91.61,0.22,0.03
764IRFC31,NO,1115.89,-0.01,1332.72,0,0.03
SELECTIPO,EQ,39.34,-2.02,16.46,0.09,0.03
PRITI,EQ,36.29,-1.97,48.46,0.09,0.03
BONLON,BE,38,-5,53.9,0.09,0.03
ZEAL,SM,68.3,-2.08,90.91,0.05,0.03
SHKSIL,SM,41.1,-4.53,78.88,0.08,0.03
MOMGF,EQ,145.85,-2.64,1.82,0.02,0.03
AGRITECH,BE,102.02,-2.09,60.6,0.03,0.03
MANDEEP,SM,17.35,-4.67,17.94,0.18,0.03
FORCAS,SM,98.2,-3.73,172.64,0.03,0.03
876HUDCO28,ND,1105.5,-0.16,900.98,0,0.03
IDEALTECHO,SM,207,-5.91,103.5,0.01,0.03
CIFCZC28,NH,1181.2,-2.54,10.53,0,0.03
RUCHINFRA,EQ,5.18,-3.54,122.26,0.59,0.03
SHYAMCENT,EQ,4.68,-1.89,99.3,0.66,0.03
DCCL,SM,37.25,-3.62,53.18,0.08,0.03
737GS2028,GS,105.05,-0.43,78787.5,0.03,0.03
TARAPUR,EQ,23.6,-2.4,46.02,0.13,0.03
ASHALOG,SM,60,-1.64,81.34,0.05,0.03
VISASTEEL,EQ,34.67,-0.23,448.25,0.09,0.03
MMEL,SM,24.15,-6.76,45.42,0.12,0.03
BHADORA,SM,61.1,-4.53,113.65,0.05,0.03
820IIFL27,N9,981,-0.41,51.65,0,0.03
BIKEWO,ST,18.1,-3.98,23.61,0.16,0.03
GROBTEA,EQ,885,-2.32,102.87,0,0.03
AGROPHOS,EQ,32,-1.87,64.88,0.09,0.03
LFIC,EQ,125,-0.73,37.5,0.02,0.03
VCL,EQ,1.52,-5,27.93,1.88,0.03
SOMATEX,BE,100.37,-1.99,331.55,0.03,0.03
INDIANCARD,EQ,191,-1.42,113.48,0.01,0.03
KAUSHALYA,EQ,800.4,-2.61,27.72,0,0.03
RILINFRA,SM,32.35,-0.61,60.19,0.09,0.03
883GS2041,GS,117,-0.85,105300,0.02,0.03
VLINFRA,SM,25.55,-8.09,40.15,0.1,0.03
ARMOUR,SM,23,-0.43,38.8,0.12,0.03
LAXMICOT,BE,12.87,-1.3,22.07,0.22,0.03
IVP,EQ,126.52,-4.59,130.65,0.02,0.03
865TCAPS27,N8,1050,-0.38,630.41,0,0.03
FMNL,EQ,8.1,-1.94,49.12,0.33,0.03
NDGL,EQ,2325,-3.09,232.5,0,0.03
ENIFTY,EQ,23.23,-1.9,15.26,0.11,0.03
SUNTECH,SM,32.4,-2.85,62.73,0.08,0.03
1065NFL27,NC,1006,-0.4,94.86,0,0.03
ABSLMSCIN,EQ,28.98,-0.79,11.81,0.09,0.03
ASPIRE,SM,11.55,-4.94,17.53,0.22,0.03
HINDCON,EQ,18.96,-0.89,97.06,0.13,0.03
JFLLIFE,SM,10.25,-4.65,33.82,0.24,0.02
TOKYOPLAST,EQ,72,-3.97,68.41,0.03,0.02
743REC35,NH,1153.65,-2.23,214.64,0,0.02
GML,ST,15.25,-2.24,23.14,0.16,0.02
BLUEPEBBLE,ST,100,-4.94,40.8,0.02,0.02
SAMBHAAV,EQ,6.21,-3.12,118.68,0.39,0.02
BAFNAPH,EQ,98.6,-4.99,233.25,0.02,0.02
WEWIN,EQ,39.52,-4.49,40.16,0.06,0.02
HEALTHADD,EQ,147.47,-1.88,14.02,0.02,0.02
ITALIANE,ST,39,-4.99,57.63,0.06,0.02
MAXPOSURE,SM,32.1,-4.18,73,0.07,0.02
ASTRON,EQ,4.12,-2.14,19.16,0.56,0.02
TEJASCARGO,SM,284.05,-5,678.68,0.01,0.02
NPBET,EQ,265.88,-1.45,10.4,0.01,0.02
897GS2030,GS,111.2,-0.71,100080,0.02,0.02
MOPSE,EQ,102.58,-2.12,1.85,0.02,0.02
MANAKSTEEL,EQ,54.55,-0.91,357.49,0.04,0.02
SGBMAY26,GB,15829,-0.57,1029.42,0,0.02
AUSL,SM,21.7,-4.82,53.89,0.1,0.02
REXPRO,SM,42.9,-0.23,48.08,0.05,0.02
891IIFCL34,N4,1223,-0.03,728.79,0,0.02
ENFUSE,SM,179,-1.08,158.37,0.01,0.02
DBSTOCKBRO,EQ,25.09,-0.4,87.81,0.09,0.02
ARCHIES,EQ,13.5,-2.95,45.6,0.16,0.02
910TCAP28,NA,1070.01,-0.15,365.78,0,0.02
AKASH,EQ,23.99,-2.72,40.45,0.09,0.02
ROLLT,BE,1.23,-4.65,30.77,1.72,0.02
SHRIKANHA,SM,22,-1.12,34.28,0.1,0.02
JMA,EQ,83.99,-0.2,191.84,0.02,0.02
S&SPOWER,BE,362.5,-1.99,447.38,0.01,0.02
CELEBRITY,EQ,7.6,-3.06,45.36,0.27,0.02
IIFLZC28,NG,1575.1,-0.01,107.33,0,0.02
FALCONTECH,SM,15.4,-2.22,8.25,0.13,0.02
12VCCL29B,N0,99000,-0.42,54.45,0,0.02
LLOYDS,SM,48,-3.52,115.85,0.04,0.02
PALREDTEC,EQ,28.56,-3.87,34.94,0.07,0.02
SOCL,SM,29.1,-3.96,38.98,0.06,0.02
SGBJUN27,GB,15750,-0.32,724.17,0,0.02
PERFECT,SZ,1.85,-2.63,3.24,1.02,0.02
BBNPNBETF,EQ,54.3,-2.22,4,0.03,0.02
BIOFILCHEM,EQ,30.15,-1.57,49.07,0.06,0.02
SNEHAA,SM,45,-2.17,45.81,0.04,0.02
DUGLOBAL,SM,36.5,-3.82,262.33,0.05,0.02
LASA,EQ,7.17,-4.14,35.92,0.25,0.02
ASLIND,ST,89.95,-4.97,93.7,0.02,0.02
PELATRO,SM,295.2,-2.46,312.84,0.01,0.02
ASHOKAMET,EQ,14.18,-1.8,35.44,0.12,0.02
GANGESSECU,EQ,114.05,-4.94,114.09,0.02,0.02
ARUNAYA,SM,17.2,-2.82,30.17,0.1,0.02
COUNCODOS,EQ,4.85,-3,37.63,0.36,0.02
SUVIDHAA,EQ,2.74,-0.36,57.49,0.62,0.02
TAPIFRUIT,SM,55,-3.25,23.65,0.03,0.02
AMDIND,EQ,36.6,-3.79,70.15,0.05,0.02
MAL,SM,34.7,-4.93,85.66,0.05,0.02
MANAV,ST,40.65,-4.91,53.5,0.04,0.02
MOSERVICE,EQ,29.81,-1.71,4.92,0.05,0.02
SURYALAXMI,EQ,51.25,-6.22,96.38,0.03,0.02
SDREAMS,SM,80,-1.23,149.78,0.02,0.02
MOMNC,EQ,29.16,-2.21,2.19,0.05,0.02
NGIL,EQ,23.6,-5.94,41.39,0.06,0.02
HALDER,EQ,254,-0.39,315.93,0.01,0.02
LYPSAGEMS,EQ,4.71,-0.42,13.89,0.31,0.01
364D070127,TB,95.2,-0.42,7616,0.01,0.01
1003ISFL28,N4,1002.8,-0.02,80.61,0,0.01
NMSTEEL,SM,21.85,-0.68,37.77,0.06,0.01
PRESSTONIC,ST,44.2,-4.95,67.37,0.03,0.01
BANK10ADD,EQ,16.17,-2,5.26,0.09,0.01
21STCENMGM,EQ,32.97,-1.99,34.62,0.04,0.01
AROGRANITE,EQ,23.99,-0.25,36.7,0.06,0.01
83GS2040,GS,110.61,-0.89,99549,0.01,0.01
9PCHFL31A,NA,1065,-0.37,164.02,0,0.01
IL&FSTRANS,BZ,2.28,-0.87,75,0.62,0.01
CYBERMEDIA,EQ,13.05,-3.9,26.91,0.1,0.01
1015UCL26,N1,990,-0.98,95.56,0,0.01
VERTEXPLUS,SM,110.2,-4.96,60.39,0.01,0.01
BIRDYS,SM,110,-0.23,66.75,0.01,0.01
HGM,EQ,51.3,-1.57,64.61,0.03,0.01
SHIVAMILLS,EQ,53.1,-2.57,45.89,0.02,0.01
SIMBHALS,BZ,8,-1.96,33.02,0.16,0.01
WINNY,SM,51.3,-10,11.13,0.03,0.01
SIGNORIA,SM,62,-4.83,29.5,0.02,0.01
UCL,ST,62,-4.62,69.67,0.02,0.01
875AEL29,NK,1021,-0.01,404.68,0,0.01
MFML,EQ,22.67,-1.18,24.08,0.05,0.01
903SFL28,YI,1039,-1.75,51.87,0,0.01
USASEEDS,SM,95,-4.76,95.81,0.01,0.01
SILKY,SM,149,-2.36,94.88,0.01,0.01
MICROPRO,SM,18.1,-6.94,25.88,0.06,0.01
GLOBALE,EQ,10.51,-2.32,11.16,0.11,0.01
SFML,SM,23.55,-5.8,58.47,0.05,0.01
AEL1212026,NO,1000,-0.79,33.3,0,0.01
865IFL28,NZ,980.5,-0.25,87.18,0,0.01
97SFL28,YS,1065,-0.75,41.52,0,0.01
764HUDCO31,N8,1097,-0.18,610.09,0,0.01
PARASPETRO,BE,2.06,-0.96,68.85,0.53,0.01
SELLOWRAP,SM,68.1,-2.71,93.6,0.02,0.01
PANSARI,EQ,282.05,-4.99,492.09,0,0.01
ESENSEX,EQ,74.78,-1.81,14.05,0.01,0.01
NIDAN,SM,15.3,-0.97,21.27,0.07,0.01
SPPPOLY,SM,13.35,-1.11,20.55,0.08,0.01
0MOFSL26,N1,1162.99,-0.3,29.1,0,0.01
PSFL,SM,26,-3.17,51.17,0.04,0.01
BRACEPORT,SM,65,-0.31,73.46,0.02,0.01
668GS2040,GS,97.7,-0.2,156320,0.01,0.01
MHLXMIRU,EQ,162.09,-2.58,172.14,0.01,0.01
CELLPOINT,SM,13.85,-4.15,25.88,0.07,0.01
79NHIT47,N3,420.2,-2.28,630.3,0,0.01
INFINIUM,SM,203.3,-3.99,316.8,0.01,0.01
SPLIL,EQ,26.2,-2.82,75.98,0.04,0.01
TFL,EQ,12.25,-2.93,67.52,0.08,0.01
RAJTV,EQ,38.15,-2.63,198.05,0.03,0.01
610GS2031,GS,97.8,-1.21,144744,0.01,0.01
BANARBEADS,EQ,105.01,-8.22,69.69,0.01,0.01
888ECL28,N1,972.04,-1.06,39.78,0,0.01
MEP,BZ,0.94,-1.05,17.24,1.03,0.01
RAJRILTD,BE,21.53,-1.96,1197.25,0.04,0.01
10IIFL29,N6,1019,-0.6,31.6,0,0.01
1025VCCL28,N0,93501,-1.89,168.3,0,0.01
GVPTECHPP,E1,2.5,-6.72,5.29,0.37,0.01
MEDIORG,SM,22.15,-3.49,25.92,0.04,0.01
AUROIMPEX,SM,28.6,-4.03,34.89,0.03,0.01
957IIFLS27,NA,990,-1.16,13.01,0,0.01
GURUNANAK,SM,28.2,-7.84,33.84,0.03,0.01
SHUBHSHREE,SM,301,-2.27,157.78,0,0.01
BAWEJA,SM,28.05,-1.58,51.69,0.03,0.01
762NTPC35F,ND,1181,-0.59,195.74,0,0.01
MIEL,SM,14.55,-4.59,25.6,0.06,0.01
MANUGRAPH,EQ,13.9,-2.73,42.28,0.06,0.01
ABGSEC,EQ,112.09,-0.16,44.88,0.01,0.01
HAVISHA,EQ,1.36,-2.16,20.88,0.62,0.01
SATECH,ST,42.25,-2.09,55.17,0.02,0.01
GOLDSTAR,ST,7.45,-4.49,213.22,0.11,0.01
THESL,SM,13.85,-4.81,17.29,0.06,0.01
GLOBALPET,SM,107,-0.47,126.13,0.01,0.01
91D220526,TB,98.75,-0.13,15805.7,0.01,0.01
TNTELE,EQ,8.58,-1.38,39.19,0.09,0.01
CREATIVEYE,EQ,6.71,-1.9,13.46,0.12,0.01
AATMAJ,SM,18.8,-4.81,42.49,0.04,0.01
SVPGLOB,BE,2.65,-0.75,33.52,0.29,0.01
FEL,BZ,0.41,-2.38,18.65,1.84,0.01
ORIENTLTD,EQ,68.5,-0.39,68.5,0.01,0.01
UMA,SM,17.1,-1.16,34.67,0.04,0.01
FLEXITUFF,EQ,6.9,-0.43,22.65,0.1,0.01
ACEINTEG,EQ,16.15,-9.12,16.47,0.04,0.01
INFOMEDIA,EQ,4.94,-4.08,24.8,0.14,0.01
930SFL28,YP,1035,-1.8,33.47,0,0.01
KEEPLEARN,EQ,1.85,-5.61,28.81,0.36,0.01
VSCL,SM,22.25,-4.91,28.44,0.03,0.01
AILIMITED,SM,43.65,-0.23,26.28,0.01,0.01
699GS2051,GS,96.01,-1.48,140678.65,0.01,0.01
BALCO,SM,17.5,-1.41,7.64,0.04,0.01
VERITAAS,SM,52.85,-4.95,14.92,0.01,0.01
JIWANRAM,SM,5,-5.66,12.37,0.12,0.01
MSCIADD,EQ,27.51,-2.76,3.11,0.02,0.01
739NHAI31A,ND,1114.01,-0.44,2096.7,0,0.01
RADAAN,EQ,2.93,-2.01,15.87,0.21,0.01
VR,SM,143.9,-4.99,127.78,0,0.01
IL&FSENGG,BZ,22.1,-3.41,289.78,0.03,0.01
SALONA,EQ,270.6,-0.13,142.4,0,0.01
94SFL28,YL,1092,-0.13,463.98,0,0.01
WHITEFORCE,SM,33.2,-4.32,38.51,0.02,0.01
SGL,EQ,10.9,-3.45,29.42,0.05,0.01
KALANA,ST,25.7,-4.99,33.51,0.02,0.01
1015ECL29,NR,1017,-0.2,112.99,0,0.01
ADL,EQ,69.99,-2.68,38.96,0.01,0.01
SAROJA,SM,31.2,-4,12.54,0.02,0
WIPL,EQ,152,-0.38,129.01,0,0
SGBOCT27VI,GB,15755,-0.04,1092.15,0,0
GUJRAFFIA,EQ,36.76,-0.86,19.87,0.01,0
TVVISION,BE,5.45,-2.5,21.12,0.08,0
HPIL,EQ,120.16,-0.88,137.27,0,0
925ISF28,N0,8055,-10.99,140.96,0,0
776KL38,SG,99.7,-0.92,997,0,0
91D110626,TB,98.58,-0.12,15279.9,0,0
3PLAND,EQ,30.94,-0.9,55.69,0.01,0
MTEDUCARE,BE,1.41,-2.76,10.18,0.27,0
1075SCL33A,N2,833.2,-0.33,6.87,0,0
ARVEE,BE,148,-2.25,163.1,0,0
LICNETFSEN,EQ,839.4,-1.85,692.18,0,0
MOIPO,EQ,39.4,-1.94,4.53,0.01,0
BLUECOAST,EQ,20.7,-0.53,35.59,0.02,0
NIRAJISPAT,BE,232,-1.13,13.92,0,0
KREBSBIO,EQ,53.25,-0.87,114.81,0.01,0
79NHIT40,N2,316.2,-1.34,474.3,0,0
MOTOGENFIN,EQ,19.73,-0.8,76.41,0.02,0
SVLL,EQ,530,-1.49,609.17,0,0
RETAIL,EQ,20.72,-0.43,17,0.01,0
PALASHSECU,EQ,87,-1.18,87.03,0,0
NKIND,EQ,60.4,-4.94,36.3,0,0
898LTF29,N7,1056.25,-1.74,107.47,0,0
WEIZMANIND,EQ,78.9,-1.4,122.25,0,0
ATLPP,E1,9.45,-1.97,37.61,0.03,0
CIFC26A,N9,1205.5,-2.27,13.61,0,0
SHYAMTEL,EQ,9.89,-0.7,11.15,0.03,0
KRISHPP,E1,107,-2.73,35.66,0,0
HBSL,EQ,50.58,-0.65,36.1,0.01,0
YUDIZ,ST,28.5,-0.18,29.41,0.01,0
NAGREEKCAP,EQ,24.5,-1.88,30.91,0.01,0
1102NFL26,N8,1065,-2.38,54.09,0,0
ANSALAPI,BZ,3.59,-1.91,56.51,0.06,0
NEXTMEDIA,EQ,5.15,-0.39,34.45,0.04,0
CIFCZC26A,N3,1237.2,-1.26,10.33,0,0
ZENITHEXPO,EQ,192.1,-0.57,103.66,0,0
957ICCL25,YW,1040,-0.95,27.44,0,0
TECILCHEM,EQ,12.31,-4.57,23.34,0.01,0
PREMIER,BE,2.81,-2.77,8.53,0.04,0
704IRFC28,N6,1060.5,-0.01,279.85,0,0
769HUDCO31,N9,1099.71,-0.12,670.87,0,0
93MOFSL34,N6,1050,-0.94,49.41,0,0
GLFL,BE,4.31,-3.79,11.69,0.02,0
679GS2031,GS,102,-0.49,64260,0,0
BILVYAPAR,BE,6.47,-0.15,20.29,0.02,0
9SCL27,N2,1011.5,-1.43,10.54,0,0
852IIFL29,Y5,1006,-0.89,35.96,0,0
8ABCL26,N2,1002.02,-1.57,205.72,0,0
1050UCL28,NH,1001,-1.48,54.99,0,0
1025SCL35A,N1,990,-1,9.44,0,0
766GJ30A,SG,99,-2.89,1980,0,0
ABMINTLLTD,BE,46.27,-1.97,43.53,0,0
ARTNIRMAN,EQ,35.61,-2.33,88.87,0,0
GILT10BETA,EQ,26.04,-0.31,23.42,0,0
880IREDA29,N5,1094,-0.09,256.6,0,0
1119NFL27,ND,991,-2.94,49.35,0,0
REGENCERAM,EQ,42.14,-2,111.42,0,0
GSEC10IETF,EQ,261,-0.28,575.4,0,0
IMPEXFERRO,BZ,1.66,-1.78,14.6,0.01,0
805NMC36,N8,124.95,-0.03,24.99,0,0
850NHAI29,N5,1090,-0.91,1887.91,0,0
TCHF30,NB,1020,-2.16,79.6,0,0
10UCL26,ND,962.32,-2.5,42.82,0,0
965SCL25C,N0,445.75,-0.03,8.14,0,0
833GS2026,GS,101.21,-1.1,91089,0,0