Symbol ,Series ,LTP ,%chng ,Mkt Cap (₹ Crores),Volume (Lakhs),Value (₹ Crores)
RELIANCE,EQ,1345.2,-0.94,1820388.22,324.95,4336.78
HDFCBANK,EQ,869,-1.18,1337421.6,398.62,3452.08
LT,EQ,3882,-4.54,534012.4,76.35,2922.55
ICICIBANK,EQ,1368.5,-0.4,979506.03,200.09,2711.84
SILVERBEES,EQ,256.3,-6.68,35737.51,983.02,2500.12
SBIN,EQ,1173.3,-1.4,1083028.36,138.55,1616.89
BEL,EQ,446,-1.75,326016.14,351.94,1590.08
ONGC,EQ,275.65,-2.32,346775.4,537.23,1510.25
M&M,EQ,3269.5,-1.94,406571.75,45.37,1473.19
TATASTEEL,EQ,196.06,-7.08,244752.03,720.97,1425.85
GOLDBEES,EQ,134.1,-3.05,59666.94,1040.89,1390.62
NETWEB,EQ,3465,-6.48,19729.95,36.57,1304.55
BSE,EQ,2635.9,-0.29,107514.16,47.79,1235.31
INDIGO,EQ,4386.1,-2.97,169572.24,28.07,1221.13
ETERNAL,EQ,240.5,-0.98,232090.93,488.79,1172.66
VEDL,EQ,702.25,-2.92,274607,146.7,1028.73
MARUTI,EQ,14167,-1.54,445414.13,7.1,994.89
HAL,EQ,3865.8,-2.17,258535.04,25.22,982.03
HINDCOPPER,EQ,547,-5.03,52896.21,176.94,975.46
SHRIRAMFIN,EQ,1010,-4.04,190034.34,92.01,927.27
TCS,EQ,2583,-1.17,934552.01,34.46,895.45
SUNPHARMA,EQ,1750,-0.14,419873.73,49.15,857.98
BAJFINANCE,EQ,945,-3.4,587992.41,89.64,851.31
DLF,EQ,566.2,-4.07,140152.34,149.02,847.65
POWERGRID,EQ,290.6,-2.09,270275.55,281.92,822.75
AXISBANK,EQ,1350.6,-1.58,419623.58,58.32,782.74
ITC,EQ,311.95,-0.94,390928.82,241.65,755
KOTAKBANK,EQ,403.7,-2.28,401533.08,183.94,747.39
MCX,EQ,2483.6,-0.7,63329.77,29.31,722.22
HINDALCO,EQ,922.5,-1.86,207306.65,75.76,699.95
TMPV,EQ,351,-5.29,129260.16,177.33,628.05
HINDUNILVR,EQ,2260,-2.61,531007.63,26.49,605.23
NIFTYBEES,EQ,277.7,-1.5,56186.11,217.19,601.04
TMCV,EQ,472,-5.22,173806.04,124.93,594.78
PETRONET,EQ,279.2,-9.54,41880,209.24,589.27
ASHOKLEY,EQ,199,-4.79,116889.71,287.28,577.35
TATSILV,EQ,25.86,-7.18,5691.15,2207.71,566.94
SAIL,EQ,154.4,-6.76,63775.31,364.18,566.23
HDFCSILVER,EQ,253.9,-8.06,8373.65,220.01,555.8
CANBK,EQ,146.89,-4.34,133238.8,360.72,531.99
BANKBARODA,EQ,299.5,-4.98,154882.3,173.39,521.46
BPCL,EQ,354.75,-5.35,153905.91,135.35,486.84
ADANIPORTS,EQ,1436.6,-2.29,330986.76,33.87,484.23
IDEA,EQ,9.96,-3.21,107909.66,4797.91,478.35
IOC,EQ,169.75,-5.23,239708.02,277.19,476.93
APOLLOHOSP,EQ,7715,-0.98,110929.86,6.25,476.25
ULTRACEMCO,EQ,12100,-3.36,356561.8,3.95,475.45
GAIL,EQ,154.62,-6.33,101664.19,300.81,468.75
UNIONBANK,EQ,190.9,-3.65,145725.53,239.15,458.67
TVSMOTOR,EQ,3730.1,-2.18,177212.24,12.18,453.26
EICHERMOT,EQ,7640,-2.38,209576.05,5.94,453.01
KAYNES,EQ,3701,-0.95,24809.53,12.19,446.47
HINDZINC,EQ,591,-4.31,249716.35,74.59,442.57
HCLTECH,EQ,1364,-0.51,370143.92,31.62,432.46
PAYTM,EQ,1043.6,-1.49,66772.49,41.2,427.31
TITAN,EQ,4195.1,-1.76,372435.17,10.24,427.18
PFC,EQ,391.35,-3.66,129149.48,106.52,422.02
NTPC,EQ,364.95,-3.34,353879.83,114.33,419.45
CUMMINSIND,EQ,4580,-4.92,126957.6,9,418.35
BAJAJFINSV,EQ,1878,-3.29,300583.29,22.1,417.23
HDFCLIFE,EQ,683,-3.44,147365.16,59.64,413.01
POLYCAB,EQ,8279,-3.15,124639.87,4.86,405.67
BHEL,EQ,248.1,-5.36,86389.99,162.09,405.54
POWERINDIA,EQ,24405,-4.29,108778.85,1.6,391.84
SILVERIETF,EQ,266.48,-6.92,17040.05,146.33,387.25
WIPRO,EQ,195.11,-1.74,204631.32,195.62,382.69
RECLTD,EQ,327.85,-3.27,86330.25,112.42,369.2
ASIANPAINT,EQ,2290,-0.74,219656.29,16.1,364.58
VBL,EQ,429.35,-3.58,145210.22,83.58,359.37
MAXHEALTH,EQ,1052.3,-2.89,102398.55,33.5,352.07
FORCEMOT,EQ,21300,-8.9,27760.11,1.6,349.63
JINDALSTEL,EQ,1166.9,-5.73,119034.08,28.94,340.89
GVT&D,EQ,3683.2,-2.36,94307.06,9.16,337.04
GODREJPROP,EQ,1683.5,-2.88,50708.09,20.01,336.31
JIOFIN,EQ,241,-3.21,153110.71,138.86,335.78
GROWW,EQ,156.43,-2.86,96573.57,212.18,334.71
VMM,EQ,111.61,-4.79,52155.38,296.02,331.6
ADANIENT,EQ,2070,-2.57,267585.26,15.86,327.36
IRFC,EQ,98.11,-1.24,128215.11,329.63,320.73
LODHA,EQ,909,-5.92,90799.07,34.09,313.9
HDFCGOLD,EQ,138.45,-2.98,23735.62,227.04,313.31
BHARATFORG,EQ,1837.4,-2.23,87831.15,16.88,309.99
CDSL,EQ,1209.5,-1.53,25278.55,25.62,308.51
DATAPATTNS,EQ,3105,-3.1,17383.02,9.75,307.95
LUPIN,EQ,2307,-0.18,105439.87,13.44,307.8
BAJAJ-AUTO,EQ,9650,-1.29,269715.41,3.2,307.58
PNB,EQ,121.38,-3.7,139501.35,250,305.28
TRENT,EQ,3760.2,-2.29,133670.4,8.11,304.66
NATCOPHARM,EQ,954.9,-0.14,17103.2,30.18,293.51
SUZLON,EQ,39.92,-2.52,54748.51,711.13,285.02
IDFCFIRSTB,EQ,70.05,-2.41,60237.34,402.16,282.64
WAAREEENER,EQ,2624.9,-0.7,75502.86,10.85,282.34
KEI,EQ,4990,-4.15,47704.7,5.52,279.87
GOLDIETF,EQ,138.4,-3.59,26486.98,201.44,278.41
INDIANB,EQ,940,-3.75,126614.61,29.58,276.33
TATAGOLD,EQ,15.7,-3.03,6131.84,1734.25,271.76
RVNL,EQ,280.35,-6.38,58453.54,94.66,270.62
SUNDRMFAST,EQ,838,-1.06,17608.76,32.3,268.7
HINDPETRO,EQ,401.8,-5.35,85495.91,65.83,267.03
CGPOWER,EQ,685.4,-3.72,107943.82,38.81,265.61
CIPLA,EQ,1313,-2.86,106061.6,19.39,256.77
HDFCAMC,EQ,2552,-3.69,109279.05,10.01,256.36
MTARTECH,EQ,3515,-6.09,10812,7.04,252.41
MUTHOOTFIN,EQ,3339,-3.83,134050.32,7.48,251.43
FEDERALBNK,EQ,286.75,-2.78,70611.11,87.63,251.12
HEROMOTOCO,EQ,5490,-1.82,109849.29,4.56,249.88
GRASIM,EQ,2674,-3.72,181971.68,9.29,248.84
TORNTPOWER,EQ,1480,-4.82,74577.72,16.76,248.38
CHOLAFIN,EQ,1652.3,-3.02,140724.65,15.09,248.33
DRREDDY,EQ,1291.3,-0.24,107774.74,18.91,243.28
NMDC,EQ,76.5,-5.86,67257.4,313.38,242.74
MAHABANK,EQ,68.35,-5.04,52571.68,354.13,242.26
INDUSTOWER,EQ,444.8,-0.84,117345.48,54.53,239.27
ITCHOTELS,EQ,164,-4.94,34159.28,143.61,235.95
INDUSINDBK,EQ,927,-1.64,72220.35,25.27,234.3
DIVISLAB,EQ,6281.5,-1.91,166754.09,3.69,232.71
APOLLO,EQ,212,-0.94,7513.1,108.16,230.22
ADANIPOWER,EQ,137.8,-0.12,265743.09,166.66,228.21
DMART,EQ,3754.6,-1.26,244324.24,6.04,227.36
SETFGOLD,EQ,138.2,-3.2,25626.53,163.71,225.53
AMBER,EQ,7647.5,-3.01,26897.82,2.96,225.23
LGEINDIA,EQ,1544,-3.04,104802.46,14.25,222.73
LTF,EQ,268.25,-2.74,67158.74,82.34,222.61
BANKINDIA,EQ,163.09,-5.35,74249.46,136.24,222.55
AUBANK,EQ,948.8,-0.26,70954.42,23.43,221.32
IDBI,EQ,109.95,-4.22,118222.66,199.14,219.71
YESBANK,EQ,19.99,-0.94,62727.46,1089.73,218.27
UPL,EQ,612,-1.74,51662.87,35.59,216.91
AXISGOLD,EQ,134.2,-4.67,5467.4,160.23,214.56
MAZDOCK,EQ,2162,-2.16,87210.76,9.8,213.3
RBLBANK,EQ,306.8,-2.03,18956.8,69.38,212.79
TATAPOWER,EQ,364.65,-1,116518.06,57.07,208.73
PWL,EQ,79.6,-1.5,22763.15,259.63,204.74
JSWSTEEL,EQ,1208.1,-4.67,295435.29,16.83,204.63
INDHOTEL,EQ,632.8,-2.8,90074.79,32.11,204.36
GODREJCP,EQ,1138,-3.23,116445.23,17.6,200.39
MOTHERSON,EQ,122.85,-4.51,129656.06,161.83,198.96
GOLD1,EQ,134.65,-3.48,13867.22,147.31,197.48
CAMS,EQ,629,-3.42,15592.17,31.13,196.4
HYUNDAI,EQ,2070.3,-3.62,168220.38,9.39,195.59
JUBLFOOD,EQ,499.9,-1.14,32985.66,38.02,190.64
ABCAPITAL,EQ,320.4,-5.24,83915.71,58.28,189.25
FORTIS,EQ,909,-2.52,68625.7,20.76,188.82
SBILIFE,EQ,1931,-4.98,193682.54,9.67,188.23
TORNTPHARM,EQ,4337.1,-0.73,146783.01,4.34,187.39
KARURVYSYA,EQ,311,-1.36,30057.96,58.39,183.71
APARINDS,EQ,10100,-5.55,40570,1.79,181.23
NEWGEN,EQ,474.55,-2.72,6753.69,37.16,180.33
MANAPPURAM,EQ,270,-4.26,22853.74,65.05,176.54
BRITANNIA,EQ,5875,-1.41,141510.12,2.93,172.86
ADANIGREEN,EQ,870,-3.71,142801.27,19.77,172.76
BOSCHLTD,EQ,33340,-5.74,98331.8,0.51,171.17
ADANIENSOL,EQ,957.8,-1.49,115058.85,17.79,170.59
SAMMAANCAP,EQ,142.25,-2.54,11787.78,119.52,169.52
REDINGTON,EQ,249.4,-5.12,19497.45,66.69,169.06
IRCTC,EQ,554,-2.63,44320,29.74,164.69
ABB,EQ,5820.5,-2.72,123341.27,2.76,161.16
PIDILITIND,EQ,1437,-1.94,146245.51,11.19,160.89
PGEL,EQ,592.65,-3.99,16910.83,27.3,160.72
ICICIAMC,EQ,2990.1,-3.24,147788.24,5.37,160.56
STLTECH,EQ,165.66,-3.94,8085.93,97.73,160.52
BANDHANBNK,EQ,176.71,-0.53,28467.48,89.85,158.07
LAURUSLABS,EQ,1027.6,-3.51,55475.66,14.99,154.89
JKTYRE,EQ,438.95,-8.12,12654.47,34.06,153.26
MANKIND,EQ,2203.8,-1.86,90973.98,6.88,152.3
UNOMINDA,EQ,1125,-1.35,64959.21,13.47,151.01
NAVINFLUOR,EQ,6060,-3.33,31046.58,2.44,148.44
TIINDIA,EQ,2748.1,-3.15,53181.14,5.35,148.19
SBISILVER,EQ,262.2,-6.81,6705.01,56.8,148
ENRIN,EQ,2932,-1.37,104414.53,5,147.95
KRN,EQ,912,-0.71,5668.68,16.34,147.69
SUPREMEIND,EQ,3910,-1.12,49667.51,3.68,143.62
SILVER,EQ,266.19,-6.79,3618.23,54.23,143.51
GRSE,EQ,2310.1,-2.56,26462.66,5.96,138.95
NESTLEIND,EQ,1244.9,-2.72,240055.85,11.12,138.88
NHPC,EQ,72.23,-1.24,72555.29,190.58,137.6
RAIN,EQ,132.08,-8.05,4442.45,104.06,137.06
TATACONSUM,EQ,1113.3,-1.06,110123.6,12.22,135.61
SIEMENS,EQ,3150,-5.73,112177.96,4.24,135.46
MRF,EQ,134505,-3.11,57045.49,0.1,133.63
GMRAIRPORT,EQ,94.88,-1.67,100183.56,139.37,131.83
ICICIGI,EQ,1851.5,-2.32,92250.09,7.06,131.28
KALYANKJIL,EQ,390,-2.92,40273.84,32.57,127.56
AVANTIFEED,EQ,1206,-6.53,16431.22,10.54,127.28
360ONE,EQ,1061.1,-1.27,43071.74,11.98,126.4
APLAPOLLO,EQ,2112,-4.96,58636.73,5.88,126.16
ANANTRAJ,EQ,486.9,-4.36,17522.41,25.18,123.84
KPITTECH,EQ,740.5,-1.82,20300.35,16.79,123.74
HAVELLS,EQ,1322.6,-2.32,82960.99,9.33,123.44
ANGELONE,EQ,221.9,-1.95,20171.93,56,123.25
TARIL,EQ,289.2,-4.93,8680.8,41.68,122.42
TATAELXSI,EQ,4353.1,-2.16,27101.54,2.79,122
MGL,EQ,1091,-9.63,10776.66,10.8,120.58
GMDCLTD,EQ,526,-4.62,16726.8,22.46,119.67
SCI,EQ,245.9,-4,11454,47.66,119.1
IREDA,EQ,113.49,-2.1,31881.97,104.9,118.9
MFSL,EQ,1747.3,-3.29,60301.9,6.78,118.26
POONAWALLA,EQ,426,-2.84,34624.8,27.46,117.23
COCHINSHIP,EQ,1395,-3.72,36699.77,8.31,117.08
OBEROIRLTY,EQ,1464,-1.79,53231.37,8.07,116.8
PRESTIGE,EQ,1346.4,-2.24,57993.52,8.69,116.02
NBCC,EQ,85,-4.88,22950,134.14,115.22
ZYDUSLIFE,EQ,896.8,-1.11,90239.06,12.77,114.38
PATANJALI,EQ,501.1,-0.34,54515.58,22.83,114.38
CONCOR,EQ,462,-3.55,35186.75,24.53,113.94
ATHERENERG,EQ,702,-0.43,26839.95,16.37,112.77
UNITDSPR,EQ,1315,-3.78,95646.64,8.37,111.3
BIOCON,EQ,377.95,-2.58,61262.21,28.86,109.36
AMBUJACEM,EQ,476.65,-2.87,117819.47,23.01,109.32
AUROPHARMA,EQ,1195,-1.27,69405.79,9.1,108.39
GRAPHITE,EQ,672,-5,13129.24,15.75,106.75
KTKBANK,EQ,200,-1.5,7563.47,53.07,105.66
ENGINERSIN,EQ,202.2,-4.83,11364.5,51.52,105.55
CLEANMAX,EQ,852.9,-1.68,9985.68,12.59,105.43
CARTRADE,EQ,1750.8,-1.39,8376.34,6.07,105.31
ACUTAAS,EQ,2109.8,-3.75,17273.17,4.92,104.1
SILVERCASE,EQ,27.19,-6.4,1388.33,382.48,102.89
WOCKPHARMA,EQ,1285.8,-1.85,20892.39,7.93,102.08
UJJIVANSFB,EQ,54,-5.73,10480.84,183.03,100.59
KFINTECH,EQ,907.5,-3.04,15654.16,11.06,100.32
LICI,EQ,828.9,-1.55,524279.06,12.1,99.96
DEEDEV,EQ,259.95,-4.68,1800.5,37.66,99.86
NYKAA,EQ,255.75,-1.29,73222.71,39.28,99.83
COROMANDEL,EQ,2090.5,-4.1,61668.79,4.69,98.58
SYRMA,EQ,734.15,-6.04,14156.65,13.12,97.29
VOLTAS,EQ,1430.2,-4.6,47323.14,6.65,96.04
GOLDCASE,EQ,25.48,-3.34,2343.67,377.94,96.03
NIFTYETF,EQ,264.68,-1.57,4637.74,36.38,95.93
NAM-INDIA,EQ,845,-6.47,53848.47,11.14,95.86
CUPID,EQ,377.25,-1.87,10145.46,25.27,95.81
SHREECEM,EQ,25350,-2.97,91464.7,0.37,94.26
J&KBANK,EQ,117,-2.44,12883.83,80.93,93.47
LICHSGFIN,EQ,516.5,-2.17,28410.75,17.95,92.83
TDPOWERSYS,EQ,872.35,-1.97,13627.4,10.53,92.58
SOUTHBANK,EQ,39.97,-1.55,10461.51,230.9,91.95
MARICO,EQ,771.9,-0.93,100203.1,11.8,91.21
NUVAMA,EQ,1192.3,-1.18,21704.29,7.59,90.97
JSL,EQ,753.1,-3.86,62087.04,11.77,89.06
SILVERBETA,EQ,257,-7.48,1605.56,34.66,88.46
GODFRYPHLP,EQ,1990,-2.59,31040.37,4.4,88.24
BANKBEES,EQ,609.35,-1.35,7787.45,14.33,86.82
HSCL,EQ,439,-4.03,22148.38,19.54,86.39
GLENMARK,EQ,2037.4,-4.05,57495.59,4.15,85.19
DABUR,EQ,488,-3.86,86556.08,17.33,85.1
HFCL,EQ,66.4,-1.63,10163.2,129.02,84.79
LTM,EQ,4340.3,-1.46,128687,1.93,84.46
BLUESTARCO,EQ,1842,-3.18,37874.24,4.54,84.34
OFSS,EQ,6827,-0.31,59414.84,1.23,83.79
INOXWIND,EQ,85.69,-3.92,14809.27,97.33,83.6
CREDITACC,EQ,1210.6,-0.02,19386.17,6.59,81.58
RGL,EQ,107.55,-5.02,1154.29,73.98,80.57
HBLENGINE,EQ,645,-2.96,17879.07,12.25,79.79
SBICARD,EQ,728.2,-2.45,69294.46,10.84,78.91
LALPATHLAB,EQ,1359.5,-3.3,22779.1,5.72,78.28
IFCI,EQ,53.7,-4.69,14468.47,142.67,77.47
TATACAP,EQ,319.25,-2.86,135517.44,23.84,76.72
JUNIORBEES,EQ,719.86,-2.72,6996.12,10.64,76.69
RADICO,EQ,2540,-2.64,34008.95,3,75.93
ASTRAL,EQ,1623,-2.8,43601.92,4.61,75.89
LENSKART,EQ,520,-1.11,90293.63,14.54,75.89
FINCABLES,EQ,885,-6.49,13535.13,8.17,73.9
PIRAMALFIN,EQ,1793.8,-0.4,40661.45,4.15,72.56
QPOWER,EQ,785.05,-5.33,6079.75,9,71.53
IGL,EQ,157.2,-5.75,22008.03,44.44,70.8
JAMNAAUTO,EQ,137,-4.48,5476.04,50.92,70.7
JSWENERGY,EQ,466.45,-3.09,81968.9,15.08,70.65
CUB,EQ,262.05,-5.52,19471.55,26.64,70.12
PAGEIND,EQ,30920,-0.82,34487.78,0.23,69.77
HDBFS,EQ,679,-3.02,56375.74,10.1,68.53
IIFL,EQ,477.95,-4.31,20326.51,14.22,68.25
PIIND,EQ,3052.5,-1.51,46311.96,2.21,67.74
BELRISE,EQ,182.6,-2.72,16249.19,36.47,66.91
PREMIERENE,EQ,709.9,-0.41,32158.07,9.46,66.23
ABLBL,EQ,99.84,-0.96,12185.57,65.79,65.67
CROMPTON,EQ,244.35,-3.59,15734.06,26.59,65.2
TITAGARH,EQ,641.5,-4.45,8639.32,10.08,65.17
LUMAXTECH,EQ,1543,-7.27,10516.73,4.18,65.11
PHOENIXLTD,EQ,1622.4,-1.59,58018.98,4.03,64.86
HUDCO,EQ,175.49,-3.44,35131.34,36.79,64.8
SILVER1,EQ,25.99,-6.78,2594.57,250.72,64.66
AXISILVER,EQ,264.45,-7.3,2080.87,24.55,64.49
M&MFIN,EQ,363.25,-0.75,50490.7,17.61,63.88
HEG,EQ,543.5,-5.02,10488.33,11.55,63.14
AWL,EQ,179.78,-0.28,23365.62,34.28,62.31
IEX,EQ,118.61,-2.39,10576.37,52.37,62.23
EIDPARRY,EQ,852.95,-2.02,15171.65,7.19,61.77
PNBHOUSING,EQ,781,-3.97,20345.72,7.8,61.45
MEESHO,EQ,150.34,-3.32,67850.41,40.67,61.13
RELIGARE,EQ,203,-3.54,6714.32,29.69,60.49
DREDGECORP,EQ,968,-0.81,2710.4,6.16,60.44
COLPAL,EQ,2186,-1.3,59456.06,2.72,59.74
EDELWEISS,EQ,107.5,-4.52,10174.65,55,59.52
MOTILALOFS,EQ,700.6,-2.36,42151.34,8.48,59.46
WELCORP,EQ,800,-2.16,21103.25,7.47,59.34
SONACOMS,EQ,499.95,-3.34,31082.94,11.81,59.2
TFCILTD,EQ,68.77,-1.53,3183.89,86.36,58.78
ITBEES,EQ,33.45,-0.03,3363.79,174.86,58.58
BAJAJHLDNG,EQ,10618,-0.72,118171.45,0.55,57.92
SETFNIF50,EQ,263.2,-1.21,208894.04,22,57.55
KWIL,EQ,26.88,-4.03,6315.7,208.42,57.29
PARADEEP,EQ,109.5,-4.4,11365.76,51.96,57.15
ANANDRATHI,EQ,3141.1,-0.24,26077.61,1.81,56.52
MANINDS,EQ,403.3,-9.02,3025.14,13.59,56.01
PSUBNKBEES,EQ,103.6,-3.27,4393.68,53.95,55.97
ICICIPRULI,EQ,628.5,-3.83,91069.06,8.89,55.84
SCHAEFFLER,EQ,4131,-4.06,64569.05,1.34,55.33
BAJAJHFL,EQ,84,-1.5,69991.61,66.19,55.32
HDFCSML250,EQ,153.53,-2.28,1655.23,35.6,54.74
GRANULES,EQ,555.35,-3.32,13476.61,9.84,54.6
NIFTYIETF,EQ,275.95,-1.62,36941.91,19.73,54.3
TATATECH,EQ,571.9,-1.46,23207.8,9.42,53.96
THANGAMAYL,EQ,3609,-6.18,11217.5,1.45,52.85
CENTRALBK,EQ,37.08,-4.28,33562.6,141.65,52.84
LEMONTREE,EQ,110,-3.48,8714.71,47.89,52.8
GOLDETF,EQ,157.4,-2.74,3339.28,33.59,52.68
BIRET,RR,348.05,-2.9,26082.36,15.03,52.43
GPIL,EQ,245.8,-4.1,16497.31,20.73,51.31
MON100,EQ,218.5,-1.99,11064.51,23.21,50.82
NCC,EQ,142.83,-4.38,8967.53,34.84,50.33
HOMEFIRST,EQ,1071,-2.35,11164.75,4.63,50.22
JSWINFRA,EQ,245.2,-2.58,51492.04,19.77,48.56
JPPOWER,EQ,13.92,-3.8,9540.01,346.62,48.39
DCBBANK,EQ,172.99,-4.6,5567.05,27.93,48.36
CEATLTD,EQ,3286,-5.02,13291.9,1.45,48.22
ALKEM,EQ,5460,-1.9,65282.49,0.88,47.99
BSOFT,EQ,382.3,-0.6,10685.53,12.48,47.93
NH,EQ,1725,-3.47,35252.24,2.74,47.61
CPSEETF,EQ,100.7,-1.58,24800.41,46.68,47.27
RICOAUTO,EQ,116.1,-7.16,1570.66,39.22,46.63
YATHARTH,EQ,658.5,-3.33,6344.93,6.94,46.42
APTUS,EQ,228.9,-3.94,11461.77,19.93,45.63
DELHIVERY,EQ,417.55,-2.42,31254.58,10.91,45.6
PRECWIRE,EQ,318.6,-1.32,5824.26,14.15,45.59
PTCIL,EQ,17840,-0.94,26746.71,0.25,44.98
MID150BEES,EQ,216.89,-2.41,2813.94,20.42,44.32
VOLTAMP,EQ,8576,-2.71,8676.44,0.52,44.29
ZEEL,EQ,81.78,-2.86,7855.13,53.04,43.65
SENSEXIETF,EQ,907,-1.13,26099.9,4.85,43.62
SWANCORP,EQ,361.5,-1.98,11331.47,11.9,43.19
LLOYDSME,EQ,1155,-4.58,61109.91,3.69,43.04
GOKEX,EQ,610,-5.76,4467.63,6.91,42.94
BEML,EQ,1603.8,-2.81,13357.89,2.65,42.65
SHREEJISPG,EQ,375.15,-3.88,6111.88,10.87,41.98
OLECTRA,EQ,905,-3.86,7428.31,4.59,41.97
VINCOFE,EQ,135.98,-4.71,1964.07,29.83,41
RAILTEL,EQ,278.5,-5.13,8938.13,14.54,40.85
KIRLOSENG,EQ,1382,-1.67,20087.32,2.93,40.54
SILVERADD,EQ,257,-7.36,2064.23,15.84,40.37
AARTIIND,EQ,408,-5.76,14793.85,9.66,40.27
SMLMAH,EQ,4327.6,-4.74,6262.75,0.92,40.14
APOLLOTYRE,EQ,430.95,-2.15,27369.68,9.26,39.99
JMFINANCIL,EQ,121.05,-3.65,11576.79,32.54,39.83
EXIDEIND,EQ,314,-2.73,26690,12.69,39.83
RRKABEL,EQ,1475,-3.71,16682.41,2.63,39.45
ACC,EQ,1512,-2.65,28393.43,2.58,39.37
SHAKTIPUMP,EQ,480,-4.52,5923.1,8.04,39.3
IRB,EQ,39.52,-1.05,23866.13,99.89,39.21
CHAMBLFERT,EQ,432,-3.6,17308.1,9.04,39.03
IRCON,EQ,130.63,-4.1,12285.96,29.48,38.77
DALBHARAT,EQ,1899.9,-3.04,35635.66,2.04,38.72
NLCINDIA,EQ,247.8,-1.84,34360.86,15.36,38.14
CPPLUS,EQ,1683,-3.41,19825.42,2.23,38.1
GABRIEL,EQ,926.7,-2.82,13311.48,4.07,37.88
SHARDACROP,EQ,1035,-8.89,9337.82,3.56,37.72
JINDALSAW,EQ,169.15,-5.18,10817.28,22.09,37.66
EQUITASBNK,EQ,58,-5.97,6617.73,63.88,37.56
MOSCHIP,EQ,172.2,-4.88,3326.25,21.6,37.55
AZAD,EQ,1638,-2.33,10578.49,2.28,37.45
JBCHEPHARM,EQ,2041.3,-1.74,32774.85,1.77,36.33
STAR,EQ,820,-2.66,7558.16,4.33,35.95
FMCGIETF,EQ,53.2,-2.13,800.1,66.66,35.55
VIKRAMSOLR,EQ,166.4,-0.42,6029.17,21.47,35.47
ARIS,EQ,106.2,-1.14,868.3,33.81,35.31
IKS,EQ,1326,-1.52,22750.6,2.63,35.27
IOB,EQ,34.1,-3.13,65664.97,102.18,35.08
TRANSRAILL,EQ,512.9,-4.52,6885.99,6.68,34.46
AEROFLEX,EQ,217,-3.91,2806.25,15.74,34.3
SYNGENE,EQ,400,-2.97,16117.58,8.47,34.14
SANDUMA,EQ,197,-4.7,9576.26,17.06,34.07
IGIL,EQ,325,-0.21,14045.19,10.7,34.02
WABAG,EQ,1169.1,-4.83,7283.67,2.87,33.94
GROWWSLVR,EQ,26.84,-4.82,393.19,130.79,33.93
HEXT,EQ,456,-2.27,27862.33,7.39,33.8
CASTROLIND,EQ,185.2,-0.33,18317.48,18.21,33.71
PVRINOX,EQ,1012,-0.43,9937.84,3.36,33.62
KPIGREEN,EQ,347,-4.09,6847.74,9.52,33.33
SHAILY,EQ,1840.5,-5.51,8458.03,1.76,33.16
UCOBANK,EQ,27.19,-4.9,34095.06,119.9,33.07
METALIETF,EQ,11.83,-3.9,970.62,278.3,33.03
TATACHEM,EQ,694.15,-2.29,17683.91,4.69,32.82
SANSERA,EQ,2151.9,-3.5,13390.04,1.5,32.71
FIVESTAR,EQ,399.5,-2.04,11767.92,8.11,32.56
PRIVISCL,EQ,2858.2,-3.97,11164.9,1.14,32.56
NEULANDLAB,EQ,12720,-2.87,16319.62,0.25,32.24
GSPL,EQ,287.1,-4.03,16198.51,11.18,32.08
SHYAMMETL,EQ,815,-2.85,22749.25,3.93,31.76
TMB,EQ,649,-3.44,10277.01,4.81,31.51
BATAINDIA,EQ,733,-4.74,9421.07,4.25,31.38
JTLIND,EQ,52.87,-5.28,2078.22,59.91,31.18
TATACOMM,EQ,1478.8,-4.25,42145.8,2.08,31.07
BALUFORGE,EQ,452,-4.3,5197.63,6.81,31.04
MODEFENCE,EQ,88.78,-1.17,1262.01,34.66,30.88
EMBASSY,RR,412.4,-3.19,39091.14,7.27,30.47
PCJEWELLER,EQ,9.03,-3.53,6617.63,333.77,30.31
GRWRHITECH,EQ,3911,-4,9086.19,0.77,30.24
HCC,EQ,16.23,-2.87,4251.4,184.85,30.21
NAZARA,EQ,242,-6.02,8965.25,12.22,30.13
IXIGO,EQ,165.28,-0.67,7242.3,17.98,29.87
ARE&M,EQ,801,-2.84,14660.33,3.71,29.79
GOLDBETA,EQ,136.45,-2.92,4525.6,21.81,29.68
KRISHNADEF,EQ,1105,-1.87,1650.01,2.62,29.52
SIGNATURE,EQ,923,-3.92,12969.14,3.21,29.47
ASHAPURMIN,EQ,513.5,-1.66,4905.27,5.71,29.32
PPLPHARMA,EQ,151.76,-0.69,20172.67,19.21,29.18
SARDAEN,EQ,516.05,-5.26,18184.64,5.51,29.05
JWL,EQ,248.3,-3.55,10611.61,11.62,29.05
CMSINFO,EQ,299.45,-0.66,4925.13,9.66,29.03
SJVN,EQ,68.24,-2.85,26816.92,42.09,28.75
BLS,EQ,256.5,-3.81,10561.15,11.14,28.75
LTTS,EQ,3320,-3.58,35190.71,0.86,28.71
ZENSARTECH,EQ,554,-2.53,12599.64,5.08,28.58
SHRINGARMS,EQ,209.33,-4.42,2018.61,13.46,28.52
MOIL,EQ,287,-2.71,5840.03,9.95,28.49
ENDURANCE,EQ,2489.5,-6.2,35018.02,1.1,27.78
INDIAMART,EQ,2084,-1.41,12522.16,1.34,27.76
MEDIASSIST,EQ,340,-4.6,2531.56,8.06,27.74
BLACKBUCK,EQ,563,-1.68,10228.15,4.92,27.69
JKCEMENT,EQ,5530,-1.39,42729.34,0.5,27.66
PINELABS,EQ,174,-4.1,19980.01,15.99,27.57
SILVERAG,EQ,263,-5.62,1096,10.49,27.19
ZAGGLE,EQ,215.4,-3.33,2896.23,12.3,26.76
KSB,EQ,731,-1.31,12722.27,3.64,26.71
AETHER,EQ,918.4,-1.48,12184.81,2.91,26.34
ABSLAMC,EQ,870,-0.73,25124.35,3.01,25.96
BLSE,EQ,132.1,-5.95,1200.21,18.45,25.95
BALKRISIND,EQ,2260,-1.85,43689.68,1.15,25.87
PRICOLLTD,EQ,563.65,-3.6,6869.85,4.55,25.77
ATGL,EQ,480.2,-2.57,52812.88,5.33,25.64
DEEPAKNTR,EQ,1492,-3.49,20349.84,1.72,25.53
APEX,EQ,354.55,-6.3,1107.97,7.11,25.41
WEBELSOLAR,EQ,52.5,-3.58,2215.83,47.32,25.14
CRAFTSMAN,EQ,7322.5,-4.5,17468.25,0.34,24.98
BIRLACORPN,EQ,884,-5.59,6807.27,2.79,24.91
SENCO,EQ,296,-3.58,4846.06,8.4,24.91
PCBL,EQ,282,-4.42,11095.65,8.73,24.87
SHRIPISTON,EQ,2973.9,-3.32,13099.98,0.83,24.87
LLOYDSENT,EQ,45.72,-7.86,6823.35,53.12,24.83
CHOICEIN,EQ,679.4,-4.21,15135.44,3.62,24.77
STYLEBAAZA,EQ,279,-4.76,2081.82,8.93,24.66
AJANTPHARM,EQ,2882.5,-2.87,36012.69,0.85,24.65
KRBL,EQ,320,-3.18,7324.48,7.66,24.41
SAMHI,EQ,153.5,-3.73,3395.51,15.7,24.16
BRIGADE,EQ,656,-3.33,16045.33,3.68,24.15
SBC,EQ,31.58,-0.47,1503.81,75.83,24.07
ANTHEM,EQ,667.5,-2.89,37494.4,3.59,24.03
JYOTICNC,EQ,801,-0.26,18216.59,3.07,24.02
TIMETECHNO,EQ,172.75,-3.39,8527.55,13.76,23.86
INOXGREEN,EQ,151.5,-6.63,5676.79,15.53,23.79
GRMOVER,EQ,158.7,-0.16,2920.97,15.12,23.75
CESC,EQ,152.55,-0.61,20221.58,15.56,23.69
GREAVESCOT,EQ,146.1,-3.2,3402.61,16.18,23.63
PGINVIT,IV,90.57,-0.96,8241.86,26.1,23.59
BAJAJCON,EQ,361.45,-4.66,4721.2,6.44,23.54
SKYGOLD,EQ,331,-4.17,5126.33,7.06,23.48
SWSOLAR,EQ,181.6,-4.41,4240.94,12.76,23.39
INFOBEAN,EQ,173.1,-2.76,1689.56,13.45,23.17
TECHNOE,EQ,1115,-2.98,12967.4,2.07,23.16
AEGISVOPAK,EQ,199.84,-7.71,22142.1,11.42,23.11
CYIENT,EQ,877,-2.5,9745.26,2.59,22.99
JAIBALAJI,EQ,61,-7.11,5564.77,37.23,22.86
AAVAS,EQ,1230,-0.81,9740.6,1.86,22.82
GRAVITA,EQ,1522.2,-2.5,11235.12,1.48,22.62
KMEW,EQ,1575.7,-4.34,3851.66,1.42,22.62
MOGOLD,EQ,160.6,-2.58,1779.87,14.06,22.56
TATAINVEST,EQ,624.5,-2.57,31596.62,3.58,22.48
GPPL,EQ,162.1,-5.86,7836.56,13.63,22.4
KEC,EQ,542,-4.05,14428.04,4.07,22.27
LINDEINDIA,EQ,6614,-0.76,56406.99,0.33,22.23
RBA,EQ,63.07,-0.33,3675.83,34.96,22.02
KSCL,EQ,708.4,-5.34,3643.94,3.06,21.97
NIFTY1,EQ,269.9,-1.79,3197.02,8.11,21.87
TENNIND,EQ,544.75,-2.52,21986.34,3.98,21.82
AVANTEL,EQ,140.75,-0.61,3739.14,15.25,21.57
BLUEJET,EQ,373,-3.03,6470.26,5.68,21.52
PATELENG,EQ,25.73,-2.43,2552.78,83.35,21.36
WAAREERTL,EQ,806,-3.28,8410.27,2.63,21.3
SONATSOFTW,EQ,255.1,-1.98,7153.64,8.21,21.18
GROWWGOLD,EQ,15.83,-3.48,471.36,134.14,21.15
KNRCON,EQ,125.5,-2.19,3529.49,16.89,21.07
NTPCGREEN,EQ,85.45,-2.6,72002.99,24.45,21
TEXRAIL,EQ,95.66,-3.52,3892.07,21.78,20.97
JAYNECOIND,EQ,74.1,-2.41,7195.1,27.93,20.78
JSWCEMENT,EQ,119.1,-3.28,16237.68,17.23,20.73
INTELLECT,EQ,666.2,-2.53,9287.03,3.08,20.65
NEXT50IETF,EQ,70.3,-2.75,2122.47,29.33,20.65
SMALLCAP,EQ,40.06,-2.48,769.07,51.38,20.64
DEEPAKFERT,EQ,936,-4.43,11815.86,2.17,20.62
SUNTV,EQ,596.6,-4.63,23511.09,3.45,20.61
ASHOKA,EQ,123.4,-4.1,3464.12,16.49,20.56
SHILCTECH,EQ,3697.6,-7.14,4230.13,0.55,20.5
WHIRLPOOL,EQ,895,-2.12,11355.03,2.25,20.23
UTIAMC,EQ,966,-0.1,12414.95,2.11,20.15
ICICIB22,EQ,122.56,-2.35,11265.26,16.38,20.11
SYMPHONY,EQ,770,-3.22,5287.7,2.61,20.04
ACE,EQ,853,-1.61,10157.8,2.34,20.03
PTC,EQ,157.15,-3.45,4651.77,12.62,20.02
CEMPRO,EQ,551.25,-3.12,9469.79,3.61,19.96
INDGN,EQ,474,-1.24,11398.76,4.24,19.93
ZFCVINDIA,EQ,14164,-3.6,26865.69,0.14,19.89
HAPPSTMNDS,EQ,341.4,-1.85,5198.66,5.74,19.82
MOREPENLAB,EQ,40.5,-2.9,2219.21,48.13,19.6
BSLGOLDETF,EQ,142.3,-3.17,3064.9,13.75,19.54
GLAND,EQ,1707.7,-4.85,28135.45,1.13,19.49
ESCORTS,EQ,3260,-4.04,36472.15,0.59,19.47
LTFOODS,EQ,367,-3.47,12744.18,5.21,19.38
WELSPUNLIV,EQ,119,-4.32,11413.91,16.03,19.33
ABDL,EQ,450.9,-4.27,12612.13,4.23,19.21
NAVA,EQ,558.9,-3.09,15816.94,3.4,19.18
LICMFGOLD,EQ,14550,-3.89,1469.52,0.13,19
BERGEPAINT,EQ,435.5,-2.66,50777.83,4.33,18.93
V2RETAIL,EQ,1935,-0.28,7055.74,1,18.91
PHARMABEES,EQ,23.23,-1.57,1044.09,81.17,18.86
GSFC,EQ,158,-4.04,6295.94,11.75,18.74
DEEPINDS,EQ,354.6,-3.33,2269.44,5.11,18.65
BHARTIHEXA,EQ,1560,-2.21,78000,1.18,18.6
3MINDIA,EQ,34300,-3.85,38639.19,0.05,18.56
EGOLD,EQ,161.5,-3.32,1494.64,11.41,18.4
ELGIEQUIP,EQ,495.1,-4.81,15690.17,3.65,18.33
GILLETTE,EQ,7970,-2.36,25970.42,0.23,18.29
DIACABS,EQ,132.25,-3.47,6969.19,13.47,17.91
METAL,EQ,11.83,-4.13,404.89,150.39,17.87
COHANCE,EQ,296.95,-2.06,11360.33,5.95,17.82
KITEX,EQ,161.75,-4.77,3226.91,10.9,17.81
MAXVOLT,SM,276.7,-5,301.71,6.37,17.74
MSUMI,EQ,41.14,-2.63,27282.66,42.59,17.71
EMMVEE,EQ,186,-0.01,12877.62,9.52,17.63
TI,EQ,421,-1.8,8764.96,4.21,17.61
NSLNISP,EQ,38.31,-3.89,11227.15,45.6,17.58
KPIL,EQ,1116,-5.18,19058.22,1.56,17.52
INDIASHLTR,EQ,700,-3.73,7610.1,2.49,17.51
VTL,EQ,547,-0.09,15821.28,3.24,17.44
GOLDIAM,EQ,327.9,-5.82,3702.58,5.24,17.39
ABFRL,EQ,63.66,-3.46,7769.69,27.13,17.38
SJS,EQ,1665,-3.25,5324.05,1.04,17.32
KIMS,EQ,700,-2.53,28009.73,2.45,17.25
MIDCAPETF,EQ,21.42,-2.37,1411.4,80.52,17.25
E2E,BE,2334.2,-5,4797.95,0.73,17.17
IMFA,EQ,1180,-5.02,6366.58,1.45,17.16
JBMA,EQ,507,-3.85,11990.26,3.35,17.12
CRAMC,EQ,231.5,-4.6,4616.51,7.31,17.1
POCL,EQ,1060.7,-3.83,3236.33,1.58,17.09
GOLDADD,EQ,157.15,-3.42,2273.68,10.86,17.02
CSBBANK,EQ,365.45,-4.18,6340.04,4.61,16.98
NIFTYBETA,EQ,270.31,-1.49,67334.29,6.29,16.96
GOODLUCK,EQ,1086,-4.36,3609.7,1.54,16.88
THERMAX,EQ,3015,-2.8,35925.62,0.56,16.86
ATULAUTO,EQ,450.9,-5.57,1251.31,3.67,16.8
AARTIPHARM,EQ,678,-3.93,6146.18,2.46,16.8
AIIL,EQ,428,-5.8,36346.85,3.88,16.77
PREMEXPLN,EQ,503,-2.43,2704.19,3.29,16.67
CANFINHOME,EQ,812,-1.14,10812.11,2.04,16.67
EASEMYTRIP,EQ,7.75,-3,2818.56,214.7,16.64
PNGJL,EQ,510.4,-3.44,6926.55,3.25,16.6
CCL,EQ,1012,-0.49,13513.03,1.64,16.59
TRIDENT,EQ,23.55,-3.64,12000.98,70.09,16.59
GMRP&UI,EQ,107.96,-4.58,8431.87,15.32,16.59
MOBIKWIK,EQ,181,-3.25,1423.72,9.07,16.49
TOP10ADD,EQ,91.6,-1.65,818.97,17.97,16.42
TIMKEN,EQ,3179.8,-5.73,23918.05,0.5,16.27
STYLAMIND,EQ,2211,-0.09,3747.22,0.74,16.27
ARVIND,EQ,337.1,-2.11,8835.88,4.83,16.26
HONASA,EQ,288,-1.62,9370.65,5.61,16.14
RITES,EQ,197,-3.39,9467.89,8.15,16.12
AEGISLOG,EQ,648,-4.4,22744.8,2.46,16.1
EPL,EQ,203.88,-3.57,6530.38,7.77,16.04
ENERGY,EQ,35.52,-3.08,211.73,44.56,16
AVALON,EQ,946.1,-4.41,6316.07,1.66,15.91
SHADOWFAX,EQ,119.06,-1.27,6883.25,13.43,15.9
TANLA,EQ,436.1,-1.23,5783.44,3.62,15.9
MOSILVER,EQ,263.48,-6.57,1140.24,6.03,15.88
TATVA,EQ,1109,-5.25,2594.18,1.43,15.8
KPRMILL,EQ,847.7,-2.32,28975.57,1.85,15.75
JYOTHYLAB,EQ,245.1,-0.28,9000.43,6.36,15.75
AIAENG,EQ,3615.7,-3.3,33741.85,0.43,15.65
GENESYS,EQ,270.15,-5.82,1128.97,5.65,15.63
ORIENTTECH,EQ,271.8,-4.9,1245,5.72,15.56
CGCL,EQ,151.75,-4.25,14600.69,10.16,15.53
KIRIINDUS,EQ,425.8,-2.07,2555.76,3.64,15.43
PROTEAN,EQ,553.55,-2.76,2248.34,2.77,15.4
AFCONS,EQ,279.5,-1.69,10279.58,5.55,15.38
VIKRAN,EQ,63.59,-4.32,1640.06,23.9,15.33
TEGA,EQ,1671.3,-5,12556.09,0.9,15.32
RATEGAIN,EQ,473.3,-4.14,5590.81,3.18,15.28
GODIGIT,EQ,321.2,-3.24,29693.98,4.72,15.19
MANYAVAR,EQ,369.95,-1.14,8988.79,4.05,15.15
AGI,EQ,520.15,-1.96,3365.23,2.89,15.12
LLOYDSENGG,EQ,43.9,-4.5,5141.52,34.12,15.1
LOTUSDEV,EQ,126.77,-4.38,6195.55,11.63,14.9
JYOTISTRUC,EQ,11.25,-4.34,1342.87,129.56,14.73
JUSTDIAL,EQ,523,-4.75,4447.84,2.78,14.69
BORORENEW,EQ,436.8,-0.95,6123.45,3.41,14.67
EIEL,EQ,143.7,-5.83,2522.37,10.02,14.6
SCHNEIDER,BE,832,-4.72,19893.46,1.73,14.5
TBOTEK,EQ,1140.1,-3.02,12380.09,1.27,14.46
JISLJALEQS,EQ,34.41,-3.13,2458.97,41.9,14.46
NETWORK18,EQ,32.42,-2.76,4999.16,44.42,14.41
PARKHOSPS,EQ,183.25,-3.82,7915.13,7.75,14.37
USHAMART,EQ,413.5,-1.77,12601.07,3.46,14.33
MIDHANI,EQ,335,-2.66,6275.89,4.21,14.27
ALPHA,EQ,46.54,-3.08,689.85,30.56,14.23
MAHSEAMLES,EQ,550,-0.57,7369.96,2.6,14.22
MEDPLUS,EQ,819.8,-2.39,9842.08,1.74,14.19
LATENTVIEW,EQ,314.55,-3.73,6508.83,4.46,14.19
MASTEK,EQ,1551,-0.5,4806.76,0.9,14.12
INTERARCH,EQ,1800,-1.34,3018.93,0.78,14.09
RAYMOND,EQ,378.6,-3.1,2520.48,3.68,14.09
RCF,EQ,115.87,-4.64,6392.41,12.05,14.08
SIRCA,EQ,436,-0.68,2476.17,3.21,14.04
ASIANTILES,EQ,65.6,-4.62,1521.34,21,13.92
PARAGMILK,EQ,199,-2.62,2489.68,6.91,13.8
SETFNN50,EQ,715.98,-2.32,2797.16,1.9,13.59
OSWALPUMPS,EQ,297.5,-2.44,3390.83,4.48,13.44
TRITURBINE,EQ,458.35,-1.85,14570.51,2.91,13.37
HGINFRA,EQ,505,-4.7,3291.14,2.63,13.35
MAHLOG,EQ,385.5,-3.56,3825.03,3.41,13.17
JKPAPER,EQ,337.9,-2.1,5724.11,3.89,13.12
TIPSMUSIC,EQ,514,-3.88,6570.54,2.57,13.11
MINDSPACE,RR,450,-1.68,29175.43,2.92,13.1
FIEMIND,EQ,2129.6,-2.11,5605.03,0.62,13.09
DBREALTY,EQ,102.24,-5.47,5512.83,12.69,13.08
GLAXO,EQ,2485,-1.88,42097.4,0.52,13.04
CENTUM,EQ,2618,-3.42,3859.19,0.49,13.03
LXCHEM,EQ,113.49,-6.67,3145.35,11.28,13.03
REFEX,EQ,202,-6.01,2770.02,6.36,13
IPCALAB,EQ,1465,-3.17,37167.67,0.87,12.89
ABREL,EQ,1223.7,-2.56,13668.2,1.05,12.84
BANCOINDIA,EQ,573,-3.47,8196.04,2.23,12.83
RATNAVEER,EQ,140.11,-4.3,950.93,9.07,12.81
RAMCOCEM,EQ,1071.5,-2.58,25318.73,1.19,12.81
NETF,EQ,263.87,-2.14,705.01,4.83,12.79
MARKSANS,EQ,171.02,-0.19,7750.01,7.46,12.77
CCAVENUE,EQ,15.84,-2.04,5520.19,80.07,12.71
HDFCNIFTY,EQ,274.4,-1.55,4712.94,4.64,12.69
POWERMECH,EQ,1955,-2.27,6180.99,0.65,12.68
PICCADIL,EQ,530,-0.99,5220.38,2.39,12.6
AUTOBEES,EQ,275.55,-2.7,394.79,4.57,12.57
MEDANTA,EQ,1110.7,-1.71,29854.55,1.13,12.54
BBOX,EQ,502.5,-2.43,8566.75,2.47,12.51
SENORES,EQ,742.1,-3.12,3417.64,1.67,12.51
GNFC,EQ,427.05,-3.19,6275.1,2.92,12.47
GICRE,EQ,362.75,-2.6,63640.86,3.43,12.46
EIHOTEL,EQ,312.5,-0.02,19542.63,4.04,12.45
INDIAGLYCO,EQ,857.85,-4.35,5749.89,1.41,12.26
FINOPB,EQ,180.36,-5.56,1500.93,6.56,12.26
MUFIN,EQ,105.2,-4.36,1822.39,11.39,12.08
REGAAL,EQ,68.45,-3.97,703.14,17.75,11.99
LTGILTBEES,EQ,29.3,-0.27,2629.73,40.76,11.94
BECTORFOOD,EQ,193,-3.72,5924.92,6.1,11.93
LUMAXIND,EQ,5644.5,-5.13,5276.33,0.21,11.92
KERNEX,EQ,1025,-2.33,1722.25,1.16,11.89
BBTC,EQ,1567.4,-4.67,10936.05,0.75,11.88
RTNINDIA,EQ,25.68,-6.28,3549.67,45.42,11.78
SOBHA,EQ,1317,-3.13,14083.05,0.89,11.71
WALCHANNAG,EQ,160.97,-4.72,1092.05,7.16,11.69
CHALET,EQ,755,-3.76,16531.02,1.54,11.68
ORCHPHARMA,EQ,565,-5.85,2865.63,2.08,11.65
SKFINDIA,EQ,1647.1,-3.11,8142.93,0.7,11.58
ROUTE,EQ,476.8,-2.55,3003.99,2.42,11.57
BANKNIFTY1,EQ,60.75,-1.84,6295.93,18.99,11.53
HONAUT,EQ,29880,-1.45,26418.47,0.04,11.39
SURYAROSNI,EQ,211.55,-4.62,4604.09,5.23,11.23
FACT,EQ,667.75,-6.05,43208.23,1.66,11.21
GAEL,EQ,136.2,-2.11,6247.09,8.28,11.2
MANORAMA,EQ,1361.3,-1.75,8128.12,0.82,11.16
SUDARSCHEM,EQ,822.1,-4.29,6462.69,1.35,11.14
BOMDYEING,EQ,107.81,-4.96,2226.65,10.19,11.12
CRISIL,EQ,4262.5,-1.26,31171.67,0.26,11.08
ARSSBL,EQ,488,-0.68,3060.99,2.28,11.06
ECOSMOBLTY,EQ,136.5,-4.61,819,8.09,11.05
HERITGFOOD,EQ,307.95,-1.16,2857.65,3.61,11.05
KRT,RR,115.8,-2.7,51350.35,9.49,11.02
GARUDA,EQ,164.1,-4.55,1526.81,6.65,10.96
RHIM,EQ,398.5,-4.53,8229.08,2.7,10.83
INDIGRID,IV,163.91,-1.5,15613.49,6.55,10.82
ELECON,EQ,391.75,-3.51,8790.87,2.74,10.81
SHILPAMED,EQ,315,-2.64,6160.83,3.41,10.79
CIEINDIA,EQ,450,-3.65,17071.31,2.38,10.78
JKIL,EQ,476.25,-6.78,3603.57,2.23,10.78
RSYSTEMS,EQ,257,-7.22,3044.99,4.07,10.75
HNGSNGBEES,EQ,506,-2.28,1193.49,2.11,10.7
THELEELA,EQ,438.1,-0.98,14630.69,2.44,10.68
DCXINDIA,EQ,169.35,-3.2,1886.33,6.17,10.64
NELCO,EQ,588,-2.25,1341.72,1.77,10.63
APOLLOPIPE,EQ,346.6,-0.2,1526.71,3.03,10.59
GENUSPOWER,EQ,251.55,-2.2,7652.6,4.21,10.58
VSTTILLERS,EQ,5530,-1.94,4779.78,0.19,10.56
STARHEALTH,EQ,460,-0.28,27066.34,2.32,10.55
VIJAYA,EQ,934.1,-4.6,9595.54,1.12,10.52
MINDACORP,EQ,521.35,-3.6,12464.41,1.99,10.49
VRLLOG,EQ,272,-1.07,4758.29,3.87,10.49
TVSHLTD,EQ,14100,-3.7,28527.27,0.07,10.43
JUBLPHARMA,EQ,830,-2.39,13220.33,1.25,10.43
RKFORGE,EQ,542,-2.53,9811.86,1.91,10.41
NXST,RR,155,-2.36,23482.5,6.65,10.39
SEPC,EQ,7.09,-1.12,1340.05,147.68,10.38
NORTHARC,EQ,239.8,-3.42,3874.49,4.32,10.35
MANGLMCEM,EQ,845.1,-2.83,2323.8,1.2,10.27
GMMPFAUDLR,EQ,895,-1.71,4023.67,1.15,10.26
THYROCARE,EQ,378,-1.68,6016.31,2.72,10.16
FINEORG,EQ,4280,-4.19,13122.47,0.23,10.01
PENIND,EQ,141.8,-4.43,1913.54,6.94,9.93
JUBLINGREA,EQ,555,-2.44,8840.1,1.77,9.91
AHLUCONT,EQ,733,-2.6,4910.19,1.36,9.87
OILIETF,EQ,11.79,-3.2,266.36,83.15,9.85
INDSWFTLAB,EQ,128,-6.73,1044.63,7.5,9.66
ANUP,EQ,1484.5,-4.71,2973.67,0.64,9.65
RUBICON,EQ,754.85,-2.4,12436.18,1.27,9.61
ALLTIME,EQ,223,-1.53,1460.82,4.31,9.58
ARVINDFASN,EQ,430,-2.28,5746.1,2.22,9.51
EPACK,EQ,237.49,-1.14,2285.33,4.02,9.51
BFUTILITIE,BZ,469,-4.22,1766.61,2.02,9.5
63MOONS,EQ,561.85,-5.97,2588.92,1.64,9.46
RTNPOWER,EQ,7.75,-3,4161.83,121.87,9.46
CAPLIPOINT,EQ,1655,-1.07,12579.94,0.57,9.39
MMTC,EQ,55.96,-4.41,8394,16.58,9.34
MOREALTY,EQ,74.19,-3.31,252.25,12.56,9.34
INDIACEM,EQ,392,-1.46,12147.97,2.4,9.33
SGMART,EQ,460,-2.68,5796,2,9.25
HEMIPROP,EQ,137.5,-1.77,3918.75,6.63,9.19
TARC,EQ,138.4,-3.52,4084.13,6.58,9.19
LGBBROSLTD,EQ,1801.2,-4.81,5744.46,0.5,9.17
UTKARSHBNK,EQ,13.17,-0.23,2343.63,70.22,9.17
DEVYANI,EQ,118.7,-3.14,14634.19,7.63,9.12
AYE,EQ,117.81,-1.18,2907.37,7.86,9.11
ACMESOLAR,EQ,225,-3.13,13634.37,4.06,9.1
ELECTCAST,EQ,65.39,-3.6,4042.31,13.71,9.02
PNCINFRA,EQ,196.58,-3.36,5043.05,4.58,9.01
STALLION,EQ,118.75,-4.99,941.99,7.52,8.96
TRAVELFOOD,EQ,1157,-1.66,15235.32,0.78,8.95
DATAMATICS,EQ,704,-3.97,4161.09,1.26,8.92
HIKAL,EQ,184.98,-3.73,2280.82,4.8,8.91
NESCO,EQ,1072.8,-2.04,7558.94,0.82,8.84
DOMS,EQ,2209.9,-2.2,13411.52,0.4,8.78
VAIBHAVGBL,EQ,215.16,-2.43,3594.24,4.05,8.75
VARROC,EQ,512,-2.52,7822.66,1.66,8.57
RUSTOMJEE,EQ,398.3,-8.18,5027.87,2.07,8.53
MOMENTUM50,EQ,49.88,-2.22,265.41,17.16,8.52
JKLAKSHMI,EQ,657.8,-4.2,8166.22,1.28,8.5
FINPIPE,EQ,180,-0.19,11168.58,4.73,8.46
ORIANA,SM,1778.5,-0.99,3613.76,0.48,8.43
SKIPPER,EQ,340.95,-3.43,3849.46,2.45,8.4
ACI,EQ,522,-5.28,6444.53,1.58,8.38
CAMPUS,EQ,245,-2.02,7487.03,3.44,8.37
THOMASCOOK,EQ,95.5,-4.58,4492.13,8.62,8.37
ATALREAL,EQ,23.2,-1.94,285.35,35.21,8.36
SBFC,EQ,91.5,-2.43,10036.21,9.09,8.35
SUMICHEM,EQ,395,-0.7,19716.26,2.12,8.35
QGOLDHALF,EQ,134.2,-3.31,742.93,6.21,8.32
POLYPLEX,EQ,810.5,-3.5,2544.36,1.01,8.24
NITINSPIN,EQ,362.65,-3.73,2038.82,2.25,8.21
FEDFINA,EQ,125.4,-2.61,4691.53,6.47,8.19
AEQUS,EQ,136,-2.82,9121.05,6.02,8.18
HGS,EQ,362,-1.01,1684.03,2.29,8.17
NIVABUPA,EQ,72.6,-1.63,13410.66,11.24,8.14
ASMS,EQ,9.09,-7.34,276.86,82.88,8.14
RALLIS,EQ,252.35,-3.88,4907.42,3.2,8.13
SKFINDUS,EQ,2390,-3.5,11815.67,0.34,8.1
BANKIETF,EQ,60.21,-1.78,3061.93,13.43,8.07
SBCL,EQ,421.15,-3.36,2426,1.88,7.96
SUNTECK,EQ,375.5,-3.98,5500.67,2.12,7.95
CELLO,EQ,420.5,-0.67,9288.22,1.91,7.94
BASF,EQ,3485.5,-2.89,15087.21,0.22,7.87
MIDQ50ADD,EQ,231.6,-2.64,96.84,3.39,7.81
BIKAJI,EQ,630,-0.18,15787.34,1.24,7.79
KPEL,EQ,256.1,-5.1,1713.49,2.96,7.76
HITECH,EQ,82.1,-1.7,1667.51,9.52,7.71
GKENERGY,EQ,100.5,-4.99,2038.31,7.65,7.7
SAFARI,EQ,1649.8,-4.97,8083.02,0.46,7.69
MOVALUE,EQ,121.49,-2.95,144.05,6.35,7.68
TSFINV,EQ,374.4,-2,8315.57,2.07,7.66
VERANDA,EQ,167.5,-5.32,1610.84,4.56,7.64
BHAGYANGR,EQ,162.51,-1.43,519.95,4.66,7.6
CARERATING,EQ,1560,-2.71,4687.08,0.48,7.59
BBL,EQ,2330,-2.85,2633.63,0.32,7.58
VIDYAWIRES,EQ,51.03,-1.16,1085.37,14.99,7.58
VESUVIUS,EQ,495.5,-1.18,10056.71,1.52,7.57
SANOFICONR,EQ,4200,-5.11,9672.86,0.18,7.53
INDIGOPNTS,EQ,906.75,-1.25,4322.99,0.83,7.53
KANSAINER,EQ,193.1,-1.64,15612.61,3.85,7.52
PURVA,EQ,179.9,-5.97,4266.32,4.11,7.52
MOLDTKPAC,EQ,553,-1.76,1837.56,1.35,7.47
KIRLOSBROS,EQ,1485.2,-3.19,11793.81,0.49,7.37
SETFNIFBK,EQ,602.2,-1.79,3923.92,1.22,7.32
HAPPYFORGE,EQ,1231.2,-4.88,11613.65,0.58,7.31
EMIL,EQ,92.69,-3.6,3566.24,7.83,7.31
EPIGRAL,EQ,854,-1.9,3684.27,0.86,7.3
VENUSPIPES,EQ,1025.1,-3.59,2123.61,0.71,7.28
SAKAR,EQ,520.2,-0.73,1157.44,1.38,7.24
GVPIL,BE,436.8,-4.99,2936.5,1.65,7.23
ICIL,EQ,247.8,-5.64,4907.79,2.87,7.21
ESILVER,EQ,267,-6.65,1593.38,2.69,7.14
MARINE,EQ,178.02,-4.88,2461.92,3.92,7.12
BLUEDART,EQ,5420,-2.12,12860.54,0.13,7.11
ITI,EQ,254.5,-2.3,24454.57,2.79,7.06
FUSION,EQ,176,-3.39,2840.04,3.89,6.97
STYRENIX,EQ,1895,-1.3,3332.48,0.37,6.97
VIMTALABS,EQ,428,-2.61,1910.39,1.61,6.92
ATLANTAELE,EQ,862.05,-4.09,6628.87,0.78,6.78
PRUDENT,EQ,2230,-3.12,9233.69,0.3,6.78
NFL,EQ,71.2,-2.72,3492.92,9.4,6.73
TEMBO,EQ,516,-1.39,798.1,1.29,6.65
GODREJIND,EQ,935,-2.79,31491.25,0.7,6.6
SMCGLOBAL,EQ,72.25,-3.12,1512.91,8.98,6.58
JAYKAY,EQ,138,-4.95,1797.96,4.56,6.57
ALOKINDS,EQ,13.3,-3.69,6603.77,49.22,6.57
PRAKASH,EQ,123.95,-4.34,2219.72,5.25,6.57
SHK,EQ,137.26,-4.3,1899.96,4.79,6.57
PACEDIGITK,EQ,159.2,-3.91,3436.35,4.04,6.52
VISHNU,EQ,477,-3.22,3210.94,1.35,6.51
MIDCAPIETF,EQ,21.68,-3.17,610.04,29.99,6.5
ASTRAZEN,EQ,8708,-1.06,21770,0.07,6.49
NEXT50,EQ,686.23,-2.82,1101.84,0.94,6.49
RAYMONDLSL,EQ,847,-2.34,5160.23,0.76,6.48
INDRAMEDCO,EQ,386.45,-1.47,3542.7,1.67,6.46
ADVENZYMES,EQ,283,-4.2,3167.53,2.27,6.42
STARCEMENT,EQ,205.01,-0.2,8455.21,3.15,6.4
754GS2036,GS,107.45,-0.18,160100.5,5.95,6.38
KRSNAA,EQ,607.95,-3.7,1972.11,1.05,6.38
EMUDHRA,EQ,430,-0.21,3560.9,1.48,6.36
AGARWALEYE,EQ,433.9,-3.19,13746.28,1.45,6.35
NIITMTS,EQ,328,-1.07,4505.59,1.94,6.35
AWFIS,EQ,273.4,-3.61,1955.92,2.29,6.35
TOP100CASE,EQ,10.47,-2.06,124.91,60.55,6.33
ROLEXRINGS,EQ,125.63,-4.47,3421.32,4.97,6.3
AKUMS,EQ,465.9,-1.8,7332.99,1.35,6.27
ALGOQUANT,EQ,59.1,-4.55,1661.28,10.59,6.26
PSB,EQ,24.95,-3.18,17703.49,25.03,6.26
TIIL,EQ,2100,-7.31,4761.29,0.29,6.24
BCG,BE,9.68,-4.91,1953.35,64.19,6.23
AKZOINDIA,EQ,2851.5,-1.43,12985.82,0.22,6.2
ALIVUS,EQ,908.2,-0.67,11146.92,0.68,6.17
ISGEC,EQ,862.95,-0.76,6345.23,0.72,6.17
CAMLINFINE,EQ,139,-3.57,2670.07,4.41,6.15
EMBDL,BE,57.4,-2.6,7982.24,10.64,6.14
CARBORUNIV,EQ,794.55,-1.54,15133.36,0.77,6.12
UNIECOM,EQ,101.48,-2.38,1140.42,6,6.04
KELLTONTEC,EQ,17.49,-2.94,923.13,34.3,6.02
BAYERCROP,EQ,4550,-0.09,22798.8,0.13,6.02
ETHOSLTD,EQ,2325,-2.54,6221.16,0.26,6.01
MAHSCOOTER,EQ,12996,-1.68,14852.57,0.05,6.01
SAMBHV,EQ,94.1,-3.17,2772.86,6.31,5.98
DCAL,EQ,164.99,-3.96,2586.76,3.61,5.97
VENKEYS,EQ,1260,-2.97,1775,0.47,5.97
TTML,EQ,38.98,-2.23,7620.31,15.36,5.93
AJMERA,EQ,126.94,-1.77,2498.12,4.7,5.92
CYIENTDLM,EQ,299.55,-1.2,2377.36,1.95,5.9
CHEMPLASTS,EQ,226,-5.23,3573.28,2.61,5.89
NUVOCO,EQ,305.85,-3.75,10923.62,1.91,5.86
SALZERELEC,EQ,603.15,-4.71,1066.53,0.96,5.86
LOWVOLIETF,EQ,21.92,-1.66,3610.3,26.61,5.82
CAPACITE,EQ,220.2,-4.84,1862.98,2.59,5.82
PGHL,EQ,4860,-2.56,8067.3,0.12,5.82
SUPRIYA,EQ,616.15,-3.06,4958.95,0.93,5.82
ORIENTCEM,EQ,147.09,-2.29,3022.11,3.97,5.81
SAREGAMA,EQ,316.8,-3.65,6108.2,1.82,5.79
BANKETF,EQ,596.63,-1.74,251.67,0.97,5.76
EPACKPEB,EQ,166,-3.84,1667.5,3.41,5.76
NRBBEARING,EQ,254.8,-4.44,2469.59,2.21,5.73
MOTISONS,EQ,14.45,-4.24,1422.54,39.27,5.73
POKARNA,EQ,865,-3.02,2681.85,0.65,5.73
SANDHAR,EQ,499,-1.06,3003.52,1.14,5.72
CEINSYS,EQ,899.5,-3.75,1604.81,0.63,5.69
GOCOLORS,EQ,306,-0.52,1652.67,1.86,5.68
CENTURYPLY,EQ,695,-4.76,15441.02,0.81,5.65
JAICORPLTD,EQ,99.95,-4.84,1754.17,5.62,5.65
QUADFUTURE,EQ,275,-2.96,1100,2.02,5.64
IONEXCHANG,EQ,348,-1.82,5104,1.62,5.63
ANDHRSUGAR,EQ,72.88,-0.6,987.78,7.55,5.63
IMAGICAA,EQ,39.8,-3.93,2252.13,13.96,5.62
SANOFI,EQ,3840,-0.51,8843.76,0.15,5.61
GMBREW,EQ,957,-2.18,2186.45,0.58,5.59
SRM,EQ,405.05,-2.85,929.35,1.36,5.58
MOM30IETF,EQ,30.72,-2.23,561.54,18.25,5.57
DAMCAPITAL,EQ,139.8,-2.86,988.19,3.94,5.53
CARYSIL,EQ,851.15,-2.94,2420.89,0.64,5.52
ASKAUTOLTD,EQ,382.65,-4.36,7543.66,1.42,5.49
IRBINVIT,IV,61,-0.52,7817.76,8.97,5.48
GLOBUSSPR,EQ,838,-2.29,2427.86,0.65,5.46
GHCL,EQ,460.3,-1.8,4231.73,1.19,5.44
UGROCAP,EQ,102.75,-5.09,1469.22,5.19,5.43
TVSSCS,BE,110,-2.36,4852.98,4.9,5.41
MBEL,EQ,287,-1.73,1640.15,1.86,5.36
MOM100,EQ,61.26,-2.33,756.74,8.73,5.36
VGUARD,EQ,300,-3.72,13102.64,1.78,5.34
SSWL,EQ,195.67,-4.92,3075.55,2.7,5.34
BHARATWIRE,EQ,165.51,-5.28,1135.14,3.18,5.33
NIACL,EQ,137.35,-3.63,22635.28,3.83,5.29
GODREJAGRO,EQ,596,-1.96,11462.81,0.88,5.28
GULFOILLUB,EQ,1035,-3.51,5112.91,0.5,5.27
RHETAN,EQ,25.34,-0.71,2019.28,20.7,5.27
SUBROS,EQ,720.8,-4.16,4702.19,0.72,5.27
AWHCL,EQ,479.3,-0.42,1360.35,1.11,5.26
FABTECH,EQ,142.95,-3.17,635.42,3.63,5.24
HDFCNIFBAN,EQ,60.33,-1.73,5749.15,8.71,5.24
PVTBANIETF,EQ,28.06,-1.61,3029.96,18.62,5.23
HCG,EQ,550,-1.78,7755.42,0.94,5.22
BAJAJHCARE,EQ,320.3,-1.2,1011.61,1.63,5.21
RAMRAT,EQ,328,-0.36,3060.28,1.58,5.21
PFIZER,EQ,4840,-1.46,22141.9,0.11,5.21
RAMCOSYS,EQ,429.5,-2.57,1608.06,1.21,5.21
STOVEKRAFT,EQ,489.2,-1.29,1619.61,1.05,5.16
VMART,EQ,531.3,-4.11,4221.62,0.96,5.16
SILVERBND,EQ,269.49,-6.33,14.2,1.93,5.15
BALAMINES,EQ,1044.9,-2.07,3385.58,0.49,5.11
SANGHVIMOV,EQ,246,-2.48,2129.77,2.05,5.08
HPL,EQ,309,-4.59,1986.89,1.62,5.07
SERVOTECH,EQ,67.25,-4.17,1518.81,7.48,5.04
GAUDIUMIVF,BE,81,-2.08,589.57,6.28,5.04
DCW,EQ,44.66,-4.12,1318.16,11.23,5.03
MSTCLTD,EQ,439,-2.5,3090.56,1.14,5.02
ICEMAKE,EQ,820,-1.01,1293.94,0.61,5
GTPL,EQ,57.85,-0.31,650.6,8.57,5
MAITHANALL,EQ,954,-4.04,2777.24,0.52,5
SILVERTUC,EQ,1318,-3.77,1671.36,0.38,5
ZYDUSWELL,EQ,376.8,-0.57,11988.3,1.32,4.98
RAYMONDREL,EQ,407.1,-3.36,2710.22,1.21,4.98
SIGACHI,EQ,19.45,-1.87,743.22,25.7,4.98
SEAMECLTD,EQ,1335,-0.9,3394.24,0.37,4.96
MID150CASE,EQ,10.56,-1.95,195.57,47.1,4.95
TAJGVK,EQ,333,-3.42,2087.96,1.48,4.95
NEOGEN,EQ,1360,-1.51,3587.91,0.37,4.93
EMSLIMITED,EQ,272.2,-3.63,1511.55,1.77,4.89
PARKHOTELS,EQ,116.65,-2.83,2489.01,4.13,4.85
SWARAJENG,EQ,3463.9,-0.78,4208.59,0.14,4.85
MOL,EQ,49.04,-2.62,1247.16,9.87,4.84
KALAMANDIR,EQ,107.79,-0.91,1653.13,4.5,4.84
GROWWDEFNC,EQ,80.9,-1.23,274.11,5.89,4.79
NOCIL,EQ,134.01,-3.12,2238.3,3.53,4.78
ARMANFIN,EQ,1465,-3.71,1540.14,0.32,4.75
DELTACORP,EQ,58.15,-2.02,1557.09,8.13,4.74
GREENPOWER,EQ,9.12,-3.08,1069.8,51.89,4.73
BSE500IETF,EQ,37.88,-2.02,335.33,12.45,4.71
EBBETF0430,EQ,1569.01,-0.18,25178.24,0.3,4.69
SAKSOFT,EQ,130.26,-4.21,1726.61,3.49,4.69
ALPEXSOLAR,SM,720,-0.3,1839.1,0.66,4.67
MAYURUNIQ,EQ,515.5,-2.96,2239.98,0.9,4.67
GOKULAGRO,EQ,156,-2.79,4603.35,2.94,4.62
SHAREINDIA,EQ,123.2,-2.26,2679.5,3.72,4.62
LANDMARK,EQ,380,-6.35,1575.67,1.2,4.62
MONIFTY500,EQ,22.85,-1.93,206.34,20.17,4.61
EUROPRATIK,EQ,234,-4.9,2391.48,1.92,4.61
DHANUKA,EQ,988,-2.36,4453.74,0.46,4.61
COSMOFIRST,EQ,674,-2.01,1769.23,0.68,4.59
ADVAIT,EQ,1526.2,-5.6,1669.17,0.29,4.59
NIBE,EQ,985.8,-1.03,1429.54,0.46,4.58
PROSTARM,EQ,133.5,-4.68,785.98,3.37,4.56
SIYSIL,EQ,515.05,-1.12,2336.79,0.87,4.55
HLEGLAS,EQ,313,-2.64,2173.93,1.46,4.54
MTNL,EQ,26.92,-4.64,741.97,16.72,4.52
RPEL,EQ,645.95,-5.71,2965.68,0.69,4.51
KROSS,EQ,186,-3.92,1199.88,2.38,4.5
MICEL,EQ,33.5,-4.69,807.39,13.26,4.48
GNA,EQ,412.55,-3.8,1771.11,1.07,4.47
PITTIENG,EQ,859,-3.86,3234.44,0.52,4.46
VSTIND,EQ,223,-2.62,3787.9,1.98,4.45
DYCL,EQ,279.9,-3.78,1356.36,1.58,4.44
PSPPROJECT,EQ,686.3,-3.7,2720.62,0.64,4.44
JAYBARMARU,EQ,97.01,-8.17,1050.13,4.44,4.41
SUVEN,EQ,134,-5.63,3108.15,3.23,4.41
MIDWESTLTD,EQ,1163,-4.78,4205.5,0.37,4.39
SOLARA,EQ,460,-0.29,1663.95,0.94,4.38
SHOPERSTOP,EQ,294,-2.97,3237.45,1.49,4.35
METROBRAND,EQ,986,-3.06,26866.28,0.44,4.35
INFRABEES,EQ,946,-1.79,168.83,0.46,4.34
RAJESHEXPO,BZ,131.69,-5,3888.28,3.28,4.33
GATEWAY,EQ,55.74,-1.87,2785.01,7.74,4.33
OPTIEMUS,EQ,379.8,-4.74,3368.4,1.13,4.32
SPARC,EQ,123.1,-2.24,3994.59,3.5,4.32
HIMATSEIDE,EQ,92.25,-4.81,1159.97,4.61,4.32
MARKOLINES,EQ,158.99,-0.45,350.43,2.71,4.31
SHARDAMOTR,EQ,856.3,-4.46,4915.82,0.5,4.3
SDBL,EQ,78.1,-1.03,1525.11,5.5,4.3
GALLANTT,EQ,543,-4.44,13101.56,0.79,4.3
JGCHEM,EQ,348.15,-6.26,1364.26,1.21,4.29
NEPHROPLUS,EQ,558.5,-4.18,5604.03,0.76,4.29
SPLPETRO,EQ,654,-3.48,12297.9,0.65,4.29
BALMLAWRIE,EQ,170.33,-3.79,2912.71,2.46,4.23
DIGITIDE,EQ,88.5,-4.15,1318.75,4.69,4.22
FCL,EQ,22.04,-3.88,2525.23,18.91,4.21
WELENT,EQ,453,-3.59,6270.15,0.92,4.21
JUNIPER,EQ,207.98,-1.62,4627.6,2.01,4.18
APLLTD,EQ,696.45,-1.25,13689.64,0.6,4.15
MOSMALL250,EQ,15.36,-1.92,158.82,27.02,4.14
ALKYLAMINE,EQ,1395,-2.98,7134.6,0.29,4.11
KDDL,EQ,2425.1,-0.76,2982.7,0.17,4.1
SCODATUBES,EQ,123.26,-5.92,738.44,3.28,4.08
AFIL,EQ,7.15,-0.28,305.13,56.63,4.08
RACLGEAR,EQ,1374,-0.51,1619.68,0.3,4.07
MOCAPITAL,EQ,45.24,-0.57,123.51,9.15,4.07
WEWORK,EQ,470,-2.03,6299.09,0.87,4.04
IBULLSLTD,EQ,9.64,-4.08,2240.7,41.7,4.04
DENTA,EQ,237,-1.8,632.79,1.67,4.02
IOLCP,EQ,70.8,-0.8,2078.17,5.76,4.02
PRSMJOHNSN,EQ,126.4,-0.13,6362.43,3.18,3.99
PSUBANK,EQ,933,-3.21,2547.31,0.43,3.99
BANKBETA,EQ,60.63,-1.62,3921.55,6.52,3.94
RAJRATAN,EQ,399,-3.48,2025.76,0.98,3.94
JSWHL,EQ,16011,-2.1,17771.61,0.02,3.93
BEPL,EQ,77.96,-3.05,1940.1,5,3.93
TIRUMALCHM,EQ,179,-4.49,2157.89,2.17,3.92
CONSUMBEES,EQ,125.99,-0.43,193.21,3.16,3.91
INGERRAND,EQ,3786.7,-3.44,11953.85,0.1,3.9
UNIMECH,EQ,842,-2.17,4282.15,0.46,3.9
ORKLAINDIA,EQ,573,-1.33,7849.48,0.68,3.89
SUDEEPPHRM,EQ,580.7,-2.65,6558.93,0.66,3.88
GROWWRAIL,EQ,30.49,-3.73,131.21,12.59,3.87
SGBDE31III,GB,16589,-2.24,20083.98,0.02,3.86
ZUARI,EQ,209.1,-3.47,879.43,1.83,3.86
CEIGALL,EQ,271,-1.51,4720.95,1.43,3.86
EXCELSOFT,EQ,78.5,-2.59,903.41,4.89,3.85
MASFIN,EQ,305.1,-3.25,5536.14,1.26,3.84
EUREKAFORB,EQ,444,-3.1,8587.12,0.86,3.84
ICRA,EQ,5545,-2.83,5351.61,0.07,3.83
GUJTHEM,EQ,284,-4.09,3094.61,1.32,3.76
MAMATA,EQ,411.1,-2.77,1011.63,0.9,3.75
HARIOMPIPE,EQ,349,-2.6,1080.76,1.07,3.73
SKMEGGPROD,EQ,160.75,-1.85,846.51,2.32,3.72
EKC,EQ,104.15,-4.34,1168.64,3.52,3.71
JARO,EQ,421,-4.21,932.78,0.87,3.71
WAAREEINDO,BE,321.15,-2.59,1336.1,1.16,3.71
BAJEL,EQ,146.7,-5.53,1697.12,2.48,3.7
DOLPHIN,EQ,387,-2.15,1548.18,0.95,3.69
ALLCARGO,EQ,7.97,-0.99,1193.73,46.4,3.67
SFL,EQ,533,-3.83,5794.28,0.68,3.67
VINATIORGA,EQ,1372,-2.87,14222.92,0.27,3.66
PURPLEUTED,SM,280,-3.68,269.07,1.31,3.65
JNKINDIA,EQ,224.71,-4.61,1257.34,1.61,3.64
HDFCNEXT50,EQ,68.49,-2.28,141.93,5.35,3.64
REPCOHOME,EQ,360.1,-2.75,2252.83,1.01,3.64
NIFTYCASE,EQ,9.77,-1.31,21.29,37.29,3.63
ASIANENE,EQ,289.5,-1.16,1296.22,1.24,3.63
VENTIVE,EQ,699,-1.74,16324.56,0.52,3.62
HIRECT,EQ,1313.1,-3.01,2256.41,0.27,3.61
KCP,EQ,155.2,-3.13,2000.86,2.29,3.61
PSUBNKIETF,EQ,94.3,-3.09,128.5,3.76,3.54
MAHKTECH,EQ,23.47,-1.47,454.64,15.13,3.53
KOLTEPATIL,EQ,334.25,-2.82,2964.13,1.05,3.52
GPTINFRA,EQ,117,-2.48,1478.47,3,3.5
RAMASTEEL,EQ,6.65,-1.04,1087.61,53.22,3.49
VPRPL,EQ,41.5,-1.38,517.27,8.46,3.47
MACPOWER,EQ,945.1,-4.98,945.49,0.36,3.47
FISCHER,EQ,36.37,-1.94,2358.65,9.64,3.46
KIOCL,EQ,307.3,-5.15,18676.19,1.1,3.44
DAVANGERE,EQ,4,-0.25,572,85.89,3.44
CRIZAC,EQ,230.84,-0.28,4039.3,1.5,3.44
KSL,EQ,706.8,-3.2,3085.4,0.49,3.44
GANESHCP,EQ,185.05,-0.35,747.84,1.85,3.42
INDOTECH,EQ,1408,-5.67,1495.3,0.24,3.42
DLINKINDIA,EQ,392.6,-3.24,1393.92,0.87,3.42
SILVER360,EQ,263,-6.68,55.13,1.3,3.42
METROPOLIS,EQ,1845.5,-0.72,9565.58,0.19,3.42
TBZ,EQ,138.1,-2.33,921.55,2.48,3.41
GTLINFRA,EQ,1.1,-2.65,1398.83,309.81,3.41
MIDSMALL,EQ,45.49,-2.24,374.69,7.48,3.4
AONEGOLD,EQ,15.16,-2.82,85.75,22.49,3.4
AIMTRON,SM,726.5,-3.17,1497.26,0.47,3.4
JTEKTINDIA,EQ,130,-6.2,3605.06,2.57,3.37
BHARATSE,EQ,172.99,-4.36,1086.38,1.92,3.37
CARRARO,EQ,500,-1.28,2842.58,0.67,3.36
EBBETF0433,EQ,1276.35,-0.11,6402.16,0.26,3.36
DPABHUSHAN,EQ,1078.9,-6.3,2462.9,0.31,3.35
EBGNG,EQ,348.2,-4.99,3969.88,0.96,3.34
SAHANA,SM,970,-2.85,857.2,0.34,3.34
GARFIBRES,EQ,615.1,-2.59,6105.84,0.54,3.33
NAVKARCORP,EQ,88,-0.8,1324.57,3.72,3.33
UNIVCABLES,EQ,668,-2.49,2317.65,0.49,3.29
GREENLAM,EQ,230.6,-0.69,5883.71,1.41,3.28
ZOTA,EQ,1194,-2.08,4032.6,0.27,3.28
HDFCMID150,EQ,21.32,-2.02,147.83,15.36,3.26
SANGHIIND,EQ,56.27,-4.17,1453.6,5.76,3.26
VMARCIND,SM,670,-1.62,1636.19,0.48,3.26
SGFIN,EQ,377.9,-1.41,2112.27,0.85,3.26
NAVNETEDUL,EQ,137.22,-3.27,3035.49,2.34,3.25
SHRIRAMPPS,EQ,75,-1.9,1279.91,4.34,3.25
KSHINTL,EQ,370,-2.59,2506.96,0.88,3.24
SPIC,EQ,65.4,-3.08,1331.81,4.91,3.23
BHARATRAS,EQ,1419,-3.11,2358.53,0.23,3.22
BALAJITELE,EQ,93.15,-7.05,1134.19,3.33,3.2
SGBSEP31II,GB,16371,-2.52,19111.44,0.02,3.19
INFRAIETF,EQ,94.28,-1.74,385.47,3.41,3.18
ROSSARI,EQ,475,-2.06,2630.71,0.67,3.17
VASCONEQ,EQ,34.8,-5.77,795.76,8.93,3.16
INDNIPPON,EQ,789,-2.81,1784.83,0.4,3.15
SRTL,BE,67.83,-5,271.15,4.52,3.15
MUTHOOTMF,EQ,157.01,-3.46,2676.9,1.96,3.12
NPST,EQ,1038,-3.55,2164.3,0.29,3.11
AONESILVER,EQ,10.1,-8.43,5.5,29.9,3.11
NACLIND,EQ,121.6,-4.99,2845.6,2.53,3.1
RPTECH,EQ,349.2,-2.18,2301.22,0.89,3.09
INDOFARM,EQ,130.8,-1.28,628.51,2.37,3.06
EXICOM,EQ,88.5,-3.36,1230.86,3.43,3.06
KARNIKA,SM,110.5,-6.59,685.07,2.72,3.04
PANACEABIO,EQ,317,-2.88,1941.65,0.95,3.04
GOLDBND,EQ,161.28,-3.85,11.47,1.87,3.03
RELAXO,EQ,325,-1.53,8090.5,0.92,3.01
CANTABIL,EQ,256.1,-0.62,2141.97,1.17,3
PLATIND,EQ,205.5,-1.13,1128.71,1.46,3
RAJOOENG,EQ,58,-3.91,1036.32,5.06,2.96
IZMO,BE,670,-4.94,1002.49,0.44,2.95
MANINFRA,EQ,99.54,-2.71,4018.1,2.94,2.94
MCLEODRUSS,EQ,38.57,-2.13,402.89,7.67,2.94
ELLEN,EQ,219,-3.21,3086.49,1.33,2.93
WENDT,EQ,6630,-1.27,1326,0.04,2.93
FDC,EQ,369.8,-0.6,6020.72,0.79,2.92
PRINCEPIPE,EQ,236.5,-3.21,2614.77,1.23,2.9
STYL,EQ,230,-4.7,3721.53,1.21,2.86
MPSLTD,EQ,1428.3,-2.29,2443.22,0.2,2.85
RIIL,EQ,669.3,-1.96,1010.64,0.43,2.85
MCLOUD,EQ,22.9,-3.9,1348.96,12.43,2.85
SUYOG,EQ,675,-2.47,790.91,0.43,2.82
CLSEL,EQ,249,-4.23,1238.17,1.13,2.82
ALEMBICLTD,EQ,86.99,-2.13,2233.75,3.26,2.81
IPL,EQ,152.4,-1.51,1755.09,1.82,2.81
ROSSTECH,EQ,688.5,-4.78,2595.4,0.4,2.8
ADVANCE,EQ,111.5,-4.78,716.79,2.51,2.8
TARSONS,EQ,185.55,-4.23,987.24,1.48,2.79
SGBAUG28V,GB,16028.99,-2.62,10178.06,0.02,2.79
WESTLIFE,EQ,470,-4.93,7315.26,0.58,2.79
EVEREADY,EQ,320.05,-1.17,2326.36,0.86,2.78
NIF100BEES,EQ,267.1,-1.43,314.83,1.05,2.78
SAATVIKGL,EQ,342.85,-3.35,4357.8,0.81,2.78
DECCANCE,EQ,688,-4.5,963.72,0.4,2.78
MMFL,EQ,430.6,-4.46,2079.01,0.64,2.77
PARACABLES,EQ,33.29,-2.52,1016.04,8.34,2.77
KAMDHENU,EQ,21.78,-3.93,613.94,12.57,2.76
VEEDOL,EQ,1320,-1.9,2299.97,0.21,2.76
SGBJUN31I,GB,16463,-1.91,12790.58,0.02,2.76
SPANDANA,EQ,237.4,-3.28,1692.78,1.15,2.75
MOS,SM,19,-3.8,489.14,15.44,2.74
WSTCSTPAPR,EQ,394.45,-2.77,2605.3,0.69,2.74
SUPRAJIT,EQ,423.5,-1.76,5809.2,0.65,2.73
GANDHAR,EQ,132.5,-3.6,1296.9,2.04,2.73
SALASAR,EQ,7.4,-2.76,1293.48,36.74,2.72
UNIPARTS,EQ,444,-1.54,2003.99,0.61,2.71
MWL,EQ,260,-3.47,772.22,1.04,2.7
MUKANDLTD,EQ,122.55,-6.86,1770.79,2.18,2.7
ARIHANTCAP,EQ,75,-1.45,822.1,3.61,2.7
SHANTIGOLD,EQ,196.4,-2.25,1415.97,1.37,2.7
AHCL,EQ,109,-2.29,579.35,2.45,2.69
SAPPHIRE,EQ,190.92,-2.89,6135.84,1.41,2.69
MONQ50,EQ,94.3,-3.34,138.39,2.82,2.68
MASPTOP50,EQ,69.52,-0.44,1172.27,3.87,2.67
JASH,EQ,392,-2.01,2465.88,0.68,2.67
KALPATARU,EQ,298,-5.1,6136.24,0.88,2.67
SGIL,EQ,500,-3.33,777.15,0.54,2.66
ALPL30IETF,EQ,27.3,-1.9,1536.7,9.76,2.66
SATIN,EQ,150,-1.64,1657.06,1.77,2.66
BSLNIFTY,EQ,28.54,-1.62,3199.84,9.32,2.65
GIPCL,EQ,133.02,-2.66,2064.68,1.98,2.64
FOSECOIND,EQ,5102,-5,3845.51,0.05,2.63
SGBFEB32IV,GB,17288,-1.82,22105.85,0.02,2.62
CEWATER,EQ,275,-4.6,569.15,0.93,2.6
LUXIND,EQ,860,-3.04,2586.16,0.3,2.59
WHEELS,EQ,866,-1.21,2115.9,0.3,2.59
ANONDITA,SM,719,-4.13,1300.43,0.36,2.59
NUCLEUS,EQ,768,-0.13,2021.78,0.34,2.59
SML100CASE,EQ,9.26,-1.7,39.43,27.88,2.57
LINCOLN,EQ,618.85,-0.03,1239.54,0.41,2.56
ESABINDIA,EQ,5275,-2.58,8119.82,0.05,2.55
UTLSOLAR,EQ,174.51,-4.19,5347.18,1.45,2.54
SUNFLAG,EQ,235.35,-3.44,4241.46,1.06,2.53
GEOJITFSL,EQ,60,-2.83,1674.73,4.2,2.53
FILATEX,EQ,40.75,-3.05,1809.54,6.13,2.52
BAJAJELEC,EQ,358,-0.9,4130.91,0.7,2.52
SURAJEST,EQ,207.6,-2.91,991.78,1.19,2.5
BELLACASA,EQ,260.3,-6.99,348.48,0.91,2.49
DOLLAR,EQ,265.85,-3.12,1507.8,0.94,2.49
YASHO,EQ,1550,-1.05,1868.85,0.16,2.49
DSSL,EQ,869.9,-2.41,1106.98,0.28,2.48
ARKADE,EQ,111,-1.51,2060.87,2.23,2.47
GKSL,EQ,109.5,-0.82,863.33,2.25,2.46
NIITLTD,EQ,65.66,-3.91,895.5,3.71,2.45
NIF100IETF,EQ,27.9,-2.17,150.82,8.78,2.45
STLNETWORK,EQ,19.31,-3.4,942.22,12.46,2.43
QUESS,EQ,188.74,-1.6,2816.33,1.27,2.41
HUHTAMAKI,EQ,169.9,-0.93,1283.12,1.43,2.41
POLYSIL,ST,190.2,-4.9,428.05,1.24,2.4
DIFFNKG,EQ,243.1,-2.9,909.83,0.98,2.39
ESTER,EQ,97.08,-3.37,947.37,2.45,2.38
ORISSAMINE,EQ,3882,-2.41,2329.2,0.06,2.37
COMMOIETF,EQ,98,-2.36,114.81,2.43,2.37
SIS,EQ,297,-2.54,4195.02,0.8,2.37
FINIETF,EQ,30.63,-2.73,265.76,7.72,2.37
MARATHON,EQ,418.3,-0.36,2820.2,0.56,2.34
KINGFA,EQ,4091.5,-4.4,5544.55,0.06,2.33
HNDFDS,EQ,482,-0.12,5759.02,0.49,2.32
PAUSHAKLTD,EQ,415.3,-4.61,1024,0.55,2.31
ALPHAETF,EQ,24.43,-2.51,387.7,9.45,2.3
SIGMAADV,EQ,155.6,-4.42,2742.29,1.46,2.3
MAXESTATES,EQ,392.95,-2.17,6422.59,0.59,2.3
NGLFINE,EQ,2290,-4.67,1414.77,0.1,2.29
PRECAM,EQ,125,-5.04,1187.32,1.8,2.29
TINNARUBR,EQ,643,-5.45,1158.41,0.35,2.27
PNBGILTS,EQ,76.9,-0.85,1384.28,2.96,2.27
WAKEFIT,EQ,183.48,-0.32,5996.65,1.23,2.26
SCILAL,EQ,43.12,-2.62,2008.53,5.18,2.24
COFFEEDAY,EQ,28.38,-2.17,599.53,7.91,2.24
ELECTHERM,EQ,660,-5.87,841.03,0.33,2.23
ABSLBANETF,EQ,59.99,-1.95,2820.94,3.71,2.22
PFS,EQ,28.21,-3.19,1811.88,7.78,2.2
XPROINDIA,EQ,883.55,-4.83,2073.73,0.25,2.19
GULPOLY,EQ,153.41,-0.38,956.83,1.43,2.19
KKCL,EQ,475.85,-2.63,2932.43,0.46,2.18
SOLARWORLD,EQ,179.25,-4.1,1553.61,1.2,2.18
BRIGHOTEL,EQ,57.25,-3.93,2174.6,3.76,2.16
SYNCOMF,EQ,12.19,-0.97,1145.86,17.85,2.15
SASKEN,EQ,1112.5,-0.08,1689.49,0.19,2.14
HEIDELBERG,EQ,154.8,-3.03,3507.97,1.37,2.14
CHEMICAL,EQ,27.13,-1.2,49.25,7.93,2.13
JPASSOCIAT,BE,2.6,-4.76,637.98,81.43,2.12
WINDLAS,EQ,740,-1.51,1559.72,0.28,2.11
IFBAGRO,EQ,791.45,-3.65,741.36,0.27,2.11
GRINDWELL,EQ,1595,-1.64,17659.84,0.13,2.1
GROWWPOWER,EQ,10.16,-1.93,105.7,20.8,2.1
704GS2029,GS,103.92,-0.08,91449.6,2.02,2.1
HDFCSENSEX,EQ,89.75,-0.81,951.65,2.33,2.07
SMALL250,EQ,15.25,-2.37,25.83,13.46,2.05
ADFFOODS,EQ,190.55,-1.64,2093.45,1.07,2.04
SPUNWEB,SM,101.1,-2.13,243.69,1.97,2.02
MONTECARLO,EQ,527,-3.51,1092.58,0.38,2.02
EXPLEOSOL,EQ,741,-2.63,1150.01,0.27,2.01
AURUM,EQ,163.25,-3.69,1244.33,1.2,2.01
SGBMAY29I,GB,16083,-2.53,8554.5,0.01,2.01
C2C,SM,330,-2.34,559.96,0.6,1.99
TCC,EQ,383,-10.82,1820.32,0.48,1.98
CONFIPET,EQ,30.06,-1.02,998.72,6.57,1.97
AGARIND,EQ,502.5,-5.42,751.63,0.38,1.97
SHALBY,EQ,147,-1.8,1587.74,1.34,1.96
TTKPRESTIG,EQ,490.5,-2.13,6717.45,0.4,1.96
ORIENTHOT,EQ,94.1,-4.31,1680.62,2.05,1.95
TEAMLEASE,EQ,1185,-0.85,1987.11,0.16,1.94
NITCO,EQ,69.74,-1.84,1597.86,2.81,1.93
PRIZOR,SM,369.8,-0.03,395.36,0.51,1.93
HATHWAY,EQ,10.14,-1.65,1794.89,19.09,1.93
ALLDIGI,EQ,776.95,-3.71,1183.94,0.25,1.93
ASHWINI,SM,144,-0.69,216,1.35,1.92
SETL,EQ,119.4,-2.53,2381.93,1.61,1.92
MUTHOOTCAP,EQ,209.9,-8.17,345.23,0.88,1.91
TECHERA,SM,184.5,-2.82,304.81,1.04,1.91
ASALCBR,EQ,762.25,-2.49,1446.69,0.25,1.91
KRISHANA,EQ,465.95,-1.31,2880.86,0.41,1.91
DEN,EQ,27.14,-0.4,1295.19,7.1,1.9
MAKEINDIA,EQ,154.22,-2.53,242.82,1.22,1.89
INNOVACAP,EQ,653,-1.7,3736.79,0.29,1.88
RAMKY,EQ,430.05,-3.04,2975.85,0.43,1.87
AUTOIETF,EQ,27.73,-2.15,183.34,6.75,1.86
LAOPALA,EQ,195.12,-1.5,2165.83,0.96,1.85
NIFTYADD,EQ,256.4,-1.48,209.02,0.72,1.85
TIRUPATIFL,EQ,37.05,-2.99,453.05,4.95,1.84
UDS,EQ,151,-1.31,1010.99,1.22,1.83
MIDCAP,EQ,16.66,-1.65,170.74,11.06,1.83
UNITECH,EQ,4.87,-2.21,1273.33,37.46,1.82
RISHABH,EQ,389,-4.74,1497.55,0.47,1.82
TVSSRICHAK,EQ,3728.6,-2.76,2855.01,0.05,1.81
SUPREMEINF,BZ,79.83,-1.86,772.24,2.27,1.8
KECL,EQ,81.25,-4.67,539.61,2.19,1.79
SSEGL,SM,344,-3.1,893.66,0.52,1.79
DHANBANK,EQ,23.25,-1.44,917.67,7.67,1.79
ADSL,EQ,108.64,-3.73,613.97,1.63,1.79
MEIL,EQ,237.2,-0.64,655.39,0.75,1.79
KOPRAN,EQ,122.5,-3.28,591.52,1.45,1.79
STUDDS,EQ,508.5,-0.32,2001.12,0.35,1.77
RELTD,EQ,137.2,-3.69,2449.77,1.28,1.77
LEMERITE,EQ,447,-0.37,1119,0.39,1.74
ARIES,EQ,333,-0.36,433.04,0.53,1.73
VAKRANGEE,EQ,6.12,-1.61,662.91,28.66,1.73
GREENPANEL,EQ,198,-2.64,2428.02,0.87,1.72
SMARTWORKS,EQ,380.75,-4.86,4350.53,0.44,1.71
MOENERGY,EQ,35.66,-2.81,51.35,4.76,1.71
HATSUN,EQ,905.1,-0.98,20160.95,0.19,1.7
ROTO,EQ,55,-1.63,1036.45,3.11,1.7
SUBEXLTD,EQ,8.5,-2.86,477.7,19.78,1.7
MONARCH,EQ,259.8,-3.4,2059.39,0.65,1.7
GHCLTEXTIL,EQ,72.52,-1.4,693.19,2.33,1.69
SUNCLAY,EQ,1335.1,-3.63,2943.38,0.13,1.69
DANISH,SM,639.95,-3.78,1260.16,0.26,1.68
TCI,EQ,952,-2.54,7304.41,0.17,1.68
DISHTV,EQ,2.63,-1.87,484.25,64.1,1.67
BGRENERGY,BE,294.2,-4.99,2122.99,0.56,1.67
GOLD360,EQ,157.9,-3.13,151.25,1.06,1.67
20MICRONS,EQ,167.5,-1.57,591.05,1,1.66
ASHIANA,EQ,311.25,-3.7,3128.84,0.53,1.66
SAHASRA,SM,233.15,-4.39,582.71,0.71,1.66
ZUARIIND,EQ,247.5,-3.57,737.08,0.66,1.63
GICHSGFIN,EQ,149.87,-1.32,807.07,1.09,1.62
OSIAHYPER,EQ,7.82,-4.63,128.7,20.04,1.61
IVALUE,EQ,226.25,-0.19,1235.66,0.71,1.61
KIRLOSIND,EQ,2804.4,-0.89,2947.25,0.06,1.6
TALBROAUTO,EQ,243.45,-3.93,1502.77,0.65,1.6
HEALTHIETF,EQ,151.99,-0.3,152.31,1.06,1.59
TNPETRO,EQ,87,-4.46,782.75,1.79,1.59
ARVSMART,EQ,509.8,-1.24,2338.3,0.31,1.57
JPOLYINVST,EQ,1120,-4.08,1177.34,0.14,1.57
KRYSTAL,EQ,589.05,-1.96,823.02,0.27,1.57
PPL,EQ,195.5,-1.88,467.6,0.8,1.56
CORONA,EQ,1550,-1.9,9479.81,0.1,1.56
QUICKHEAL,EQ,157,-1.95,851.18,0.98,1.55
KSOLVES,EQ,289.35,-0.07,686.11,0.54,1.55
LGHL,EQ,280,-4.96,1402.59,0.55,1.55
DEFENCE,EQ,66.7,-1.08,33.45,2.32,1.55
SINTERCOM,EQ,86,-3.93,236.74,1.73,1.54
JAGRAN,EQ,61.9,-1.61,1347.28,2.47,1.54
DIAMONDYD,EQ,1005,-1.22,2402.31,0.15,1.54
UNICHEMLAB,EQ,316,-4.13,2224.82,0.48,1.54
SARTELE,SM,199,-2.28,937.44,0.77,1.52
IKIO,EQ,134.5,-3.04,1039.43,1.12,1.52
SOMANYCERA,EQ,378,-2.67,1550.28,0.4,1.52
NSIL,EQ,5602,-3.61,2877.28,0.03,1.52
TCIEXP,EQ,507.5,-2.27,1949.76,0.29,1.5
KRMAYURVED,SM,195,-1.02,414.59,0.77,1.49
HMAAGRO,EQ,24.7,-2.02,1236.9,6.1,1.49
ORICONENT,EQ,65,-3.07,1020.81,2.25,1.49
RADHIKAJWE,EQ,60.3,-3.6,711.54,2.44,1.48
BOROSCI,EQ,102.02,-0.8,907.44,1.45,1.48
TASTYBITE,EQ,6983,-0.84,1791.84,0.02,1.47
AEROENTER,EQ,73.87,-2.15,835.36,1.98,1.47
HARSHA,EQ,355,-1.02,3232.07,0.41,1.46
INDUSINVIT,IV,126,-0.54,5581.03,1.14,1.44
OSWALGREEN,EQ,24.77,-4.07,636.12,5.76,1.44
ONWARDTEC,EQ,257.1,-3.38,584.91,0.55,1.43
ADVENTHTL,EQ,187.99,-0.13,1014.07,0.77,1.42
GOCLCORP,EQ,247,-1.93,1224.44,0.58,1.42
MANALIPETC,EQ,51.54,-3.91,886.48,2.72,1.41
MAANALU,BE,131.15,-4.55,709.32,1.07,1.41
ROHLTD,EQ,336,-3.16,921.49,0.42,1.41
NEXT50BETA,EQ,72.4,-1.95,2199.99,1.96,1.41
AXISVALUE,EQ,33.11,-2.5,25.72,4.26,1.41
GILT5YBEES,EQ,64.37,-0.03,246.89,2.18,1.4
HINDWAREAP,EQ,206.3,-6.15,1725.62,0.66,1.4
AYMSYNTEX,EQ,200,-0.28,1171.62,0.69,1.39
HDFCNIF100,EQ,25.78,-2.39,72.41,5.39,1.39
MINDTECK,EQ,191.85,-6.94,613.04,0.71,1.39
CUBEXTUB,EQ,96.89,-4.94,138.74,1.41,1.39
IRMENERGY,EQ,221.9,-2.26,911.11,0.62,1.38
NDTV,EQ,77.09,-2.61,869.77,1.77,1.38
BOROLTD,EQ,226.11,-1.18,2703.87,0.61,1.38
DBCORP,EQ,213.9,-2.38,3812.6,0.64,1.38
ITDC,EQ,485.9,-2.08,4167.54,0.28,1.37
SGBJU29III,GB,16040,-2.79,2372.69,0.01,1.37
SNOWMAN,EQ,37.01,-4.69,618.39,3.61,1.36
SGBAPR28I,GB,16020,-2.56,2840.14,0.01,1.36
CENTENKA,EQ,412,-2.96,900.24,0.33,1.35
FMGOETZE,EQ,387.05,-1.58,2153.24,0.35,1.34
PIXTRANS,EQ,1426,-1.76,1942.95,0.09,1.34
BLUSPRING,EQ,49.25,-2.24,734.48,2.66,1.34
PDMJEPAPER,EQ,76.81,-3.26,729.31,1.74,1.34
IRISDOREME,EQ,31.35,-0.48,596.69,4.25,1.34
BANARISUG,EQ,3600,-0.03,4514.29,0.04,1.33
SUNDROP,EQ,620,-2.34,2337.2,0.21,1.33
IGARASHI,EQ,338,-2.97,1063.86,0.39,1.33
THEJO,EQ,1575,-3.84,1708.43,0.08,1.33
MVGJL,EQ,153.95,-2.54,752.01,0.85,1.31
IGPL,EQ,328,-5.6,1010.07,0.4,1.31
HDFCPSUBK,EQ,94,-3.35,33.11,1.39,1.31
STERTOOLS,EQ,205.05,-4.31,741.96,0.63,1.3
PANAMAPET,EQ,269.55,-1.06,1630.6,0.47,1.29
VINDHYATEL,EQ,1008,-1.61,1194.57,0.13,1.28
BANSALWIRE,EQ,245.05,-4.05,3836.4,0.52,1.28
BLKASHYAP,EQ,49.21,-2.77,1109.39,2.61,1.28
MIRCELECTR,EQ,27.62,-1.36,1020.26,4.66,1.27
EQUAL50ADD,EQ,333.5,-1.93,1131.95,0.38,1.27
SARVESHWAR,EQ,3.53,-3.29,433.74,35.67,1.26
SINDHUTRAD,EQ,23.4,-2.62,3608.11,5.42,1.25
GROWWMETAL,EQ,11.22,-3.53,33.39,11.17,1.25
GROWWNIFTY,EQ,9.9,-1.1,18.95,12.7,1.25
GUFICBIO,EQ,274,-1.63,2747.74,0.45,1.24
SANSTAR,EQ,82.22,-2.81,1498.41,1.52,1.24
JINDALPHOT,EQ,1135,-5.82,1164.32,0.11,1.24
MID150,EQ,21.4,-4.34,6.16,5.8,1.24
NDRINVIT,IV,124,-4.62,4910.55,1,1.24
REMSONSIND,EQ,107.2,-2.59,373.9,1.15,1.23
CAPINVIT,IV,69.2,-0.67,3401.54,1.77,1.22
GOPAL,EQ,283.4,-2.53,3531.8,0.43,1.22
MUFTI,EQ,82.55,-0.82,539.63,1.49,1.22
SGBMR29XII,GB,16059.73,-2.36,5188.75,0.01,1.22
TTKHLTCARE,EQ,876.8,-1.79,1238.95,0.14,1.21
VLEGOV,EQ,15.1,-5.15,163.76,7.8,1.2
SAGCEM,EQ,189.88,-0.01,2481.87,0.65,1.2
FLAIR,EQ,306,-1.92,3225.1,0.39,1.19
AONENIFTY,EQ,10.09,-1.37,16.25,11.84,1.19
HDFCMOMENT,EQ,30.55,-1.86,120.1,3.85,1.16
IVZINGOLD,EQ,13910,-4.06,777.8,0.01,1.16
URJA,EQ,8.69,-2.58,456.62,13.22,1.15
NDRAUTO,EQ,702,-4.2,1669.73,0.16,1.14
ESAFSFB,EQ,25.99,-1.66,1340.11,4.44,1.14
VIPCLOTHNG,EQ,19.01,-3.55,171.34,5.83,1.14
GLOTTIS,EQ,45.1,-2.38,416.74,2.52,1.14
ACCENTMIC,SM,331.1,-4.21,794.28,0.34,1.13
TVTODAY,EQ,118.31,-3.33,705.94,0.95,1.13
SIGNPOST,EQ,234.1,-5.76,1251.26,0.47,1.13
STEELXIND,EQ,7.93,-0.13,989.05,14.1,1.12
ABSLPSE,EQ,10.32,-3.73,23.12,10.71,1.12
BIRLANU,EQ,1471,-1.91,1109.27,0.07,1.11
UFLEX,EQ,447,-3.41,3227.85,0.24,1.09
ZEEMEDIA,BE,7.95,-1.49,497.22,13.66,1.09
SGBDE30III,GB,16244.99,-2.68,4566.48,0.01,1.08
GENCON,EQ,43.35,-4.49,247.04,2.44,1.08
CAPITALSFB,EQ,256.25,-1.37,1163.86,0.42,1.08
SGBSEP28VI,GB,16049,-2.47,5119.84,0.01,1.08
BANSWRAS,EQ,108,-5.26,369.71,0.99,1.07
THOMASCOTT,EQ,276,-6.88,404.9,0.38,1.07
BOSCH-HCIL,EQ,1334,-2.45,3627.26,0.08,1.07
PSUBANKADD,EQ,94.24,-2.83,246.46,1.13,1.06
BORANA,BE,366.7,-1.83,977.08,0.29,1.06
BMWVENTLTD,EQ,57.2,-2.27,496.01,1.86,1.05
UFO,EQ,67.5,-3.1,262,1.56,1.05
WCIL,EQ,104.5,-4.29,1065.43,0.99,1.05
BHAGERIA,EQ,151.09,-1.05,659.42,0.7,1.05
EFFWA,SM,184,-6.6,425.91,0.56,1.05
SJLOGISTIC,SM,294.3,-2.69,450.08,0.35,1.04
INSECTICID,EQ,606.1,-1.23,1763.62,0.17,1.04
SPORTKING,EQ,109.18,-1.64,1387.37,0.96,1.04
MOMOMENTUM,EQ,61.89,-0.88,121.8,1.71,1.04
SWARAJ,ST,297,-2.08,653.94,0.35,1.04
ADOR,EQ,1010,-1.74,1757.68,0.1,1.02
GROWWCAPM,EQ,9.41,-1.26,20.63,10.94,1.02
ARROWGREEN,EQ,387,-2.32,583.9,0.26,1.02
GUJALKALI,EQ,461.65,-1.81,3390.22,0.22,1.01
PILANIINVS,EQ,4375,-2.06,4844.11,0.02,1.01
SYSTANGO,SM,232,-4.43,340.32,0.44,1.01
SGBJUN29II,GB,16032,-2.51,3043.64,0.01,1.01
RBZJEWEL,EQ,118.2,-3.04,472.8,0.86,1.01
APS,SM,290,-2.55,584.64,0.35,1
ARCHIDPLY,EQ,77.05,-2.9,153.06,1.29,1
UFBL,EQ,239,-3.51,934.16,0.41,0.99
AARON,EQ,145.25,-5.02,304.25,0.71,0.99
KICL,EQ,4794,-1.18,2092.73,0.02,0.99
DREAMFOLKS,EQ,76.5,-2.88,407.51,1.28,0.99
SCHAND,EQ,151,-0.32,532.61,0.66,0.98
GALAPREC,EQ,718,-0.92,918.86,0.14,0.97
JUBLCPL,EQ,1779,-0.76,2695.63,0.05,0.95
WANBURY,BE,244,-3.69,852.52,0.39,0.95
FLYSBS,SM,445.5,-1.64,770.88,0.21,0.94
AAREYDRUGS,EQ,67.26,-3.46,190.71,1.36,0.94
RBMINFRA,SM,316.3,-3.02,319.56,0.29,0.94
SENSEXBETA,EQ,873,-1.67,52298.21,0.11,0.93
BBETF0432,EQ,1316,-0.29,10636.33,0.07,0.93
KOTHARIPET,EQ,105.23,-4.62,619.24,0.87,0.93
JINDWORLD,EQ,23.25,-2.64,2331.05,3.99,0.93
SIMPLEXINF,EQ,192,-5.26,1518.63,0.47,0.92
CSSL,SM,120,-5.14,288.57,0.75,0.92
SOUTHWEST,BE,178,-2.28,530.97,0.52,0.92
VILAS,SM,358,-4.75,876.38,0.26,0.92
GPTHEALTH,EQ,120.8,-2.71,991.22,0.76,0.92
TNPL,EQ,132,-1.13,913.58,0.7,0.92
SHREDIGCEM,EQ,66.87,-2.09,988.8,1.36,0.91
CONTROLPR,EQ,631,-2.41,1009.23,0.14,0.91
SARLAPOLY,EQ,81.4,-1.32,679.71,1.13,0.91
AXISNIFTY,EQ,269.53,-1.57,1205.39,0.34,0.91
ALLETEC,SM,149,-3.12,300.89,0.6,0.91
GROWWEV,EQ,29.5,-2.61,252.82,3.07,0.9
TAURIAN,SM,204.25,-5.83,181.44,0.44,0.9
INDOAMIN,EQ,99.9,-4.91,725.15,0.89,0.9
APCOTEXIND,EQ,359,-1.74,1861.23,0.25,0.9
CENTRUM,EQ,22.8,-4.68,1047.84,3.94,0.9
INDIQUBE,EQ,165,-4.9,3497.43,0.54,0.89
SANGAMIND,EQ,436.05,-2.73,2191,0.2,0.89
ATL,EQ,23,-4.64,671.28,3.76,0.89
ZTECH,SM,500,-0.5,722.91,0.18,0.89
HERANBA,EQ,195.1,-2.62,780.66,0.45,0.89
SGBJUL28IV,GB,15990,-2.64,6605.18,0.01,0.89
LAXMIINDIA,EQ,88.15,-2.5,460.74,1,0.89
TCPLPACK,EQ,2551,-4.34,2321.41,0.03,0.88
SPCENET,EQ,4.43,-8.47,250.78,19.74,0.88
SHREEPUSHK,EQ,306,-1.35,989.53,0.29,0.88
NCLIND,EQ,182.4,-0.86,825.05,0.48,0.88
RITCO,EQ,203.32,-4.52,581.96,0.42,0.87
BODALCHEM,EQ,45.48,-1.96,572.79,1.96,0.87
MOMIDMTM,EQ,61.25,-0.89,26.02,1.43,0.86
HILINFRA,EQ,51.66,-1.9,370.51,1.68,0.86
ELIN,EQ,123,-4.05,610.81,0.69,0.86
PRIMESECU,EQ,272,-2.98,922.09,0.32,0.86
AONETOTAL,EQ,11.4,-0.87,41.66,7.59,0.86
INDOCO,EQ,199,-0.85,1836.84,0.44,0.86
MUNJALAU,EQ,75.6,-3.53,756,1.12,0.85
E2ERAIL,SM,185.2,-2.55,319.61,0.46,0.85
CYBERTECH,EQ,105.09,-2.34,327.15,0.82,0.84
FOODSIN,EQ,55.08,-3.67,404.37,1.51,0.84
TVSELECT,BE,352.95,-2.46,658.26,0.24,0.84
TIGERLOGS,EQ,28.88,-3.83,305.33,2.91,0.84
RAMAPHO,EQ,121,-3.11,428.18,0.68,0.82
SAWALIYA,SM,301,-1,298.54,0.27,0.82
NELCAST,EQ,104.25,-4.95,906.99,0.78,0.82
RML,EQ,790.5,-3.5,2184.72,0.1,0.82
EVINDIA,EQ,29.51,-2.54,151.38,2.77,0.82
GANESHBE,EQ,75.24,-4.58,541.65,1.07,0.81
DENTALKART,SM,437.1,-3.62,757.79,0.18,0.8
ABINFRA,EQ,17.3,-3.57,1105.11,4.62,0.8
APRAMEYA,SM,210,-1.87,399.84,0.39,0.8
MUNJALSHOW,EQ,129.1,-2.08,516.15,0.61,0.8
HONDAPOWER,EQ,2041,-1.97,2070.2,0.04,0.79
KHADIM,EQ,115,-3.77,211.35,0.68,0.79
TOLINS,EQ,105.5,-1.99,416.82,0.74,0.78
PROZONER,EQ,45.85,-1.88,699.68,1.71,0.78
ZODIAC,EQ,228.94,-3.71,346.24,0.34,0.78
PRABHA,EQ,165.31,-2.3,2263.19,0.46,0.78
SGBSEP29VI,GB,16050,-2.57,5650.15,0,0.78
EBBETF0431,EQ,1401.65,-0.01,13297.73,0.06,0.78
5PAISA,EQ,302.2,-1.55,944.52,0.26,0.78
BFSI,EQ,27.95,-1.86,446.05,2.77,0.77
JAINAM,SM,193,-1.05,226.03,0.4,0.77
BIRLACABLE,EQ,140.05,-1.36,420.15,0.55,0.77
UNIHEALTH,ST,316,-4.96,489.8,0.24,0.76
AVTNPL,EQ,59.78,-4.63,910.35,1.25,0.76
CHEMCON,EQ,157.7,-0.99,577.67,0.48,0.76
BFINVEST,EQ,378.7,-0.93,1426.47,0.2,0.74
KABRAEXTRU,EQ,240,-2.54,839.35,0.31,0.74
FAIRCHEMOR,EQ,560.1,-5.13,705.5,0.13,0.74
UNIONGOLD,EQ,156.95,-5.02,266.17,0.47,0.74
SUMMITSEC,EQ,1561,-2.02,1701.77,0.05,0.74
GOACARBON,EQ,335.1,-5.23,306.65,0.22,0.73
SHANTIGEAR,EQ,440.05,-2.4,3375.88,0.17,0.73
BANKPSU,EQ,93.51,-3.36,65.52,0.78,0.73
SGBOC28VII,GB,16045,-2.32,2983.6,0,0.73
TPLPLASTEH,EQ,62.45,-2.95,487.13,1.17,0.73
MEDICO,EQ,42.56,-0.16,353.18,1.71,0.73
SUPREMEPWR,SM,139.7,-1.59,349.13,0.53,0.73
OSELDEVICE,SM,475.1,-4.98,840.67,0.15,0.73
TICL,EQ,25.33,-4.31,392.62,2.8,0.72
VERTOZ,EQ,42.5,-5.58,362.23,1.64,0.71
NURECA,EQ,271,-3.99,258.59,0.26,0.71
INDOBORAX,EQ,244,-1.27,783,0.29,0.71
CONSUMER,EQ,10.7,-1.92,42.34,6.65,0.71
SBINEQWETF,EQ,32.54,-1.78,31.7,2.18,0.71
VGINFOTECH,SM,127,-3.09,315.83,0.55,0.71
AMRUTANJAN,EQ,574,-1.22,1659.47,0.12,0.7
INDIANHUME,EQ,317.1,-1.57,1670.54,0.22,0.7
ALANKIT,EQ,7.57,-4.9,205.27,9.06,0.7
ENCOMPAS,SM,259.5,-2.11,368.06,0.26,0.69
GANESHIN,SM,72.55,-2.94,309.94,0.94,0.68
MADRASFERT,EQ,61.5,-4.34,990.77,1.1,0.68
PIGL,EQ,104.2,-0.82,185.82,0.65,0.68
PUNJABCHEM,EQ,1059,-6.2,1298.57,0.06,0.68
MOHEALTH,EQ,43.98,-0.92,42.29,1.56,0.68
SOTL,EQ,355,-2.16,2433.89,0.19,0.67
TRF,EQ,237.8,-2.86,261.68,0.28,0.67
SETF10GILT,EQ,259.52,-0.13,3251.76,0.26,0.67
TEXINFRA,EQ,89,-2.54,1134.1,0.75,0.67
3IINFOLTD,EQ,13.35,-1.48,276.87,4.99,0.67
BANKBETF,EQ,59.57,-1.76,413.71,1.12,0.67
SWELECTES,EQ,502.25,-4.53,761.35,0.13,0.67
VALIANTORG,EQ,220.01,-2.2,616.46,0.3,0.66
CIFL,EQ,30.01,-0.2,1173.56,2.23,0.66
BASILIC,SM,202,-1.92,510.35,0.33,0.66
BRANDMAN,SM,147.1,-6.51,271.51,0.43,0.65
OBSCP,SM,301,-0.5,736.02,0.22,0.65
MAXIND,EQ,146.99,-1.7,771.15,0.44,0.65
OMINFRAL,EQ,79.59,-2.94,766.48,0.81,0.65
SYSTMTXC,EQ,70,-4.31,955.77,0.91,0.65
A2ZINFRA,EQ,16.16,-4.83,284.61,3.96,0.65
AUTOIND,EQ,71.2,-2.47,323.07,0.91,0.64
PVTBANKADD,EQ,28.31,-1.32,512.95,2.28,0.64
ONMOBILE,EQ,48.14,-1.59,511.83,1.34,0.64
AQYLON,EQ,1084.1,-5,2750.69,0.06,0.64
APTECHT,EQ,82.5,-2.6,478.52,0.78,0.64
PENINLAND,EQ,17.49,-1.13,580.19,3.72,0.64
BIRLAMONEY,EQ,129.4,-3.43,731.23,0.49,0.63
MULTICAP,EQ,15.52,-2.02,63.46,4.08,0.63
734GS2064,GS,101,-0.34,241390,0.62,0.63
LTGILTCASE,EQ,29.87,-0.13,102.91,2.11,0.63
76NHAI31,NA,1150.95,-0.18,3079.09,0.05,0.63
PARSVNATH,EQ,7,-4.63,304.63,8.91,0.63
ASAL,EQ,450,-1.29,713.9,0.14,0.62
ESSARSHPNG,EQ,23.4,-3.7,484.32,2.65,0.62
NILAINFRA,EQ,7.6,-3.92,299.36,8.35,0.62
HEALTHY,EQ,15.1,-0.98,65.4,4.15,0.62
KAYA,EQ,309.25,-1.36,469.68,0.2,0.62
SGBJAN29IX,GB,16031.51,-2.38,4600.86,0,0.62
XCHANGING,EQ,62.65,-3.23,697.94,0.97,0.61
SEJALLTD,EQ,521.05,-4.25,526.26,0.12,0.61
VIESL,SM,234.15,-3.18,577,0.26,0.61
DIVOPPBEES,EQ,80.86,-1.57,70.25,0.76,0.61
ANNAPURNA,SM,173.95,-3.33,379.56,0.35,0.61
SGBJUL29IV,GB,16005,-3,4679.48,0,0.61
ARIHANTSUP,EQ,248,-3.86,1072.6,0.24,0.61
SONAMLTD,EQ,47.95,-0.91,191.95,1.26,0.61
IEML,SM,68.8,-5.36,126.13,0.88,0.61
SENSEXETF,EQ,81.14,-1.4,27.95,0.75,0.6
VSSL,EQ,243.2,-1.98,2351.4,0.25,0.6
MOLDTECH,EQ,123.93,-4.02,356.98,0.48,0.6
NATHBIOGEN,EQ,140,-2.13,266.06,0.43,0.6
BIGBLOC,EQ,50.75,-0.63,718.5,1.2,0.6
INFLUX,SM,203,-0.51,469.95,0.3,0.6
QNIFTY,EQ,268.3,-1.5,79.72,0.22,0.6
ABCOTS,EQ,395,-3.69,867.56,0.15,0.6
STEELCAS,EQ,224.7,-1.53,2273.96,0.27,0.59
VIKASLIFE,EQ,1.37,-2.14,254.5,44.22,0.59
KHAICHEM,EQ,54.8,-3.78,531.5,1.06,0.59
UTSSAV,SM,195.55,-0.36,465.76,0.29,0.58
PAKKA,EQ,83.35,-4.43,374.64,0.69,0.58
ECAPINSURE,EQ,23.6,-1.21,15.59,2.5,0.58
IFGLEXPOR,EQ,153,-6.35,1102.8,0.37,0.58
DESTINY,SM,123.45,-4.97,189.96,0.47,0.57
GANDHITUBE,EQ,821.95,-3.04,998.83,0.07,0.57
SAURASHCEM,EQ,62.42,-1.37,694.66,0.92,0.57
VLSFINANCE,EQ,235.25,-5.47,738.18,0.24,0.57
OMAXE,EQ,75.5,-3.96,1380.9,0.75,0.57
MODISONLTD,EQ,127.5,-3.56,413.74,0.43,0.56
SHARIABEES,EQ,469,-0.82,50.77,0.12,0.56
654GS2032,GS,100.16,-0.04,156249.6,0.56,0.56
SHREERAMA,EQ,49.9,-3.16,666.01,1.11,0.56
PVSL,EQ,89.5,-3.4,637.22,0.63,0.56
ORIENTPPR,EQ,17.87,-1.49,379.18,3.11,0.55
SHANKARA,EQ,105,-1.63,254.62,0.52,0.55
HDFCBSE500,EQ,36.69,-2.34,19.88,1.51,0.54
VINYAS,SM,980,-3.82,1233.3,0.06,0.54
OCCLLTD,EQ,85.25,-2.82,425.83,0.63,0.54
SASTASUNDR,EQ,274.5,-1.81,873.2,0.2,0.54
HESTERBIO,EQ,1510,-2.1,1284.54,0.04,0.54
PARIN,SM,710,-1.11,789.38,0.08,0.54
TIL,EQ,206.1,-3.25,1372.67,0.26,0.54
REPRO,EQ,381.15,-0.37,546.77,0.14,0.53
DSFCL,EQ,29.75,-10.36,258.8,1.78,0.53
CENTEXT,EQ,17.45,-5.88,139.6,3,0.53
MMP,EQ,239.23,-1.05,607.71,0.22,0.53
NDL,EQ,2.47,-3.14,356.04,21.23,0.52
UNITEDTEA,EQ,481,-3.57,240.33,0.11,0.52
LIBERTSHOE,EQ,224.01,-3.21,381.71,0.23,0.52
BLAL,EQ,181.91,-1.91,757.56,0.28,0.52
MANUFGBEES,EQ,153.3,-2.09,10.78,0.34,0.52
XTGLOBAL,EQ,33.29,-4.94,446.5,1.51,0.51
IGCL,EQ,62,-1.87,391.99,0.83,0.51
TRACXN,EQ,32.2,-0.03,343.58,1.61,0.51
EIHAHOTELS,EQ,312.2,-3.28,1902.43,0.16,0.51
RMDRIP,EQ,57.14,-9.99,1427.36,0.89,0.51
TRANSTEEL,SM,134,-4.29,296.03,0.37,0.51
TREL,EQ,23.9,-4.86,587.21,2.08,0.51
LICNETFGSC,EQ,28.86,-0.21,2301.8,1.74,0.5
NAVKARURB,EQ,1.15,-4.96,129.04,43.15,0.5
RNFI,SM,267.5,-1.65,670.37,0.19,0.5
PRITIKAUTO,EQ,12.14,-3.27,202.15,4.15,0.5
ALICON,EQ,711.35,-4.98,1162.12,0.07,0.5
GLOBECIVIL,EQ,44.81,-6.84,267.6,1.07,0.49
BANKADD,EQ,59.95,-1.66,711.73,0.82,0.49
NAHARSPING,EQ,191.5,-3.27,690.65,0.25,0.49
CHEMFAB,EQ,369.75,-1.02,531.47,0.13,0.49
INDOUS,EQ,138,-1.93,276.72,0.36,0.49
MONOLITH,SM,421.05,-1.05,915.19,0.12,0.49
NARMADA,EQ,31.5,-1.75,119.5,1.55,0.49
SANATHAN,EQ,401.3,-0.24,3387.13,0.12,0.48
HIGREEN,SM,119,-6.41,297.38,0.4,0.48
BUTTERFLY,EQ,600,-0.21,1072.77,0.08,0.48
DYNPRO,EQ,219.19,-3.12,272.42,0.22,0.48
MOTOUR,EQ,73.24,-2.92,7.69,0.65,0.48
EXCELINDUS,EQ,889.6,-2.9,1118.29,0.05,0.48
GROWWRLTY,EQ,8.37,-2.79,10.89,5.71,0.48
NEXT50ETF,EQ,67.8,-1.91,9.23,0.71,0.48
QUESTLAB,ST,110,-4.14,180.26,0.43,0.47
GINNIFILA,EQ,36.2,-7.01,310.05,1.27,0.47
RANEHOLDIN,EQ,1156,-2.07,1650.51,0.04,0.47
SATIA,EQ,62.01,-2.13,620.1,0.75,0.47
DBEIL,EQ,72,-0.87,335.38,0.64,0.47
EPWINDIA,SM,125,-3.81,143.5,0.37,0.46
ANDHRAPAP,EQ,66,-1.42,1312.41,0.7,0.46
PPAP,EQ,211.6,-1.07,298.67,0.22,0.46
SDL26BEES,EQ,136.6,-0.05,4947.52,0.33,0.46
KRONOX,EQ,114,-1.98,422.99,0.4,0.45
ETML,SM,92.2,-2.9,179.57,0.48,0.45
INDOWIND,EQ,8.74,-0.79,140.72,5.2,0.45
VRAJ,EQ,116,-3.96,382.6,0.38,0.45
NOVAAGRI,EQ,27.4,-3.45,253.5,1.64,0.45
DPEL,ST,284.8,-1.76,711.01,0.15,0.45
RPPINFRA,EQ,68.6,-5.69,340.16,0.63,0.45
GPECO,SM,324,-2.31,383.32,0.14,0.44
SRHHYPOLTD,EQ,449,-1.47,770.7,0.1,0.44
LAKSHYA,SM,102,-4.58,102.86,0.43,0.44
FELIX,SM,178,-2.44,306.27,0.24,0.44
ASIANHOTNR,EQ,278,-0.2,540.8,0.16,0.43
AONETMMQ50,EQ,9.49,-2.16,6.47,4.58,0.43
HITECHGEAR,BE,612,-1.43,1150.14,0.07,0.43
MAHEPC,EQ,109.6,-1.18,306.25,0.39,0.43
CREST,EQ,326.3,-1.02,928.32,0.13,0.43
HARDWYN,BE,16.92,-1.23,826.43,2.53,0.43
RSWM,EQ,146.4,-1.23,689.57,0.29,0.43
BHARATGEAR,EQ,99,-4.57,152.02,0.42,0.42
HLVLTD,EQ,7.72,-0.52,508.95,5.45,0.42
SUKHJITS,EQ,182.98,-7.22,571.7,0.23,0.42
UNITEDPOLY,EQ,23.13,-3.22,530.87,1.81,0.42
INFOLLION,SM,307,-4.06,298,0.14,0.42
EMULTIMQ,EQ,39.58,-1.98,33.22,1.06,0.42
GLOBAL,BE,96.5,-1.14,491.2,0.44,0.42
VMSTMT,EQ,42.9,-2.28,212.92,0.97,0.42
KRITI,EQ,75.1,-3.12,395.75,0.54,0.42
BCONCEPTS,EQ,224.9,-6.45,280.72,0.18,0.42
BESTAGRO,BE,14.69,-4.98,521.01,2.81,0.41
JAYSREETEA,EQ,73.9,-3.95,213.4,0.56,0.41
RUCHIRA,EQ,105.38,-0.52,314.51,0.39,0.41
SUNLITE,ST,337.15,-3.81,465.46,0.12,0.41
KAPSTON,BE,392,-2.02,795.29,0.1,0.41
TARMAT,EQ,66,-6.83,165.42,0.61,0.41
GATECH,EQ,0.46,-2.13,50.73,90.62,0.41
OAL,EQ,248.45,-3.4,836.12,0.16,0.4
USK,EQ,27.45,-0.22,151.96,1.43,0.4
SILGO,EQ,69,-5.89,220.7,0.57,0.4
MOMENTUM,EQ,30.65,-1.89,42.61,1.31,0.4
UNIDT,EQ,166.5,-0.51,338.05,0.23,0.39
ARCIIL,SM,47,-0.21,48.4,0.87,0.39
GROWWSC250,EQ,8.86,-1.34,12.61,4.45,0.39
PHANTOMFX,SM,194.8,-3.23,310.18,0.2,0.39
EMKAY,EQ,225,-0.57,582.99,0.17,0.39
BYKE,EQ,40.15,-0.2,209.9,0.97,0.39
COASTCORP,BE,41.54,-4.99,278.22,0.93,0.39
BSLSENETFG,EQ,78.5,-2.34,273.48,0.49,0.39
ORIENTBELL,EQ,297.35,-0.9,437.42,0.13,0.39
YUKEN,EQ,738,-1.95,1002.5,0.05,0.39
CSLFINANCE,EQ,251.25,-1.37,572.41,0.15,0.39
HITECHCORP,EQ,129.45,-1.95,222.34,0.31,0.38
MOM50,EQ,256.37,-0.87,55.11,0.15,0.38
DVL,EQ,225.35,-3.52,789.28,0.17,0.38
RCOM,BE,0.79,-3.66,218.48,48.63,0.38
HDFCPVTBAN,EQ,28.32,-1.91,744.89,1.34,0.38
VASWANI,EQ,53.15,-1.24,166.6,0.71,0.38
MIRZAINT,EQ,31.9,-3.3,440.86,1.16,0.38
SAHAJSOLAR,SM,108.5,-5.41,238.4,0.34,0.37
AVONMORE,EQ,13.82,-0.43,389.98,2.71,0.37
URAVIDEF,EQ,137.41,-2.45,156.65,0.26,0.37
SHRIAHIMSA,SM,227,-2.26,531.88,0.16,0.37
GSMFOILS,SM,199,-2.02,280.45,0.18,0.37
ZEELEARN,EQ,5.67,-3.9,185.44,6.51,0.37
NIFTYBETF,EQ,250.71,-1.54,188.3,0.15,0.37
AVG,EQ,140,-0.53,210.81,0.26,0.37
KUANTUM,EQ,85.1,-1.86,742.61,0.43,0.36
SUMIT,EQ,37.59,-5.81,170.17,0.94,0.36
VSTL,EQ,108.14,-3.71,205.06,0.33,0.36
MALLCOM,EQ,1076.1,-4.74,671.49,0.03,0.36
OSWALAGRO,EQ,43.1,-4.31,578.55,0.82,0.36
DTL,SM,110,-2.65,90.87,0.32,0.36
KOKUYOCMLN,EQ,78.45,-1.44,786.88,0.45,0.35
MANBA,EQ,115.5,-1.79,580.27,0.31,0.35
HPAL,EQ,34,-3.05,312.37,1.02,0.35
ANUHPHR,EQ,76,-1.71,761.7,0.46,0.35
AARTISURF,EQ,372.15,-3.49,315.02,0.09,0.34
MNC,EQ,31.41,-2.63,41.95,1.1,0.34
SIKKO,EQ,4.41,-2.43,192.63,7.86,0.34
KRIDHANINF,EQ,2.44,-10.62,23.13,13.85,0.34
SGBJAN29X,GB,16011.01,-2.73,1943.81,0,0.34
KAVDEFENCE,BE,62.36,-2.29,214.36,0.55,0.34
VALIANTLAB,EQ,52.81,-6.35,286.82,0.66,0.34
NAMOEWASTE,SM,163,-2.16,372.74,0.21,0.34
DELPHIFX,EQ,11.2,-8.94,274.7,2.96,0.34
SHAH,EQ,4.74,-2.47,419.59,7.08,0.34
SHALPAINTS,EQ,53.1,-1.7,444.51,0.64,0.34
MGEL,EQ,9.88,-2.37,325.6,3.39,0.34
SAAKSHI,SM,175,-2.72,308.98,0.19,0.34
DPWIRES,EQ,138.04,-4.36,213.97,0.24,0.33
KAMOPAINTS,EQ,4.22,-2.99,132.66,7.91,0.33
OMFREIGHT,EQ,79,-1.43,266.04,0.43,0.33
CHOICEGOLD,EQ,160.95,-2.83,81.28,0.21,0.33
MOKSH,EQ,11.99,-1.64,105.81,2.82,0.33
INTLCONV,EQ,75.7,-1.24,482.82,0.45,0.33
NEXT50ADD,EQ,66.9,-2.93,6.84,0.49,0.33
SGBAUG30,GB,16291,-1.8,5474.44,0,0.33
ZIMLAB,EQ,68.05,-0.63,331.65,0.48,0.33
ITBETA,EQ,316.67,-0.03,5.46,0.1,0.32
AAATECH,EQ,94.2,-4.56,120.83,0.34,0.32
BROOKS,EQ,62,-1.01,182.63,0.52,0.32
PRIMECAB,SM,78.6,-1.38,144.03,0.42,0.32
SIGMA,EQ,40.25,-0.74,413.67,0.81,0.32
BASML,EQ,20.98,-3.36,167.68,1.51,0.32
KCEIL,SM,117.5,-2.93,143.63,0.27,0.32
GROWWMOM50,EQ,10.19,-1.07,21.66,3.14,0.32
NRVANDANA,SM,58.5,-0.85,136.27,0.54,0.32
INDORAMA,EQ,33.9,-2.14,885.17,0.94,0.32
TRIGYN,EQ,50,-2.11,153.93,0.63,0.31
SESHAPAPER,EQ,265.65,-1.06,1675.41,0.12,0.31
CORDSCABLE,EQ,162.99,-2.55,210.71,0.19,0.31
JEYYAM,SM,33.5,-3.32,159.11,0.9,0.31
MASTERTR,EQ,84,-0.9,1033.33,0.37,0.31
KCK,SM,20.75,-13,131.97,1.45,0.31
SGBJUN28,GB,16014,-2.6,3824.67,0,0.31
MANAKALUCO,BE,26.41,-5,173.08,1.15,0.31
891NTPC33,N6,1234,-0.08,493.56,0.02,0.3
JAYBEE,SM,71,-3.53,160.23,0.41,0.3
IITL,EQ,128,-0.52,288.61,0.24,0.3
SGBD29VIII,GB,16050,-2.45,3981.19,0,0.3
MOINFRA,EQ,58.13,-3.81,1.87,0.51,0.29
SUMEETINDS,EQ,27.09,-2.41,1425.82,1.07,0.29
SACHEEROME,ST,380,-3.01,850.17,0.08,0.29
HILTON,EQ,17.05,-2.85,59.16,1.7,0.29
SGBAUG27,GB,16010,-2.4,1640.76,0,0.29
INTEGRITY,SM,111,-2.67,47.73,0.26,0.29
BBNPPGOLD,EQ,156.95,-3.24,360.66,0.18,0.29
SGBN28VIII,GB,16000,-2.81,2517.53,0,0.29
HARRMALAYA,EQ,182.33,-5.7,336.5,0.16,0.29
AFSL,EQ,201,-0.05,1018.24,0.14,0.28
VISAKAIND,EQ,59.1,-2.09,510.65,0.47,0.28
DIGISPICE,EQ,16.9,-5.8,396.26,1.64,0.28
VGL,EQ,64.39,-6.71,331.79,0.44,0.28
CHAVDA,SM,99.6,-2.88,325.25,0.28,0.28
DELTIC,SM,36,-4.64,55.04,0.76,0.28
SURANAT&P,EQ,17,-0.99,230.79,1.63,0.28
ANLON,SM,366,-3.17,228.95,0.08,0.28
718GS2037,GS,103.15,-0.42,177418,0.27,0.28
JITFINFRA,BE,340.85,-4.99,876.11,0.08,0.28
DMCC,EQ,216.95,-1.94,541.07,0.13,0.28
GFLLIMITED,EQ,43.95,-0.72,482.79,0.64,0.28
10NIDO26,N6,1051.6,-0.02,367.22,0.03,0.28
VHLTD,BE,146.5,-2.27,990.03,0.19,0.27
KRISHIVAL,EQ,308,-2.27,789.35,0.08,0.27
MAZDA,EQ,190,-3.33,380.48,0.14,0.27
QUAL30IETF,EQ,20.3,-2.07,160.24,1.32,0.27
SGBJAN30IX,GB,16240,-2.02,3789.1,0,0.26
HCL-INSYS,EQ,12.3,-1.2,404.93,2.14,0.26
SUDARCOLOR,EQ,328.5,-1.23,758.24,0.08,0.26
MANAKSIA,EQ,55.65,-2.45,364.7,0.47,0.26
EVERESTIND,EQ,388.15,-4.35,615.44,0.07,0.26
ATMASTCO,SM,139.05,-1.84,343.94,0.18,0.26
VIJAYPD,ST,57.6,-4.95,112.49,0.44,0.25
GOLDKART,SM,253,-0.9,424.67,0.1,0.25
IMPAL,EQ,1021.1,-0.33,1274.33,0.02,0.25
AGARWALTUF,SM,93.85,-2.54,165.88,0.26,0.25
AMANTA,EQ,99.58,-0.66,386.66,0.25,0.25
AHLEAST,EQ,160.05,-0.33,276.75,0.15,0.25
DCCL,SM,42.9,-0.23,61.24,0.58,0.25
CONSOFINVT,BE,227,-1.55,733.81,0.11,0.25
SGBAUG29V,GB,16004.16,-3.09,3669.34,0,0.24
ROXHITECH,SM,32.5,-1.96,74.55,0.75,0.24
KOHINOOR,EQ,24.38,-0.57,90.38,1,0.24
PCCL,SM,219.25,-0.34,541.55,0.11,0.24
SGBMAY28,GB,16040,-2.29,4081.05,0,0.24
HDFCGROWTH,EQ,116.9,-1.25,17.58,0.21,0.24
NIPPOBATRY,EQ,304,-3.28,228,0.08,0.24
ASHIMASYN,EQ,13.92,-7.14,266.79,1.7,0.24
INTENTECH,EQ,96,-1.81,226.79,0.24,0.24
PATILAUTOM,SM,148.95,-0.6,325.02,0.16,0.24
SGBMAR31IV,GB,16354.8,-2.05,5775.84,0,0.23
JISLDVREQS,EQ,20.99,-5.32,40.5,1.09,0.23
FCSSOFT,EQ,1.49,-1.32,254.72,15.64,0.23
VIKASECO,EQ,1.32,-1.49,233.47,17.54,0.23
PTL,EQ,38,-0.18,503.03,0.6,0.23
ENIL,EQ,105.5,-0.09,502.92,0.21,0.23
JAIPURKURT,EQ,32.5,-3.22,62.04,0.71,0.23
TWCGOLDETF,EQ,161.97,-3.84,25.68,0.14,0.23
73GS2053,GS,99.9,-0.23,194805,0.23,0.23
BPL,EQ,52.35,-1.76,256.39,0.43,0.22
SANGANI,SM,45.5,-0.44,62.69,0.49,0.22
ESSENTIA,EQ,1.22,-1.61,130.26,18.2,0.22
VARDMNPOLY,BE,7.92,-1.74,363.44,2.76,0.22
PRIMO,EQ,18.15,-1.68,439.85,1.2,0.22
SOMICONVEY,EQ,102.16,-2.35,120.34,0.21,0.22
WORTHPERI,EQ,130.01,-4.87,204.78,0.16,0.22
PRECOT,BE,414.1,-4.89,496.92,0.05,0.21
SOFTTECH,EQ,270,-1.76,373.74,0.08,0.21
TBI,SM,65.3,-7.05,118.57,0.32,0.21
STARTECK,EQ,260.3,-2.01,257.97,0.08,0.21
SBIETFPB,EQ,284.5,-1.56,410.33,0.07,0.21
GSLSU,EQ,75.15,-4.75,318.5,0.27,0.21
SGBNV29VII,GB,16138,-1.92,5242.01,0,0.21
RHFL,BZ,2,-1.96,96.91,10.63,0.21
ADVANIHOTR,EQ,52.9,-2.16,489,0.4,0.21
IWARE,ST,250,-3.74,267.9,0.08,0.21
MANAKSTEEL,EQ,55.25,-0.45,362.08,0.38,0.21
IVC,EQ,7.09,-1.25,222.65,2.96,0.21
ALMONDZ,EQ,14.5,-4.16,251.79,1.43,0.21
STCINDIA,EQ,106.71,-3.46,640.26,0.19,0.21
RVHL,EQ,36.02,-6.95,220.9,0.55,0.21
SUPREME,EQ,50.53,-7.37,195.28,0.4,0.21
KNAGRI,EQ,183.01,-3.04,457.51,0.11,0.2
DEVX,EQ,40.57,-2.8,365.89,0.5,0.2
ORIENTCER,EQ,36.3,-2.16,434.29,0.56,0.2
GTL,EQ,6.9,-1.29,108.53,2.91,0.2
MOMENTUM30,EQ,30.16,-2.39,5.92,0.67,0.2
UCAL,EQ,101.89,-0.53,225.32,0.2,0.2
MANORG,EQ,400,-2.64,342.58,0.05,0.2
SAKUMA,EQ,1.7,-2.86,266.51,11.68,0.2
PANACHE,BE,320,-0.97,512.45,0.06,0.2
KDL,ST,121.5,-4.37,146.09,0.16,0.2
HEALTHADD,EQ,147.32,-1.82,12.59,0.13,0.2
DHARARAIL,SM,117,-0.43,176.48,0.17,0.2
INTERNET,EQ,11.5,-0.69,17.59,1.71,0.2
UEL,EQ,161.83,-5,2158.78,0.12,0.2
THEMISMED,EQ,81.9,-0.92,754.3,0.24,0.19
AJOONI,EQ,3.93,-1.75,67.69,4.87,0.19
AURIGROW,BE,0.24,-4,35.43,79.96,0.19
NRL,EQ,52.14,-0.76,360.13,0.37,0.19
SILINV,EQ,410,-1.64,434.43,0.05,0.19
ARHAM,SM,127.95,-0.23,216.49,0.15,0.19
MSCIINDIA,EQ,29.32,-2.04,1632.37,0.65,0.19
BEACON,ST,76.1,-3.06,137.47,0.25,0.19
BLUEWATER,SM,147,-0.14,161.7,0.13,0.19
JMA,EQ,85.99,-4.14,196.41,0.21,0.19
JYOTIGLOBL,SM,39.75,-7.88,78.78,0.48,0.19
NAHARCAP,EQ,222.75,-2.53,373.02,0.09,0.19
NAHARINDUS,EQ,92.51,-2.27,399.69,0.2,0.19
SADHAV,SM,106,-0.47,152.14,0.18,0.18
CHEVIOT,EQ,1008.1,-1.66,588.92,0.02,0.18
TANKUP,ST,491.5,-1.99,260.25,0.04,0.18
POSITRON,SM,152.95,-2.95,116.25,0.12,0.18
KRITIKA,EQ,5.52,-3.16,146.99,3.36,0.18
SAHYADRI,EQ,241.1,-0.39,263.92,0.07,0.18
SHAHALLOYS,EQ,61.44,-2.21,121.64,0.3,0.18
SGBMAR30X,GB,16200,-2.18,2494.3,0,0.18
KANPRPLA,EQ,171,-0.57,402.88,0.11,0.18
SGBJUN30,GB,16105,-2.87,4119.44,0,0.18
PRLIND,SM,54,-2.7,123.46,0.33,0.18
BALAXI,EQ,18,-4.66,99.37,0.97,0.18
NECCLTD,EQ,13.14,-3.74,126.2,1.41,0.18
EMMBI,EQ,85.9,-4.51,165.27,0.2,0.18
MIDCAPADD,EQ,21.06,-2.36,8.43,0.83,0.17
CPEDU,EQ,178.5,-4.87,324.74,0.1,0.17
ELM250,EQ,15.88,-1.55,124.72,1.1,0.17
892PFCL33,N8,1234,-0.48,1063.66,0.01,0.17
725GS2063,GS,98.9,-0.17,237360,0.18,0.17
HTMEDIA,EQ,20.5,-1.49,374.44,0.85,0.17
SALSTEEL,BE,46.74,-1.58,487.11,0.37,0.17
QMSMEDI,SM,82.65,-3.9,159.82,0.2,0.17
SGBJUL27,GB,16000,-2.62,857.52,0,0.17
GROWWPSE,EQ,101.24,-2.89,16.99,0.17,0.17
KKJEWELS,SM,80.1,-8.19,83.98,0.2,0.17
CHEMBONDCH,EQ,142.5,-6.28,383.28,0.12,0.17
SHETHJI,SM,108.95,-2.77,247.97,0.15,0.17
SENSEXADD,EQ,81.13,-1.47,8.38,0.2,0.16
GVKPIL,BE,2.69,-1.82,424.65,6.05,0.16
WTICAB,SM,108.45,-4.87,258.24,0.15,0.16
MIDCAPBETA,EQ,217.41,-0.56,12.32,0.08,0.16
GCHOTELS,SM,103,-2.04,256.67,0.16,0.16
SUNTECH,SM,35.25,-7.24,68.25,0.45,0.16
SAVY,SM,130.3,-0.76,271.13,0.12,0.16
NIRMAN,ST,47.1,-4.46,37.73,0.33,0.16
SGBFEB29XI,GB,16050,-2.27,1970.8,0,0.16
DURLAX,SM,42.8,-4.25,71.17,0.36,0.16
SPENCERS,EQ,31.5,-2.48,283.92,0.49,0.15
GRETEX,SM,256.5,-5,397.73,0.06,0.15
BIOPOL,SM,92,-0.27,99.41,0.17,0.15
VHL,EQ,3106,-0.03,991.29,0,0.15
DELAPLEX,SM,101.5,-5.1,92.47,0.15,0.15
DIVIDEND,EQ,35.36,-2.7,8.08,0.43,0.15
PLASTIBLEN,EQ,137.25,-1.24,356.7,0.11,0.15
INDBANK,EQ,33.05,-3.36,146.67,0.46,0.15
NAHARPOLY,EQ,226.83,-1.43,557.73,0.07,0.15
CNL,EQ,663.15,-0.29,995.83,0.02,0.15
BALAJEE,EQ,26.16,-2.24,213.39,0.57,0.15
BAIDFIN,EQ,11,-1.52,165.09,1.36,0.15
RUDRA,EQ,17.5,-3.31,175.6,0.83,0.15
NBIFIN,EQ,1811,-2.11,535.12,0.01,0.15
DRCSYSTEMS,EQ,13.75,-7.9,198.11,1.04,0.15
ASAHISONG,EQ,218.99,-0.39,258.13,0.07,0.15
AKIKO,ST,202.95,-2.24,218.57,0.07,0.14
IVP,EQ,127.2,-2.51,131.35,0.11,0.14
ORBTEXP,EQ,155.01,-4.27,410.95,0.09,0.14
ANSALAPI,BZ,3.99,-1.97,62.8,3.44,0.14
DHUNINV,EQ,880,-6.28,536.55,0.02,0.14
SHEETAL,ST,237.9,-0.88,272.54,0.06,0.14
AERONEU,EQ,65.5,-2.69,168.96,0.21,0.14
GROWWN200,EQ,11.13,-1.5,14.66,1.27,0.14
709GS2074,GS,97.08,-0.31,153386.4,0.15,0.14
HINDCOMPOS,EQ,409.35,-1.44,604.57,0.03,0.14
LICNMID100,EQ,57.31,-2.28,606.85,0.24,0.14
ESG,EQ,41.22,-1.48,104.65,0.34,0.14
BAFNAPH,EQ,107,-1.01,253.12,0.13,0.14
SMARTEN,SM,57.5,-0.61,109.25,0.24,0.14
NINSYS,EQ,299.1,-4.4,555.61,0.05,0.14
MONEXT50,EQ,66.6,-2.73,2.1,0.21,0.14
KOTHARIPRO,EQ,62.95,-2.72,375.73,0.21,0.14
RULKA,SM,89.55,-5.24,38.13,0.15,0.14
SBIETFCON,EQ,115.3,-1.39,23.21,0.12,0.14
CLASSICEIL,SM,43.65,-5.01,78.42,0.32,0.13
KATARIA,SM,102,-2.16,219.62,0.13,0.13
ETL,SM,895,-1.1,955.08,0.01,0.13
BSHSL,EQ,83.88,-0.93,880.21,0.16,0.13
GROWWNXT50,EQ,67.58,-2.02,7.62,0.2,0.13
RAJMET,EQ,3.6,-1.37,99.53,3.71,0.13
MURUDCERA,EQ,30.7,-2.35,185.87,0.44,0.13
EIFFL,EQ,230,-0.06,570.4,0.06,0.13
AIRAN,EQ,15.37,-3.88,192.16,0.85,0.13
690GS2065,GS,95.36,-0.05,165926.4,0.14,0.13
DIAMINESQ,EQ,220,-5.26,215.25,0.06,0.13
PATINTLOG,EQ,9.81,-4.01,68.26,1.31,0.13
CURRENT,SM,115,-7.26,220.2,0.11,0.13
1015ECL29,NR,1013.2,-0.37,112.57,0.01,0.13
ALPHAGEO,EQ,194,-0.95,123.48,0.06,0.13
AARVI,EQ,116.75,-4.72,172.91,0.11,0.12
SKP,SM,152.3,-4.81,252.82,0.08,0.12
INDTERRAIN,EQ,29.9,-1.9,151.5,0.41,0.12
TIRUPATI,SM,498,-0.04,504.48,0.03,0.12
74GS2062,GS,103,-0.04,160680,0.12,0.12
GSEC5IETF,EQ,64.45,-0.69,19.59,0.19,0.12
VCL,BE,1.97,-2.96,36.2,6.34,0.12
AHLADA,EQ,41.6,-5.15,53.75,0.29,0.12
AARTECH,EQ,40.5,-2.41,128.67,0.3,0.12
RBS,SM,80,-1.23,182.89,0.15,0.12
GENUSPAPER,EQ,11.9,-1.9,305.98,1.03,0.12
BAGDIGITAL,SM,108,-0.92,229.16,0.11,0.12
GVPTECH,EQ,6.6,-2.94,121.46,1.81,0.12
BVCL,EQ,38.55,-4.72,85.43,0.3,0.12
REMUS,SM,596,-1.88,702.33,0.02,0.12
AXISCETF,EQ,114.28,-2.47,12.62,0.1,0.12
RAPPID,SM,246.25,-1.81,127.85,0.05,0.12
TREJHARA,BE,180.1,-1.79,423.34,0.07,0.12
MADHUSUDAN,SM,134.9,-0.92,195.2,0.09,0.12
SADBHIN,EQ,3.22,-4.73,113.42,3.64,0.12
XELPMOC,EQ,123.5,-0.85,182.28,0.1,0.12
SUNDARAM,EQ,1.34,-1.47,63.5,8.75,0.12
MADHAVBAUG,SM,203.55,-5.85,214,0.06,0.11
DRONE,SM,46.9,-1.05,114.44,0.24,0.11
ROSSELLIND,EQ,42.48,-5.01,160.13,0.26,0.11
SATKARTAR,SM,158.35,-4.15,249.32,0.07,0.11
INVICTA,SM,59,-4.84,74.17,0.19,0.11
MYMUDRA,SM,72,-4,82.02,0.16,0.11
OSWALSEEDS,EQ,11.61,-6.82,106.2,0.97,0.11
MOPSE,EQ,102.61,-2.21,1.54,0.11,0.11
CONS,EQ,11.5,-1.03,33.81,0.98,0.11
COMMITTED,SM,199.5,-5,230.91,0.06,0.11
VIRINCHI,EQ,18.77,-2.9,192.67,0.6,0.11
DGCONTENT,EQ,25.8,-4.02,150.12,0.43,0.11
RKEC,EQ,40.4,-2.86,104.32,0.27,0.11
SADHNANIQ,EQ,1.78,-4.81,58.64,6.25,0.11
STARPAPER,EQ,136.4,-0.19,212.9,0.08,0.11
115VCCL28,N0,99600,-0.6,69.72,0,0.11
ITALIANE,SM,44.05,-8.8,65.09,0.24,0.11
MUKTAARTS,EQ,51.7,-2.23,116.77,0.21,0.11
FIBERWEB,BE,39.48,-4.98,113.67,0.27,0.11
HDFCQUAL,EQ,56.35,-1.38,18.94,0.19,0.11
REFRACTORY,SM,35.3,-4.98,76.95,0.3,0.11
AXISTECETF,EQ,331.06,-0.31,155.95,0.03,0.11
MOMGF,EQ,151.85,-2.16,1.52,0.07,0.11
JETFREIGHT,BE,18.12,-1.52,84.08,0.6,0.11
NEPTUNE,ST,212.4,-3.01,481.16,0.05,0.11
PODDARMENT,EQ,223,-4.7,236.6,0.05,0.11
VIVIMEDLAB,EQ,7.04,-2.22,58.37,1.51,0.11
MODIS,EQ,308,-2.65,603.41,0.03,0.1
AESTHETIK,SM,73,-3.95,125.71,0.14,0.1
726GS2033,GS,103.3,-0.19,163214,0.1,0.1
DPSCLTD,EQ,8.65,-2.7,842.33,1.19,0.1
RAJINDLTD,SM,69.3,-3.82,153.95,0.15,0.1
BALAJIPHOS,SM,125,-3.85,297.21,0.08,0.1
SHIVASHRIT,SM,129,-2.71,235.67,0.08,0.1
EQUAL50,EQ,322.47,-2.25,138.74,0.03,0.1
REPL,EQ,81.5,-4.77,147.7,0.12,0.1
AXISHCETF,EQ,148.57,-1.71,22.35,0.07,0.1
PIONEEREMB,EQ,26.46,-2.93,81.52,0.39,0.1
KANORICHEM,EQ,65.28,-1.95,285.23,0.16,0.1
710GS2029,GS,105,-0.85,158550,0.1,0.1
ALPA,EQ,63.29,-1.72,133.17,0.16,0.1
ESPRIT,SM,68.05,-1.38,149.34,0.14,0.1
668GS2033,GS,99.76,-0.24,21947.2,0.1,0.1
NRAIL,EQ,435.2,-2.08,740.67,0.02,0.1
DICIND,EQ,514,-2.44,471.8,0.02,0.1
TOP20,EQ,9.02,-1.42,8.83,1.09,0.1
AKSHAR,EQ,0.38,-5,29.92,25.65,0.1
UYFINCORP,EQ,13.55,-1.67,257.77,0.72,0.1
RUBFILA,EQ,64.8,-0.74,351.65,0.15,0.1
MITTAL,EQ,0.92,-2.13,40.84,10.5,0.1
EXXARO,EQ,7.51,-4.94,336.01,1.28,0.1
MAGNUM,EQ,20.5,-1.87,140.24,0.46,0.09
PRATHAM,SM,130,-3.7,236.76,0.07,0.09
PRAKASHSTL,EQ,4.15,-0.72,72.63,2.31,0.09
APOLSINHOT,EQ,1155,-3.27,300.35,0.01,0.09
SADHNA-RE,BE,0.24,-38.46,63.25,39.12,0.09
HDFCVALUE,EQ,133.9,-1.06,33.89,0.07,0.09
INFRA,EQ,10.9,-2.94,7.19,0.86,0.09
VITAL,SM,48.5,-3.67,116.16,0.19,0.09
TAKE,BE,38.11,-4.99,563.78,0.24,0.09
NIRAJ,EQ,28.51,-0.9,170.19,0.32,0.09
871REC28,N9,1092.2,-0.26,1279.49,0.01,0.09
VARDHACRLC,EQ,33.35,-1.3,268.01,0.27,0.09
SHIVAMAUTO,EQ,18,-4.81,236.69,0.5,0.09
NEPHROCARE,SM,72.8,-0.34,120.02,0.12,0.09
DCM,EQ,69.51,-1.63,129.83,0.13,0.09
BRNL,EQ,18.38,-2.44,154.3,0.49,0.09
AVIANSH,SM,113.95,-0.91,159.27,0.08,0.09
DELTAMAGNT,EQ,53.11,-7.68,57.63,0.16,0.09
SNXT50BETA,EQ,88.99,-1.4,31.73,0.1,0.09
EMAMIPAP,EQ,79.5,-2.3,480.97,0.11,0.09
GROWWCHEM,EQ,27.2,-1.23,7.36,0.33,0.09
891IIFCL34,N4,1227.55,-0.2,731.5,0.01,0.09
MASTER,SM,299.5,-2.16,119.8,0.03,0.09
SUNDRMBRAK,EQ,570.1,-2.41,224.31,0.02,0.09
APCL,EQ,121.25,-2.48,356.17,0.07,0.09
NAMAN,SM,55,-4.51,71.86,0.16,0.09
SNXT30BEES,EQ,40.57,-1.65,4.64,0.22,0.09
TOP15IETF,EQ,10.35,-0.96,7.92,0.85,0.09
RTL,SM,87.95,-1.18,116.09,0.1,0.09
AARNAV,EQ,24.81,-6.97,104.79,0.34,0.09
VAISHALI,EQ,6.67,-1.77,87.02,1.3,0.09
JHS,EQ,8.83,-4.54,75.59,0.96,0.09
INNOVANA,EQ,363.2,-7.48,750.37,0.02,0.09
SAMPANN,EQ,27.99,-2.17,113.67,0.31,0.09
BLBLIMITED,BE,16.8,-2.5,88.81,0.5,0.09
LANCORHOL,BE,22.45,-2.18,165.12,0.38,0.08
CPCAP,EQ,87.55,-2.11,159.28,0.1,0.08
AMNPLST,EQ,150,-1.45,825.3,0.06,0.08
NATCAPSUQ,EQ,149.85,-3.63,155.64,0.06,0.08
RADIOWALLA,SM,46.5,-7.92,32.77,0.18,0.08
PFCL36B,N9,51200,-0.1,136.43,0,0.08
INNOMET,SM,69,-1.43,89.29,0.12,0.08
DIVINEHIRA,ST,254.1,-1.99,331.53,0.03,0.08
UMAEXPORTS,EQ,24.7,-4.37,83.51,0.32,0.08
SBIETFQLTY,EQ,213,-1.83,72.85,0.04,0.08
AMJLAND,EQ,38.59,-0.21,158.22,0.21,0.08
RADIOCITY,EQ,5.94,-0.67,205.34,1.37,0.08
ABSL10BANK,EQ,176.46,-3.29,46.89,0.04,0.08
ACCURACY,EQ,4.23,-5.79,63.69,1.86,0.08
SREEL,EQ,198,-1.02,458.47,0.04,0.08
RVTH,EQ,577,-5.08,176.96,0.01,0.08
FORCAS,SM,97.6,-1.96,171.58,0.08,0.08
OWAIS,SM,145.6,-4.99,264.74,0.05,0.08
IVZINNIFTY,EQ,2785.64,-1.73,92.67,0,0.08
TIPSFILMS,EQ,342.45,-2.93,148.04,0.02,0.08
CHEMBOND,EQ,138.5,-3.15,186.26,0.06,0.08
ECOLINE,SM,130,-3.74,266.7,0.06,0.08
CTE,EQ,27.1,-0.88,53.2,0.28,0.08
GOYALALUM,BE,6.48,-1.97,92.49,1.16,0.08
INDIANCARD,EQ,198,-1.93,117.63,0.04,0.08
GOYALSALT,SM,115.5,-1.53,206.75,0.07,0.08
HRHNEXT,SM,23.5,-1.88,31.03,0.33,0.08
SUTLEJTEX,EQ,29.84,-2.23,488.86,0.25,0.07
GLOSTERLTD,EQ,521.8,-5.85,571.02,0.01,0.07
PRITI,EQ,41.58,-4.94,55.52,0.17,0.07
ATAM,EQ,58.31,-2.34,66.84,0.12,0.07
AKASH,EQ,24.2,-3.43,40.81,0.3,0.07
ORIENTALTL,EQ,6.18,-0.32,45.43,1.18,0.07
ALUWIND,SM,61.45,-0.08,152.69,0.12,0.07
TRU,EQ,6.34,-0.94,75.36,1.14,0.07
COMPUSOFT,EQ,13.14,-4.16,103.97,0.53,0.07
CCHHL,EQ,13,-3.06,212.5,0.56,0.07
1015UCL27,NF,993.01,-2.62,39.14,0.01,0.07
LIBAS,EQ,9.83,-2.48,25.9,0.7,0.07
JAINIK,SM,118,-0.63,169.3,0.06,0.07
COUNCODOS,EQ,4.99,-3.67,38.72,1.42,0.07
MEDISTEP,ST,20.9,-5,29.7,0.33,0.07
TPHQ,EQ,0.55,-1.79,60.29,12.57,0.07
TTL,BE,8.9,-3.89,229.9,0.77,0.07
LAMBODHARA,EQ,98.7,-2.5,102.43,0.07,0.07
AKSHOPTFBR,EQ,4.47,-0.89,72.73,1.55,0.07
PAR,EQ,91,-1.12,111.97,0.08,0.07
ANMOL,EQ,11.29,-0.88,64.26,0.61,0.07
MAXPOSURE,SM,34,-1.45,77.32,0.2,0.07
ATCENERGY,SM,26.35,-3.48,53.72,0.25,0.07
BIOFILCHEM,EQ,29.7,-2.62,48.33,0.23,0.07
AXISBNKETF,EQ,603.01,-1.83,411.15,0.01,0.07
KALYANIFRG,EQ,603,-0.52,219.37,0.01,0.07
SHREYANIND,EQ,151.34,-0.85,209.23,0.04,0.07
RNBDENIMS,BE,154.16,-5,1387.03,0.04,0.07
THEINVEST,EQ,93,-1.46,485.85,0.07,0.07
NEXT30ADD,EQ,40.11,-2.19,43.09,0.16,0.07
ISHANCH,EQ,57.98,-1.19,151.56,0.12,0.07
SELMC,EQ,27.5,-4.28,91.12,0.23,0.07
ZENITHSTL,EQ,5.51,-4.84,78.4,1.16,0.07
LAGNAM,EQ,68.05,-3.46,120.24,0.09,0.07
HISARMETAL,EQ,156.98,-2.5,84.77,0.04,0.06
ANIKINDS,EQ,43.5,-3.44,120.73,0.15,0.06
IL&FSENGG,BZ,24.11,-4.93,316.13,0.27,0.06
MAHESHWARI,EQ,39.62,-4.53,117.26,0.16,0.06
ASHOKAMET,EQ,13.91,-1.97,34.77,0.46,0.06
734IRFC28,N4,1059.8,-0.08,2711.72,0.01,0.06
TSC,SM,36,-3.36,50.57,0.18,0.06
TRUST,SM,35,-0.43,83.39,0.19,0.06
OPTIVALUE,SM,63,-5.76,147.49,0.1,0.06
UMIYA-MRO,EQ,80.7,-3.33,150.78,0.08,0.06
GROWWMC150,EQ,210.1,-2.28,5.79,0.03,0.06
RAJTV,EQ,37.59,-1.1,195.14,0.17,0.06
DCG,SM,56.15,-5.15,101.91,0.11,0.06
AGSTRA,BZ,3.24,-3.28,41.61,1.9,0.06
AXSENSEX,EQ,81.12,-2.16,128.66,0.07,0.06
MONIFTY100,EQ,25.14,-2.29,10.86,0.24,0.06
ELDEHSG,EQ,830,-3.44,816.14,0.01,0.06
SHREEKARNI,SM,400,-3.61,289.15,0.01,0.06
SMARTLINK,EQ,117.05,-1.39,116.76,0.05,0.06
RHL,EQ,182.35,-1.32,315.31,0.03,0.06
CRAYONS,SM,39.45,-0.38,96.38,0.15,0.06
ZENITHDRUG,SM,46,-6.12,78.88,0.13,0.06
GANGAFORGE,EQ,2.8,-3.78,37.74,2.12,0.06
LAL,EQ,6.95,-4.66,120.05,0.85,0.06
ENSER,SM,11.95,-0.42,104.16,0.5,0.06
79NHIT47,N3,423,-0.7,634.5,0.01,0.06
BARFLEX,SM,57.9,-1.86,143.3,0.1,0.06
SURYALAXMI,EQ,52,-2.73,97.79,0.11,0.06
HINDCON,EQ,19.17,-0.36,98.13,0.3,0.06
LICNFNHGP,EQ,274.39,-1.65,735.24,0.02,0.06
CHAMUNDA,SM,47.3,-4.25,52.05,0.12,0.06
MAHAPEXLTD,EQ,86.02,-0.8,121.72,0.07,0.06
893NHB29,N6,5850,-0.51,389.15,0,0.06
BALPHARMA,EQ,72.3,-3.24,115.11,0.08,0.06
BAGFILMS,EQ,4.71,-5.99,93.14,1.17,0.06
ONDOOR,SM,144,-2.77,81.34,0.04,0.06
RELCHEMQ,EQ,115,-1.99,86.75,0.05,0.06
ALKALI,EQ,58.18,-5.15,59.24,0.09,0.06
MADHAV,EQ,33.39,-1.94,29.87,0.17,0.06
KAUSHALYA,EQ,848,-1.62,29.37,0.01,0.06
SHRADHA,EQ,35.3,-3.66,285.92,0.16,0.05
GKWLIMITED,EQ,1611.9,-0.19,961.74,0,0.05
ZODIACLOTH,EQ,74.22,-4.85,192.93,0.07,0.05
PANSARI,EQ,285.1,-4.3,497.41,0.02,0.05
865IIFL28,NS,983.77,-0.33,155.7,0.01,0.05
LOVABLE,EQ,70.5,-2.33,104.34,0.08,0.05
SBGLP,EQ,27.83,-2.25,482.62,0.19,0.05
HEALTHCARE,EQ,18.47,-1.65,7.14,0.28,0.05
SECMARK,EQ,113.25,-5.23,118.31,0.05,0.05
885MOFSL26,N0,1065,-0.09,51.1,0,0.05
ENERGYDEV,EQ,15.4,-2.9,73.15,0.33,0.05
10CAGL27,N5,1015.05,-0.49,56.33,0.01,0.05
MOBILISE,ST,63.95,-4.98,60.83,0.08,0.05
SDREAMS,SM,85,-3.41,159.14,0.06,0.05
LAMOSAIC,SM,24.35,-8.97,25.17,0.21,0.05
875IIFL26,NM,1012.2,-0.76,137.74,0.01,0.05
901HUDCO34,NE,1237.9,-0.17,830.82,0,0.05
REXPRO,SM,46.15,-2.22,51.72,0.11,0.05
PROFX,SM,62.1,-4.46,108.7,0.08,0.05
KAKATCEM,EQ,107.23,-1.35,83.36,0.05,0.05
AGROPHOS,EQ,31.51,-3.14,63.88,0.16,0.05
EQUAL200,EQ,12.88,-2.35,16.38,0.39,0.05
EFORCE,SM,24.45,-5.42,57.21,0.2,0.05
MOIPO,EQ,40.86,-1.59,4.7,0.12,0.05
IDFNIFTYET,EQ,269.08,-1.37,3.85,0.02,0.05
SHRIKANHA,SM,23.1,-3.35,36,0.21,0.05
ACL,EQ,52.3,-1.43,482.06,0.09,0.05
699GS2051,GS,96.7,-0.31,141689.67,0.05,0.05
MANOMAY,BE,215.4,-0.67,388.77,0.02,0.05
CURIS,SM,96.2,-3.75,77.77,0.05,0.05
SELECTIPO,EQ,40.74,-1.52,17.04,0.12,0.05
1075WCAP28,N0,94898,-0.11,23.72,0,0.05
ARMOUR,SM,23.25,-3.73,39.22,0.2,0.05
ANTGRAPHIC,EQ,0.8,-5.88,12.4,5.95,0.05
BANG,EQ,38.4,-5.35,52.07,0.12,0.05
DEEM,SM,36.4,-2.41,30.35,0.13,0.05
SGBOCT27,GB,16010,-2.25,729.7,0,0.05
QUICKTOUCH,SM,30.7,-4.95,39.35,0.15,0.05
AKI,EQ,4.79,-2.24,49.44,0.98,0.05
CEDAAR,SM,27.15,-4.74,37.68,0.17,0.05
EFACTOR,SM,230,-0.86,301.03,0.02,0.05
DJML,BE,87.1,-1.64,287.24,0.05,0.05
AUSOMENT,BE,95.21,-1.64,129.71,0.05,0.04
GAYAHWS,EQ,2.17,-0.91,52,2.09,0.04
BBTCL,EQ,167,-1.57,342.54,0.03,0.04
SHEKHAWATI,EQ,12.08,-4.28,41.64,0.36,0.04
KSHITIJPOL,BE,2.5,-4.94,38.56,1.74,0.04
TARAPUR,EQ,23.76,-4.92,46.33,0.18,0.04
KEYFINSERV,EQ,269.85,-1.03,150.22,0.02,0.04
CAPTRUST,EQ,11.82,-4.98,40.21,0.35,0.04
AMDIND,EQ,39.2,-2.32,75.13,0.11,0.04
ODIGMA,EQ,24.19,-0.17,75.61,0.18,0.04
HVAX,SM,707.95,-0.99,196.59,0.01,0.04
AISL,SM,70.3,-4.48,82.16,0.06,0.04
ELGIRUBCO,EQ,38.59,-0.82,193.14,0.11,0.04
SHEMAROO,EQ,96,-3.08,262.27,0.04,0.04
741GS2036,GS,105.31,-0.42,157965,0.04,0.04
SONUINFRA,SM,69.95,-1.48,82.29,0.06,0.04
MARALOVER,EQ,40.11,-7.28,166.49,0.1,0.04
KODYTECH,ST,815.45,-2,1039.5,0.01,0.04
WELINV,EQ,1231,-2.93,449.87,0,0.04
DIGJAMLMTD,EQ,44,-3.97,88,0.09,0.04
SGBDC27VII,GB,16038,-2.33,1039.75,0,0.04
BLUEPEBBLE,ST,123.5,-4.96,50.39,0.03,0.04
HDFCLOWVOL,EQ,20.38,-1.92,35.31,0.2,0.04
AVANA,SM,65.95,-4.42,149.35,0.06,0.04
COOLCAPS,SM,26.2,-4.9,302.87,0.15,0.04
BALKRISHNA,EQ,15.61,-4,50.29,0.25,0.04
SIL,EQ,14.02,-1.96,90.19,0.28,0.04
REXPIPES,SM,194,-3.96,183.33,0.02,0.04
NITIRAJ,EQ,196,-5.47,200.92,0.02,0.04
VISASTEEL,EQ,35.99,-3.69,416.73,0.11,0.04
GML,ST,15.85,-2.76,24.05,0.24,0.04
LLOYDS,SM,48.5,-4.9,115.81,0.08,0.04
764HUDCO31,N8,1093,-0.55,607.87,0,0.04
RICHA,SM,64.95,-1.81,87.7,0.06,0.04
KEL,SM,78.5,-0.82,80.64,0.05,0.04
SPECTSTM,SM,66.25,-5.36,152.99,0.06,0.04
CORALFINAC,EQ,32.51,-1.6,131.02,0.11,0.04
KEN,SM,39.25,-0.63,96.42,0.1,0.04
GROWWLOVOL,EQ,10.36,-1.61,4.4,0.36,0.04
PARASPETRO,BE,2.05,-0.97,68.52,1.78,0.04
INSPIRISYS,BE,82.98,-2.36,328.74,0.04,0.04
SIGIND,EQ,45.88,-1.01,135.06,0.08,0.04
VIVIDHA,EQ,0.5,-5.66,14.64,7.37,0.04
MITCON,EQ,53,-4.47,92.32,0.07,0.04
PRANIK,SM,45,-6.25,49.55,0.08,0.04
PILITA,EQ,7.75,-3,182.13,0.46,0.04
SWASTIK,SM,16.25,-1.81,37.75,0.2,0.04
SHREEOSFM,SM,74.7,-0.4,115.06,0.05,0.04
622GS2035,GS,97.76,-0.24,100082.13,0.04,0.04
MEDIORG,SM,21.85,-4.17,25.56,0.16,0.04
HBSL,EQ,50.35,-4.98,35.94,0.07,0.03
MOMNC,EQ,30.22,-3.11,2.27,0.11,0.03
LFIC,EQ,126.91,-2.77,38.07,0.03,0.03
KLL,SM,38.65,-0.9,71.62,0.09,0.03
SUNREST,SM,44,-2.22,18.88,0.08,0.03
764IRFC31,NO,1111.9,-0.14,1327.96,0,0.03
GAJANAND,SM,8.65,-0.57,16.29,0.39,0.03
MOHITIND,EQ,23.7,-2.07,33.55,0.14,0.03
760PFCL35,N3,1185.99,-0.51,184.39,0,0.03
890AEL31,NN,1011.5,-0.81,206.5,0,0.03
702GS2031,GS,102.6,-0.53,65664,0.03,0.03
MANUGRAPH,EQ,14.06,-2.23,42.76,0.23,0.03
EMAMIREAL,EQ,61.38,-2.96,269.05,0.05,0.03
SGBMAY26,GB,16048.98,-2.1,1043.72,0,0.03
MOGSEC,EQ,63.42,-0.28,156.2,0.05,0.03
SGBNOV26,GB,15983.34,-2.69,654.4,0,0.03
PURVFLEXI,SM,50,-4.94,104.91,0.06,0.03
GSEC10IETF,EQ,260.25,-0.14,736.93,0.01,0.03
948SCL26A,NN,315.56,-0.14,6.05,0.01,0.03
IPHL,SM,52.2,-0.48,130.45,0.06,0.03
RETAIL,EQ,21.61,-6.21,17.73,0.14,0.03
AUROIMPEX,SM,27.15,-2.69,33.13,0.11,0.03
BONLON,BE,40.64,-4.96,57.64,0.08,0.03
CKKRETAIL,ST,193.05,-5,373.9,0.02,0.03
TREEHOUSE,EQ,8.17,-9.32,34.57,0.37,0.03
SATECH,ST,43.2,-4,56.41,0.07,0.03
PKTEA,EQ,760,-0.65,235.29,0,0.03
WEIZMANIND,EQ,83.35,-2,129.14,0.04,0.03
915APSBC29,N0,100041.68,-1.28,549.23,0,0.03
GSS,EQ,13.17,-2.15,34.45,0.23,0.03
TOTAL,EQ,62.79,-0.33,101.26,0.05,0.03
TCIFINANCE,BE,14.54,-2.22,18.72,0.21,0.03
NIBL,EQ,31.14,-0.57,75.45,0.1,0.03
DKEGL,SM,65.5,-4.52,49.18,0.04,0.03
KANDARP,SM,147.95,-0.34,132.76,0.02,0.03
LOWVOL,EQ,204.1,-1.61,47.21,0.01,0.03
ATLASCYCLE,EQ,86,-1.97,55.93,0.03,0.03
SADBHAV,BE,9.67,-4.92,165.91,0.3,0.03
ROLLT,BE,1.31,-2.24,32.77,2.21,0.03
PALREDTEC,EQ,30.1,-4.99,36.82,0.09,0.03
ZENITHEXPO,EQ,183.39,-5,98.96,0.02,0.03
MON50EQUAL,EQ,32.34,-2.15,100.67,0.09,0.03
GILLANDERS,EQ,87,-1.91,185.68,0.03,0.03
BIRDYS,SM,112.7,-4.89,66.02,0.02,0.03
SGBJ28VIII,GB,16045,-2.28,837.74,0,0.03
VILINBIO,ST,33.8,-2.03,47.15,0.08,0.03
NPBET,EQ,289.24,-1.25,11.1,0.01,0.03
FALCONTECH,SM,15.1,-2.89,8.09,0.18,0.03
USHAFIN,SM,28.45,-0.18,123.69,0.1,0.03
SICALLOG,BE,63.75,-3.74,415.96,0.04,0.03
BANARBEADS,EQ,109.8,-6.87,72.87,0.02,0.03
ARCHIES,EQ,14.5,-1.36,48.98,0.18,0.03
AGNI,SM,17.65,-1.67,34.48,0.15,0.03
MDL,SM,44,-4.35,78.06,0.06,0.03
MARCO,SM,29.5,-4.84,55.16,0.09,0.03
PARAGON,SM,45,-1.53,88.05,0.06,0.03
SHIVATEX,EQ,148.12,-2.6,192,0.02,0.03
SAIFL,SM,9.2,-2.13,24.79,0.28,0.03
ADROITINFO,EQ,9.56,-0.1,51.79,0.27,0.03
ONYX,SM,32.6,-3.55,59.11,0.08,0.03
MOSERVICE,EQ,31.68,-1.09,4.99,0.08,0.03
SGBFEB28IX,GB,16147.9,-2.07,655.54,0,0.03
MOQUALITY,EQ,188.76,-1.49,17.88,0.01,0.03
VIAZ,SM,62.05,-4.39,83.38,0.04,0.02
SALONA,EQ,260,-3.49,136.82,0.01,0.02
LOYALTEX,BE,208.1,-2.6,100.23,0.01,0.02
WEWIN,EQ,40.53,-7.44,41.18,0.06,0.02
91D140526,TB,98.66,-0.04,14799,0.03,0.02
SPLIL,EQ,28,-0.92,81.2,0.09,0.02
SGBSEP27,GB,16099.99,-2.39,1010.91,0,0.02
NOIDATOLL,EQ,3.56,-1.39,66.29,0.68,0.02
TNTELE,EQ,8.85,-4.43,40.42,0.27,0.02
JOCIL,EQ,127.99,-0.19,113.67,0.02,0.02
SGL,EQ,11.02,-7.71,29.74,0.22,0.02
BSL,EQ,126.8,-0.9,130.5,0.02,0.02
BANKA,EQ,54.99,-1.84,60.06,0.04,0.02
NMSTEEL,SM,24.5,-3.35,42.35,0.1,0.02
FMNL,EQ,8.29,-3.38,50.27,0.28,0.02
TEAMGTY,EQ,244,-6.71,219.43,0.01,0.02
MONOPHARMA,SM,12.35,-5,21.82,0.18,0.02
AATMAJ,SM,19,-9.52,42.94,0.12,0.02
KANANIIND,EQ,1.45,-0.68,28.69,1.6,0.02
ZEAL,SM,75,-0.33,99.82,0.03,0.02
KONTOR,SM,75,-5.9,46.35,0.03,0.02
TOKYOPLAST,EQ,74.5,-2.37,70.79,0.03,0.02
BRACEPORT,SM,68.25,-2.5,77.13,0.03,0.02
718GS2033,GS,102.85,-0.76,206728.5,0.02,0.02
DTIL,EQ,133.94,-0.07,140.74,0.02,0.02
KHAITANLTD,EQ,93.62,-0.39,44.47,0.02,0.02
IDENTICAL,SM,17.6,-7.37,24.69,0.12,0.02
MOLOWVOL,EQ,37.29,-1.56,65.78,0.06,0.02
ARISTO,SM,86.3,-4.96,58.75,0.02,0.02
865IFL28,NZ,980.51,-1.07,87.18,0,0.02
SAMBHAAV,EQ,6.91,-3.22,132.06,0.3,0.02
SHANTI,EQ,6.69,-2.76,7.43,0.3,0.02
DHANLAXMI,SM,24.95,-2.35,40.74,0.08,0.02
UNIINFO,EQ,12.84,-7.23,13.73,0.16,0.02
ORIENTLTD,EQ,62.05,-3.42,62.05,0.03,0.02
BLUECOAST,EQ,20.14,-2.94,34.63,0.1,0.02
HALDER,EQ,242.05,-1.2,301.07,0.01,0.02
ORTINGLOBE,BE,15.87,-3.05,12.9,0.12,0.02
SABEVENTS,BE,16.27,-1.99,17.06,0.12,0.02
769NHAI31,NE,1119.01,-0.13,1261.87,0,0.02
SHUBHSHREE,SM,315,-0.63,165.12,0.01,0.02
PHOGLOBAL,SM,18.25,-4.95,35.31,0.1,0.02
GURUNANAK,SM,30,-4.46,36,0.06,0.02
ARIHANTACA,SM,467,-0.01,282.78,0,0.02
1075WCA28,N0,9669,-1.08,19.34,0,0.02
GANGESSECU,EQ,122,-0.22,122.04,0.01,0.02
SGBOCT26,GB,15632,-4.81,488.59,0,0.02
LASA,EQ,7.53,-3.21,37.73,0.23,0.02
AROGRANITE,EQ,25.05,-1.84,38.33,0.07,0.02
HOMESFY,SM,145,-4.16,46.78,0.01,0.02
3PLAND,EQ,31.17,-0.73,56.11,0.06,0.02
MFML,EQ,21,-2.96,22.3,0.08,0.02
ROYALARC,SM,146,-2.67,162.06,0.01,0.02
LICNETFN50,EQ,273.44,-1.46,877.08,0.01,0.02
MADHUCON,EQ,4.47,-1.11,32.99,0.39,0.02
TFL,EQ,12.7,-6.75,70,0.13,0.02
AMBEY,SM,21.3,-3.18,53.14,0.08,0.02
NEXTMEDIA,EQ,5.1,-3.59,34.12,0.33,0.02
LYPSAGEMS,EQ,4.98,-4.23,14.68,0.35,0.02
MUNISH,SM,70,-2.1,168.49,0.02,0.02
MPEL,SM,52,-2.26,40.44,0.03,0.02
RILINFRA,SM,33.65,-0.44,62.61,0.05,0.02
MSCIADD,EQ,29,-2.06,3.28,0.06,0.02
MALUPAPER,EQ,30.86,-3.62,52.64,0.05,0.02
LPDC,EQ,5.65,-1.57,75.79,0.28,0.02
706GS2028,GS,104.5,-0.71,115995,0.01,0.02
PRUDMOULI,EQ,16.46,-6.53,53.09,0.09,0.02
PEARLPOLY,EQ,17.79,-4.41,29.95,0.09,0.02
ICDSLTD,EQ,40,-1.48,52.11,0.04,0.01
SANGINITA,BE,12.84,-4.96,33.26,0.11,0.01
ACEINTEG,EQ,16.99,-2.64,17.33,0.09,0.01
SGBJAN27,GB,16019.5,-1.85,390.24,0,0.01
68GS2060,GS,93.5,-0.13,79401.82,0.02,0.01
SHRENIK,BZ,0.4,-4.76,24.48,3.53,0.01
VEEKAYEM,SM,141,-4.73,82.85,0.01,0.01
EMMIL,SM,139.9,-1.82,158.46,0.01,0.01
NIDAN,SM,15.6,-2.5,21.68,0.09,0.01
NAGREEKEXP,EQ,24.14,-2.03,75.44,0.06,0.01
10IIFL28A,NE,1080,-0.03,296.67,0,0.01
830CIFC26,N2,1061.2,-0.45,198.66,0,0.01
NEELAM,SM,11.05,-4.74,22.34,0.12,0.01
SAGARDEEP,EQ,22.52,-4.41,38.41,0.06,0.01
DIVYADHAN,SM,21.85,-4.79,31.26,0.06,0.01
INFOMEDIA,EQ,5,-1.57,25.1,0.26,0.01
1065NFL27,NC,1010,-0.69,95.24,0,0.01
BBNPNBETF,EQ,59.18,-1.82,4.36,0.02,0.01
AGRITECH,BE,116,-2.59,68.9,0.01,0.01
GUJRAFFIA,EQ,35.33,-4.72,19.09,0.04,0.01
PPSL,SM,7.25,-8.81,21.24,0.18,0.01
GSEC10YEAR,EQ,29.71,-0.8,94.07,0.04,0.01
ASHALOG,SM,60,-0.66,81.34,0.02,0.01
910TCAP28,NA,1071.02,-0.37,366.13,0,0.01
725IRFC35,NH,1180,-15.71,347.41,0,0.01
MARUSHIKA,ST,98,-3.45,83.66,0.01,0.01
TGBHOTELS,EQ,8.87,-1.99,25.98,0.13,0.01
EQUIPPP,BE,16.85,-1.12,173.72,0.07,0.01
601GS2030,GS,98.51,-0.48,97524.9,0.01,0.01
ENIFTY,EQ,24.62,-1.44,16.17,0.05,0.01
DAMODARIND,EQ,24.3,-0.33,56.62,0.05,0.01
CELEBRITY,EQ,7.18,-2.97,42.85,0.15,0.01
705PFCL41,NA,989.99,-1,7.53,0,0.01
1039UCL26,NE,1075.2,-0.07,30.09,0,0.01
SILLYMONKS,EQ,16.44,-3.24,16.87,0.06,0.01
ACCORD,SM,26.7,-4.98,9.27,0.04,0.01
SOMATEX,BE,106.71,-1.99,352.5,0.01,0.01
SVPGLOB,BE,2.79,-1.76,35.29,0.38,0.01
RAPIDFLEET,SM,175,-4.37,130.11,0.01,0.01
736PFCL28,N2,1042,-0.83,371.99,0,0.01
WIPL,EQ,149,-0.67,126.46,0.01,0.01
VLINFRA,SM,23.5,-2.08,36.92,0.04,0.01
MASKINVEST,EQ,128.5,-6.49,39.21,0.01,0.01
SERVICE,ST,50,-3.85,66.64,0.02,0.01
826GS2027,GS,103.05,-1.86,75666.86,0.01,0.01
LICNETFSEN,EQ,887.6,-1.3,731.93,0,0.01
GANGABATH,SM,16.45,-3.24,36.53,0.06,0.01
GRCL,SM,395,-1.25,226.65,0,0.01
619GS2034,GS,98.06,-1.25,124536.2,0.01,0.01
LCCINFOTEC,BE,4.44,-0.89,56.21,0.22,0.01
1025PATE28,N0,97500,-1.52,87.75,0,0.01
HGM,EQ,53.3,-2.06,67.13,0.02,0.01
SSFLPP,E1,121.05,-4.08,209.83,0.01,0.01
PALASHSECU,EQ,91.01,-1.08,91.04,0.01,0.01
950ISF27A,N0,96000,-1.84,48,0,0.01
SICAL-RE,BE,0.52,-22.39,0.76,2.11,0.01
PROV,SM,1180,-1.67,407.5,0,0.01
SEYAIND,BE,10.67,-4.99,28.35,0.09,0.01
SHIGAN,ST,61.15,-0.08,124.3,0.01,0.01
PRECISION,SM,9,-4.76,20.66,0.1,0.01
SYLVANPLY,SM,44.5,-1.11,86.22,0.02,0.01
GLOBALE,EQ,10.51,-4.97,11.16,0.08,0.01
HYBRIDFIN,EQ,18.2,-5.8,53.57,0.05,0.01
753IRFC30,NJ,1102.03,-0.27,1183.82,0,0.01
CREATIVEYE,EQ,6,-4.76,12.03,0.14,0.01
KEEPLEARN,EQ,1.88,-2.08,29.27,0.47,0.01
BMETRICS,SM,34.1,-2.29,41.99,0.02,0.01
1003SFIL28,NX,723,-2.43,6.5,0,0.01
SGBMAR28X,GB,16079,-2.25,1217.72,0,0.01
ASTRON,EQ,3.95,-0.5,18.37,0.2,0.01
12AFIL28,N0,9715,-2.46,48.58,0,0.01
1050IIFL29,ND,1040.2,-1.4,15.47,0,0.01
MANDEEP,SM,18.5,-2.63,19.13,0.04,0.01
SIGNORIA,SM,75.9,-4.95,36.11,0.01,0.01
TRIDHYA,SM,12.6,-0.4,29.34,0.06,0.01
KARMAENG,EQ,41.05,-2.59,47.49,0.02,0.01
TGL,ST,44.05,-1.89,52.86,0.02,0.01
PLADAINFO,SM,11.25,-3.02,9.65,0.06,0.01
1050UCL28,NH,1010,-0.88,55.49,0,0.01
SATIPOLY,SM,46.2,-2.74,22.86,0.01,0.01
9IHFL27,N1,994,-0.2,43.93,0,0.01
DIRL,SM,10.95,-4.78,10.45,0.06,0.01
RADAAN,EQ,2.95,-1.34,15.98,0.22,0.01
DHTL,SM,40.85,-5,12.84,0.02,0.01
824GS2027,GS,101.87,-4.29,98191.02,0.01,0.01
GIRIRAJ,ST,121.35,-4.97,290.28,0.01,0.01
648GS2035,GS,100.25,-0.25,192480,0.01,0.01
FLFL,BZ,1.21,-2.42,24.41,0.48,0.01
950ISF27C,N0,9701.01,-1.02,291.03,0,0.01
12AFIL27,N0,9701.01,-1.01,48.51,0,0.01
MORARJEE,BZ,6.14,-4.95,22.31,0.09,0.01
93MOFSL34,N6,1145,-0.17,53.88,0,0.01
KORE,SM,112,-0.88,135.8,0.01,0.01
QFIL,SM,55.5,-4.97,15.84,0.01,0.01
INDIFRA,SM,13.5,-0.74,9.84,0.04,0.01
795GS2032,GS,106.11,-1.57,100804.5,0.01,0.01
97SFL28,YS,1060,-1.21,41.32,0,0.01
NIRAJISPAT,BE,265.55,-4.99,15.93,0,0
YUDIZ,ST,30.4,-5,31.37,0.02,0
HEADSUP,EQ,7.5,-5.18,16.56,0.06,0
GTECJAINX,EQ,18.5,-4.29,18.85,0.03,0
BILVYAPAR,BE,6.3,-3.23,19.76,0.08,0
915SCL26,NE,965.03,-8.07,188.52,0,0
ESENSEX,EQ,79.43,-1.5,14.93,0.01,0
SURAJLTD,EQ,217.51,-1.55,399.44,0,0
KREBSBIO,EQ,52.51,-2.58,113.21,0.01,0
SHIVAMILLS,EQ,54.9,-0.11,47.44,0.01,0
IIFLZC28,NG,1553,-1.37,105.83,0,0
WILLAMAGOR,EQ,25.74,-1.42,28.2,0.01,0
746GS2073,GS,102,-0.91,119340,0,0
UMESLTD,EQ,3.94,-2.48,10.41,0.09,0
ORTEL,BZ,1.5,-4.46,4.95,0.23,0
105IIFL29,N7,993,-5.43,15.34,0,0
931SFL26,Z5,1025,-1.06,21.56,0,0
SURANI,SM,57,-4.76,88.62,0.01,0
SGBJUN27,GB,16149,-1.59,742.51,0,0
99AEL29,N7,1072,-0.73,138.12,0,0
SGBOCT27VI,GB,15901,-3.3,1102.27,0,0
SVLL,EQ,545,-0.73,626.41,0,0
SGBDEC26,GB,15910,-3.58,330.75,0,0
AMBICAAGAR,EQ,23.7,-4.59,40.71,0.01,0
YCCL,SM,10.15,-6.45,19.59,0.03,0
SPPPOLY,SM,14.35,-3.69,22.09,0.02,0
FLEXITUFF,EQ,7.9,-5.84,25.93,0.03,0
21STCENMGM,EQ,34.91,-1.99,36.66,0.01,0
87LTF27,NH,1021,-0.2,17.85,0,0
ARTNIRMAN,EQ,38.25,-3.12,95.46,0.01,0
860AEL28,NH,1004,-0.79,158.09,0,0
DCMFINSERV,EQ,4.05,-3.8,7.61,0.05,0
IMPEXFERRO,BZ,1.7,-0.58,14.95,0.13,0
ABMINTLLTD,BE,37.51,-3.87,35.29,0.01,0
NORBTEAEXP,BE,92.68,-2,144.06,0,0
729IRFC26,NN,1025,-0.49,195.48,0,0
71MH33,SG,90,-4.26,1350,0,0
ARENTERP,EQ,38.11,-7.05,11.85,0,0
SGBFEB27,GB,16000,-3.91,331.82,0,0
8SMC29,N1,508,-0.04,101.6,0,0
1050NFL26,N7,1000,-0.5,67.5,0,0
MTEDUCARE,BE,1.41,-0.7,10.18,0.1,0
MODTHREAD,EQ,36.15,-5.24,125.71,0,0
IMC1,N1,250.31,-0.43,61.08,0,0
IMC1,N2,250,-0.23,61,0,0
ANKITMETAL,BZ,1.67,-2.91,23.57,0.08,0
SCLZC26B,AY,1259,-0.85,4.84,0,0
GVPTECHPP,E1,2.7,-4.26,5.72,0.04,0
1050ISFL28,N5,1029,-1.14,162.29,0,0
679GS2034,GS,101.8,-0.2,187312,0,0
771AP37A,SG,99.5,-0.5,995,0,0
1225IFL27,N0,9750,-0.51,19.48,0,0
OMKARCHEM,BZ,4.36,-3.54,8.97,0.02,0
LAKPRE,BZ,5.09,-2.12,5.57,0.02,0
ABSLMSCIN,EQ,28.95,-2.1,11.79,0,0
91MOFSL27,N2,1064,-1.02,477.23,0,0
PERFECT,SZ,2.3,-4.17,4.02,0.03,0
ONECAP-RE,BE,0.17,-5.56,0.41,0.29,0
GLFL,BE,5.04,-4.91,13.67,0.01,0
930IIFL27,NX,1055,-2.43,108.25,0,0
AARTISURF,P1,217.45,-0.02,23.54,0,0
762GS2039,GS,106.76,-1.6,36358.93,0,0
905SC24B,Z9,965,-3.55,13.28,0,0
BOHRAIND,BE,18.37,-4.97,38.89,0,0
EUROTEXIND,BE,12.99,-0.08,11.37,0,0
695GS2061,GS,95.5,-0.21,140385,0,0
FELDVR,BZ,2.8,-1.41,11.02,0,0