Symbol ,Series ,LTP ,%chng ,Mkt Cap (₹ Crores),Volume (Lakhs),Value (₹ Crores)
HDFCBANK,EQ,757.95,-3.11,1166635.32,654.85,4985.32
RELIANCE,EQ,1348,-4.61,1824177.31,232.67,3164.15
TMCV,EQ,419.5,-2.86,154473.8,696.79,2958.76
ICICIBANK,EQ,1237.9,-1.73,886184.72,236.31,2934.75
SBIN,EQ,1019.2,-3.9,940784.54,204.45,2110.31
MCX,EQ,2400,-2.64,61198.04,78.41,1889.91
CUMMINSIND,EQ,4664.1,-1.57,129288.85,40.4,1870.11
INFY,EQ,1267.5,-0.91,514020.83,130.93,1669.9
UNIONBANK,EQ,177.13,-1.77,135214.06,874.47,1531.9
MUTHOOTFIN,EQ,3259.8,-1.82,130870.69,45.09,1472.38
LT,EQ,3570,-2.17,491093.32,39.91,1425.76
SILVERBEES,EQ,211.94,-4.28,29209.81,629.65,1344.24
GUJALKALI,EQ,600,-0.25,4406.22,221.89,1343.06
HCLTECH,EQ,1360.1,-1.53,369085.59,89.56,1232.81
HDFCAMC,EQ,2321,-2.74,99431.68,53.08,1229.01
AXISBANK,EQ,1203.8,-1.5,374107.44,94.79,1144.85
VEDL,EQ,649.3,-1.42,253901.5,172.26,1125.24
SHRIRAMFIN,EQ,903,-5.54,169905.35,122.39,1117.32
BSE,EQ,2775,-3.99,113187.83,39.39,1112.54
KOTAKBANK,EQ,367.15,-1.06,365184.17,289.28,1056.28
NAUKRI,EQ,989.2,-0.88,64141.77,103.7,1029.83
M&M,EQ,3044,-2.69,378530.18,31.55,964.2
MARUTI,EQ,12411,-2.36,390205.03,7.75,962.67
BAJFINANCE,EQ,846.5,-4.11,526704.31,112.83,959.64
ETERNAL,EQ,232.71,-3.91,224573.31,387.67,913.9
ICICIGI,EQ,1740.1,-1.71,86720.05,51.11,892.9
BEL,EQ,405.95,-1.81,296740.47,218.18,888.31
BPCL,EQ,281.8,-0.97,122257.04,295.25,842.19
HAL,EQ,3585,-2.3,239755.84,22.86,823.53
NTPC,EQ,376.5,-0.5,365079.48,202.64,762.34
JSWENERGY,EQ,482,-2.49,84701.49,148.68,722.55
TATASTEEL,EQ,193.19,-1.76,241169.26,369.38,716.38
INDIGO,EQ,4102.1,-4.48,158592.52,16.94,700.59
HAVELLS,EQ,1231.1,-2.94,77221.59,56.57,697.23
GOLDBEES,EQ,117.5,-1.5,52406.36,588.66,691.97
LAURUSLABS,EQ,1008,-1.51,54417.54,65.17,657.85
ITC,EQ,294.55,-0.39,369130.56,221.79,652.71
GRASIM,EQ,2642.1,-0.22,179801.33,24.06,631.08
KAYNES,EQ,3602.9,-3.09,24151.92,16.41,599.11
HINDUNILVR,EQ,2075,-2.8,487540.19,27.89,582.8
CANBK,EQ,130.19,-4.64,118090.81,442.5,579.63
DIXON,EQ,10001,-3.98,60807.97,5.72,579.26
TMPV,EQ,302.3,-4.92,111325.77,190.1,578.2
HINDPETRO,EQ,340.25,-1.09,72399.16,155.94,537.34
SUNPHARMA,EQ,1794,-0.08,430430.55,29.75,535.31
BANKBARODA,EQ,260.7,-4.4,134817.41,199.57,521.05
INDUSINDBK,EQ,790,-3.47,61549.38,62.12,493.43
NIFTYBEES,EQ,259.48,-1.73,57803.49,187.66,488.19
ADANIENT,EQ,1824,-3.32,235594.98,25.85,474.52
GVT&D,EQ,3750.1,-0.35,96020.01,12.62,470.4
POWERINDIA,EQ,24750,-3.58,110316.6,1.87,467.63
BDL,EQ,1134,-4.08,41568.19,40.13,466.32
ULTRACEMCO,EQ,11100,-0.93,327093.88,4.18,462.86
CHOLAFIN,EQ,1413.8,-4.07,120461.01,32.33,461.56
JIOFIN,EQ,232,-2.25,147392.89,197.84,461.21
INDHOTEL,EQ,589.2,-4.55,83868.63,74.59,447.47
TRENT,EQ,3405,-2.12,121043.48,12.88,441.46
LICI,EQ,762.2,-2.42,482091.32,56.77,435.02
POLICYBZR,EQ,1455,-0.91,67321.84,30.03,432.27
PERSISTENT,EQ,4889.1,-0.81,77125.55,8.73,430.1
MAZDOCK,EQ,2161,-4.21,87170.42,19.59,429.69
BAJAJFINSV,EQ,1694.7,-2.95,271245.21,25.22,427.7
YESBANK,EQ,18.09,-2.06,56765.75,2344.86,424.89
IDEA,EQ,8.91,-1.44,96533.64,4673.68,417.83
IOC,EQ,137.36,-2.25,193969.33,299.86,417.01
TITAN,EQ,3982.1,-1.42,353525.33,10.41,415.83
POLYCAB,EQ,7069.5,-1.06,106431.68,5.8,409.06
SONACOMS,EQ,487.5,-4.68,30315.04,83.44,408.47
DLF,EQ,522.1,-2.29,129236.2,77.49,406.79
APOLLOHOSP,EQ,7547,-0.44,108514.28,5.34,403.48
SAIL,EQ,146.7,-3.3,60594.81,270.98,401.32
GODFRYPHLP,EQ,1905,-7.28,29714.53,20.57,401.12
SWIGGY,EQ,267.95,-3.14,73962.6,143.62,390.95
TATAPOWER,EQ,385,-1.46,123020.57,99.94,387.39
BHARATFORG,EQ,1718.2,-1.05,82133.17,22.12,381.05
LODHA,EQ,701.85,-4.36,70108.86,54.02,380.47
WAAREEENER,EQ,3082,-3.02,88650.93,12.18,379.93
PNB,EQ,105,-4.61,120675.9,356.61,376.72
EICHERMOT,EQ,6799,-2.77,186506.23,5.33,363.84
TECHM,EQ,1386.7,-1.55,135874.59,25.84,361.91
COFORGE,EQ,1142,-1.81,38343.58,31.07,360.14
PFC,EQ,396.05,-1.83,130700.53,90.33,359.81
ADANIPORTS,EQ,1339.9,-2.62,308707.48,26.67,358.25
HINDALCO,EQ,865,-0.42,194385.09,41.05,356.06
TATACAP,EQ,321.1,-1.23,136302.74,110.93,355.09
ASHOKLEY,EQ,163.16,-4.56,95837.81,216.32,354.82
IDFCFIRSTB,EQ,61.84,-2.21,53189.87,571.63,353.5
VBL,EQ,388.9,-3.13,131529.65,89.69,351.55
RADICO,EQ,2638.4,-3.95,35327.63,13.05,345.32
SOLARINDS,EQ,12398,-3.82,112189.57,2.7,336.41
TVSMOTOR,EQ,3442.9,-2.83,163567.74,9.51,328.94
CHENNPETRO,EQ,965,-3.82,14369.95,34.03,327.64
HINDZINC,EQ,510.25,-1.44,215596.9,63.23,324.36
PCBL,EQ,257,-4.73,10111.99,122.19,317.16
JSWSTEEL,EQ,1130.1,-2.24,276360.75,27.51,312.52
AUBANK,EQ,882.9,-3.02,66064.5,34.33,303.91
SUZLON,EQ,40.77,-3.55,55914.56,736.03,303.54
CDSL,EQ,1169,-3.61,24432.1,24.85,293.41
MID150BEES,EQ,206.79,-2.08,2881.93,146.75,292.8
BAJAJ-AUTO,EQ,8897.5,-1.67,248683.2,3.27,291.42
SBICARD,EQ,674.1,-3.73,64147,42.14,286.44
BAJAJHFL,EQ,76.51,-3.31,63750.69,375.87,286.26
RECLTD,EQ,318.8,-2.72,83947.18,88.75,284.46
DRREDDY,EQ,1281.1,-1.51,106924.74,21.65,278.96
HEROMOTOCO,EQ,5158,-2.49,103206.31,5.35,276.13
CIPLA,EQ,1242,-0.19,100326.36,22.21,275.24
HDFCLIFE,EQ,610.9,-0.33,131821.2,44.22,268.51
MOTHERSON,EQ,109.52,-2.89,115587.56,240.4,264.44
INDUSTOWER,EQ,426.9,-0.22,112623.17,61.61,262.06
ABB,EQ,6101,-1.79,129285.3,4.26,259.83
GAIL,EQ,136.91,-1.65,90019.69,186.64,257.22
UPL,EQ,594.2,-4.97,50160.54,42.52,256.43
GODREJPROP,EQ,1508,-3.64,45422.13,16.85,254.46
AMBUJACEM,EQ,408.55,-3.14,100986.35,61.14,251.26
MAXHEALTH,EQ,977,-1.13,95075.29,25.58,249.95
GODREJCP,EQ,1009.5,-2.9,103296.54,24.55,249.58
KEI,EQ,4130,-1.57,39483.05,5.99,248.92
ASIANPAINT,EQ,2209.2,-2.69,211905.98,10.89,242.36
TORNTPHARM,EQ,4266.1,-0.73,144380.11,5.65,241.22
NESTLEIND,EQ,1194.1,-0.83,230260.01,20.05,240.93
NETWEB,EQ,3165.4,-2.64,18024.01,7.53,239.67
HDBFS,EQ,592.55,-3.15,49199.66,39.62,234.3
CGPOWER,EQ,667.15,-3.63,105070.63,34.64,232.67
HYUNDAI,EQ,1808,-4.11,146907.43,12.73,232.55
DELHIVERY,EQ,427,-0.78,31965.57,53.01,226.56
PAYTM,EQ,1009.8,-5.26,64631.81,22.19,226.46
GRSE,EQ,2070,-4.92,23712.26,10.66,224.27
LUPIN,EQ,2331.9,-0.67,106577.91,9.51,222.95
TATSILV,EQ,21.45,-4.24,5033.35,1026.48,221.72
RVNL,EQ,264.05,-1.79,55054.96,83.39,220.93
PREMIERENE,EQ,891,-2.82,40361.8,24,216.75
HDFCSILVER,EQ,210.99,-4.8,6865.43,101.04,214.38
SBILIFE,EQ,1829.2,-1.22,183471.83,11.57,212.85
BANKINDIA,EQ,144.99,-3.02,66009.13,146.92,212.58
JINDALSTEL,EQ,1129.8,-1.15,115249.55,18.4,209.86
BRITANNIA,EQ,5501.5,-2.58,132513.69,3.79,209.4
HFCL,EQ,70.55,-0.54,10798.4,292.49,209.25
PETRONET,EQ,246.25,-1.44,36937.5,84.09,208.42
AMBER,EQ,6578.5,-2.49,23150.84,3.11,205.37
MRPL,EQ,176.76,-5.04,30978.94,112.22,202.78
NMDC,EQ,77.3,-0.71,67960.75,257.95,200.19
ICICIAMC,EQ,2849.9,-1.77,140858.74,6.89,198.38
RBLBANK,EQ,296.6,-2.42,18333.18,66.27,197.05
APOLLO,EQ,189.5,-4.13,6770.69,103.47,196.45
RPOWER,EQ,21.45,-5.38,8871.23,904.16,195.39
GOLDIETF,EQ,121.3,-1.77,23626.68,160.4,195.32
ADANIGREEN,EQ,833.6,-2.37,136826.59,23.28,194.15
IRFC,EQ,92.25,-3.14,120556.97,206.75,191.9
TATACONSUM,EQ,1043.7,-1.17,103239.02,18.16,190.08
OBEROIRLTY,EQ,1457,-2.85,52976.85,12.65,186.16
FORTIS,EQ,810.05,-2.42,61155.38,22.75,185.84
SILVERIETF,EQ,220,-4.46,13776.17,83.71,185.46
DATAPATTNS,EQ,3150.6,-1.95,17638.31,5.79,183.72
LTM,EQ,4187.5,-2.46,124156.58,4.33,183.17
TATATECH,EQ,538,-1.08,21841.69,33.84,182.55
COCHINSHIP,EQ,1256,-4.66,33042.95,14.27,182.26
IGL,EQ,147.87,-0.76,20701.82,122.66,181.93
NYKAA,EQ,239.05,-2.07,68445.45,75.97,181.89
UNITDSPR,EQ,1251.9,-4.55,91057.05,14.26,180.59
TRIVENI,EQ,388.8,-4.57,8510.75,45.09,179.51
KALYANKJIL,EQ,388.5,-0.85,40121.96,46.06,179.46
BHEL,EQ,255.1,-2.65,88827.44,69.84,179.36
PIDILITIND,EQ,1315.9,-3.44,133927.87,13.54,179.31
ANGELONE,EQ,235.4,-1.88,21399.16,75.29,178.75
LTF,EQ,252.35,-3.43,63198.18,70.79,178.53
TORNTPOWER,EQ,1350,-3.01,68026.98,13.01,177.78
INDIANB,EQ,871,-4.19,117320.56,19.88,174.36
NH,EQ,1627,-4.38,33249.5,10.63,174.24
IDBI,EQ,63.95,-4.77,68761.61,267.36,172.31
VOLTAS,EQ,1321.3,-3.47,43719.8,12.54,166.76
SYNGENE,EQ,410.5,-1.97,16540.66,40.2,166.65
AIIL,EQ,473.4,-10.12,40202.34,33.87,166.15
PGEL,EQ,487,-5.84,13896.19,32.76,163.13
FIRSTCRY,EQ,221.51,-1.48,11563.75,74.07,161.18
NAVINFLUOR,EQ,6040,-2.85,30944.11,2.64,160.02
MANAPPURAM,EQ,254.6,-2.95,21550.23,62.56,159.23
HSCL,EQ,442,-4.13,22300.74,34.6,157.21
APLAPOLLO,EQ,1998,-0.03,55471.68,7.89,157.05
MARICO,EQ,744.55,-1.22,96653.39,20.99,156.88
BIOCON,EQ,371.2,-2.23,60168.1,41.93,155.75
IREDA,EQ,114.15,-4.24,32067.37,133.35,154.7
REDINGTON,EQ,200.75,-4.97,15694.12,74.9,152.39
SIEMENS,EQ,3045.4,-1.8,108452.94,4.99,152.32
MEESHO,EQ,144.1,-3.75,65034.22,103.19,151.95
FORCEMOT,EQ,20350,-5.24,26521.98,0.74,151.62
SRF,EQ,2493.8,-2.89,73922.42,6,150.57
ENRIN,EQ,2634,-4.96,93802.14,5.59,147.68
PRESTIGE,EQ,1172.9,-4.49,50520.35,12.45,147.08
ABCAPITAL,EQ,305.8,-2.83,80103.44,47.96,146.3
IEX,EQ,118.82,-2.35,10595.09,117.11,140.86
TEJASNET,EQ,415,-2.05,7373.03,34.48,140.79
HBLENGINE,EQ,641.8,-3.72,17790.37,21.5,140.67
ANANTRAJ,EQ,435.9,-4.36,15687.04,31.51,138.57
KFINTECH,EQ,912,-2.4,15734.19,15.12,138.46
ZEEL,EQ,73.3,-3.5,7040.61,185.97,137.97
MPHASIS,EQ,2112,-0.94,40301.09,6.48,137.29
TATAELXSI,EQ,4144,-1.65,25800.11,3.25,136.47
STLTECH,EQ,186.2,-3.34,9089.03,72.51,135.55
COROMANDEL,EQ,1929.6,-4.26,56926.02,6.95,135.53
SYRMA,EQ,812.6,-0.63,15669.41,16.43,134.55
PHOENIXLTD,EQ,1493,-5.03,53394.85,8.85,134.13
LIQUIDIETF,EQ,999.15,-0.09,1554.08,13.41,134.11
HUDCO,EQ,168.05,-4.43,33641.93,77.33,131.62
SUPREMEIND,EQ,3762,-1.83,47787.51,3.47,131.2
ADANIENSOL,EQ,956.5,-3.42,114902.68,13.57,130.6
CAMS,EQ,635.9,-1.24,15763.22,20.14,129.54
MFSL,EQ,1550,-2.26,53492.79,8.32,129.41
BLS,EQ,249,-5.81,10252.35,51.02,129.36
ASTRAL,EQ,1620,-1.62,43521.33,7.91,128.96
INOXWIND,EQ,79.16,-3.37,13680.73,158.89,127.14
GUJGASLTD,EQ,317,-4.29,21821.97,39.53,126.97
TATAGOLD,EQ,13.79,-1.29,5490.12,915.6,126.26
PARADEEP,EQ,111.4,-0.61,11565.22,113.55,125.68
MRF,EQ,129900,-0.05,55092.45,0.1,125.56
JUBLFOOD,EQ,455,-1.59,30022.96,27.4,124.83
SHREECEM,EQ,23620,-2.52,85222.73,0.53,124.76
ITCHOTELS,EQ,140.15,-5.76,29191.6,86.85,124.63
NHPC,EQ,76.7,-0.65,77045.42,158.57,122.18
SETFGOLD,EQ,121.45,-1.21,22802.7,100.65,122.07
IRB,EQ,40.8,-0.8,24639.12,297.43,121.95
CARTRADE,EQ,1738,-0.69,8321.2,7,121.66
PRAJIND,EQ,314.6,-3.42,5782.76,37.56,120.73
BAJAJHLDNG,EQ,9137,-4.36,101688.88,1.31,120.55
WOCKPHARMA,EQ,1187.6,-0.8,19296.79,9.99,119.33
LLOYDSENT,EQ,42.7,-4.02,6372.64,278.29,118.08
JPPOWER,EQ,14.7,-3.73,10074.58,789.06,117.33
CUB,EQ,249.3,-1.44,18524.17,45.23,113.33
HDFCGOLD,EQ,121.5,-1.18,20663.53,93.19,113.08
PAGEIND,EQ,31915,-2.21,35597.59,0.35,112.67
APTUS,EQ,198.88,-4.04,9958.77,56.14,112.47
GMDCLTD,EQ,564,-2.53,17935.2,19.44,110.64
PIIND,EQ,2812,-3.21,42663.13,3.9,110.58
TFCILTD,EQ,64.39,-1.32,2981.11,170.06,109.32
DEEPAKNTR,EQ,1343,-1.94,18317.59,8.1,108.91
KPITTECH,EQ,660.8,-1.9,18115.42,15.98,106.54
UNOMINDA,EQ,1053.3,-3.15,60819.71,10.01,105.39
BELRISE,EQ,189.7,-2.6,16881.01,55.07,104.86
VMM,EQ,106.49,-1.22,49764.03,97.79,104.05
MAHABANK,EQ,64.56,-1.45,49656.59,159.26,102.15
NEWGEN,EQ,421.8,-3.18,6002.96,23.63,101.97
IRCTC,EQ,510.15,-2.6,40812,19.83,101.5
GABRIEL,EQ,823.5,-6.55,11829.08,12.21,101.05
DEVYANI,EQ,99.4,-2.55,12255.42,101.39,100.11
NBCC,EQ,80.5,-4.76,21735,121.15,98.81
HAPPSTMNDS,EQ,386.4,-2.94,5883.9,24.95,98.57
BHARTIHEXA,EQ,1510,-4.62,75500,6.49,98.29
BOSCHLTD,EQ,29600,-2.6,87301.17,0.32,94.7
BANDHANBNK,EQ,148.9,-2.95,23987.36,62.74,93.95
COLPAL,EQ,1885,-1.84,51269.29,4.92,93.01
CONCOR,EQ,440,-1.16,33511.19,20.68,90.39
SAILIFE,EQ,973.5,-3.84,20615.63,9.02,89.07
GPIL,EQ,271.8,-1.98,18242.34,31.74,87.39
GMRAIRPORT,EQ,89.33,-0.81,94323.33,97.27,86.4
ZENTEC,EQ,1345,-3.57,12144.05,6.31,85.44
TRITURBINE,EQ,450,-0.37,14305.14,18.73,85.4
LLOYDSENGG,EQ,38.99,-6.9,5451.12,216.17,85.3
ZYDUSLIFE,EQ,896.2,-0.83,90178.69,9.4,84.63
JSL,EQ,713,-1.55,58781.12,11.88,84.39
IFCI,EQ,50.94,-3.58,13724.84,162.17,82.98
FIVESTAR,EQ,375,-1.99,11046.23,21.66,82.18
PGHH,EQ,9110,-5.63,29571.73,0.88,81.18
DEEPAKFERT,EQ,948.5,-5.06,11973.66,8.26,80.59
SILVER,EQ,219.9,-3.75,2903.14,36.29,80.4
TARIL,EQ,271,-4.21,8134.49,28.94,79.45
PCJEWELLER,EQ,8,-1.48,6327.61,993.01,79.34
PATANJALI,EQ,472,-2.7,51358.52,16.56,79.2
SUNDRMFAST,EQ,762.15,-4.61,16014.93,10.27,78.67
ALKEM,EQ,5271.5,-3.02,63028.69,1.45,77.71
RELIGARE,EQ,218.44,-3.57,7271.66,34.08,75.6
PNBHOUSING,EQ,799.9,-0.37,20841.36,9.48,75.28
RAIN,EQ,109.19,-0.46,3672.56,67.61,75.21
ITBEES,EQ,32.48,-0.92,3413.7,225.49,73.8
IIFL,EQ,449.5,-3.19,19116.77,16.42,73.8
TITAGARH,EQ,596.4,-5.15,8031.94,12.19,73.51
SBISILVER,EQ,217.64,-4.05,5517.85,33.52,73.23
OLECTRA,EQ,1019.45,-4.14,8367.72,7.06,73.05
MGL,EQ,939,-0.01,9275.23,7.67,72.85
DABUR,EQ,419.7,-2.62,74441.78,16.93,71.47
BANKBEES,EQ,540.77,-2.26,7390.66,13.02,70.66
SETFNIF50,EQ,245.18,-1.81,197213.07,28.53,70.13
PTCIL,EQ,15450,-6.04,23163.49,0.45,70.01
NEULANDLAB,EQ,12015,-0.67,15415.11,0.58,69.71
IRCON,EQ,120.9,-2.36,11370.84,56.54,68.83
ICICIPRULI,EQ,530.15,-1.93,76831.26,12.88,68.31
BEML,EQ,1441,-3.68,12001.94,4.72,68.03
VIKRAMSOLR,EQ,191,-2.07,6920.51,35.64,67.83
LLOYDSME,EQ,1275.1,-2.49,69513.93,5.25,67.55
MOTILALOFS,EQ,668,-2.37,40204.25,10.03,67.27
BALRAMCHIN,EQ,495.75,-2.51,10011.69,13.49,67.22
SWSOLAR,EQ,158.2,-5.29,3694.47,41.87,66.72
LTTS,EQ,3200,-0.01,33919.41,2.08,66.48
SCI,EQ,229.3,-1.74,10680.77,28.75,66.41
TENNIND,EQ,526,-0.06,21229.59,12.42,66
SHREEJISPG,EQ,340.5,-4.99,5547.37,18.91,65.75
POONAWALLA,EQ,386.95,-0.95,31451.98,17.17,65.54
NTPCGREEN,EQ,94.95,-1.79,80008,68.53,65.23
ABREL,EQ,1132,-3.07,12643.95,5.65,63.77
ACC,EQ,1311,-4.16,24618.91,4.8,63.63
TOP10ADD,EQ,84.03,-2.81,718.27,74.51,63.59
ARE&M,EQ,700,-3.45,12811.78,8.95,63.33
SHAILY,EQ,2146,-5.35,9861.96,2.87,63.32
NOCIL,EQ,156.8,-2.06,2618.95,39.72,63
VGUARD,EQ,318.2,-2.91,13897.53,19.65,62.18
BLUESTARCO,EQ,1673,-4.1,34399.35,3.67,62.1
HDFCSML250,EQ,148.75,-1.25,1993.65,41.71,61.85
CYIENTDLM,EQ,277,-5.97,2198.39,21.88,61.5
IOB,EQ,32.29,-2.3,62179.53,189.03,60.91
TMB,EQ,596,-1.25,9437.75,9.98,60.23
FINPIPE,EQ,157,-3.37,9741.49,38.07,60.22
GOKEX,EQ,586,-5.66,4292.29,10.1,59.61
DBREALTY,EQ,91.3,-3.52,4952.17,64.41,59.27
JBCHEPHARM,EQ,2063.5,-1.05,33131.29,2.87,59.22
360ONE,EQ,975,-2.7,39598.5,6.03,58.98
JBMA,EQ,545.5,-4.74,12900.76,10.64,58.72
CENTURYPLY,EQ,693,-1.28,15396.59,8.3,58.68
TRANSRAILL,EQ,478,-1.09,6417.44,12.25,58.33
TIMETECHNO,EQ,164.6,-2.51,8125.24,35.13,58.25
JUNIORBEES,EQ,671,-2.22,6941.98,8.63,58.23
GRAVITA,EQ,1395,-1.59,10296.28,4.1,58.21
LINDEINDIA,EQ,7150,-2.81,60978.22,0.8,57.97
KSB,EQ,795.65,-2.01,13847.43,7.18,57.48
NCC,EQ,135.65,-3.24,8516.74,42.02,57.3
CEMPRO,EQ,517.5,-8.12,8890.01,10.78,57.24
GRANULES,EQ,620,-1.44,15045.46,9.11,56.93
HCC,EQ,14.51,-3.91,3800.85,390.71,56.65
MAHSCOOTER,EQ,11571,-5.66,13224,0.48,56.46
JSLL,EQ,550,-7.49,6836.54,9.97,56.18
RAMCOCEM,EQ,905.5,-2.46,21396.28,6.1,55.95
JWL,EQ,250.05,-4.49,10686.4,22,55.91
ZAGGLE,EQ,202.5,-3.59,2722.78,27.72,55.81
SWANCORP,EQ,310,-4.81,9717.16,17.88,55.79
EDELWEISS,EQ,103.5,-3.28,9796.6,53.4,55.57
JINDALSAW,EQ,186.9,-0.87,11952.41,29.72,55.39
TIINDIA,EQ,2568,-4.26,49702.34,2.14,55.38
ECLERX,EQ,1470,-1.71,13825.46,3.81,55.38
EMMVEE,EQ,221,-3.2,15300.83,24.61,55.34
ABFRL,EQ,57.04,-3.08,6961.79,96.02,55.04
CROMPTON,EQ,232,-4.35,14938.83,23.45,55
ABDL,EQ,398,-2.57,11132.46,13.88,54.97
ZYDUSWELL,EQ,445,-2.83,14158.15,12.28,54.82
JSWINFRA,EQ,249.55,-3.35,52405.54,21.46,54.47
GOLD1,EQ,118.37,-1.37,11594.36,45.75,54.2
CHAMBLFERT,EQ,421.15,-2.59,16873.4,12.81,53.9
JAYNECOIND,EQ,73.3,-0.56,7117.42,72.7,53.52
METROPOLIS,EQ,430.5,-1.89,8925.46,12.34,53.21
AARTIIND,EQ,413.75,-4.06,15002.34,12.7,53.12
UJJIVANSFB,EQ,52.66,-3.36,10230.33,100.12,52.86
CYIENT,EQ,786,-3.64,8734.35,6.67,52.83
WHIRLPOOL,EQ,803,-0.53,10187.81,6.57,52.66
CHOLAHLDNG,EQ,1380,-1.57,25913.29,3.83,52.53
RCF,EQ,112.29,-2.56,6194.91,45.82,52.15
BSOFT,EQ,334.45,-3.73,9348.09,15.2,51.67
PARAS,EQ,624,-2.75,5028.65,8.25,51.61
EXIDEIND,EQ,300,-2.33,25500,17.05,51.56
SHAKTIPUMP,EQ,483,-2.66,5960.12,10.56,51.1
KPIGREEN,EQ,369.2,-3.84,7285.83,13.64,51.05
INOXINDIA,EQ,1195.3,-3.51,10848.96,4.2,50.97
ENGINERSIN,EQ,189.45,-3.33,10647.89,26.75,50.89
SOUTHBANK,EQ,35.8,-3.22,9370.63,140.59,50.57
ASTRAZEN,EQ,7860,-6.6,19650,0.63,50.32
TATACHEM,EQ,603.95,-3.4,15386.01,8.19,50.09
GESHIP,EQ,1416,-0.04,20215.83,3.51,49.9
SJVN,EQ,66.09,-2.64,25972.02,73.89,49.2
FSL,EQ,212.5,-5.29,14811.06,22.6,48.42
FLUOROCHEM,EQ,3052,-6.28,33526.22,1.55,48.29
TATAINVEST,EQ,568,-3.33,28738,8.36,48.08
APLLTD,EQ,670,-3.48,13169.73,7.1,47.84
PINELABS,EQ,159.45,-3.01,18309.27,29.16,47.28
WABAG,EQ,1203.3,-3.87,7497.71,3.84,46.63
LOTUSDEV,EQ,109.5,-3.4,5351.52,42.16,46.33
ASTRAMICRO,EQ,879,-4.22,8345.67,5.22,46.18
J&KBANK,EQ,114.15,-3.32,12570,40.25,46.13
PROTEAN,EQ,477.05,-3.96,1937.62,9.51,45.84
ESCORTS,EQ,2843,-4.19,31806.85,1.6,45.69
ASHAPURMIN,EQ,488,-0.32,4661.67,9.21,44.86
SIGNATURE,EQ,740.5,-4.42,10404.82,5.96,44.64
BASF,EQ,3240,-4.63,14024.55,1.35,44.56
MANYAVAR,EQ,350.1,-1.31,8506.49,12.72,44.34
LMW,EQ,12475,-5.22,13327.04,0.36,44.32
MINDACORP,EQ,530,-2.56,12671.21,8.33,43.75
UCOBANK,EQ,23.65,-3.9,29656.06,184.87,43.74
KRN,EQ,882.8,-3.63,5487.18,4.87,43.7
WEBELSOLAR,EQ,70.8,-5.07,2988.21,60.35,43.63
BORORENEW,EQ,386.4,-4.86,5416.9,11.1,43.52
RAILTEL,EQ,260,-3.27,8344.4,16.55,43.29
KIRLOSENG,EQ,1340,-3.76,19476.86,3.15,42.79
NIFTYIETF,EQ,257.71,-1.88,37485.66,16.52,42.76
ZENSARTECH,EQ,525.2,-1.86,11948.01,8.1,42.63
VINCOFE,EQ,132.01,-0.93,1906.73,32.11,42.51
SMLMAH,EQ,3988,-4.55,5771.29,1.05,42.24
DALBHARAT,EQ,1850,-1.8,34699.7,2.24,41.53
AVANTIFEED,EQ,1208,-4.38,16458.47,3.39,41.46
TDPOWERSYS,EQ,854,-3.57,13340.75,4.81,41.35
BLISSGVS,EQ,218.1,-2.67,2307.26,18.85,41.31
JISLJALEQS,EQ,29.2,-3.05,2086.66,139.32,41.27
JMFINANCIL,EQ,120,-3.65,11476.37,33.9,40.89
ASTEC,EQ,561.15,-10,1250.37,6.81,40.84
KIRLOSBROS,EQ,1416,-6.37,11244.3,2.84,40.82
MON100,EQ,232.6,-1.52,11726.17,17.45,40.65
PSUBNKBEES,EQ,91.77,-4.09,3810.06,43.84,40.54
MANINFRA,EQ,88,-1.02,3552.27,46.63,40.54
TATACOMM,EQ,1410,-2.75,40185,2.87,40.39
JYOTHYLAB,EQ,203.2,-5.25,7461.8,19.43,39.92
SEPC,EQ,5.25,-6.58,992.28,738.24,39.79
SILVERCASE,EQ,22.33,-4.29,1133.44,176.52,39.77
CERA,EQ,4616.3,-2.37,5953.89,0.84,39.28
LEMONTREE,EQ,104.9,-2.54,8310.67,37.13,39.1
MODEFENCE,EQ,79.97,-4.36,1189.55,47.77,39.02
CANHLIFE,EQ,140.99,-0.28,13394.05,27.5,38.86
INOXGREEN,EQ,138.75,-4.85,5570.7,27.71,38.81
SBFC,EQ,82.1,-2.81,9083.66,46.81,38.76
MAHSEAMLES,EQ,562,-3.06,7530.76,6.79,38.67
MEDANTA,EQ,981.1,-2.99,26371.02,3.9,38.59
SUNDARMFIN,EQ,4575,-4.03,50830.02,0.84,38.58
DCXINDIA,EQ,163.25,-4.23,1818.38,23.27,38.22
CASTROLIND,EQ,175.34,-1.52,17342.26,21.58,37.89
NAM-INDIA,EQ,830.3,-4.52,52919.61,4.43,37.45
RATNAMANI,EQ,2215,-4.3,15525.38,1.69,37.38
ALKYLAMINE,EQ,1281.5,-7.02,6554.11,2.84,37.26
CRISIL,EQ,3815.1,-3.86,27899.83,0.94,36.55
NIFTYETF,EQ,246.91,-1.98,4841.18,14.69,36.49
AIAENG,EQ,3435.6,-1.46,32061.15,1.04,36.22
GOLDCASE,EQ,22.4,-1.06,2102.7,161.89,36.15
GODREJAGRO,EQ,543.4,-3.04,10451.16,6.58,36.14
SPARC,EQ,119.99,-8.72,3893.67,28.91,35.74
M&MFIN,EQ,301.45,-4.54,41900.68,11.69,35.73
CHOICEIN,EQ,639.55,-2.05,14247.67,5.55,35.7
BALUFORGE,EQ,407.8,-5.58,4689.37,8.65,35.64
FINCABLES,EQ,805,-3.26,12311.62,4.36,35.28
CEATLTD,EQ,3405,-4.06,13773.26,1.02,35.28
ANURAS,EQ,1231,-2.84,14014.73,2.85,35.19
AGI,EQ,488,-4.32,3157.23,7.11,35.06
JYOTICNC,EQ,751.95,-3.18,17101.08,4.61,34.79
KERNEX,EQ,912.8,-2.71,1533.73,3.81,34.63
BLUESTONE,EQ,482.25,-2.35,7320.79,7.05,34.63
PRIVISCL,EQ,2930,-1.12,11445.37,1.17,34.55
JKTYRE,EQ,396.95,-2.43,11443.65,8.64,34.44
CMSINFO,EQ,270.85,-0.33,4459.21,12.65,34.3
LALPATHLAB,EQ,1331,-1.16,22301.57,2.58,34.09
PVRINOX,EQ,926.7,-2.9,9100.19,3.62,33.91
LUMAXTECH,EQ,1610,-0.82,10973.39,2.11,33.9
AGARWALEYE,EQ,405,-2.57,12830.7,8.16,33.5
UNIMECH,EQ,734.35,-6.71,3734.68,4.49,33.38
WELCORP,EQ,811.8,-2.84,21414.52,4.06,33.28
AAVAS,EQ,1110,-2.25,8790.3,2.98,33.07
POWERMECH,EQ,1820.4,-5.09,5755.43,1.79,33.07
AVANTEL,EQ,123.99,-4.69,3294.55,26.39,33.03
KEC,EQ,534,-2.88,14215.08,6.08,32.71
ACE,EQ,780,-4.73,9288.49,4.15,32.61
KIRIINDUS,EQ,351,-5.77,2106.79,9.11,32.42
PARAGMILK,EQ,189.99,-5.78,2376.96,16.84,32.33
JKCEMENT,EQ,5093,-3.21,39352.72,0.63,31.95
SILVERBETA,EQ,211.1,-5.05,1282.07,14.93,31.94
PAISALO,EQ,34.2,-0.03,3110.56,93.39,31.91
BHARATCOAL,EQ,31.47,-1.44,14655.58,100.58,31.69
KPIL,EQ,1065.1,-4.05,18188.98,2.95,31.69
SANDUMA,EQ,178.45,-1.06,8674.54,17.88,31.47
SANOFI,EQ,3160,-4.76,7277.68,0.97,31.37
RGL,EQ,98.7,-0.98,1059.3,32.06,31.37
VOLTAMP,EQ,8409,-2.02,8507.49,0.37,31.21
INNOVISION,EQ,348.8,-7.41,830.61,8.72,31.13
SHAREINDIA,EQ,121.74,-1.58,2647.75,25.74,31.12
GRWRHITECH,EQ,3385,-7.6,7864.17,0.9,31.08
SAMHI,EQ,132.99,-3.95,2941.82,23.08,31.05
VINATIORGA,EQ,1319.9,-3.78,13682.83,2.32,31
SBC,EQ,30.8,-1,1466.67,99.84,30.96
COHANCE,EQ,300.3,-1.91,11488.49,10.26,30.96
KWIL,EQ,23.58,-2.72,5540.34,130.86,30.91
AGIIL,EQ,291,-3.91,3637.42,10.35,30.76
GSFC,EQ,144.12,-4.68,5742.86,20.91,30.7
AEGISLOG,EQ,610.6,-0.19,21432.06,4.96,30.3
EFCIL,EQ,180.96,-5.75,2484.28,16.51,30.28
GILLETTE,EQ,7455,-2.96,24292.28,0.4,30.13
MIDHANI,EQ,286,-6.12,5357.92,10.32,30.06
CENTRALBK,EQ,33.01,-3.25,29878.68,90.2,29.83
AEROFLEX,EQ,240.8,-4.21,3186.52,12.2,29.8
AXISGOLD,EQ,118.25,-1.59,4948.85,25.05,29.59
POCL,EQ,1072,-2.63,3270.81,2.69,29.15
MOIL,EQ,275.8,-4.63,5612.12,10.4,29.13
VENTIVE,EQ,590.65,-5.68,13794.14,4.89,29.05
BBOX,EQ,461,-3.72,7859.62,6.19,28.94
DYNAMATECH,EQ,9020,-5.7,6125.88,0.31,28.92
PATELENG,EQ,23.55,-4.85,2336.49,121.5,28.88
CEINSYS,EQ,985.75,-3.88,1758.69,2.85,28.72
BALKRISIND,EQ,2150.5,-2.6,41572.86,1.33,28.56
IXIGO,EQ,180.01,-0.71,7887.74,15.83,28.54
SANSERA,EQ,2159,-1.1,13434.22,1.32,28.5
ABSLAMC,EQ,902.5,-3.97,26064.76,3.12,28.45
TRIDENT,EQ,23.73,-4,12092.7,118.1,28.43
SETFNIFBK,EQ,537.82,-2.07,3477,5.25,28.25
EPACK,EQ,210,-6.5,2020.8,12.93,27.72
BLUEJET,EQ,342,-3.23,5932.52,8.04,27.63
JUBLPHARMA,EQ,845,-1.71,13459.26,3.24,27.46
RAYMONDLSL,EQ,758,-0.15,4618.01,3.62,27.43
CARBORUNIV,EQ,768.55,-2.47,14638.15,3.57,27.39
TECHNOE,EQ,1035,-4.28,12037.01,2.62,27.35
SONATSOFTW,EQ,218.6,-4.02,6130.09,12.34,27.34
FINEORG,EQ,3947.7,-6.71,12103.64,0.68,27.19
APOLLOTYRE,EQ,409.6,-2.39,26013.73,6.58,27.16
SULA,EQ,149.1,-2.39,1259.11,17.71,27.15
GSPL,EQ,233.7,-1.91,13185.62,11.46,27.15
HEMIPROP,EQ,117.55,-8.77,3350.18,22.38,27.14
MOSCHIP,EQ,158,-4.35,3063.09,16.92,27.12
SWANDEF,BE,1675.7,-4.99,8827.95,1.61,27.12
RSL,EQ,103,-3.29,860.75,26.14,27.03
SUBROS,EQ,656.9,-4.42,4285.34,4.05,26.91
GOLDETF,EQ,137.7,-1.54,3006.16,19.43,26.8
WEWORK,EQ,443,-3.73,5997.25,5.93,26.79
TEXRAIL,EQ,83.45,-5.64,3395.28,31.45,26.68
MIDCAPETF,EQ,20.38,-2.16,1442.33,130.04,26.61
JAMNAAUTO,EQ,117.3,-3.43,4688.61,22.64,26.55
OSWALPUMPS,EQ,303.5,-3.27,3459.21,8.74,26.49
JSWCEMENT,EQ,113.93,-3.79,15532.82,23.04,26.49
JAIBALAJI,EQ,56.4,-4.7,5145.13,46.82,26.43
BERGEPAINT,EQ,414.2,-2.64,48295.84,6.32,26.25
NEOGEN,EQ,1180,-1.78,3113.04,2.2,26.18
SKFINDUS,EQ,2091,-1.95,10337.48,1.23,26.15
JLHL,EQ,1278,-0.02,8379.34,2.01,25.71
WAAREERTL,EQ,809.6,-4.72,8447.84,3.12,25.69
AJANTPHARM,EQ,2806.7,-2.54,35065.68,0.9,25.53
SCHAEFFLER,EQ,3972.1,-2.24,62085.38,0.64,25.5
KPRMILL,EQ,832,-2.74,28438.92,3.02,25.49
REFEX,EQ,197.15,-4.38,2704.89,12.82,25.47
RAINBOW,EQ,1154.5,-1.19,11725,2.19,25.46
THANGAMAYL,EQ,3440,-4.41,10692.22,0.73,25.39
EMBASSY,RR,425.3,-1.04,40313.92,5.9,25.28
RAMASTEEL,EQ,4.31,-9.07,704.9,571.38,25.25
LATENTVIEW,EQ,260.55,-3.89,5391.43,9.57,25.24
NETWORK18,EQ,28.7,-5.93,4425.54,86.21,25.11
RKFORGE,EQ,485.55,-3.9,8789.94,5.15,25.11
CRIZAC,EQ,189.22,-2.35,3311.02,13.17,25.08
SKYGOLD,EQ,330.8,-1.25,5123.23,7.6,24.89
YATHARTH,EQ,639.1,-1.34,6158.01,3.82,24.56
ARSSBL,EQ,437.5,-4.51,2744.23,5.51,24.54
AARTIPHARM,EQ,603.9,-5.49,5474.82,3.97,24.53
YATRA,EQ,96.99,-6.44,1521.93,24.51,24.28
EIDPARRY,EQ,789.8,-2.29,14048.39,3.05,24.23
ASHOKA,EQ,109,-5.13,3059.88,21.96,24.19
CAMPUS,EQ,225.45,-3.36,6889.6,10.78,24.19
VIKRAN,EQ,55.99,-6.18,1444.04,42.52,24.12
RELINFRA,BE,70.49,-4.99,2880.44,33.33,24.1
RATEGAIN,EQ,466.5,-5.89,5510.49,5.05,24.05
VESUVIUS,EQ,457.75,-3.31,9290.53,5.26,24.04
ALOKINDS,EQ,11.85,-6.62,5883.81,199.2,24
IIFLCAPS,EQ,258,-2.95,8035.02,9.1,23.98
HINDOILEXP,EQ,120.1,-1.14,1588.24,19.67,23.96
TANLA,EQ,396.5,-3.62,5258.28,5.91,23.75
CREDITACC,EQ,1160.5,-0.96,18585.03,2.04,23.73
63MOONS,EQ,494,-2.21,2276.28,4.84,23.66
CENTUM,EQ,2805,-0.88,4134.85,0.82,23.52
FEDFINA,EQ,128.51,-2.77,4808.92,18,23.44
SILVERADD,EQ,211.73,-5.09,1575.19,10.93,23.37
EMAMILTD,EQ,391,-4.74,17067.15,5.88,23.36
DAMCAPITAL,EQ,131.5,-2.79,929.52,18.01,23.36
EASEMYTRIP,EQ,6.21,-7.04,2258.49,367.68,23.31
POLYMED,EQ,1230.2,-5.56,12469.24,1.84,23
AEGISVOPAK,EQ,173,-1.32,19168.25,13.59,22.99
GALLANTT,EQ,531.5,-1.53,12824.08,4.26,22.99
GREAVESCOT,EQ,127.19,-5.97,2962.21,17.69,22.95
EIEL,EQ,138.52,-5.57,2431.44,16.19,22.81
MAHLIFE,EQ,309.5,-8.24,6602.96,7.25,22.79
EQUITASBNK,EQ,54.8,-3.76,6252.92,41.01,22.72
HITECH,EQ,74.31,-2.31,1509.29,30.53,22.72
CLEAN,EQ,677.1,-3.44,7196.04,3.28,22.58
THYROCARE,EQ,361.45,-2.07,5753.03,6.16,22.5
SARDAEN,EQ,507.9,-1.94,17897.44,4.4,22.47
STALLION,EQ,105.5,-4.62,1224.7,20.97,22.44
THERMAX,EQ,3173.8,-2.32,37817.83,0.7,22.39
INTELLECT,EQ,628.6,-4.34,8780.1,3.47,22.16
GMRP&UI,EQ,96.1,-5.71,7505.58,22.37,22.05
TIIL,EQ,2165.1,-1.61,4908.89,1.01,22.01
JYOTISTRUC,EQ,9.69,-5.92,1156.66,222.88,21.91
GNFC,EQ,383.75,-3.75,5638.85,5.64,21.85
SEAMECLTD,EQ,1380,-2.93,3508.65,1.54,21.75
SANOFICONR,EQ,4100,-2.79,9442.56,0.53,21.73
VAIBHAVGBL,EQ,186.49,-4.72,3115.64,11.53,21.65
CONCORDBIO,EQ,1011.8,-2.63,10585.07,2.13,21.57
USHAMART,EQ,403.75,-2.48,12303.95,5.29,21.57
SHYAMMETL,EQ,761.2,-4.22,21247.52,2.79,21.55
TI,EQ,426.9,-4.51,10551.72,4.97,21.51
GATEWAY,EQ,53.5,-2.87,2673.09,39.87,21.48
NSLNISP,EQ,34.61,-1.79,10142.83,62.31,21.46
HUBTOWN,EQ,181.1,-5.2,2573.44,11.65,21.45
KNRCON,EQ,108.95,-5.93,3064.05,19.25,21.44
BIRLACORPN,EQ,868,-3.68,6684.06,2.43,21.31
SUMICHEM,EQ,374.5,-3.24,18693.01,5.67,21.28
EMUDHRA,EQ,384.3,-1.71,3182.45,5.5,21.27
RICOAUTO,EQ,105.34,-3.48,1425.09,20.1,21.23
GENESYS,EQ,228.9,-5.26,956.58,9.11,21.19
BATAINDIA,EQ,629.8,-4.58,8094.66,3.31,21.17
DIACABS,EQ,123.01,-3.93,6482.27,16.82,21.14
IDEAFORGE,EQ,383,-5.33,1657.44,5.41,21.11
FRACTAL,EQ,789.7,-4.12,13580.08,2.65,21.1
THOMASCOOK,EQ,93.3,-2.69,4388.65,22.41,21.04
RAYMONDREL,EQ,370,-5.21,2463.23,5.7,21.01
EUROPRATIK,EQ,228,-1.7,2330.16,8.9,20.99
ATUL,EQ,6210,-0.18,18283.33,0.34,20.98
HOMEFIRST,EQ,927,-2.22,9671.21,2.25,20.97
SILVER1,EQ,21.5,-4.1,1458.12,96.56,20.77
GOLDIAM,EQ,284.8,-2.16,3215.9,7.36,20.75
HCG,EQ,530,-1.08,7473.4,3.92,20.69
CGCL,EQ,164,-3.54,15779.32,12.4,20.53
IBULLSLTD,EQ,9.4,-4.67,2184.92,220.34,20.49
ELLEN,EQ,207.2,-2.76,2920.19,9.61,20.48
BLSE,EQ,155,-4.57,1408.28,12.84,20.48
MASTEK,EQ,1400.5,-3.42,4341.18,1.44,20.3
RUBICON,EQ,766,-0.98,12619.87,2.61,20.14
POLYPLEX,EQ,775.5,-4.25,2434.49,2.54,20.13
RTNPOWER,EQ,7.95,-2.93,4269.23,251.24,20.12
ABLBL,EQ,91.12,-2.11,11121.39,21.93,20.12
INDGN,EQ,451.5,-1.9,10872.48,4.42,20.09
BANKBETA,EQ,53.99,-2.46,3449.96,36.88,20.04
GPPL,EQ,145.8,-2.66,7048.55,13.57,20
MOREPENLAB,EQ,36,-2.62,1972.63,55.25,19.94
TEAMLEASE,EQ,1162.4,-4.23,1949.22,1.67,19.93
ORIANA,SM,1610,-5.1,3271.38,1.21,19.84
JTLIND,EQ,45.92,-7.42,1805.03,41.93,19.84
AXISILVER,EQ,218.55,-4.42,1756.42,8.95,19.74
ISGEC,EQ,886.5,-2.24,6518.39,2.21,19.74
ELECON,EQ,370.55,-4.31,8315.14,5.26,19.64
NEXT50IETF,EQ,65.8,-1.88,2114.92,29.82,19.63
INDIAGLYCO,EQ,878.5,-1.21,5888.3,2.21,19.61
PRICOLLTD,EQ,514.2,-5.47,6267.15,3.71,19.57
PVTBANIETF,EQ,25.6,-0.51,2649.7,77.42,19.53
SHRIPISTON,EQ,3035,-2.16,13369.12,0.64,19.5
BIRET,RR,328.6,-0.48,24624.81,5.89,19.44
MANINDS,EQ,329,-4.87,2467.81,5.83,19.42
INDIASHLTR,EQ,723.15,-4.07,7864.87,2.64,19.42
RELTD,EQ,124.09,-9.44,2216.55,15.44,19.4
DOMS,EQ,2243.3,-4.03,13614.21,0.85,19.38
BANKADD,EQ,53.25,-2.86,589.75,36.04,19.37
SKIPPER,EQ,349.5,-1.94,3946,5.56,19.34
HIRECT,EQ,719.5,-9.38,1236.37,2.66,19.33
SYMPHONY,EQ,714.2,-4.49,4904.51,2.68,19.32
CESC,EQ,150.85,-0.93,19996.23,12.74,19.31
ARVIND,EQ,349.35,-3.8,9156.97,5.43,19.24
GOKULAGRO,EQ,183,-1.79,5400.09,10.39,19.22
BBL,EQ,2121,-4.96,2397.39,0.89,19.17
CHALET,EQ,718,-2.89,15723.06,2.65,19.12
KSCL,EQ,793,-1.53,4079.12,2.38,19.03
GICRE,EQ,363,-1.17,63684.72,5.24,18.9
UTKARSHBNK,EQ,11.04,-3.16,1964.59,169.31,18.81
ABSLBANETF,EQ,53.34,-2.66,2431.85,34.75,18.7
MAPMYINDIA,EQ,840.8,-5.66,4604.31,2.18,18.62
ITI,EQ,250.9,-3.72,24108.65,7.26,18.51
HONASA,EQ,293.25,-0.2,9541.47,6.25,18.49
HDFCNIFBAN,EQ,53.46,-2.8,5103.83,34.32,18.31
JUSTDIAL,EQ,499.45,-3.22,4247.56,3.62,18.18
RAYMOND,EQ,342.6,-3.36,2280.82,5.26,18.02
JKIL,EQ,443.95,-7.2,3359.17,3.98,18.01
GRINFRA,EQ,802.95,-2.47,7769.39,2.23,17.95
DBL,EQ,389.85,-3.85,6332.91,4.62,17.91
DCBBANK,EQ,166.3,-4.05,5353.23,10.67,17.86
BLACKBUCK,EQ,586,-0.87,10646,3.06,17.83
GENUSPOWER,EQ,224.9,-4.13,6841.86,7.76,17.82
KIMS,EQ,632.75,-2.56,25318.79,2.8,17.81
EPL,EQ,198.68,-1.62,6363.82,8.86,17.79
TEMBO,EQ,459,-6.42,709.94,3.7,17.72
SHRINGARMS,EQ,181,-5.05,1745.42,9.71,17.69
MARKSANS,EQ,162,-1.94,7341.25,10.86,17.67
AURIONPRO,EQ,760,-4.43,4196.23,2.29,17.66
IFBIND,EQ,940.9,-4.29,3812.41,1.86,17.66
PENIND,EQ,136.98,-3.9,1848.49,12.83,17.63
PREMEXPLN,EQ,412,-3.43,2214.96,4.31,17.62
AKUMS,EQ,473,-4.18,7444.74,3.68,17.56
INGERRAND,EQ,3572,-1.68,11276.09,0.49,17.51
SDBL,EQ,67.11,-5.94,1323.92,25.56,17.44
GANESHHOU,EQ,545,-7.3,4544.6,3.12,17.41
MMTC,EQ,54.5,-4.42,8175,31.45,17.36
SENCO,EQ,283.2,-4.16,4639,6.02,17.31
GARUDA,EQ,143.6,-7.53,1336.08,11.73,17.23
NFL,EQ,67.97,-2.4,3334.46,25.02,17.22
LTFOODS,EQ,371.55,-3.25,12902.18,4.56,17.11
GOCLCORP,EQ,269.5,-4.64,1335.98,6.16,17.09
SHARDACROP,EQ,913,-3.96,8237.13,1.85,17.01
INDRAMEDCO,EQ,387,-4.48,3547.75,4.33,16.95
GMMPFAUDLR,EQ,808.5,-5.08,3634.79,2.04,16.85
SAREGAMA,EQ,330,-0.53,6362.71,5.18,16.81
DCAL,EQ,142.3,-7.63,2231.02,11.52,16.76
RITES,EQ,184.4,-3.61,8862.33,9.02,16.76
KANSAINER,EQ,171,-1.5,13828.06,9.61,16.71
JSFB,EQ,373.5,-2.4,3933.87,4.45,16.7
AVALON,EQ,964.2,-0.6,6437.59,1.74,16.61
EMIL,EQ,91.06,-0.62,3503.52,17.71,16.55
IGIL,EQ,321,-3.47,13872.33,5.11,16.47
HONAUT,EQ,26990,-4.31,23863.27,0.06,16.46
MEDICO,EQ,32.62,-9.46,270.69,48.44,16.45
STARHEALTH,EQ,457.95,-0.26,26945.72,3.58,16.4
TARC,EQ,119.82,-2.38,3535.84,13.56,16.25
SUDEEPPHRM,EQ,616.85,-1.67,6967.24,2.64,16.23
GARFIBRES,EQ,590,-2.98,5856.68,2.73,16.22
ENDURANCE,EQ,2252.9,-3.44,31689.93,0.7,16.13
GULFOILLUB,EQ,908,-3.68,4485.53,1.75,16.12
EMBDL,BE,41.53,-4.99,5775.3,38.43,16.11
E2E,BE,2135.5,-5,4389.52,0.75,16.1
CRAMC,EQ,231.55,-2.95,4617.51,6.9,16.04
SUNTV,EQ,582.15,-4.46,22941.64,2.71,16.02
SHARDAMOTR,EQ,760,-4.42,4362.99,2.09,16.01
SFL,EQ,495,-3.68,5381.18,3.19,15.85
PICCADIL,EQ,535,-1.2,5269.63,2.95,15.81
INDIAMART,EQ,1960,-2.76,11777.08,0.79,15.75
SUPRIYA,EQ,586,-1.11,4716.29,2.68,15.74
RALLIS,EQ,230,-2.69,4472.78,6.83,15.73
CAPACITE,EQ,214.45,-3.32,1814.33,7.37,15.73
CAPLIPOINT,EQ,1558.7,-2.31,11847.94,1,15.68
ECOSMOBLTY,EQ,113.99,-3.98,683.94,14.12,15.67
IMFA,EQ,1230,-1.17,6636.36,1.25,15.63
SHILCTECH,EQ,3607.7,-5,4127.28,0.42,15.58
MID150CASE,EQ,10.02,-1.67,213.03,155.33,15.55
NIFTY1,EQ,252.32,-1.57,3153.11,6.13,15.54
ELGIEQUIP,EQ,472,-3.15,14958.11,3.23,15.44
MSTCLTD,EQ,379.9,-4.98,2674.5,3.98,15.43
MBEL,EQ,245,-9.16,1400.13,6.19,15.41
RRKABEL,EQ,1306,-3.02,14771,1.16,15.39
CSBBANK,EQ,353.5,-2.75,6132.72,4.32,15.37
PARKHOSPS,EQ,199.5,-0.3,8617.02,7.67,15.36
STOVEKRAFT,EQ,473,-0.87,1565.98,3.21,15.35
GOLDBETA,EQ,119.25,-1.45,4003.94,12.8,15.31
JSWHL,EQ,11830,-5,13130.86,0.13,15.3
TECHERA,SM,195.75,-4.95,323.4,7.65,15.27
PRECWIRE,EQ,301,-4.35,5502.52,4.98,15.16
IOLCP,EQ,77.1,-1.9,2263.1,19.34,15.09
HDFCNIFTY,EQ,255.92,-1.99,4558.82,5.86,15.07
REDTAPE,EQ,112.41,-2.4,6214.11,13.21,15.06
ANZEN,IV,125,-0.4,3196.49,12,15
IONEXCHANG,EQ,332,-3.98,4869.33,4.45,14.98
ADVAIT,EQ,1750.2,-0.69,1914.15,0.84,14.89
CCL,EQ,1056,-2,14100.55,1.4,14.88
TTML,EQ,33.12,-5.07,6474.72,44.47,14.87
SMCGLOBAL,EQ,59.4,-5.8,1243.84,24.62,14.81
GOODLUCK,EQ,985,-2.4,3273.99,1.49,14.69
TAJGVK,EQ,297,-5.05,1862.23,4.81,14.67
WALCHANNAG,EQ,139.2,-1.97,944.36,10.49,14.67
RTNINDIA,EQ,27,-2.88,3732.13,53.66,14.6
DODLA,EQ,997,-4.88,6014.68,1.45,14.56
CPSEETF,EQ,100.5,-0.01,20708.54,14.45,14.51
EIHOTEL,EQ,284,-5.19,17760.34,5.03,14.49
BOMDYEING,EQ,97.8,-3.65,2019.91,14.7,14.45
TIMKEN,EQ,3250,-1.78,24446.09,0.44,14.43
PACEDIGITK,EQ,152,-2.83,3280.94,9.47,14.38
PHARMABEES,EQ,23.27,-0.04,1103.13,61.85,14.37
INDIGOPNTS,EQ,732,-4.42,3489.86,1.94,14.37
SHADOWFAX,EQ,114,-2.56,6627.12,12.44,14.34
RBA,EQ,58.06,-2.42,3383.84,24.47,14.31
ENERGY,EQ,35.38,-0.92,223.28,40.18,14.29
HGINFRA,EQ,460.85,-4.92,3003.41,3.05,14.23
CLEANMAX,EQ,804,-3.76,9413.17,1.75,14.17
MANORAMA,EQ,1210,-4.87,7224.73,1.16,14.15
BECTORFOOD,EQ,181.16,-1.71,5561.44,7.75,14.12
APEX,EQ,377.75,-4.67,1180.47,3.68,14.08
UBL,EQ,1564.8,-2.59,41374.12,0.89,14.07
NACLIND,EQ,129.87,-2.89,3039.13,10.27,14.07
AHLUCONT,EQ,685,-0.7,4588.65,2.06,14.05
HIMATSEIDE,EQ,75.39,-3.77,947.97,18.54,14.02
GLAXO,EQ,2261,-2.61,38302.7,0.61,13.97
PNCINFRA,EQ,169.1,-5.1,4338.08,8.08,13.94
OPTIEMUS,EQ,309.9,-6.59,2748.47,4.38,13.86
SMALLCAP,EQ,38.5,-2.38,820.74,35.75,13.82
AFCONS,EQ,280.05,-0.92,10299.81,4.91,13.77
AADHARHFC,EQ,457,-3.03,19911.66,2.97,13.76
SJS,EQ,1600.1,-3.25,5119.8,0.85,13.76
HIKAL,EQ,156.4,-5.4,1928.42,8.73,13.75
UGROCAP,EQ,89.91,-2.77,1305.86,15.27,13.7
GROWWSLVR,EQ,21.59,-5.1,309.16,63.1,13.69
KITEX,EQ,151.74,-4.92,3027.21,8.87,13.67
PARKHOTELS,EQ,101.72,-3.86,2170.44,13.31,13.66
CELLO,EQ,393.05,-3.19,8681.89,3.44,13.54
WAKEFIT,EQ,151.99,-5.73,5015.16,8.7,13.53
ORIENTCEM,EQ,126.2,-4.14,2592.9,10.57,13.52
NIITMTS,EQ,275,-4.33,3781.81,4.82,13.5
TTKPRESTIG,EQ,439,-0.28,6012.15,3.07,13.48
PGINVIT,IV,90.28,-0.18,8215.47,14.89,13.45
AJAXENGG,EQ,425.25,-7.84,4865.15,3.07,13.36
MOBIKWIK,EQ,168.49,-5.19,1326.53,7.76,13.35
SMSPHARMA,EQ,387,-4.34,3624.33,3.37,13.3
INTERARCH,EQ,1725.2,-3.53,2893.48,0.77,13.29
ADVANCE,EQ,92.01,-4.36,591.49,14.03,13.29
BUTTERFLY,EQ,600,-1.28,1072.77,2.17,13.26
FDC,EQ,319.95,-3.02,5209.11,4.06,13.15
ANUP,EQ,1669,-2.67,3343.25,0.79,13.14
WENDT,EQ,6217,-7.16,1243.4,0.2,13.13
GPTHEALTH,EQ,115.55,-5.05,948.14,11.05,13.08
SUDARSCHEM,EQ,761.35,-3.42,5985.12,1.71,13.07
WHEELS,EQ,1077,-1.15,2631.44,1.2,13.06
NAVA,EQ,551,-3.7,15593.37,2.34,13.03
MAXESTATES,EQ,330.05,-6.66,5394.52,3.91,13.03
KIRLPNU,EQ,1070.7,-2.55,6954.42,1.21,12.99
EMSLIMITED,EQ,277.35,-5.65,1540.15,4.61,12.97
VIYASH,EQ,188.8,-2.54,8247.74,6.83,12.95
HINDWAREAP,EQ,181,-3.7,1514,7.08,12.93
KPEL,EQ,260,-5.56,1757.49,4.89,12.91
HERITGFOOD,EQ,305.15,-2.65,2831.67,4.21,12.87
FIEMIND,EQ,1970,-5.45,5184.97,0.64,12.78
RMDRIP,EQ,37.3,-0.98,931.75,34.62,12.76
VIPIND,EQ,320,-1.61,4545.65,4.03,12.75
CANFINHOME,EQ,809,-2.91,10772.17,1.54,12.72
SAMBHV,EQ,93.2,-2.19,2746.34,13.53,12.71
KRISHNADEF,EQ,834.9,-5.89,1246.69,1.51,12.7
BAJAJCON,EQ,350,-2.78,4571.64,3.56,12.62
BBTC,EQ,1370.9,-3.31,9565.03,0.91,12.61
GMBREW,EQ,1028,-2.93,2348.66,1.2,12.56
MINDSPACE,RR,454,-2.21,29434.77,2.74,12.56
BALAMINES,EQ,1033,-2.5,3347.02,1.22,12.54
ROUTE,EQ,440.65,-4.13,2776.23,2.81,12.54
FUSION,EQ,141.5,-4.59,2283.33,8.78,12.52
CCAVENUE,EQ,13.17,-4.98,4591.56,93.55,12.51
SILVERAG,EQ,215.9,-3.67,921.74,5.77,12.5
EPIGRAL,EQ,834,-5.71,3597.99,1.46,12.39
ZOTA,EQ,1055,-6.7,3593.4,1.14,12.33
JKLAKSHMI,EQ,585.95,-4.86,7274.24,2.07,12.3
SURYAROSNI,EQ,197.5,-4.81,4298.31,6.15,12.23
KRBL,EQ,296.7,-2.11,6791.16,4.07,12.12
IRBINVIT,IV,59,-0.41,7561.44,20.35,12.05
VSTIND,EQ,206.9,-4.57,3514.43,5.73,12.01
SUNFLAG,EQ,203.9,-6.75,3674.67,5.82,12.01
CEIGALL,EQ,267.15,-3,4653.88,4.41,12
NORTHARC,EQ,212.2,-4.84,3428.56,5.53,11.95
KIOCL,EQ,328,-1.41,19934.24,3.61,11.91
CIGNITITEC,EQ,1122,-1.14,3090.77,1.05,11.85
SBCL,EQ,374,-1.77,2154.4,3.16,11.83
DHANUKA,EQ,933.5,-2.29,4208.06,1.25,11.77
ATALREAL,EQ,21.35,-4.98,264.52,53.36,11.73
DREDGECORP,EQ,810.95,-5.24,2270.66,1.41,11.72
ASKAUTOLTD,EQ,430.7,-3.03,8490.93,2.69,11.69
PURVA,EQ,174.6,-3.9,4140.63,6.64,11.68
LUXIND,EQ,874.9,-5.07,2630.97,1.32,11.63
DIVOPPBEES,EQ,74.34,-2.96,64.03,15.54,11.63
VIMTALABS,EQ,402,-5.19,1795.71,2.86,11.63
BAJEL,EQ,144,-5.63,1666.04,7.81,11.58
LXCHEM,EQ,112.75,-4.81,3124.84,10.11,11.54
BOSCH-HCIL,EQ,1110,-7.97,3018.19,1.02,11.4
ALPHA,EQ,44.55,-1.63,712.03,25.55,11.33
RNBDENIMS,BE,67.91,-4.99,611.01,16.69,11.33
KALAMANDIR,EQ,95.19,-3.04,1459.89,11.74,11.33
PSUBANK,EQ,828.99,-3.28,2273.7,1.37,11.31
PFIZER,EQ,4700,-0.2,21501.43,0.24,11.26
BSLGOLDETF,EQ,125.25,-0.6,2687.15,8.97,11.25
BANCOINDIA,EQ,529,-5.66,7566.67,2.08,11.21
RIIL,EQ,652,-4.38,984.52,1.68,11.19
MOM30IETF,EQ,28.64,-1.92,496.45,39.17,11.18
ESILVER,EQ,220.01,-4.75,1404.7,5.02,11.13
SPIC,EQ,58.49,-4.18,1191.09,18.78,11.12
RHIM,EQ,334,-5.15,6897.15,3.29,11.1
VSTTILLERS,EQ,4890,-4.57,4226.6,0.22,11.09
3MINDIA,EQ,30805,-3.1,34702.05,0.04,10.99
NIACL,EQ,121.8,-5.05,20072.64,8.89,10.98
VENUSPIPES,EQ,939.7,-4.95,1946.69,1.16,10.97
MARSONS,EQ,131,-3.9,2254.51,8.19,10.95
CSLFINANCE,EQ,220,-6.74,501.22,4.98,10.91
FMCGIETF,EQ,49.64,-1.68,712.01,21.67,10.82
ALPEXSOLAR,SM,775,-4.44,1979.58,1.38,10.77
MARINE,EQ,162.99,-3.99,2254.06,6.58,10.77
SHANTIGOLD,EQ,164,-6.03,1182.37,6.44,10.75
ROLEXRINGS,EQ,115.36,-2.58,3141.63,9.32,10.75
HPL,EQ,271.15,-6.05,1743.51,3.85,10.71
STYRENIX,EQ,1818.7,-5.52,3198.3,0.58,10.66
MODIS,EQ,301,-2.56,589.7,3.49,10.64
IRMENERGY,EQ,176.01,-1.36,722.69,5.87,10.61
GREENPANEL,EQ,169.7,-6.78,2080.99,6.1,10.57
IMAGICAA,EQ,37.5,-3.2,2121.98,27.6,10.42
METAL,EQ,11.22,-1.49,418.01,92.4,10.4
AYE,EQ,99,-11.53,2443.16,10.16,10.39
BLUEDART,EQ,4832,-4.44,11465.34,0.21,10.37
PRINCEPIPE,EQ,217.45,-5.58,2404.15,4.71,10.36
CRAFTSMAN,EQ,6925,-1.76,16519.99,0.15,10.35
ARFIN,EQ,75,-3.82,1265.42,13.5,10.32
SHRIRAMPPS,EQ,67,-1.8,1143.38,15.56,10.27
PSPPROJECT,EQ,608,-4.69,2410.22,1.67,10.26
GKSL,EQ,102.4,-0.63,807.35,9.99,10.24
CAMLINFINE,EQ,104.6,-7.03,2009.28,9.53,10.22
ARVINDFASN,EQ,385,-3.74,5144.76,2.62,10.14
LTGILTBEES,EQ,29.04,-0.24,2515.64,34.9,10.14
JARO,EQ,425.95,-9.11,944.6,2.31,10.13
ICIL,EQ,255.95,-0.95,5069.2,4.02,10.09
UTIAMC,EQ,938.55,-2.62,12062.25,1.06,10.08
NXST,RR,150.95,-2.94,22868.92,6.56,10.07
SANGHVIMOV,EQ,245.5,-7.76,2125.44,3.99,10.05
INA,EQ,89.89,-6.07,1981.13,10.96,10
SPMLINFRA,EQ,160.02,-2.82,1225.77,6.31,9.99
ORCHPHARMA,EQ,503.75,-5.25,2554.97,1.96,9.99
SINDHUTRAD,EQ,20.8,-10.61,3207.21,46.96,9.98
SIMPLEXINF,EQ,152.5,-1.57,1206.2,6.4,9.96
BALAJITELE,EQ,75.7,-5.24,922.12,12.8,9.91
ANONDITA,SM,705,-1.95,1275.11,1.39,9.85
JUBLINGREA,EQ,555,-4.94,8840.1,1.74,9.81
PRAKASH,EQ,117,-3.89,2095.26,8.3,9.8
SOLARWORLD,EQ,142.37,-8.44,1233.96,6.7,9.77
BFSI,EQ,25.21,-2.7,403.08,38.6,9.75
ICICIB22,EQ,115.4,-0.97,9924.78,8.42,9.74
HNGSNGBEES,EQ,466,-3.24,1099.14,2.06,9.74
RATNAVEER,EQ,136.71,-2.8,927.86,7.08,9.72
GODAVARIB,EQ,303,-2.99,1550.63,3.17,9.7
PNGJL,EQ,553.35,-2.08,7509.42,1.73,9.62
QUADFUTURE,EQ,278.9,-4.24,1115.6,3.4,9.57
ARKADE,EQ,99.45,-4.42,1846.42,9.54,9.56
ALLCARGO,EQ,7.48,-2.73,1120.34,125.73,9.52
REPCOHOME,EQ,363.25,-1.98,2272.54,2.64,9.51
SUVEN,EQ,130.2,-2.74,3020.01,7.23,9.5
LUMAXIND,EQ,4876,-5.29,4557.95,0.19,9.48
POKARNA,EQ,884,-4.27,2740.75,1.04,9.41
ASAHIINDIA,EQ,811,-3.08,20674.6,1.15,9.39
DATAMATICS,EQ,675,-5.52,3989.68,1.37,9.37
THELEELA,EQ,401.3,-3.24,13401.73,2.28,9.35
UTTAMSUGAR,EQ,235.35,-1.11,897.58,3.86,9.34
VENKEYS,EQ,1215,-3.48,1711.61,0.76,9.3
KMEW,EQ,1535,-3.74,3752.17,0.6,9.3
MASTERTR,EQ,59.6,-8.67,733.18,15.39,9.3
JAICORPLTD,EQ,94.1,-3.55,1651.5,9.77,9.29
BAYERCROP,EQ,4460,-0.92,22347.83,0.21,9.22
TIPSMUSIC,EQ,499,-2.73,6378.8,1.83,9.22
VARROC,EQ,485,-1.7,7410.14,1.89,9.21
MUFIN,EQ,98.89,-4.12,1713.09,9.16,9.14
AUTOBEES,EQ,251.32,-2.58,392.75,3.63,9.13
ARMANFIN,EQ,1402,-3.6,1473.91,0.63,9.06
ASIANTILES,EQ,58.61,-1.38,1359.23,15.34,9.04
DIGITIDE,EQ,78,-4.99,1162.29,11.45,8.99
METALIETF,EQ,11.23,-1.32,947.23,79.75,8.98
RAMKY,EQ,455,-1.56,3148.5,1.99,8.96
ORIENTTECH,EQ,240.8,-6.76,1103.01,3.63,8.95
PRUDENT,EQ,2225,-4.33,9212.99,0.4,8.95
MCLEODRUSS,EQ,31.5,-5.01,329.04,27.82,8.81
KSL,EQ,608.3,-6.62,2655.42,1.41,8.79
PITTIENG,EQ,721.15,-4.17,2715.39,1.19,8.77
GHCL,EQ,432,-3.98,3971.56,1.96,8.61
VPRPL,EQ,33.09,-6.31,412.45,24.78,8.4
MIDCAPIETF,EQ,20.7,-2.04,619.41,40.51,8.4
EXICOM,EQ,82.5,-2.77,1147.41,10.12,8.39
WELENT,EQ,439,-1.69,6076.37,1.92,8.32
KSHINTL,EQ,444,-3.13,3008.35,1.83,8.3
QUESS,EQ,173.98,-1.51,2596.09,4.76,8.3
UFLEX,EQ,358.05,-8.61,2585.53,2.23,8.26
ARIS,EQ,100.02,-3.55,817.78,8.18,8.26
IPL,EQ,128.7,-4.98,1482.15,6.32,8.24
SHK,EQ,120,-5.78,1661.05,6.81,8.24
CIEINDIA,EQ,448,-0.53,16995.43,1.83,8.24
PRAMARA,SM,345.05,-0.79,481.14,2.38,8.22
INFOBEAN,EQ,132.07,-4.47,1289.08,6.16,8.18
TATVA,EQ,1102.5,-5.08,2578.97,0.73,8.15
NIFTYBETA,EQ,251.56,-2.07,65127.69,3.2,8.11
MAMATA,EQ,322.95,-7.32,794.71,2.46,8.1
EQUAL50ADD,EQ,311.03,-2.37,1088.19,2.58,8.1
JKPAPER,EQ,323.4,-3.86,5478.47,2.47,8.09
RITCO,EQ,185,-1.23,529.52,4.18,8.07
MOIPO,EQ,36.71,-8.7,4.22,21.29,8.06
GIPCL,EQ,125.69,-4.82,1950.91,6.3,8.03
SUNTECK,EQ,285.05,-6.06,4185.73,2.74,7.97
EBGNG,EQ,371.95,-3.19,4240.66,2.12,7.97
SALZERELEC,EQ,522,-4.61,923.04,1.51,7.94
QUAL30IETF,EQ,19.15,-1.95,151.16,41.5,7.94
SAFARI,EQ,1449,-5.06,7099.22,0.54,7.87
CANTABIL,EQ,225.35,-1.42,1884.78,3.45,7.85
VERANDA,EQ,138.27,-3.43,1329.74,5.65,7.79
NIVABUPA,EQ,69.85,-2.16,12904.49,11.03,7.73
NELCO,EQ,540,-4.4,1232.19,1.42,7.72
BEPL,EQ,83.03,-2.8,2066.27,9.01,7.67
DCW,EQ,39.65,-3.69,1170.29,19.11,7.6
ADVENTHTL,EQ,133.54,-8.07,720.35,5.4,7.59
HATHWAY,EQ,9.3,-4.71,1646.2,80.9,7.59
AJMERA,EQ,104.5,-4.47,2056.51,7.15,7.55
INNOVACAP,EQ,680,-4.43,3891.3,1.11,7.52
RSYSTEMS,EQ,244.2,-4.48,2893.33,2.99,7.51
GLOBUSSPR,EQ,824.95,-5.31,2397.96,0.89,7.49
UNITECH,EQ,3.48,-10.77,909.89,206.68,7.48
TVSHLTD,EQ,14059,-0.22,28444.32,0.05,7.48
HLEGLAS,EQ,265,-6.29,1840.55,2.77,7.45
JASH,EQ,334,-7.53,2101.03,2.12,7.36
MEDPLUS,EQ,825,-1.11,9904.51,0.88,7.35
NIBE,EQ,870,-4.83,1261.61,0.83,7.32
VIDYAWIRES,EQ,52.65,-0.81,1119.82,13.82,7.3
RUSTOMJEE,EQ,378.05,-3.09,4772.39,1.96,7.28
MANAKCOAT,EQ,100.1,-7.39,1059.4,7.22,7.28
AWHCL,EQ,398.6,-5.23,1131.31,1.78,7.28
TVSSCS,BE,95.4,-3.14,4208.86,7.58,7.27
SIGACHI,EQ,18.21,-2.78,695.84,39.6,7.26
CARRARO,EQ,456.4,-2.05,2594.7,1.58,7.25
MOREALTY,EQ,67.06,-3.06,247.59,10.7,7.21
MOS,SM,9.5,-5,244.57,75.36,7.2
SIYSIL,EQ,458.2,-6.62,2078.86,1.54,7.19
ETHOSLTD,EQ,2242,-1.81,5999.07,0.32,7.18
VADILALIND,EQ,4287.3,-2.37,3081.64,0.17,7.17
SALASAR,EQ,6.06,-5.75,1059.26,117.05,7.13
PARACABLES,EQ,30.63,-6.87,934.86,22.82,7.12
COSMOFIRST,EQ,594.4,-2.64,1560.28,1.19,7.11
PROSTARM,EQ,121.05,-6.35,712.68,5.74,7.11
SETL,EQ,109.1,-5.83,2176.45,6.39,7.1
UNIECOM,EQ,84.1,-6.07,945.11,8.27,7.08
INDIACEM,EQ,355,-1.36,11001.35,2.01,7.08
MHRIL,EQ,236,-2.4,4768.22,2.96,7.03
CARYSIL,EQ,778,-5.57,2212.83,0.87,6.97
PSB,EQ,21.82,-4.13,15482.57,31.63,6.97
AARTIDRUGS,EQ,329.05,-3.53,3003.24,2.06,6.91
NPST,EQ,1073.1,-6.59,2237.48,0.63,6.91
GOCOLORS,EQ,258,-4.12,1356.98,2.62,6.9
GUJTHEM,EQ,251.05,-6.38,2735.57,2.7,6.89
SIRCA,EQ,419,-3.22,2379.62,1.63,6.88
BAJAJHCARE,EQ,298.8,-4.81,943.71,2.26,6.88
LEMERITE,EQ,444,-1.98,1111.49,1.53,6.88
SAGCEM,EQ,161.19,-1.83,2106.87,4.22,6.83
FCL,EQ,20.29,-4.34,2324.73,33.42,6.82
APTECHT,EQ,73,-4.06,423.42,9.11,6.79
MOL,EQ,39.2,-6.06,996.91,16.99,6.78
ASALCBR,EQ,686.9,-5.39,1303.68,0.97,6.77
ORISSAMINE,EQ,3298,-5.49,1978.8,0.2,6.7
AMAGI,EQ,318.1,-2.8,6881.74,2.08,6.69
HDFCMID150,EQ,20.3,-1.69,157.81,32.85,6.67
MANGLMCEM,EQ,783.95,-5.84,2155.65,0.83,6.66
MARATHON,EQ,391.15,-6.33,2637.15,1.66,6.63
MARKOLINES,EQ,142.3,-3.14,313.64,4.59,6.62
INDOSTAR,EQ,182.9,-7.18,2955.14,3.55,6.61
SSEGL,SM,309.1,-5.05,803,2.13,6.6
MONARCH,EQ,240,-5.81,1902.44,2.67,6.6
DDEVPLSTIK,EQ,204.85,-7.97,2119.72,3.14,6.57
NESCO,EQ,1035,-3.14,7292.61,0.63,6.51
GTLINFRA,EQ,1,-1.96,1271.66,656.12,6.5
STARCEMENT,EQ,206.95,-0.85,8535.22,3.13,6.48
PRECAM,EQ,112.7,-5.5,1070.49,5.62,6.45
KRSNAA,EQ,546,-4.83,1771.15,1.15,6.43
DYCL,EQ,250.6,-4.61,1214.37,2.55,6.42
STYL,EQ,218.3,-3.67,3532.22,2.9,6.41
RELAXO,EQ,249.5,-6.11,6211.02,2.51,6.4
SCHNEIDER,BE,883.1,-1.16,21115.28,0.73,6.4
TRUALT,EQ,385,-6.52,3301.47,1.6,6.39
GREENPLY,EQ,190,-2.9,2372.87,3.32,6.38
ASIANENE,EQ,252.2,-4.27,1133.31,2.49,6.34
EPACKPEB,EQ,139.12,-5,1397.49,4.51,6.31
HAPPYFORGE,EQ,1173,-3.61,11067.31,0.53,6.3
KCP,EQ,128.25,-5,1653.41,4.88,6.28
FINIETF,EQ,28.6,-3.25,253.87,21.91,6.26
SPANDANA,EQ,193.9,-6.26,1382.61,3.16,6.25
TICL,EQ,22,-0.68,341,29.17,6.24
SOLARA,EQ,440.9,-3.45,1594.86,1.38,6.21
GROWWDEFNC,EQ,73.3,-3.77,255.27,8.36,6.21
PNGSREVA,EQ,350,-3.59,1109.44,1.72,6.2
STUDDS,EQ,464.5,-3.57,1827.97,1.33,6.19
SEDEMAC,EQ,1509,-1.96,6663.97,0.4,6.19
ALGOQUANT,EQ,50.3,-5.66,1413.91,11.93,6.19
RAJRATAN,EQ,346,-6.4,1756.68,1.75,6.18
GROWWGOLD,EQ,13.81,-1.92,416.73,44.4,6.16
BAJAJELEC,EQ,353.5,-2.2,4079.06,1.72,6.16
PUNJABCHEM,EQ,913,-9.56,1119.54,0.65,6.15
GODREJIND,EQ,774,-4.12,26068.69,0.78,6.14
ITIETF,EQ,32.52,-0.49,445.56,18.71,6.14
ATULAUTO,EQ,400.9,-3.48,1112.55,1.52,6.11
MSPL,EQ,27.25,-7.16,1544.52,21.7,6.11
KROSS,EQ,164.38,-3.18,1060.41,3.68,6.1
MTNL,EQ,23.04,-6.65,635.03,25.96,6.09
CORONA,EQ,1580,-0.16,9663.29,0.38,6.05
KHAICHEM,EQ,46.11,-6.98,447.22,12.55,6
RAJOOENG,EQ,50.7,-6.82,905.88,11.58,5.99
PGHL,EQ,4807,-2.63,7979.32,0.12,5.97
INDOFARM,EQ,114.68,-5,551.06,5.09,5.94
GKENERGY,EQ,95,-4.58,1926.76,6.2,5.93
WONDERLA,EQ,490.5,-3.29,3110.89,1.19,5.91
SGBFEB32IV,GB,14355,-2.95,18355.48,0.04,5.9
MEDIASSIST,EQ,304,-3.38,2268.13,1.91,5.89
PGIL,EQ,1399,-2.85,6455.19,0.42,5.87
MOLDTKPAC,EQ,480.05,-1.64,1595.15,1.21,5.86
CHEMPLASTS,EQ,262,-2.84,4142.47,2.22,5.81
BHARATRAS,EQ,1256,-5.68,2087.61,0.45,5.8
VINDHYATEL,EQ,986,-4.64,1168.5,0.58,5.79
SUYOG,EQ,610,-3.57,714.74,0.95,5.79
SAKSOFT,EQ,116.7,-5.51,1546.87,4.86,5.77
VIJAYA,EQ,870.1,-2.5,8938.1,0.66,5.76
SGBAUG28V,GB,13600,-2.07,8635.7,0.04,5.74
VMART,EQ,490,-2.96,3893.46,1.15,5.73
BIKAJI,EQ,617,-1.78,15470.44,0.92,5.72
KDDL,EQ,2087.6,-5.02,2567.6,0.27,5.71
NIITLTD,EQ,54,-5.06,736.47,10.43,5.7
INSECTICID,EQ,570,-0.61,1658.58,1.03,5.69
RAMCOIND,EQ,239,-7.27,2075.51,2.32,5.66
CARERATING,EQ,1490,-3.05,4477,0.37,5.66
DLINKINDIA,EQ,391,-3.94,1388.24,1.43,5.61
PANACEABIO,EQ,318.8,-2.95,1952.67,1.73,5.55
KELLTONTEC,EQ,14.25,-5.06,752.12,38.14,5.55
SURAJEST,EQ,181,-7.7,864.7,3,5.54
DCMSHRIRAM,EQ,1112,-0.69,17340.78,0.5,5.54
EXCELINDUS,EQ,843,-6.93,1059.71,0.64,5.52
NUVOCO,EQ,299,-1.4,10678.97,1.84,5.5
LAXMIINDIA,EQ,78,-5.71,407.69,6.92,5.47
ONEPOINT,EQ,42.28,-5.86,1111.63,12.69,5.47
STLNETWORK,EQ,16.59,-8.39,809.57,31.78,5.46
NRBBEARING,EQ,229.7,-2.21,2226.31,2.37,5.45
GREENPOWER,EQ,8.73,-4.9,1024.06,61.61,5.45
SWARAJENG,EQ,3438,-2.06,4177.12,0.16,5.45
MOTISONS,EQ,11.24,-6.64,1106.53,47.03,5.42
KOTHARIPRO,EQ,60.03,-6.57,358.31,8.45,5.41
BIRLANU,EQ,1228.8,-5.82,926.63,0.43,5.36
MAITHANALL,EQ,877,-2.23,2553.08,0.61,5.36
EKC,EQ,98,-5.01,1099.64,5.36,5.35
ADVENZYMES,EQ,265.5,-3.28,2971.66,2.01,5.35
MWL,EQ,254.2,-1.49,754.99,2.11,5.34
MOMENTUM50,EQ,47.26,-1.77,294.22,11.33,5.33
VISHNU,EQ,492.4,-4.13,3314.6,1.06,5.3
SERVOTECH,EQ,66.46,-5.46,1500.97,7.83,5.3
FMGOETZE,EQ,384,-4.56,2136.27,1.38,5.27
ALEMBICLTD,EQ,75.31,-5,1933.82,6.88,5.25
INDOTECH,EQ,1184.8,-6.38,1258.26,0.43,5.2
SUBEXLTD,EQ,7,-7.89,393.4,72.35,5.17
DANISH,SM,585,-5.4,1151.96,0.87,5.16
UDS,EQ,132,-7.47,883.78,3.77,5.14
TSFINV,EQ,350.2,-6.69,7778.08,1.44,5.14
LGBBROSLTD,EQ,1698.4,-1.84,5416.61,0.3,5.12
GILT5YBEES,EQ,63.87,-0.33,241.78,7.98,5.11
KAMDHENU,EQ,18.5,-5.03,521.48,26.97,5.08
EXPLEOSOL,EQ,681.35,-3.26,1057.44,0.73,5.07
EVEREADY,EQ,273.5,-4.44,1988,1.84,5.06
NEXT50,EQ,638,-2.33,1083.73,0.79,5.06
VASCONEQ,EQ,29.75,-6.89,680.28,16.72,5.05
JKIPL,EQ,49,-2.22,188.09,10.4,5.05
SARTELE,SM,159.5,-5.4,751.36,3.17,5.04
TCIEXP,EQ,460,-2.48,1767.27,1.08,5.01
SATIN,EQ,142.59,-2.69,1575.21,3.51,5
MCLOUD,EQ,20.45,-4.8,1204.64,24.17,4.99
JGCHEM,EQ,318.2,-4.96,1246.9,1.54,4.98
DENTA,EQ,238.4,-1.69,636.53,2.09,4.97
MIDWESTLTD,EQ,1185,-7.31,4285.06,0.41,4.97
NAVKARCORP,EQ,79.66,-3.78,1199.04,6.12,4.94
MOM100,EQ,58.41,-2.01,747.09,8.38,4.91
754GS2036,GS,106.05,-0.17,158014.5,4.62,4.91
ARVSMART,EQ,510.35,-2.1,2340.82,0.96,4.9
KOPRAN,EQ,113,-7.1,545.65,4.21,4.88
ARTEMISMED,EQ,218,-3.41,3450.37,2.22,4.86
SILVER360,EQ,213.41,-5.56,46.01,2.22,4.82
GOACARBON,EQ,295,-2.58,269.96,1.53,4.81
GANESHCP,EQ,165.65,-0.89,669.44,2.86,4.8
OSELDEVICE,SM,523,-1.26,925.43,0.91,4.73
SSWL,EQ,179.4,-3.45,2819.82,2.61,4.72
ZUARI,EQ,193,-3.02,811.72,2.45,4.72
DPABHUSHAN,EQ,960,-3.84,2191.48,0.48,4.72
TBZ,EQ,118.8,-5.28,792.76,3.89,4.68
NSIL,EQ,5009,-3.93,2572.7,0.09,4.67
PPL,EQ,175.94,-7.41,420.82,2.59,4.66
HARIOMPIPE,EQ,297.3,-3.99,920.66,1.54,4.66
BALMLAWRIE,EQ,157.73,-2.73,2697.24,2.92,4.63
DEN,EQ,24.1,-6.37,1150.11,18.81,4.6
FILATEX,EQ,38.7,-4.82,1718.51,11.84,4.6
ADSL,EQ,91.47,-7.8,516.93,4.85,4.58
SHALBY,EQ,130.75,-5.96,1412.23,3.45,4.57
COFFEEDAY,EQ,22.52,-4.58,475.74,20.03,4.55
RPEL,EQ,599.6,-4.73,2752.88,0.75,4.55
GEOJITFSL,EQ,55.6,-4.75,1551.92,8.03,4.54
MAHLOG,EQ,348,-5.98,3452.94,1.28,4.52
BLUSPRING,EQ,51,-5.26,760.58,8.68,4.52
GALAXYSURF,EQ,1591.7,-2.25,5643.33,0.28,4.5
SGBSEP31II,GB,14135,-2.07,16501.14,0.03,4.49
EXCELSOFT,EQ,70.11,-4.85,806.86,6.2,4.48
JNKINDIA,EQ,220,-5.22,1230.99,2.01,4.48
PDSL,EQ,264,-6.25,3734.07,1.67,4.47
TARSONS,EQ,176,-4.65,936.43,2.49,4.45
GVPIL,BE,405,-1.52,2722.71,1.09,4.42
TASTYBITE,EQ,6842,-4.71,1755.66,0.06,4.38
SGBDE31III,GB,14250,-2.77,17252.2,0.03,4.36
EIMCOELECO,EQ,1516.1,-2.67,874.54,0.29,4.36
RAMCOSYS,EQ,368,-3.09,1378.59,1.16,4.28
ROSSARI,EQ,399.5,-3.82,2212.57,1.06,4.28
MUTHOOTMF,EQ,153.36,-7.34,2614.67,2.68,4.27
GPTINFRA,EQ,100.3,-4.01,1267.44,4.2,4.26
SOTL,EQ,309,-4.69,2118.52,1.39,4.26
GOPAL,EQ,252.2,-4.87,3143.63,1.66,4.25
SOLEX,EQ,982,-0.59,1060.8,0.43,4.24
VRLLOG,EQ,246.05,-1.46,4304.32,1.73,4.24
REGAAL,EQ,64.01,-4.99,657.53,6.51,4.22
SUNCLAY,EQ,1283.1,-7.46,2828.74,0.32,4.22
TNPETRO,EQ,80.99,-1.69,728.68,5.19,4.2
UNIPARTS,EQ,456.25,-3.43,2059.28,0.91,4.17
PNBGILTS,EQ,62.27,-5.49,1120.92,6.56,4.14
SAHANA,SM,801.55,-7.9,708.34,0.51,4.11
OLIL,SM,316.95,-0.33,212.73,1.29,4.1
IVALUE,EQ,225,-0.27,1229.18,1.83,4.1
VAKRANGEE,EQ,5.02,-7.38,543.76,79.99,4.09
BGRENERGY,BE,258.5,-5,1865.38,1.57,4.08
JAYKAY,EQ,126.58,-0.42,1649.17,3.23,4.08
BANKIETF,EQ,53.63,-2.24,2696.74,7.57,4.08
KRISHANA,EQ,480.5,-0.33,2970.82,0.84,4.07
ARIHANTCAP,EQ,62.29,-6.95,682.78,6.39,4.06
QUICKHEAL,EQ,131.99,-6.79,715.82,3.02,4.06
CAPITALSFB,EQ,218,-1.29,990.13,1.84,4.05
CIFL,EQ,22.4,-9.97,875.97,17.52,4.03
VENUSREM,EQ,855,-2.67,1142.88,0.47,4.02
SANSTAR,EQ,77.5,-5.74,1412.39,5,4.02
PLATIND,EQ,197,-5.47,1082.02,2.03,4.01
ZEEMEDIA,BE,7,-4.89,437.8,56.12,4
NITINSPIN,EQ,356,-3.93,2001.43,1.1,3.97
ELECTHERM,EQ,581,-2.52,740.36,0.69,3.94
GALAPREC,EQ,731.2,-2.71,935.76,0.53,3.93
REPRO,EQ,341.8,-6.75,490.32,1.09,3.91
MICEL,EQ,31.55,-4.94,760.39,12.13,3.88
DECCANCE,EQ,571.1,-7.95,799.97,0.66,3.88
VMARCIND,SM,605,-7.91,1477.45,0.65,3.87
STANLEY,EQ,131.5,-5.38,751.2,2.88,3.85
SWELECTES,EQ,495,-5.29,750.36,0.76,3.83
JINDWORLD,EQ,19.42,-7.74,1947.05,19.38,3.81
DOLLAR,EQ,231,-6.84,1310.14,1.61,3.8
PVTBANKADD,EQ,25.29,-2.17,487.37,14.93,3.8
RESPONIND,EQ,134.35,-5.61,3581.89,2.73,3.78
BHARATWIRE,EQ,152.1,-5.23,1043.17,2.44,3.78
SCODATUBES,EQ,125.65,-4.58,752.76,2.95,3.77
UNIVCABLES,EQ,645.95,-4.49,2241.15,0.58,3.77
ITADD,EQ,31.16,-0.26,108.97,11.99,3.76
WINDLAS,EQ,759.5,-2.65,1603.02,0.49,3.73
GRINDWELL,EQ,1370,-2.06,15168.64,0.27,3.72
TINNARUBR,EQ,585,-3.95,1053.92,0.64,3.72
ALPL30IETF,EQ,25.28,-2.39,1429.82,14.62,3.72
BOROLTD,EQ,224.5,-0.91,2684.62,1.64,3.71
ZUARIIND,EQ,216.4,-5.42,644.46,1.68,3.71
MEIL,EQ,220.33,-8.77,608.77,1.63,3.7
20MICRONS,EQ,139.97,-7.71,493.91,2.57,3.69
MUKANDLTD,EQ,116,-5.34,1676.15,3.15,3.68
DHANBANK,EQ,20.9,-3.33,824.92,17.21,3.65
MUNISH,SM,57,-2.56,137.2,6.41,3.65
METROBRAND,EQ,910,-3.16,24801.75,0.4,3.64
RUPA,EQ,114.25,-5.36,908.57,3.12,3.63
MOSMALL250,EQ,14.82,-1.33,183.18,24.48,3.62
YASHO,EQ,1360.1,-4.29,1639.89,0.26,3.62
CONTROLPR,EQ,568.9,-6.44,909.91,0.62,3.6
FLAIR,EQ,287,-1.96,3024.85,1.24,3.59
DBEIL,EQ,58.94,-13.67,274.55,5.64,3.54
ORIENTELEC,EQ,154,-3.74,3285.83,2.28,3.54
GANDHAR,EQ,124.25,-3.97,1216.15,2.82,3.54
GULPOLY,EQ,143.12,-2.88,892.65,2.38,3.52
SJLOGISTIC,SM,239.05,-7.29,365.58,1.44,3.51
SCILAL,EQ,37.51,-6.04,1747.21,9.08,3.5
INDOCO,EQ,173.28,-6.79,1599.44,1.99,3.49
ONMOBILE,EQ,45.2,-0.86,480.57,7.85,3.47
ELIN,EQ,99.5,-8.29,494.61,3.39,3.46
NCLIND,EQ,161.25,-2.15,729.38,2.15,3.45
GOLDBND,EQ,142.6,-1.24,10.14,2.42,3.44
SUNDROP,EQ,585,-4.99,2205.27,0.57,3.42
SENSEXIETF,EQ,844.42,-1.89,26838.26,0.4,3.41
IZMO,BE,645.35,-5,965.61,0.52,3.4
TCC,EQ,350,-5.93,1663.48,0.96,3.4
SHIVALIK,EQ,230,-6.06,362.26,1.43,3.37
TRACXN,EQ,26.51,-8.74,282.96,12.5,3.36
ESTER,EQ,77.96,-9.57,760.78,4.19,3.35
ALLTIME,EQ,195.55,-4.54,1281,1.68,3.35
BLKASHYAP,EQ,46.5,-5.6,1048.3,7.08,3.34
SYNCOMF,EQ,10.95,-5.28,1029.3,30.14,3.34
FOCUS,EQ,60,-6.07,404.67,5.39,3.33
WSTCSTPAPR,EQ,417.3,-5.36,2756.22,0.78,3.33
NDTV,EQ,63.4,-8.49,715.31,5.03,3.3
GNA,EQ,378,-4.58,1622.78,0.86,3.3
GICHSGFIN,EQ,134,-4.46,721.6,2.42,3.3
OILIETF,EQ,10.96,-1.26,258.56,29.93,3.3
ICEMAKE,EQ,693.85,-4.64,1094.88,0.47,3.28
SURAKSHA,EQ,235,-5.34,1223.9,1.38,3.28
BHARATSE,EQ,149.99,-5.51,941.94,2.16,3.27
BCLIND,EQ,26.5,-4.81,782.18,12.07,3.27
DREAMFOLKS,EQ,62.14,-9.19,331.02,5.1,3.26
ANDHRAPAP,EQ,59.09,-4.03,1175.01,5.45,3.25
GHCLTEXTIL,EQ,69,-3.86,659.54,4.68,3.25
JUNIPER,EQ,200,-2.85,4450.05,1.6,3.25
DSSL,EQ,855,-3.47,1089.02,0.38,3.24
INDNIPPON,EQ,714.2,-4.75,1615.62,0.44,3.24
LAXMIDENTL,EQ,162.4,-6.4,892.59,1.97,3.23
INFRAIETF,EQ,87.4,-4.42,363.11,3.6,3.21
MMFL,EQ,399.45,-4.79,1928.61,0.79,3.2
ADFFOODS,EQ,160,-4.68,1757.82,1.99,3.2
ARIHANTSUP,EQ,202,-8.27,873.65,1.51,3.2
HUHTAMAKI,EQ,153.9,-6.81,1162.28,2.01,3.19
ATMASTCO,SM,107,-9.09,264.66,2.86,3.19
STERTOOLS,EQ,163.5,-5.65,594.23,1.92,3.17
ARIES,EQ,342.2,-2.19,445.01,0.9,3.14
DOLATALGO,EQ,66.52,-6.49,1170.75,4.62,3.14
VALIANTORG,EQ,214.99,-9.05,602.39,1.42,3.14
NAVNETEDUL,EQ,126,-1.58,2787.29,2.5,3.13
MIDCAP,EQ,15.5,-5.49,169.13,19.96,3.13
FLYSBS,SM,373,-4.92,645.43,0.83,3.12
TAC,SM,416.8,-4,876.37,0.73,3.1
KRMAYURVED,SM,184.5,-6.35,392.26,1.59,3.1
GJL,ST,212.25,-4.99,307.92,1.46,3.09
KARNIKA,SM,108.5,-0.46,672.67,2.91,3.09
IKIO,EQ,108.55,-6.61,838.88,2.71,3
HARSHA,EQ,323,-3.63,2940.72,0.91,3
SANDHAR,EQ,464,-0.22,2792.85,0.65,3
PATELRMART,EQ,153.21,-6.21,511.73,1.91,2.98
RPTECH,EQ,347.55,-3.61,2290.34,0.84,2.98
RUSHIL,EQ,13.6,-6.85,399.05,21.26,2.97
JPOLYINVST,EQ,1053,-6.32,1106.91,0.28,2.97
GROWWPOWER,EQ,10.32,-1.05,148.97,28.67,2.96
CGRAPHICS,SM,142,-1.56,344.86,2.07,2.93
VEEDOL,EQ,1278,-3.16,2226.79,0.23,2.93
MAYURUNIQ,EQ,513.6,-3.42,2231.73,0.57,2.92
ENCOMPAS,SM,242.25,-5.37,343.6,1.19,2.92
TVTODAY,EQ,99.01,-0.02,590.78,2.94,2.91
SEJALLTD,EQ,444.35,-4.99,506.56,0.63,2.91
KAMATHOTEL,EQ,153.17,-8.05,451.55,1.87,2.9
FILATFASH,EQ,0.15,-6.25,125.01,1935.66,2.9
KECL,EQ,84.12,-1.89,558.68,3.43,2.9
IGARASHI,EQ,299,-4.18,941.1,0.96,2.89
SML100CASE,EQ,8.89,-1,57.46,32.41,2.87
GEMAROMA,BE,145.88,-3.89,762.04,1.94,2.86
ROHLTD,EQ,293,-3.82,803.56,0.96,2.86
BRIGHOTEL,EQ,56.19,-1.61,2134.34,5.05,2.85
MONIFTY500,EQ,21.53,-1.73,233.17,13.2,2.85
VGINFOTECH,SM,104.55,-5.21,260,2.66,2.84
ROTO,EQ,51.87,-4.23,977.47,5.44,2.84
GROWWRAIL,EQ,28.82,-2.44,125.45,9.79,2.83
ITDC,EQ,389.7,-5.77,3342.43,0.72,2.82
RAMRAT,EQ,302.7,-0.46,2824.22,0.93,2.81
CLSEL,EQ,216.5,-5.13,1076.56,1.27,2.8
ICRA,EQ,5133,-3.09,4953.98,0.05,2.8
INDUSINVIT,IV,122,-2.44,5403.85,2.29,2.79
MIDSMALL,EQ,44,-2.05,380.89,6.28,2.77
ESAFSFB,EQ,21.12,-4.74,1089.08,13.03,2.77
ACCELYA,EQ,1100,-3.7,1641.89,0.25,2.77
ORIENTHOT,EQ,84,-8.8,1500.23,3.1,2.75
BANKNIFTY1,EQ,54.27,-2.13,4612.65,5.06,2.75
HERANBA,EQ,165,-7.31,660.22,1.61,2.75
MEDICAMEQ,EQ,239.3,-4.68,324.56,1.13,2.75
ALBERTDAVD,EQ,600.6,-7.42,342.77,0.44,2.74
AUTOIND,EQ,53,-10.46,240.49,5.04,2.73
BUILDPRO,EQ,970,-2.2,2352.18,0.28,2.71
BODALCHEM,EQ,57,-0.35,717.88,4.69,2.7
JAGSNPHARM,EQ,183.54,-0.44,1227.71,1.47,2.7
SATIA,EQ,54.25,-5.21,542.5,4.89,2.7
KALPATARU,EQ,271.5,-3.33,5590.56,0.98,2.7
DBCORP,EQ,194.03,-3.73,3458.51,1.37,2.69
HGS,EQ,354.8,-1.32,1650.54,0.75,2.67
GOLDADD,EQ,137.63,-1.54,2069.71,1.94,2.67
VERTOZ,EQ,32.86,-9.95,280.07,8.24,2.67
RANEHOLDIN,EQ,1056.6,-3.23,1508.59,0.25,2.66
AMRUTANJAN,EQ,507,-2.35,1465.77,0.52,2.66
MUFTI,EQ,68.45,-3.52,447.46,3.88,2.66
PFS,EQ,26.19,-4.59,1682.14,10.03,2.65
DIVGIITTS,EQ,673,-3.53,2058.23,0.38,2.65
ALLDIGI,EQ,725,-4.82,1104.78,0.36,2.65
HEIDELBERG,EQ,144,-3.91,3263.23,1.81,2.64
SIGMAADV,BE,155.28,-5,2736.65,1.7,2.64
KHADIM,EQ,83,-9.03,152.54,3.08,2.63
DOLPHIN,EQ,390.95,-3.19,1563.98,0.67,2.62
YUKEN,EQ,614,-3.15,834.06,0.42,2.61
SILVERBND,EQ,229,-1.57,12.07,1.16,2.61
HATSUN,EQ,920,-2.84,20492.84,0.28,2.61
MANALIPETC,EQ,41.19,-5.81,708.46,6.14,2.58
DHARMAJ,EQ,230.1,-4.05,777.68,1.11,2.58
3IINFOLTD,EQ,13.5,-0.81,279.98,19.01,2.57
OMFREIGHT,EQ,64.95,-0.22,218.72,4.02,2.57
ARROWGREEN,EQ,392.9,-5.19,592.81,0.65,2.55
CEWATER,EQ,262,-5.12,542.24,0.94,2.55
BANSALWIRE,EQ,237,-3.17,3710.38,1.05,2.53
AEROENTER,EQ,66.9,-2.35,756.54,3.77,2.52
MVGJL,EQ,138.05,-3.57,674.34,1.8,2.52
EMKAY,EQ,200,-2.87,523.78,1.26,2.52
SOUTHWEST,EQ,212.69,-1.36,634.45,1.19,2.52
SUBAHOTELS,SM,108.35,-7.35,262.67,2.29,2.52
PAKKA,EQ,84.33,-4.79,379.05,2.9,2.51
SHREDIGCEM,EQ,56,-3.06,828.07,4.45,2.5
CSSL,SM,102.75,-6.29,247.08,2.42,2.49
SNOWMAN,EQ,32.12,-5.64,536.69,7.63,2.49
BFINVEST,EQ,344,-5,1295.77,0.7,2.46
MAXVOLT,SM,287.15,-5,313.11,0.85,2.44
CONSUMBEES,EQ,117.26,-1.87,190.37,2.08,2.44
ROSSTECH,EQ,681,-3.16,2567.13,0.35,2.43
ONWARDTEC,EQ,228,-4.7,518.71,1.06,2.42
MOVALUE,EQ,105.7,-3.36,146.26,2.25,2.41
CAPINVIT,IV,67.25,-1.03,3305.69,3.58,2.41
KABRAEXTRU,EQ,190.2,-6.54,665.18,1.25,2.41
TALBROAUTO,EQ,234.5,-1.84,1447.53,1.03,2.41
SPAL,EQ,700,-2.53,1756.48,0.34,2.41
KIRLOSIND,EQ,2620,-4,2753.46,0.09,2.4
RML,EQ,648.3,-8.3,1791.72,0.35,2.39
5PAISA,EQ,261,-5.06,815.75,0.9,2.39
ANDHRSUGAR,EQ,72.33,-2.68,980.33,3.28,2.38
HDFCNEXT50,EQ,63.35,-2.49,145.53,3.75,2.38
NEPHROPLUS,EQ,515.5,-2.96,5172.56,0.45,2.38
DISHTV,EQ,2.04,-5.99,375.62,114.96,2.38
DIFFNKG,EQ,256,-4.23,958.11,0.9,2.38
GLOTTIS,EQ,39.05,-5.01,360.83,6.02,2.37
WINDMACHIN,EQ,215,-5.35,1872.32,1.06,2.37
BBETF0432,EQ,1298.79,-0.2,10442.27,0.18,2.35
LOWVOLIETF,EQ,20.59,-1.53,3381.36,11.37,2.35
MAGNUM,EQ,17.11,-5.52,117.05,13.24,2.35
SUMMITSEC,EQ,1372,-5.84,1495.72,0.17,2.33
ESPRIT,SM,54.45,-4.05,119.49,4.22,2.32
WCIL,EQ,81.3,-8.51,828.9,2.76,2.31
HPTL,SM,257,-2.87,306.21,0.91,2.31
XCHANGING,EQ,50.85,-8.18,566.49,4.42,2.31
KKCL,EQ,427,-5.08,2631.4,0.53,2.3
WSI,EQ,64.38,-9.62,488.4,3.48,2.3
AHCL,EQ,115,-1.01,611.24,1.97,2.28
IGPL,EQ,338,-4.43,1040.87,0.67,2.28
TOP100CASE,EQ,9.81,-1.41,132.05,23.27,2.28
NUCLEUS,EQ,756.15,-2.98,1990.59,0.3,2.26
VILAS,SM,360,-6.65,881.28,0.62,2.25
MOCAPITAL,EQ,44.49,-1.81,133.47,5.08,2.25
OSWALGREEN,EQ,21.76,-8.8,558.82,10.23,2.25
SAKAR,EQ,516.1,-3.79,1148.32,0.43,2.25
SHOPERSTOP,EQ,287,-3.93,3160.37,0.77,2.25
THEJO,EQ,1559.9,-1.66,1692.09,0.14,2.24
KRISHCA,SM,147,-6.22,212.27,1.48,2.24
LAOPALA,EQ,173,-4.36,1920.3,1.27,2.23
MASFIN,EQ,291.95,-3.25,5297.53,0.75,2.23
NIFTYCASE,EQ,9.11,-1.83,48.64,24.35,2.22
INDORAMA,EQ,31.14,-4.42,813.11,6.91,2.21
TIL,EQ,168.35,-6.96,1184.38,1.29,2.21
REPL,EQ,60.71,-8.11,110.02,3.55,2.21
MAFANG,EQ,156.43,-1.99,3868.57,1.41,2.21
TVSSRICHAK,EQ,3451,-0.76,2642.45,0.06,2.19
MONOLITH,SM,409.7,-0.01,890.52,0.55,2.19
PATILAUTOM,SM,124.2,-6.41,271.01,1.73,2.19
INFRABEES,EQ,915.88,-0.26,175.82,0.24,2.18
TOLINS,EQ,89.5,-6.6,353.6,2.38,2.18
SANGHIIND,EQ,49.11,-3.19,1268.64,4.39,2.17
JEYYAM,SM,24.7,-8.01,117.32,8.42,2.16
SHIVASHRIT,SM,109.5,-8.75,200.05,2.09,2.16
OMINFRAL,EQ,82.05,-2.97,790.17,2.64,2.16
GANESHIN,SM,69.4,-4.21,296.49,3.01,2.15
BELLACASA,EQ,243,-4.29,325.32,0.86,2.15
EGOLD,EQ,142.1,-1.29,1336.42,1.51,2.14
SPORTKING,EQ,113.6,-4.89,1443.54,1.85,2.14
SAURASHCEM,EQ,52.76,-4.77,587.15,3.97,2.14
SGBJUN31I,GB,14103.99,-2.52,10957.8,0.01,2.13
SPCL,SM,64.9,-6.15,156.51,3.23,2.12
EBBETF0431,EQ,1381.4,-0.47,13051.28,0.15,2.11
GGBL,SM,228,-7.49,565.46,0.89,2.11
RBMINFRA,SM,299.5,-7.43,302.58,0.69,2.1
SHERA,SM,105.1,-5.19,256.86,1.92,2.1
TVSELECT,EQ,368,-4.58,686.33,0.57,2.1
HONDAPOWER,EQ,1901,-5.78,1928.2,0.11,2.09
PSUBNKIETF,EQ,83.84,-3.23,115.59,2.47,2.07
RAJESHEXPO,BZ,84.61,-5,2498.19,2.44,2.07
SOMANYCERA,EQ,380,-1.17,1558.49,0.54,2.06
NEXT50BETA,EQ,67.22,-2.08,2077.54,3.06,2.06
UGARSUGAR,EQ,38.5,-0.72,433.13,5.28,2.05
ALPHAETF,EQ,22.74,-2.99,364.52,8.91,2.03
SARVESHWAR,EQ,2.66,-6.67,326.84,74.3,2.03
GAUDIUMIVF,EQ,75,-4.87,545.9,2.65,2.02
AFFORDABLE,EQ,132,-6.92,148.45,1.5,2
RADHIKAJWE,EQ,53.8,-5.86,634.84,3.61,2
SWARAJ,ST,278.85,-0.57,613.98,0.72,2
FOODSIN,EQ,50,-5.84,367.66,3.94,2
NDRAUTO,EQ,651.5,-5.11,1549.61,0.3,1.99
SAHASRA,SM,214.25,-5.68,535.47,0.92,1.99
DENTALKART,SM,350,-2.28,606.79,0.56,1.99
KICL,EQ,4215,-3.72,1839.98,0.05,1.96
RACLGEAR,EQ,1241.9,-2.01,1463.96,0.16,1.95
BFUTILITIE,BZ,388.1,-4.99,1461.88,0.49,1.94
IEML,SM,66.5,-4.45,121.92,2.81,1.93
BMWVENTLTD,EQ,50.9,-5.71,441.38,3.72,1.93
PHANTOMFX,SM,167,-7.84,265.91,1.1,1.93
SILVERTUC,EQ,108.5,-4.99,1375.89,1.75,1.92
TNPL,EQ,125.2,-3.77,866.52,1.5,1.91
743GS2076,GS,101,-0.25,26260,1.91,1.91
PRABHA,EQ,146,-1.56,1998.82,1.29,1.89
SKMEGGPROD,EQ,155.5,-6.12,818.86,1.18,1.88
BAJAJINDEF,EQ,216,-5.46,691.2,0.87,1.88
KSOLVES,EQ,262,-2.76,621.47,0.71,1.87
REMSONSIND,EQ,83.98,-5.24,292.91,2.2,1.87
NDRINVIT,IV,124,-4.62,4910.55,1.5,1.86
VISAKAIND,EQ,55,-4.66,475.23,3.33,1.86
NIFTY100EW,EQ,31.2,-0.57,10.12,5.94,1.85
MOSILVER,EQ,220,-2.25,967.08,0.84,1.84
CUBEXTUB,EQ,79.63,-6.69,114.02,2.28,1.84
SUNLITE,SM,339.95,-11.01,469.33,0.52,1.83
MOMOMENTUM,EQ,56.59,-2.77,114.14,3.21,1.82
ITETF,EQ,31.06,-0.45,93.88,5.79,1.81
RKSWAMY,EQ,73,-7.38,368.48,2.42,1.8
CNL,EQ,560,-0.52,840.93,0.32,1.8
KUANTUM,EQ,68.48,-5.71,597.58,2.56,1.79
AMBIKCO,EQ,1170.1,-4.82,669.88,0.15,1.78
VIVIANA,SM,647.9,-3.79,655.99,0.27,1.78
GUFICBIO,EQ,280,-4.97,2807.91,0.63,1.78
LICMFGOLD,EQ,128.4,-0.58,1334.82,1.39,1.77
INDIANHUME,EQ,297,-4.49,1564.65,0.58,1.76
HEALTHIETF,EQ,147.81,-0.87,158.47,1.18,1.75
RPGLIFE,EQ,1856,-3.41,3069.64,0.09,1.75
GPECO,SM,302,-5.12,357.29,0.58,1.74
RISHABH,EQ,374,-3.37,1439.8,0.46,1.74
ORIENTPPR,EQ,14.66,-6.33,311.06,11.61,1.74
DVL,EQ,195.35,-3.69,684.21,0.88,1.72
JTEKTINDIA,EQ,121.2,-3.69,3361.02,1.42,1.72
ASHIANA,EQ,286.6,-4.28,2881.04,0.59,1.71
TECHLABS,SM,167,-1.76,288.59,1.01,1.71
SRHHYPOLTD,EQ,414,-3.06,710.62,0.41,1.71
MACPOWER,EQ,822.3,-4.18,822.64,0.2,1.71
NATHBIOGEN,EQ,131.94,-2.66,250.74,1.3,1.69
TCPLPACK,EQ,2363,-1.62,2150.33,0.07,1.69
BSLNIFTY,EQ,26.72,-1.51,2964.37,6.31,1.69
MOMENTUM30,EQ,28.5,-0.97,17.56,5.94,1.68
WAAREEINDO,BE,385.55,-4.99,1604.03,0.43,1.67
INDOAMIN,EQ,89.99,-2.22,653.22,1.81,1.66
BETA,EQ,1170,-2.66,1186.02,0.14,1.66
MONTECARLO,EQ,490.1,-3.55,1016.08,0.33,1.65
UTSSAV,SM,193.2,-5.99,460.16,0.85,1.65
WEL,EQ,119,-8.41,1594.7,1.35,1.64
SUPREMEPWR,SM,158,-5.62,394.86,1,1.64
GSMFOILS,SM,185,-5.42,260.72,0.88,1.63
TECHD,SM,443.9,-6.68,332.03,0.36,1.62
BORANA,BE,319.75,-4.99,851.98,0.51,1.62
TRF,EQ,229.75,-0.02,252.83,0.7,1.62
INDOUS,EQ,100,-1.49,200.52,1.56,1.62
KAYA,EQ,250,-3.55,379.69,0.66,1.62
SCHAND,EQ,135,-5.48,476.17,1.18,1.62
URAVIDEF,EQ,115.48,-4.32,131.65,1.36,1.62
RSWM,EQ,122,-4.81,574.64,1.3,1.61
ASAL,EQ,403,-2.08,639.34,0.4,1.6
PDMJEPAPER,EQ,67.5,-6.11,640.91,2.33,1.6
AUTOIETF,EQ,25.2,-2.36,167.19,6.3,1.59
AUTOAXLES,EQ,1582,-4.14,2390.71,0.1,1.58
FAIRCHEMOR,EQ,458.3,-3.15,577.27,0.34,1.57
AVG,EQ,150,-5.28,225.87,1.06,1.57
BLAL,EQ,160.22,-2.58,667.23,0.97,1.57
VINYAS,SM,855,-0.74,1075.99,0.19,1.56
LINCOLN,EQ,585,-2.13,1171.74,0.26,1.56
APS,SM,285,-6,574.56,0.53,1.56
ATL,EQ,20.38,-5.08,594.81,7.55,1.56
INTENTECH,EQ,75.19,-5.75,177.63,2.02,1.55
725GS2063,GS,97.25,-0.15,233400,1.6,1.55
WANBURY,BE,226.1,-4.86,789.98,0.68,1.55
CHEMCON,EQ,134,-4.7,490.85,1.14,1.54
ECOLINE,SM,119.95,-3.46,246.08,1.27,1.54
TIRUPATIFL,BE,40.78,-4.99,506.81,3.71,1.54
OWAIS,SM,120,-2.83,218.19,1.21,1.53
BYKE,EQ,26.8,-11.76,140.11,5.27,1.52
MINDTECK,EQ,155.5,-6.27,496.89,0.94,1.51
GFLLIMITED,EQ,39.3,-4.17,431.71,3.81,1.51
JITFINFRA,BE,291.4,-4.99,749.01,0.51,1.5
BOROSCI,EQ,100,-4.55,889.47,1.46,1.5
INDIQUBE,EQ,131.15,-7.5,2780.35,1.1,1.49
RPPINFRA,EQ,59.53,-6.94,295.18,2.46,1.49
BIGBLOC,EQ,42.2,-9.34,597.45,3.42,1.49
SBIBPB,EQ,47.85,-3.53,1344.51,3.09,1.48
THEMISMED,EQ,70.45,-6.14,648.85,2.07,1.48
HILINFRA,EQ,43.7,-5.86,313.42,3.28,1.47
SHREEPUSHK,EQ,300,-3.83,970.13,0.48,1.47
MBLINFRA,EQ,19.11,-13.37,291.48,7.29,1.47
MATRIMONY,EQ,410,-0.12,847.48,0.36,1.47
MOGOLD,EQ,139.85,-1.44,1567.21,1.04,1.47
UFBL,EQ,219.49,-5.29,857.91,0.66,1.46
PVSL,EQ,90.3,-5.18,642.92,1.54,1.46
COMSYN,EQ,153,-0.33,611.27,0.95,1.46
EBBETF0433,EQ,1260.22,-0.23,6294.18,0.11,1.46
URJA,EQ,8.53,-4.91,448.21,16.85,1.45
SENSEXETF,EQ,75.6,-2.02,41.17,1.91,1.45
NGLFINE,EQ,2130,-4.95,1315.92,0.07,1.45
MEGATHERM,SM,175,-4.68,329.71,0.82,1.44
BAHETI,SM,481.05,-4.32,498.78,0.29,1.44
BASILIC,SM,171,-7.52,432.03,0.81,1.44
MMP,EQ,194,-8,492.81,0.7,1.43
KOTHARIPET,EQ,100,-7.67,588.46,1.38,1.42
ALICON,EQ,616.85,-1.67,1007.74,0.23,1.41
TERASOFT,EQ,304,-3.42,380.36,0.46,1.41
CHEMFAB,EQ,317,-9.29,455.65,0.44,1.4
KCEIL,SM,101,-6.87,123.46,1.36,1.4
HDFCSENSEX,EQ,83.64,-1.58,899.41,1.67,1.4
SPECIALITY,EQ,89.9,-6.18,433.64,1.54,1.4
PILANIINVS,EQ,4360,-3.92,4827.5,0.03,1.39
DEVX,EQ,33.5,-6.35,302.13,4.05,1.39
HDFCNIFIT,EQ,31.29,-0.6,112.48,4.37,1.39
NIF100IETF,EQ,26.42,-0.45,149.42,5.25,1.39
PIGL,EQ,103.99,-3.18,185.44,1.36,1.38
ANIKINDS,EQ,34.5,-5.63,95.75,3.84,1.38
APCOTEXIND,EQ,333,-4.99,1726.44,0.4,1.37
EIHAHOTELS,EQ,283.45,-3.96,1727.24,0.48,1.37
OMAXE,EQ,68.37,-3.77,1250.49,1.98,1.37
KESORAMIND,EQ,8.58,-5.71,266.55,15.39,1.36
EFACTOR,SM,168.1,-5.83,220.74,0.78,1.36
UNIHEALTH,ST,381.45,-4.99,598.87,0.35,1.35
EBBETF0430,EQ,1554.9,-0.47,24783.23,0.09,1.35
SHREERAMA,EQ,50,-5.64,667.34,2.58,1.35
SHANTIGEAR,EQ,430,-1.18,3298.78,0.31,1.35
OCCLLTD,EQ,85,-3.91,424.58,1.55,1.34
KINGFA,EQ,4000,-1.66,5420.55,0.03,1.34
DEFENCE,EQ,61.89,-1.43,46.72,2.18,1.33
UNICHEMLAB,EQ,283.1,-5.22,1993.19,0.46,1.33
RACE,EQ,93.55,-1.35,161.44,1.43,1.32
MANBA,EQ,102,-6.16,512.44,1.25,1.32
INDOBORAX,EQ,244.69,-0.17,785.21,0.54,1.32
MASPTOP50,EQ,68.94,-0.73,1162.49,1.91,1.32
NILASPACES,EQ,12.31,-3.75,484.88,10.7,1.32
SGIL,EQ,494,-0.06,767.82,0.27,1.31
CONSUMIETF,EQ,108.5,-2.73,51.4,1.19,1.31
SUDARCOLOR,EQ,282.5,-6.66,652.06,0.45,1.31
SUKHJITS,EQ,140.6,-9.34,439.29,0.89,1.31
NELCAST,EQ,119,-1.82,1035.31,1.1,1.3
SPECTRUM,EQ,1441,-1.48,2264.36,0.09,1.3
AXISNIFTY,EQ,252,-1.42,1196.3,0.51,1.3
GANESHBE,EQ,76.25,-5.09,548.92,1.68,1.3
DYNPRO,EQ,201,-8.65,249.81,0.63,1.3
AVPINFRA,SM,82.8,-7.02,206.83,1.52,1.29
BHAGERIA,EQ,134.5,-5.89,587.01,0.94,1.29
CCCL,EQ,13.79,-1.85,616.08,9.12,1.28
CREST,EQ,310,-2.21,881.94,0.41,1.28
MADRASFERT,EQ,56.4,-6.3,908.61,2.18,1.27
CHANDAN,SM,230,-5.37,562.4,0.54,1.26
SHALPAINTS,EQ,38.7,-6.93,323.96,3.15,1.26
KRYSTAL,EQ,540,-0.08,754.49,0.23,1.26
MENONBE,EQ,109.3,-2.36,612.52,1.14,1.25
SMALL250,EQ,14.65,-2.01,47.38,8.53,1.25
SGBFEB29XI,GB,13602,-0.92,1670.21,0.01,1.24
VIRINCHI,EQ,14.25,-9.75,146.27,8.34,1.23
JUBLCPL,EQ,1540,-4.8,2333.48,0.08,1.23
HIGREEN,SM,104,-11,259.9,1.11,1.22
CENTENKA,EQ,391.45,-2.55,855.34,0.31,1.22
GENCON,EQ,41,-3.64,233.64,2.99,1.22
KRONOX,EQ,101.4,-4.9,376.23,1.16,1.22
PVP,EQ,23.75,-7.08,618.46,5.01,1.21
DUCOL,SM,94,-4.52,152.79,1.23,1.21
PARSVNATH,EQ,6.15,-8.21,267.64,19.26,1.21
ESABINDIA,EQ,5130,-2.37,7896.62,0.02,1.2
KCK,SM,14.4,-2.7,91.59,8.4,1.2
CORDSCABLE,EQ,137,-2.42,177.11,0.86,1.2
CYBERTECH,EQ,102,-3.77,317.53,1.12,1.2
TARACHAND,EQ,55.04,-5.43,433.85,2.18,1.2
THOMASCOTT,EQ,250.3,-8.16,367.2,0.47,1.19
WEALTH,EQ,857,-8.17,913.13,0.14,1.18
FAZE3Q,BE,393.75,-4.99,957.56,0.3,1.18
VSSL,EQ,224.5,-2.96,2170.59,0.53,1.18
PANAMAPET,EQ,250,-3.88,1512.34,0.47,1.18
SARLAPOLY,EQ,72,-6.68,601.22,1.58,1.18
UFO,EQ,57.6,-7.47,223.57,1.99,1.18
WTICAB,SM,82,-5.2,195.26,1.36,1.18
BANKPSU,EQ,82.91,-3.84,56.1,1.4,1.17
SPCENET,EQ,3.2,-8.05,181.68,33.61,1.17
ESFL,SM,116,-4.41,288.13,0.98,1.17
VIPCLOTHNG,EQ,15.99,-4.14,144.12,7.27,1.16
DAVANGERE,EQ,3.83,-2.79,547.69,29.99,1.16
ACTIVEINFR,SM,178,-1.55,267.27,0.64,1.15
EVINDIA,EQ,27.13,-2.72,141.2,4.21,1.15
NIKITA,SM,107,-4.04,263.95,1.04,1.15
DIGIKORE,SM,65,-17.56,82.33,1.51,1.14
SAFEENTP,SM,205.5,-3.77,957.72,0.55,1.13
GLOBECIVIL,EQ,37.34,-7.39,222.99,2.94,1.13
AURUM,EQ,163.4,-2.97,1245.84,0.68,1.13
CHEMICAL,EQ,25.4,-4.19,50.43,4.37,1.12
MUKKA,EQ,19.99,-2.63,599.7,5.6,1.12
RHETAN,EQ,24.7,-1.36,1968.28,4.52,1.12
FOCE,SM,521.55,-5,612.46,0.21,1.11
IRISDOREME,EQ,27.95,-2.75,531.98,4,1.11
TIRUPATI,SM,428.7,-5,434.27,0.26,1.11
JAYBARMARU,EQ,81,-3.04,876.83,1.35,1.11
QGOLDHALF,EQ,117.66,-1.41,661.25,0.94,1.11
BHAGYANGR,EQ,142.2,-3.25,454.97,0.76,1.1
VIKASECO,EQ,1.09,-9.17,192.79,100.07,1.1
ABSMARINE,SM,153.2,-5.84,376.11,0.69,1.09
BESTAGRO,BE,12.99,-4.42,460.72,8.15,1.09
PAUSHAKLTD,EQ,372,-4.06,917.24,0.29,1.09
NIFTYADD,EQ,239.48,-1.77,206.24,0.45,1.09
ASMS,EQ,7.3,-4.45,222.34,14.86,1.09
RAMAPHO,EQ,110,-7.27,389.25,0.97,1.09
ADOR,EQ,910,-2.92,1583.66,0.12,1.07
MAXIND,EQ,131,-5.64,688.05,0.8,1.07
EQUAL50,EQ,304.21,-1.54,138.04,0.35,1.07
TBI,SM,58.5,-3.54,106.23,1.79,1.07
SGBAUG27,GB,13592,-1.75,1392.96,0.01,1.07
TPLPLASTEH,EQ,55.2,-6.54,430.58,1.88,1.06
SGBMAR31IV,GB,14169.99,-2.05,5004.25,0.01,1.06
DMCC,EQ,205.5,-6.69,512.52,0.5,1.05
HLVLTD,EQ,6.03,-9.32,397.53,16.61,1.05
SPENCERS,EQ,26.82,-4.69,241.73,3.89,1.05
PENINLAND,EQ,15.14,-6.95,502.24,6.78,1.05
POLYSIL,ST,157.15,-2.12,353.67,0.66,1.04
EFFWA,SM,180,-8.37,416.65,0.55,1.04
VINSYS,SM,235,-7.84,344.93,0.43,1.03
LIBERTSHOE,EQ,225.8,-5,384.76,0.45,1.03
EEPL,SM,107.1,-7.99,138.79,0.92,1.03
EIFFL,EQ,219.9,-0.2,545.35,0.47,1.03
SHRIAHIMSA,SM,244,-4.71,571.71,0.41,1.02
BHADORA,SM,56.5,-6.69,105.09,1.79,1.02
SGBMAY28,GB,13716,-1.48,3489.75,0.01,1.02
GROWWNIFTY,EQ,9.3,-0.75,25.37,10.98,1.02
BSE500IETF,EQ,35.55,-1.99,318.62,2.85,1.02
ALLETEC,SM,130,-6.44,262.52,0.76,1.01
SGBJUL28IV,GB,13621.8,-2.22,5626.92,0.01,1.01
DELPHIFX,EQ,8.65,-5.15,212.16,11.4,1.01
HDFCMOMENT,EQ,28.25,-2.75,115.58,3.55,1.01
ABCOTS,EQ,395,-2.57,867.56,0.25,1
PROZONER,EQ,44.25,-4.3,675.27,2.21,1
VIKASLIFE,EQ,1.15,-7.26,213.63,84.92,1
RBZJEWEL,EQ,109,-5.55,436,0.9,1
TIGERLOGS,EQ,24.1,-9.7,254.8,3.99,1
MUTHOOTCAP,EQ,185.49,-2.87,305.09,0.53,1
IFGLEXPOR,EQ,131,-6.14,944.23,0.75,1
INFLUX,SM,214.1,-5.12,495.65,0.46,1
JAYBEE,SM,83,-6.79,187.31,1.18,0.99
WOL3D,ST,118,-3.59,76.13,0.83,0.99
AONESILVER,EQ,8.5,-3.85,21.15,11.63,0.99
HESTERBIO,EQ,1311,-4.95,1115.25,0.07,0.99
NOVAAGRI,EQ,20.68,-7.06,191.33,4.69,0.98
APSISAERO,ST,163.8,-4.99,197.41,0.6,0.98
IRIS,EQ,222.15,-5.7,456.92,0.43,0.98
NILKAMAL,EQ,1125,-2.5,1678.78,0.09,0.98
RNFI,SM,241.5,-3.94,605.21,0.4,0.98
OPTIVALUE,SM,67.7,-5.45,158.5,1.39,0.98
HCL-INSYS,EQ,10.03,-7.3,330.2,9.39,0.97
BALAJIPHOS,SM,100.3,-0.99,238.48,0.98,0.97
SHAH,EQ,4.7,-1.88,416.05,20.53,0.96
INVICTA,SM,65,-5.18,81.72,1.46,0.96
INTLCONV,EQ,63.15,-6.94,402.78,1.49,0.96
MUNJALAU,EQ,71,-4.38,710,1.34,0.95
PPAP,EQ,187.5,-4.63,264.66,0.52,0.95
RUBFILA,EQ,57.8,-5.17,313.67,1.59,0.95
SETF10GILT,EQ,257.39,-0.03,3218.25,0.37,0.94
MIDCAPBETA,EQ,200.48,-2.86,12.77,0.47,0.94
GOLD360,EQ,138.9,-0.43,128.88,0.68,0.94
MOLDTECH,EQ,109,-6.73,313.98,0.84,0.94
TTKHLTCARE,EQ,755.4,-4.48,1067.41,0.12,0.94
MALLCOM,EQ,980,-4.85,611.52,0.09,0.94
A2ZINFRA,BE,16.51,-4.95,290.77,5.5,0.93
VARDHACRLC,EQ,29.84,-2.23,239.81,3.12,0.93
VIDHIING,EQ,262,-6.51,1308.56,0.35,0.93
BIRLAMONEY,EQ,103,-5.17,582.04,0.89,0.92
MODISONLTD,EQ,116.91,-3.71,379.37,0.78,0.92
APOLSINHOT,EQ,990,-3.98,257.44,0.09,0.92
NAMOEWASTE,SM,138,-5.15,315.57,0.66,0.91
TRANSWORLD,EQ,124.36,-6.5,273.06,0.72,0.91
SENSEXBETA,EQ,817.81,-1.44,51110.76,0.11,0.91
MAZDA,EQ,174,-5.17,348.44,0.52,0.91
TNIDETF,EQ,78,-0.89,157.29,1.16,0.91
ALPHAGEO,EQ,175.54,-7.06,111.73,0.5,0.9
AONEGOLD,EQ,13.31,-0.82,78.16,6.79,0.9
INFINIUM,SM,198,-1.05,308.55,0.45,0.9
ZIMLAB,EQ,63.5,-0.39,309.47,1.44,0.9
ASHIMASYN,EQ,12.69,-2.31,243.22,7.25,0.9
BASML,EQ,18.02,-7.59,144.02,4.85,0.9
SAKHTISUG,EQ,14.19,-2.07,168.65,6.26,0.9
INDOWIND,EQ,7.69,-8.45,123.81,11.29,0.89
SRTL,EQ,41.2,-7.04,164.7,2.11,0.89
KILITCH,EQ,141.8,-7.2,495.75,0.61,0.89
PANACHE,BE,294,-3.61,470.81,0.3,0.88
PSUBANKADD,EQ,83.1,-3.95,205.27,1.05,0.88
TFL,EQ,12.42,-2.36,68.45,7.05,0.88
BIRLACABLE,EQ,111,-5.73,333,0.76,0.87
NDL,EQ,1.97,-7.08,283.97,43.08,0.87
NECLIFE,EQ,9.78,-4.96,189.99,8.76,0.87
AARTISURF,EQ,340,-3.81,287.81,0.25,0.86
SIGNPOST,EQ,232,-0.58,1240.04,0.38,0.86
LORDSCHLO,EQ,112.5,-4.03,282.98,0.76,0.86
VIESL,SM,244,-2.73,601.27,0.34,0.85
VMSTMT,EQ,37.4,-5.51,185.62,2.23,0.85
FINBUD,SM,89.5,-8.91,170.49,0.88,0.85
AAREYDRUGS,EQ,55.77,-9.99,158.13,1.44,0.85
BANSWRAS,EQ,101.01,-4.57,345.78,0.83,0.85
STRIDERS,SM,60.1,-6.09,111.89,1.41,0.84
92GS2030,GS,110.6,-3.99,68444.31,0.75,0.84
MULTICAP,EQ,14.65,-2.14,71.33,5.69,0.84
GINNIFILA,EQ,34.9,-5.93,298.92,2.34,0.84
ELGNZ,SM,59.35,-6.24,134.13,1.41,0.83
HMAAGRO,EQ,22.92,-2.34,1147.76,3.64,0.83
JAYSREETEA,EQ,75,-5.52,216.58,1.08,0.83
MAANALU,BE,124.85,-3.3,748.91,0.66,0.83
VLEGOV,EQ,9.3,-6.91,100.86,8.63,0.83
APRAMEYA,SM,221.9,-0.05,422.5,0.38,0.81
ANUHPHR,EQ,70.06,-1.49,702.17,1.15,0.81
JINDALPHOT,EQ,1034,-5.68,1060.71,0.08,0.81
BPL,EQ,42.38,-4.57,207.56,1.87,0.8
EMMBI,EQ,62.4,-8.94,120.06,1.22,0.8
BHARATGEAR,EQ,89.03,-6.98,136.71,0.88,0.8
ACL,EQ,42.31,-4.02,389.98,1.82,0.8
NILAINFRA,EQ,6.33,-8.39,249.33,12.27,0.79
OMFURN,SM,38,-11.42,44.74,1.91,0.79
SGBOC28VII,GB,13700,-1.48,2547.54,0.01,0.78
AGARWALTUF,SM,87.9,-4.25,155.36,0.9,0.78
SHEMAROO,EQ,78.5,-14.24,214.46,0.94,0.78
STCINDIA,EQ,100,-4.85,600,0.77,0.78
NHIT,IV,155,-0.06,33147.53,0.5,0.77
DENORA,EQ,690,-2.44,366.3,0.11,0.77
KOKUYOCMLN,EQ,72.7,-1.58,729.21,1.05,0.77
ZEELEARN,EQ,4.69,-7.68,153.39,15.8,0.76
VAL30IETF,EQ,14.6,-1.62,44.79,5.18,0.76
VSTL,EQ,105,-4.74,199.11,0.71,0.76
SGBJU29III,GB,13694,-1.96,2025.66,0.01,0.76
SINGERIND,EQ,66.1,-3.28,411.27,1.13,0.75
EXCEL,EQ,0.96,-4,135.43,77.58,0.75
SGBJAN29IX,GB,13700,-1.67,3931.74,0.01,0.75
NRL,EQ,47,-1.28,324.62,1.58,0.75
SGBJUN28,GB,13679,-1.55,3266.99,0.01,0.75
MIRZAINT,EQ,26.9,-6.24,371.76,2.69,0.74
NARMADA,EQ,31.5,-2.81,119.5,2.33,0.74
REMUS,SM,601,-11.21,708.22,0.12,0.74
SOMICONVEY,EQ,93,-5.33,109.55,0.79,0.73
BROOKS,EQ,43.19,-7.67,127.23,1.67,0.73
SAWALIYA,SM,310,-1.81,307.46,0.23,0.73
GREENLAM,EQ,202.75,-5.72,5173.12,0.35,0.73
VISHNUINFR,SM,131.5,-2.16,323.62,0.55,0.72
EVERESTIND,EQ,297,-5.29,470.92,0.24,0.72
SYSTMTXC,EQ,56.24,-9.99,767.89,1.24,0.72
ESSARSHPNG,EQ,22.1,-6.2,457.42,3.21,0.72
IFBAGRO,EQ,722.95,-5,677.2,0.1,0.72
FOSECOIND,EQ,4862,-3.72,3664.62,0.01,0.71
THEINVEST,EQ,94.99,-5.2,496.25,0.76,0.71
GTPL,EQ,57.99,-0.92,652.17,1.25,0.71
RUCHIRA,EQ,97.87,-2.72,292.09,0.72,0.71
AXISBNKETF,EQ,537.86,-2.48,330.69,0.13,0.71
LGHL,EQ,243,-0.02,1217.25,0.3,0.7
PURPLEUTED,SM,259,-4.16,248.89,0.27,0.7
SAHAJSOLAR,SM,102,-6.38,224.11,0.67,0.7
READYMIX,SM,87,-2.08,95.34,0.75,0.7
LYKALABS,EQ,46.3,-9.39,165.24,1.46,0.7
MAHASTEEL,BE,980.5,-0.27,1611.39,0.07,0.69
GROWWEV,EQ,27.56,-1.22,241.04,2.51,0.69
FRESHARA,ST,177.95,-0.42,418.17,0.4,0.69
COMMOIETF,EQ,93.6,-1.39,110.59,0.73,0.69
MNC,EQ,29.14,-5.02,39.35,2.33,0.69
MAHEPC,EQ,100.5,-5.97,280.82,0.67,0.68
CONNPLEX,SM,235.5,-2.34,449.81,0.29,0.68
709GS2074,GS,94.76,-0.77,149720.8,0.71,0.68
AARON,EQ,118,-9.41,247.17,0.55,0.68
DHARARAIL,SM,97.8,-6.77,147.52,0.69,0.68
BCONCEPTS,EQ,212,-10.44,264.62,0.31,0.67
NEOCHEM,SM,68,-1.66,116.42,0.98,0.67
PELATRO,SM,273.05,-6.49,289.36,0.23,0.67
NDGL,EQ,2200,-15.66,220,0.03,0.67
DHUNINV,EQ,690,-7.2,420.71,0.1,0.67
TRIGYN,EQ,42.01,-6.79,129.33,1.54,0.66
SGBMR29XII,GB,13665,-2.23,4415.03,0,0.66
PASUPTAC,EQ,41.99,-4.85,374.27,1.54,0.66
TRANSTEEL,SM,144,-1.27,318.12,0.46,0.66
699GS2051,GS,94.55,-0.84,138539.39,0.69,0.66
AERONEU,EQ,76,-2.88,196.05,0.85,0.66
VISHWARAJ,EQ,4.36,-4.18,94.97,14.92,0.66
SGBSEP29VI,GB,13748,-1.87,4839.76,0,0.65
AERON,SM,77,-7.51,131.05,0.83,0.65
MOENERGY,EQ,35,-2.07,56,1.85,0.65
NV20IETF,EQ,13.62,-0.51,177.37,4.79,0.65
SGBMAY29I,GB,13775,-1.46,7326.89,0,0.65
NURECA,EQ,215.95,-7.48,206.06,0.29,0.65
PRITIKAUTO,EQ,11.25,-3.27,187.33,5.74,0.65
SMALLADD,EQ,14.5,-3.07,3.64,4.48,0.65
SGBD29VIII,GB,13830,-1.45,3430.52,0,0.64
FELIX,SM,169,-2.96,290.79,0.39,0.64
690GS2065,GS,94,-0.28,175780,0.68,0.64
MIDSELIETF,EQ,16.07,-2.19,92.15,3.96,0.64
DONEAR,EQ,81,-3.23,421.2,0.78,0.63
SIGMA,EQ,38.89,-3.76,399.69,1.62,0.63
VARDMNPOLY,BE,6.75,-4.93,309.75,9.18,0.63
OSWALAGRO,EQ,39.05,-2.62,524.19,1.6,0.63
QNIFTY,EQ,250,-2.1,76.54,0.25,0.62
SGBSEP28VI,GB,13705.9,-2.31,4372.36,0,0.62
PARIN,SM,588,-2.19,653.74,0.1,0.62
HPAL,EQ,29.53,-4.77,271.31,2.05,0.61
DPWIRES,EQ,129.25,-9.97,200.34,0.44,0.61
DIGISPICE,EQ,16.4,-2.26,384.53,3.66,0.61
ORICONENT,EQ,64.5,-0.11,1012.96,0.94,0.61
SHREEKARNI,SM,349,-5.43,252.28,0.17,0.61
KAMOPAINTS,EQ,3.98,-5.24,125.11,15.09,0.6
ALANKIT,EQ,7.11,-5.07,192.79,8.39,0.6
GUJAPOLLO,EQ,416.95,-1.04,540.78,0.14,0.6
SADBHAV,BE,7.68,-4.95,131.77,7.43,0.6
ARUNAYA,SM,14.85,-7.19,26.04,4,0.6
COASTCORP,EQ,42.75,-3.15,286.33,1.38,0.6
VRAJ,EQ,102.6,-4.21,338.4,0.57,0.59
HDFCVALUE,EQ,124.56,-1.51,33.02,0.47,0.59
NEPHROCARE,SM,51.65,-9.94,85.15,1.11,0.59
BANKETF,EQ,530.55,-2.61,280.03,0.11,0.59
E2ERAIL,SM,188,-3.96,324.44,0.31,0.59
ZODIAC,EQ,223.2,-7.55,337.56,0.26,0.59
IWARE,ST,230.15,-4.99,246.63,0.25,0.59
IVZINGOLD,EQ,12305,-2.21,696.66,0,0.59
NAHARCAP,EQ,200.01,-8.61,334.94,0.28,0.59
GEEKAYWIRE,EQ,19.44,-6.18,203.19,2.98,0.59
GANDHITUBE,EQ,780.45,-4.2,948.4,0.07,0.58
VALIANTLAB,EQ,54,-4.98,293.29,1.06,0.58
NEXT50ETF,EQ,62.8,-2.04,11.06,0.93,0.58
VINYLINDIA,EQ,176.55,-7.04,323.74,0.32,0.58
GROWWHOSPI,EQ,45.9,-0.02,25.5,1.28,0.58
ASIANHOTNR,EQ,282,-5.45,1202.26,0.2,0.58
PAVNAIND,EQ,15.15,-6.42,211.39,3.71,0.58
SINTERCOM,EQ,72,-1.13,198.2,0.8,0.58
BRANDMAN,SM,120,-8.78,221.49,0.46,0.58
WINSOL,SM,107,-2.86,123.43,0.54,0.57
SUMEETINDS,EQ,28.6,-1.79,1505.29,1.99,0.57
K2INFRA,SM,46.2,-9.77,58.3,1.21,0.57
ASAHISONG,EQ,193.7,-3.44,228.32,0.29,0.57
KAYTEX,SM,58.3,-10.86,85.7,0.95,0.56
MASON,SM,129.8,-3.85,310.74,0.42,0.56
ESCONET,SM,96.05,-5,126.75,0.58,0.56
RCOM,BE,0.79,-4.82,218.48,70.96,0.56
SYSTANGO,SM,240,-6.18,352.05,0.23,0.56
UNIVASTU,EQ,58.99,-6.34,212.29,0.92,0.55
ORIENTBELL,EQ,264,-5.41,388.36,0.2,0.55
PYRAMID,EQ,140.5,-0.5,516.83,0.39,0.55
HDFCPSUBK,EQ,83.39,-3.7,30.54,0.65,0.54
MUNJALSHOW,EQ,116,-3.08,463.78,0.46,0.54
VETO,EQ,90,-3.28,172.03,0.59,0.54
UMAEXPORTS,EQ,19.45,-12.7,65.76,2.66,0.54
CHEMBONDCH,EQ,110,-9.81,295.86,0.47,0.53
MOMIDMTM,EQ,57.5,-1.29,30.22,0.93,0.53
GROWWPSE,EQ,96.17,-1.61,16.59,0.55,0.53
GULFPETRO,EQ,25.77,-5.43,131.39,2.03,0.53
AJOONI,EQ,3.88,-3.48,66.83,13.55,0.53
NDLVENTURE,EQ,114,-3.33,383.86,0.46,0.53
ARHAM,SM,120,-0.79,203.04,0.44,0.52
SGBAPR28I,GB,13700,-2.8,2428.84,0,0.52
CHAVDA,SM,88.25,-2.43,288.19,0.58,0.51
ESSENTIA,EQ,1.13,-5.04,120.65,44.83,0.51
NAHARPOLY,EQ,222.47,-3.28,547.01,0.23,0.51
SGBJAN29X,GB,13633.59,-2.5,1655.18,0,0.51
SUTLEJTEX,EQ,25.61,-8.6,419.57,1.86,0.5
CHEVIOT,EQ,941,-2.95,549.72,0.05,0.5
RVTH,EQ,512,-3.23,157.03,0.09,0.49
AONETOTAL,EQ,10.68,-1.39,39.03,4.62,0.49
AMCL,ST,419.95,-1.65,497,0.12,0.49
ABSLNN50ET,EQ,65.4,-1.83,93.49,0.74,0.49
SGBJUN30,GB,14011,-4.77,3583.82,0,0.49
HTMEDIA,EQ,19.2,-5.42,350.7,2.48,0.48
AVONMORE,EQ,10.95,-6.33,308.99,4.3,0.48
BANKBETF,EQ,53.01,-2.73,369.21,0.9,0.48
SAKUMA,EQ,1.29,-5.15,202.23,37.23,0.48
NIRAJ,EQ,21.5,-7.73,128.34,2.19,0.48
PSRAJ,SM,255,-1.92,192.23,0.19,0.48
TREJHARA,EQ,150.3,-5,353.29,0.31,0.48
EMAMIREAL,EQ,53.4,-8.23,234.07,0.85,0.47
ONDOOR,SM,126,-2.33,71.17,0.37,0.47
LPDC,EQ,5.65,-3.75,75.79,7.84,0.47
LANCORHOL,BE,20.14,-5,148.13,2.28,0.47
ACETEC,SM,138,-5.28,226.1,0.34,0.47
CHEMBOND,EQ,112,-7.97,150.62,0.41,0.47
AVTNPL,EQ,55.4,-4.75,843.65,0.83,0.47
SBIETFIT,EQ,326.04,-0.28,67.03,0.14,0.46
POSITRON,SM,112.55,-3.93,85.54,0.4,0.46
CANARYS,SM,16,-3.61,93.99,2.76,0.46
VASWANI,EQ,52.45,-0.17,164.41,0.88,0.46
RAJSREESUG,EQ,25.87,-3.04,85.72,1.71,0.45
VIGOR,SM,45.5,-14.15,47.1,0.91,0.45
BANARISUG,EQ,3585,-0.59,4495.48,0.01,0.45
LAKSHYA,SM,88,-3.67,88.74,0.5,0.45
VCL,EQ,1.3,-4.41,23.89,32.69,0.45
PARTH,ST,295,-3.28,403.2,0.15,0.45
UHTL,SM,47.5,-5.19,90.27,0.9,0.44
AFIL,BE,7.85,-2.61,335,5.59,0.44
CINELINE,EQ,80,-6.48,274.13,0.54,0.44
WORTHPERI,EQ,120.5,-7.83,189.8,0.37,0.44
CONSUMER,EQ,9.99,-2.54,45.52,4.41,0.44
FCSSOFT,EQ,1.32,-2.94,225.66,33.45,0.44
LTGILTCASE,EQ,29.62,-0.3,106.04,1.49,0.44
BALAJEE,EQ,22.91,-7.43,186.88,1.87,0.44
KAVDEFENCE,BE,54.51,-4.99,187.37,0.79,0.44
SGBOCT27,GB,13721,-1.51,625.37,0,0.43
SGBNV29VII,GB,13888.8,-1.72,4511.41,0,0.43
GATECH,EQ,0.44,-2.22,48.52,100.84,0.43
AESTHETIK,SM,60.5,-6.92,104.18,0.68,0.43
TAURIAN,SM,201,-6.94,178.55,0.21,0.43
SASTASUNDR,EQ,273.5,-1.46,870.02,0.16,0.43
ALMONDZ,EQ,12.64,-6.02,219.49,3.38,0.43
SMARTEN,SM,45.45,-6.39,86.36,0.9,0.43
RADIOCITY,EQ,4.61,-6.87,159.36,9.07,0.43
NV20BEES,EQ,140,-0.26,144.83,0.31,0.43
TEXMOPIPES,EQ,36,-5.16,105.1,1.17,0.43
MAKEINDIA,EQ,145.1,-2.27,231.37,0.29,0.43
UNIDT,EQ,152.5,-4.06,309.62,0.27,0.42
ADDICTIVE,SM,63.5,-8.7,101.03,0.63,0.42
KANPRPLA,EQ,166.57,-7.47,399.98,0.25,0.42
RBS,SM,69.5,-1.56,158.89,0.6,0.42
KOTARISUG,EQ,23.1,-3.1,191.47,1.79,0.42
UNITEDPOLY,EQ,23.3,-4.98,534.77,1.79,0.42
HITECHGEAR,BE,570,-1.59,1072.37,0.07,0.42
HDFCPVTBAN,EQ,25.85,-0.04,691.36,1.63,0.42
DRONE,SM,39,-8.24,95.16,1.01,0.41
ECAPINSURE,EQ,22.2,-0.18,15.22,1.9,0.41
SGBJAN30IX,GB,14080,-1,3285.13,0,0.41
KKJEWELS,SM,92,-2.85,96.46,0.44,0.41
NAGAFERT,EQ,3.71,-3.64,221.88,10.73,0.41
DUCON,EQ,2.55,-8.93,82.86,15.62,0.41
PLASTIBLEN,EQ,126.4,-3.78,328.5,0.31,0.41
AXITA,BE,8.61,-2.16,329.38,4.74,0.41
DEVIT,EQ,24.9,-6.64,140.27,1.57,0.4
INNOVANA,EQ,345,-3.1,712.77,0.11,0.39
GROWWN200,EQ,10.1,-4.72,13.81,3.79,0.39
SSDL,EQ,51.6,-4.71,204.33,0.74,0.39
EMMIL,SM,116.5,-7.32,131.95,0.33,0.39
SBGLP,EQ,22.89,-2.01,396.95,1.69,0.38
ATLANTAA,EQ,34.5,-3.93,281.18,1.11,0.38
SHIVAMAUTO,EQ,14.3,-10.63,188.04,2.55,0.38
875NHAI29,N6,1084.49,-0.44,1290.33,0.03,0.38
HEALTHY,EQ,14.86,-0.2,73.85,2.53,0.38
IVC,EQ,6.39,-7.26,200.67,5.85,0.37
AONENIFTY,EQ,9.36,-2.09,19.28,3.96,0.37
FMNL,EQ,6.92,-4.95,41.97,5.36,0.37
SHYAMDHANI,SM,52,-4.32,107.41,0.68,0.37
SUPREMEINF,BZ,61.97,-2.56,599.47,0.61,0.37
TSC,SM,28.6,-13.2,40.18,1.2,0.37
SAJHOTELS,SM,34.3,-11.94,55.31,1,0.37
SGBJUL29IV,GB,13756,-2.09,4021.93,0,0.37
GOLDTECH,EQ,35.85,-0.97,187.36,1.03,0.37
SAVY,SM,121.6,-3.87,253.03,0.3,0.36
SURANASOL,EQ,20.28,-5.89,99.79,1.79,0.36
UCAL,EQ,87,-5.77,192.39,0.41,0.36
SGBDE30III,GB,14264.98,-1.22,4009.9,0,0.36
SHRADHA,EQ,28.35,-9.66,229.63,1.2,0.36
MANAKSIA,EQ,45.05,-5.77,295.23,0.79,0.36
MODINATUR,EQ,276.95,-7.23,368.52,0.13,0.36
TRU,EQ,4.96,-9.16,58.96,6.97,0.36
KDL,ST,106.5,-4.53,128.06,0.34,0.36
SGBJUN29II,GB,13725,-1.95,2605.66,0,0.36
MOBILISE,SM,59,-8.88,56.12,0.56,0.36
PRATHAM,SM,107.6,-4.14,195.97,0.32,0.35
HEALTHADD,EQ,145.74,-0.77,12.63,0.24,0.35
DYNAMIC,SM,92.5,-4.79,127.15,0.35,0.35
KANDARP,SM,135,-2.74,121.14,0.25,0.35
AVROIND,EQ,112.21,-4.96,149.36,0.3,0.35
ADVANIHOTR,EQ,48.45,-2.61,447.86,0.72,0.35
RSSOFTWARE,EQ,22.95,-10,59.28,1.45,0.35
709GS2054,GS,95.5,-0.02,141340,0.36,0.34
STARPAPER,EQ,126.3,-3.73,197.13,0.27,0.34
CTE,EQ,22.1,-2.08,43.38,1.47,0.33
AKSHARCHEM,EQ,153.3,-4.88,123.15,0.21,0.33
GROWWCAPM,EQ,9.3,-2.31,21.51,3.57,0.33
XELPMOC,EQ,88,-4.07,129.88,0.37,0.33
BRACEPORT,SM,45.6,-20,51.53,0.67,0.33
SICALLOG,BE,64.5,-0.29,514.61,0.51,0.33
IMPAL,EQ,971,-2.11,1211.81,0.03,0.33
AAATECH,EQ,90.95,-1.1,116.66,0.36,0.33
VHL,EQ,3065,-2.49,978.21,0.01,0.33
ALPA,EQ,51.1,-9.84,107.52,0.61,0.33
NIPPOBATRY,EQ,276,-5.01,207,0.11,0.33
RKEC,EQ,29.28,-8.7,75.6,1.07,0.32
KOHINOOR,EQ,21.14,-4.6,78.37,1.52,0.32
NAHARINDUS,EQ,87.03,-3.44,376.02,0.37,0.32
DELAPLEX,SM,85.7,-4.03,78.07,0.37,0.32
SNEHAA,SM,40.4,-2.77,41.12,0.84,0.32
KNAGRI,EQ,170.5,-4.27,426.23,0.19,0.32
PURVFLEXI,SM,38.55,-2.77,80.89,0.82,0.32
KANORICHEM,EQ,60,-3.94,262.16,0.53,0.32
SGBMAR30X,GB,14025,-2.02,2159.42,0,0.32
VDEAL,SM,176,-4.92,86.07,0.18,0.32
PATINTLOG,EQ,8.7,-4.08,60.54,3.6,0.31
EMAMIPAP,EQ,60.01,-7.19,363.05,0.5,0.31
LINC,EQ,94.33,-4.18,561.16,0.33,0.31
ISFT,EQ,56,-7.68,91.35,0.54,0.31
CMNL,SM,97,-3,234.11,0.32,0.31
BAWEJA,SM,23.65,-9.39,43.58,1.22,0.31
CPCAP,EQ,77.11,-4.71,140.29,0.39,0.31
74GS2035,GS,103,-0.15,86772.35,0.3,0.31
PARAGON,SM,36.75,-11.98,71.91,0.8,0.31
AVANA,SM,62.5,-3.55,141.53,0.48,0.31
INFOLLION,SM,280,-0.07,271.79,0.11,0.3
BALAXI,EQ,16.99,-4.23,93.8,1.79,0.3
ROXHITECH,SM,26.15,-9.2,59.98,1.1,0.3
ALUWIND,SM,54.9,-1.96,136.41,0.56,0.3
ALCODIS,SM,55.5,-14.55,56.89,0.52,0.3
PRESSTONIC,ST,30,-2.6,45.72,1.01,0.3
SRD,EQ,42.05,-6.68,268.98,0.68,0.3
CROWN,EQ,111.05,-6.14,128.71,0.26,0.3
INM,SM,176.25,-2.08,246.59,0.17,0.3
MRIL,SM,30.25,-16.67,66.86,0.88,0.3
UNILEX,SM,24,-16.08,32.68,1.18,0.29
SGBN28VIII,GB,13620,-2.78,2143.05,0,0.29
INDIANCARD,EQ,161.6,-5.67,96.01,0.18,0.29
BRNL,EQ,18.18,-5.07,152.62,1.6,0.29
RVHL,EQ,33.5,-0.59,205.44,0.9,0.29
ACCPL,SM,65.05,-1.89,72.31,0.44,0.29
DPSCLTD,EQ,7.4,-6.92,720.6,3.94,0.29
ARCHIDPLY,EQ,68,-2.43,135.08,0.42,0.29
AKSHOPTFBR,EQ,4.32,-1.82,70.29,6.61,0.29
DSFCL,EQ,19.13,-4.45,166.42,1.45,0.28
DTL,SM,93,-12.26,76.82,0.3,0.28
LATTEYS,EQ,17.49,-5.15,100.56,1.6,0.28
CELEBRITY,EQ,6.12,-11.82,36.52,4.54,0.28
GROWWNET,EQ,8.43,-0.12,26.57,3.41,0.28
CRAYONS,SM,23.65,-9.04,57.78,1.12,0.28
MCL,BE,58,-3.77,157.43,0.48,0.28
KAPSTON,BE,276,-2.44,839.93,0.1,0.28
INVENTURE,EQ,0.89,-2.2,93.45,30.78,0.28
ROSSELLIND,EQ,44.11,-2.22,166.28,0.62,0.28
DIGIDRIVE,EQ,16.7,-13.61,64.4,1.57,0.28
SAHYADRI,EQ,213,-4.85,233.16,0.13,0.28
SHREYANIND,EQ,137.5,-5.6,190.09,0.2,0.28
SGBMAY26,GB,13695,-1.62,890.64,0,0.28
PARTYCRUS,SM,81.8,-1.45,98.04,0.35,0.28
SURANAT&P,EQ,16.15,-1.76,219.25,1.69,0.27
RUDRA,EQ,15.3,-6.88,153.53,1.75,0.27
LAGNAM,EQ,62,-2.78,109.55,0.43,0.27
BAIDFIN,EQ,9.7,-8.06,145.58,2.71,0.27
MEGASTAR,EQ,254,-1.93,286.86,0.11,0.27
BSHSL,EQ,65.01,-11.96,682.2,0.38,0.27
COMMITTED,SM,263.3,-1.24,304.76,0.1,0.27
MOALPHA50,EQ,46.38,-1.86,5.64,0.58,0.27
SHKSIL,SM,39,-2.74,74.85,0.7,0.27
SHIVATEX,EQ,131.99,-1.54,171.09,0.2,0.27
SHARIABEES,EQ,448.38,-0.85,49.44,0.06,0.27
ENFUSE,SM,167,-7.14,147.75,0.16,0.27
SDREAMS,SM,69.85,-4.32,130.78,0.37,0.26
AXISTECETF,EQ,323.02,-0.65,152.16,0.08,0.26
MADHAV,EQ,30.15,-4.98,26.98,0.85,0.26
WOMANCART,SM,146.9,-6.7,103.5,0.18,0.26
PAR,EQ,80,-7.66,98.44,0.32,0.26
MANORG,EQ,388.7,-1.91,332.9,0.07,0.26
YAAP,SM,143,-2.75,299.34,0.18,0.26
PTL,EQ,37.08,-1.72,490.85,0.68,0.25
YASHOPTICS,SM,102.8,-4.51,254.59,0.24,0.25
734GS2064,GS,99.15,-0.16,236968.5,0.26,0.25
SCPL,BE,309.65,-1.7,325.13,0.08,0.25
SIKKO,EQ,4.39,-4.98,191.76,5.64,0.25
GREENCHEF,SM,42.5,-3.52,98.91,0.57,0.25
GCHOTELS,SM,85,-3.35,211.81,0.28,0.25
RAJMET,EQ,3.13,-1.26,86.54,7.85,0.25
SUNTECH,SM,32,-3.61,61.96,0.74,0.25
MITTAL,EQ,0.83,-16.16,36.84,27.38,0.25
MADHAVBAUG,SM,175,-5.41,183.99,0.14,0.25
MOTOUR,EQ,67.5,-3.13,16.03,0.36,0.24
SONAMLTD,EQ,52.4,-3.76,209.77,0.47,0.24
SVLL,EQ,490.9,-6.44,564.23,0.05,0.24
CUDML,SM,85,-9.28,149.99,0.26,0.24
BANKA,EQ,42.98,-7.13,46.94,0.54,0.24
GREENLEAF,SM,54.5,-8.71,32.31,0.42,0.24
GOYALSALT,SM,103,-8.36,184.37,0.23,0.24
GKWLIMITED,EQ,1518,-0.23,905.71,0.02,0.24
INDTERRAIN,EQ,27,-6.57,136.8,0.87,0.24
SGBAUG29V,GB,13850,-2.62,3175.45,0,0.24
RAJPUTANA,SM,210.95,-4.11,148.37,0.11,0.24
PLAZACABLE,EQ,30.5,-4.75,133.44,0.76,0.23
BIOPOL,SM,95.95,-1.59,103.68,0.25,0.23
RAMANEWS,EQ,30.4,-2,448.47,0.76,0.23
ACCURACY,EQ,3.56,-10.1,53.6,6.39,0.23
CLEDUCATE,BE,46.8,-4.99,253.77,0.5,0.23
KORE,SM,88,-4.19,106.7,0.26,0.23
INTERNET,EQ,11.07,-2.81,19.37,2.08,0.23
MANAKSTEEL,EQ,47.2,-6.92,309.32,0.47,0.23
CHOICEGOLD,EQ,141.28,-0.56,51.56,0.16,0.23
KRITINUT,EQ,58.95,-5.85,295.36,0.38,0.23
SBIMIDMOM,EQ,56.36,-1.83,6.92,0.41,0.23
HITECHCORP,EQ,123.5,-9.12,212.12,0.18,0.23
GTL,EQ,5.77,-5.56,90.76,3.82,0.23
JAINIK,SM,108.8,-4.98,156.1,0.2,0.23
VLSFINANCE,EQ,215.6,-1.62,676.52,0.1,0.22
UNIONGOLD,EQ,139.25,-1.28,301.6,0.16,0.22
MONEYBOXX,EQ,64.4,-5.18,421.24,0.35,0.22
AARTECH,EQ,39.2,-7.63,124.54,0.55,0.22
SATTVAENGG,SM,49.75,-5.87,86.91,0.43,0.22
VGL,EQ,48,-4.57,247.34,0.45,0.22
SATKARTAR,SM,160.5,-0.93,252.71,0.14,0.22
AIRAN,EQ,14,-6.42,175.03,1.52,0.22
RUBYMILLS,EQ,200,-1.18,668.8,0.11,0.22
NECCLTD,EQ,11.6,-4.45,116,1.88,0.22
CENTEXT,EQ,17.55,-4.83,140.4,1.2,0.22
JHS,EQ,6.97,-3.6,59.67,3.12,0.22
MAHESHWARI,EQ,42.6,-2.85,126.08,0.49,0.22
JAYAGROGN,EQ,164.15,-4.77,492.45,0.13,0.22
KLL,SM,36.55,-2.53,67.73,0.6,0.22
FORGEAUTO,SM,72,-4,78.62,0.3,0.21
GEECEE,EQ,229.6,-9.8,480.13,0.09,0.21
SGBJAN27,GB,13635,-1.02,332.16,0,0.21
SHEEL,SM,42.4,-4.18,86.29,0.5,0.21
MAHAPEXLTD,EQ,53.09,-0.52,75.12,0.41,0.21
PRLIND,SM,48,-7.43,109.74,0.44,0.21
SUNDRMBRAK,EQ,498,-5.24,195.94,0.04,0.21
MANAKALUCO,BE,22.91,-4.54,150.14,0.91,0.21
DCMNVL,EQ,99.5,-4.03,185.84,0.21,0.21
JOCIL,EQ,100.98,-3.61,89.68,0.21,0.21
PRAENG,EQ,18.55,-5.16,129.73,1.12,0.21
MGEL,EQ,11.77,-4.85,387.89,1.77,0.21
SECURKLOUD,EQ,19.24,-8.73,64.28,1.05,0.21
REFRACTORY,SM,30.05,-4.91,65.51,0.68,0.21
AKI,EQ,3.92,-4.16,40.46,5.18,0.21
ASPINWALL,EQ,221,-2.97,172.78,0.09,0.21
74GS2062,GS,99.98,-0.02,155968.8,0.21,0.21
INNOMET,SM,75,-5.18,97.05,0.27,0.21
ELGIRUBCO,EQ,36.6,-2.74,183.18,0.56,0.21
LICNETFGSC,EQ,28.5,-0.45,2270.23,0.72,0.21
HINDCOMPOS,EQ,356.95,-5.13,527.18,0.06,0.21
VAISHALI,EQ,5.24,-8.55,68.36,3.8,0.21
MAITREYA,SM,173.2,-4.89,117.36,0.12,0.21
LOVABLE,EQ,58.03,-5.18,85.88,0.34,0.21
SGBOCT27VI,GB,13626,-2.3,944.57,0,0.2
MSCIINDIA,EQ,27.49,-1.47,1454.62,0.74,0.2
QUESTLAB,ST,106,-4.07,173.7,0.19,0.2
GLOBALVECT,EQ,145,-4.27,203,0.14,0.2
MMEL,SM,22.4,-2.4,42.13,0.88,0.2
GLOBALPET,SM,86.1,-2.71,101.49,0.23,0.2
SOFTTECH,EQ,244.8,-1.82,338.86,0.08,0.2
JAIPURKURT,EQ,25.5,-8.37,48.68,0.75,0.2
RHL,EQ,166.95,-4.31,288.68,0.12,0.2
DHRUV,EQ,27.2,-9.84,51.59,0.7,0.2
HDFCNIF100,EQ,24.5,-0.37,73.96,0.82,0.2
ASHALOG,SM,53.5,-7.52,72.53,0.35,0.2
SSFL,SM,118.5,-2.19,101.56,0.17,0.2
ATCENERGY,SM,21.2,-5.78,43.22,0.91,0.2
STARTECK,EQ,232,-5.48,229.92,0.08,0.19
AHLADA,EQ,35.5,-8.1,45.87,0.53,0.19
RPPL,EQ,15,-2.66,111.37,1.27,0.19
KRITIKA,EQ,4.99,-8.1,132.87,3.75,0.19
DCM,EQ,58.01,-1.51,108.35,0.34,0.19
TANKUP,ST,420,-4.55,222.39,0.04,0.19
ESG,EQ,38.6,-2.2,96.55,0.49,0.19
850NHAI29,N5,1061.6,-0.93,1838.72,0.02,0.19
MOM50,EQ,238.99,-1.42,53.77,0.08,0.19
TOKYOPLAST,EQ,59.99,-9.74,57,0.31,0.19
MARALOVER,EQ,37,-6.87,153.58,0.5,0.19
PROFX,SM,58,-3.41,101.52,0.32,0.19
SBIETFPB,EQ,255.75,-0.72,380.32,0.07,0.19
JINDALPOLY,EQ,779.8,-5,3414.46,0.02,0.19
STUDIOLSD,SM,8.75,-6.91,45.41,2.08,0.19
DUGLOBAL,SM,30,-10.31,215.62,0.6,0.19
SEMAC,EQ,233.99,-5,72.94,0.08,0.19
RADIOWALLA,SM,23.85,-9.66,16.81,0.75,0.19
MANGALAM,BE,28.46,-4.88,45.05,0.64,0.18
EXXARO,EQ,6.55,-3.11,293.05,2.78,0.18
ATAM,EQ,50.25,-4.83,57.6,0.35,0.18
USK,BE,20.8,-3.03,115.14,0.87,0.18
ORBTEXP,EQ,137.6,-9,364.79,0.13,0.18
GENUSPAPER,EQ,9.9,-5.35,254.55,1.82,0.18
BHANDARI,EQ,2.21,-8.68,73.58,7.87,0.18
UNITEDTEA,EQ,510,-1.66,254.82,0.04,0.18
AMJLAND,EQ,34.78,-5.41,142.6,0.52,0.18
NV20,EQ,13.87,-1.28,78.45,1.29,0.18
AARVI,EQ,121.66,-4.85,180.19,0.14,0.18
ZENITHDRUG,SM,37.75,-7.93,64.74,0.46,0.18
OILCOUNTUB,EQ,38.55,-2.97,200.42,0.46,0.18
SHEETAL,ST,225,-2.72,257.76,0.08,0.18
TAINWALCHM,EQ,176.4,-1.57,165.18,0.1,0.18
SHUBHSHREE,SM,290,-6.98,152.02,0.06,0.18
TRUST,SM,29,-4.61,69.09,0.61,0.18
SONUINFRA,SM,40.2,-3.6,47.29,0.43,0.18
TPHQ,EQ,0.47,-2.08,51.52,37.14,0.17
MARC,SM,60.1,-6.97,104.05,0.28,0.17
HMVL,EQ,60.49,-0.49,445.64,0.29,0.17
NIFTYBETF,EQ,233.84,-2.66,163.94,0.07,0.17
NAVKARURB,EQ,0.76,-3.8,85.28,22.8,0.17
ETML,SM,82,-4.54,159.71,0.2,0.17
MID150,EQ,20.33,-2.45,10.12,0.83,0.17
GSS,EQ,9,-10.09,23.54,1.76,0.17
SHRIKANHA,SM,16.6,-9.78,25.87,0.99,0.17
STEL,EQ,425,-3.74,784.35,0.04,0.17
PODDARMENT,EQ,207,-0.63,219.63,0.08,0.17
BBNPPGOLD,EQ,137.75,-0.65,317.92,0.12,0.17
SGBNOV26,GB,13697.99,-1.89,560.83,0,0.17
MOHEALTH,EQ,42.46,-1.99,40.83,0.39,0.17
HDFCBSE500,EQ,33.77,-1.97,21.1,0.49,0.17
KAKATCEM,EQ,88.3,-4.49,68.64,0.18,0.16
82HUDCO27,N2,1024.5,-0.01,2579.92,0.02,0.16
DURLAX,SM,48.25,-0.21,139.6,0.34,0.16
SIDDHICOTS,ST,28.25,-3.25,68.95,0.56,0.16
MOKSH,EQ,9.3,-8.19,82.07,1.68,0.16
SAMPANN,EQ,26.8,-0.81,108.83,0.62,0.16
BSL,EQ,104,-10.61,107.04,0.15,0.16
SUNDARAM,EQ,1.18,-4.84,55.92,13.54,0.16
XTGLOBAL,EQ,27.52,-7.34,369.11,0.56,0.16
DCMSIL,BE,71.94,-4.99,625.82,0.22,0.16
AEPL,EQ,14.99,-6.78,376.3,1.01,0.16
MUKTAARTS,EQ,39.52,-6.7,89.26,0.39,0.16
SONAMAC,SM,29.2,-10.84,40.07,0.51,0.16
TOTAL,EQ,48.79,-4.13,78.68,0.33,0.16
GLOBE,EQ,2.21,-3.49,99.54,7.09,0.16
DHANLAXMI,SM,22.2,-3.48,36.25,0.7,0.16
AROGRANITE,EQ,19.36,-11.11,29.62,0.76,0.16
CPEDU,EQ,148.5,-6.27,270.17,0.1,0.16
SUNREST,SM,35.2,-17.95,15.11,0.42,0.16
JYOTIGLOBL,SM,32.8,-1.06,65.01,0.46,0.15
INTEGRITY,SM,105,-0.94,45.15,0.14,0.15
UYFINCORP,EQ,12.35,-2.14,234.94,1.25,0.15
SAIFL,SM,8.7,-7.45,23.45,1.76,0.15
PRABHA-RE,BE,1.4,-20,1.35,10.89,0.15
JETFREIGHT,EQ,16.29,-4.74,75.59,0.93,0.15
OSIAHYPER,EQ,4.09,-4.88,72.38,3.72,0.15
702GS2031,GS,101,-1.89,64640,0.15,0.15
WELINV,EQ,1256.1,-3.84,459.04,0.01,0.15
GANGABATH,SM,18.45,-1.86,40.97,0.84,0.15
ORIENTCER,EQ,35.95,-2.63,430.1,0.41,0.15
AXSENSEX,EQ,76.03,-2.01,121.8,0.2,0.15
MHHL,SM,36.4,-4.96,66.38,0.41,0.15
SILINV,EQ,392,-2.8,415.36,0.04,0.15
SMLT,EQ,64.3,-1.26,88.03,0.23,0.15
IVP,EQ,122.1,-5.05,126.08,0.12,0.15
MOMENTUM,EQ,28.18,-2.79,41.43,0.52,0.15
ARCHIES,EQ,11.56,-13.73,39.05,1.21,0.15
GSLSU,EQ,48.44,-4.98,205.3,0.3,0.15
SIL,EQ,12.25,-8.85,78.8,1.15,0.15
DELTIC,SM,32.5,-8.06,49.69,0.44,0.15
PRITI,EQ,33.66,-6.68,44.95,0.43,0.15
BALPHARMA,EQ,65,-2.83,103.49,0.22,0.15
764IRFC31,NO,1112.58,-0.48,1328.77,0.01,0.15
HDFCQUAL,EQ,53.4,-1.49,18.49,0.27,0.14
PILITA,EQ,7.03,-6.64,165.21,2.05,0.14
MURUDCERA,EQ,27.01,-3.88,163.53,0.53,0.14
MKPL,EQ,4.54,-4.42,170.42,3.13,0.14
EMULTIMQ,EQ,37.6,-1.83,33.25,0.38,0.14
IDEALTECHO,SM,204,-12.26,102,0.07,0.14
SREEL,EQ,171.35,-6.78,396.76,0.08,0.14
TARMAT,BE,54,-3.02,135.35,0.26,0.14
GANGESSECU,EQ,108.5,-2.21,108.54,0.13,0.14
AGROPHOS,EQ,28.78,-4.35,58.35,0.49,0.14
NEELAM,SM,10.6,-4.93,21.43,1.32,0.14
PRUDMOULI,EQ,11.85,-4.97,38.22,1.09,0.14
865IRFC29,NA,1156.02,-1.03,795.76,0.01,0.14
SANDESH,EQ,880,-2.58,666.11,0.02,0.14
HECPROJECT,EQ,105.25,-1.63,114.07,0.13,0.14
AKANKSHA,SM,65,-3.13,127.27,0.21,0.14
RCDL,SM,21.95,-3.52,52.5,0.69,0.14
ORIENTALTL,EQ,4.98,-2.92,36.61,2.74,0.14
CONS,EQ,10.87,-1.36,31.96,1.26,0.14
AARNAV,EQ,22.6,-8.2,95.46,0.59,0.14
LASA,EQ,5.95,-7.32,29.81,2.22,0.14
ABHAPOWER,SM,25,-11.03,46.47,0.51,0.13
WILLAMAGOR,EQ,23.49,-5.4,25.74,0.55,0.13
PRIMESECU,EQ,268,-1.96,908.53,0.05,0.13
HDFCGROWTH,EQ,111.46,-0.39,18.1,0.12,0.13
ISHANCH,EQ,46.8,-11.75,122.34,0.27,0.13
SILKFLEX,ST,108.7,-4.98,126.17,0.12,0.13
DOLLEX,SM,28.95,-1.03,115.65,0.48,0.13
RNPL,SM,135,-1.75,153.88,0.1,0.13
DELTAMAGNT,EQ,50.95,-2.62,55.29,0.26,0.13
GVKPIL,BE,2.41,-1.63,380.45,5.43,0.13
TEAMGTY,EQ,254,-5.72,228.43,0.05,0.13
EFORCE,SM,17.5,-8.85,40.95,0.73,0.13
PENTAGON,SM,58,-7.94,44.72,0.22,0.13
SIGIND,EQ,45.2,-1.4,133.06,0.3,0.13
SSFLPP,E1,90,-7.88,156.01,0.14,0.13
NOIDATOLL,EQ,3.09,-1.28,57.53,4.33,0.13
WEIZMANIND,EQ,68,-7.15,105.36,0.18,0.13
AKIKO,ST,200.4,-1.28,215.82,0.06,0.13
CONSOFINVT,BE,207.2,-4.95,669.8,0.06,0.13
LFIC,EQ,119,-7.57,35.7,0.11,0.13
GVPTECH,EQ,5.95,-1.65,109.5,2.15,0.13
MHLXMIRU,EQ,159.05,-4.53,168.92,0.08,0.13
NGIL,EQ,23.59,-1.71,41.37,0.56,0.13
IL&FSENGG,BZ,24.05,-2.95,315.35,0.52,0.13
NEWJAISA,SM,18,-4.76,64.39,0.69,0.13
INDBANK,EQ,30.31,-3.62,134.51,0.41,0.13
FLEXIADD,EQ,9.19,-0.86,12.1,1.37,0.13
ENSER,SM,9.7,-8.06,84.55,1.25,0.13
BALKRISHNA,EQ,13.1,-12.32,42.21,0.92,0.13
TROM,SM,49,-6.67,45.05,0.25,0.12
SMARTLINK,EQ,111,-5.27,110.72,0.11,0.12
AGSTRA,BZ,2.49,-4.96,31.98,4.96,0.12
PRAXIS,EQ,5.53,-4.98,102.75,2.19,0.12
SUVIDHAA,EQ,2.58,-1.15,54.13,4.8,0.12
HALEOSLABS,EQ,1250,-0.03,377.91,0.01,0.12
AURIGROW,EQ,0.26,-3.7,38.38,46.64,0.12
WINNY,SM,41,-4.65,8.9,0.29,0.12
DCG,SM,51.55,-4.54,93.56,0.23,0.12
BVCL,EQ,36,-7.24,79.78,0.33,0.12
AKG,EQ,10.22,-2.01,32.48,1.12,0.12
JISLDVREQS,EQ,20.49,-6.1,39.53,0.57,0.12
985ECL28,NK,1027,-0.58,279.48,0.01,0.12
IDENTICAL,SM,15.7,-0.95,22.02,0.76,0.12
PSFL,SM,24.3,-2.02,47.83,0.48,0.12
AMNPLST,EQ,140,-5.87,770.28,0.08,0.11
PRAKASHSTL,EQ,4.11,-0.72,71.93,2.8,0.11
CLASSICEIL,SM,42.65,-5.01,76.62,0.26,0.11
CHETANA,SM,32,-3.03,65.28,0.35,0.11
ZODIACLOTH,EQ,62.4,-2.76,171.34,0.18,0.11
AMEYA,SM,93,-3.13,69.75,0.12,0.11
746GS2073,GS,101,-0.2,118170,0.11,0.11
RAPIDFLEET,SM,167,-1.88,124.16,0.07,0.11
KEN,SM,33.85,-8.02,83.15,0.32,0.11
GOKUL,EQ,38.1,-3.4,377.17,0.29,0.11
ORCHASP,EQ,2.08,-5.02,72.06,5.34,0.11
DJML,BE,80.9,-3.67,278.12,0.14,0.11
ANYA,SM,17,-2.86,204,0.65,0.11
NRAIL,EQ,396.65,-4.65,675.06,0.03,0.11
AMDIND,EQ,35.1,-8.36,67.28,0.29,0.11
901NHB34,N6,6175,-0.11,822.16,0,0.11
KEL,SM,74.5,-3.87,76.53,0.14,0.11
MAXPOSURE,SM,33.3,-2.63,75.73,0.32,0.11
LAMOSAIC,SM,22.2,-5.13,22.95,0.48,0.11
MANILAM,SM,54.8,-0.36,119.73,0.2,0.11
FIBERWEB,BE,33.11,-4.94,95.33,0.32,0.11
PULZ,SM,23.4,-4.88,51.03,0.46,0.11
SANGANI,SM,40,-1.23,55.11,0.27,0.11
182D260626,TB,97.98,-0.44,5878.8,0.11,0.11
MONIFTY100,EQ,23.51,-1.92,11.28,0.46,0.11
SADBHIN,EQ,2.26,-4.64,79.6,4.66,0.11
QFIL,SM,42,-0.24,11.99,0.26,0.11
ANMOL,EQ,9.22,-5.63,52.47,1.14,0.11
VIVIMEDLAB,EQ,5.55,-4.97,46.02,1.91,0.11
DTIL,EQ,115,-5.33,120.84,0.09,0.11
TOUCHWOOD,EQ,67.6,-0.29,74.91,0.15,0.11
DCCL,SM,35,-0.85,49.97,0.3,0.11
ARVINDPORT,SM,30.5,-0.33,54.28,0.34,0.11
KEYFINSERV,EQ,229,-5.99,127.48,0.04,0.1
SPECTSTM,SM,54,-9.92,124.7,0.18,0.1
SNXT30BEES,EQ,37.85,-1.69,4.9,0.27,0.1
182D110626,TB,97.8,-0.61,7335,0.1,0.1
LOTUSEYE,EQ,103.88,-1.37,216.03,0.1,0.1
SOLARAPP1,E1,295,-3.8,349.05,0.03,0.1
850IIFL27,NA,995,-0.4,13.53,0.01,0.1
LAMBODHARA,EQ,87.5,-4.95,90.8,0.11,0.1
ENERGYDEV,EQ,13.84,-4.95,65.74,0.7,0.1
724GS2055,GS,97.6,-0.43,76128,0.1,0.1
SYLVANPLY,SM,44.1,-2.86,85.44,0.22,0.1
MOPSE,EQ,93.6,-5.65,1.68,0.1,0.1
BIL,EQ,696.75,-3.26,934.37,0.01,0.1
HEALTHCARE,EQ,18.18,-0.55,7.76,0.52,0.1
RILINFRA,SM,36.05,-2.57,67.07,0.25,0.09
VERTEXPLUS,SM,86.1,-0.17,47.18,0.11,0.09
FLEXITUFF,EQ,6.35,-2.16,20.84,1.38,0.09
KONSTELEC,SM,29.8,-1.97,45,0.31,0.09
PPSL,SM,6,-17.24,17.58,1.44,0.09
SFML,SM,20,-7.83,49.66,0.45,0.09
NBIFIN,EQ,1715,-3.87,506.76,0.01,0.09
BEDMUTHA,BE,103.58,-5,334.19,0.09,0.09
KRIDHANINF,EQ,2,-9.91,18.96,4.45,0.09
NIBL,EQ,26.3,-6.07,63.73,0.33,0.09
GLOSTERLTD,EQ,525,-0.06,574.52,0.02,0.09
SHYAMCENT,EQ,3.87,-4.91,82.11,2.28,0.09
AXISCETF,EQ,108.79,-1.59,12.02,0.08,0.09
GILLANDERS,EQ,80,-5.28,170.74,0.11,0.09
ALKALI,EQ,51.35,-5.14,52.29,0.17,0.09
NIRMAN,ST,41.35,-4.94,33.12,0.21,0.09
TTL,BE,8.55,-4.89,220.86,1.01,0.09
SENSEXADD,EQ,75.56,-1.87,2.89,0.11,0.09
VERITAAS,SM,37.75,-4.91,10.66,0.23,0.09
3PLAND,EQ,29.5,-5.27,53.1,0.29,0.09
MOHITIND,EQ,19.21,-6.38,27.2,0.43,0.09
LRRPL,SM,70.25,-4.94,60.7,0.12,0.09
LOWVOL,EQ,191.65,-1.59,44.33,0.04,0.09
SELLOWRAP,SM,66.3,-0.38,91.12,0.13,0.08
PIONEEREMB,EQ,22.3,-3.55,68.7,0.37,0.08
CORALFINAC,EQ,28.25,-5.55,113.85,0.29,0.08
DAMODARIND,EQ,22,-1.61,51.26,0.39,0.08
910TCAP28,NA,1059.9,-0.01,362.33,0.01,0.08
BAGFILMS,EQ,4,-3.15,79.1,2.05,0.08
BANG,EQ,30.79,-5.64,41.75,0.26,0.08
CEDAAR,SM,19.85,-4.8,27.55,0.41,0.08
ROCKINGDCE,ST,137.3,-4.98,77.7,0.06,0.08
SBIETFCON,EQ,108.98,-1.76,21.94,0.07,0.08
MAL,SM,31.1,-4.89,76.77,0.26,0.08
AISL,SM,59,-4.68,68.95,0.13,0.08
REXPRO,SM,39.8,-2.45,44.6,0.2,0.08
PNC,EQ,18.68,-2.91,27.02,0.44,0.08
93MOFSL34,N6,1045,-4.13,49.17,0.01,0.08
SGBDC27VII,GB,13621,-2.88,883.05,0,0.08
AGRITECH,EQ,98,-9.59,58.21,0.08,0.08
RAJINDLTD,SM,63.9,-5.4,141.95,0.12,0.08
FORCAS,SM,98.75,-1.25,173.6,0.08,0.08
SWASTIK,SM,13.95,-11.99,32.41,0.54,0.08
LIBAS,EQ,9.53,-2.76,25.11,0.78,0.08
PARAMATRIX,SM,57.5,-4.17,63.53,0.13,0.08
BANARBEADS,EQ,98,-7.35,65.03,0.08,0.08
HINDCON,EQ,18.5,-2.22,94.7,0.42,0.08
GROWWMC150,EQ,199.4,-2.11,5.73,0.04,0.08
HISARMETAL,EQ,132,-6.98,71.28,0.06,0.08
ASPIRE,SM,10.7,-4.46,16.24,0.7,0.08
CEREBRAINT,BZ,3.87,-4.91,46.9,1.92,0.08
BEARDSELL,EQ,22.58,-2.84,89.05,0.34,0.08
MONOPHARMA,SM,11.15,-4.7,19.7,0.66,0.07
AUROIMPEX,SM,25.75,-5.68,31.42,0.29,0.07
RAPPID,SM,245.9,-3.95,127.67,0.03,0.07
WHITEFORCE,SM,33.9,-8.25,39.33,0.21,0.07
ROYALARC,SM,156.95,-0.66,174.22,0.05,0.07
UEL,EQ,138,-4.98,1840.89,0.05,0.07
SILLYMONKS,EQ,15.87,-2.64,19.78,0.46,0.07
MIDCAPADD,EQ,19.95,-2.54,5.59,0.37,0.07
HMT,BZ,58.5,-3.11,2753.42,0.13,0.07
DENEERS,ST,152,-5,130.82,0.05,0.07
LEXUS,BE,25.96,-4.98,53.19,0.26,0.07
INCREDIBLE,EQ,30.37,-3.8,142.02,0.24,0.07
737GS2028,GS,103.16,-0.81,77370,0.07,0.07
740IIFCL33,N1,1045,-6.77,1208.46,0.01,0.07
PALREDTEC,EQ,28.74,-3.17,35.16,0.25,0.07
SIMBHALS,BZ,6.87,-4.98,28.36,0.98,0.07
INSPIRE,SM,7.55,-16.11,10.28,0.9,0.07
HEXATRADEX,EQ,157.89,-0.47,872.26,0.05,0.07
DECCANTRAN,SM,17.6,-6.38,39.99,0.4,0.07
KALANA,ST,21.4,-4.89,27.9,0.32,0.07
SUPERSPIN,EQ,4.05,-5.15,22.27,1.7,0.07
GAYAHWS,EQ,2.08,-3.26,49.85,3.34,0.07
AKSHAR,EQ,0.38,-2.56,29.92,17.68,0.07
KONTOR,SM,60,-12.73,37.08,0.11,0.07
GROWWCHEM,EQ,25.83,-2.49,7.25,0.27,0.07
MANUFGBEES,EQ,146,-0.05,11.72,0.05,0.07
MALUPAPER,EQ,29.9,-7.72,51.01,0.23,0.07
733GS2026,GS,101.65,-0.84,46759,0.07,0.07
BIOFILCHEM,EQ,27.58,-4.99,44.88,0.24,0.07
GROWWPSUBK,EQ,82.05,-1.92,5.39,0.08,0.07
TGL,ST,32.25,-1.98,38.7,0.21,0.07
KANANIIND,EQ,1.16,-7.94,22.95,5.58,0.07
LLOYDS,SM,43.5,-4.4,104.99,0.15,0.07
GROWWNXT50,EQ,62.46,-2.22,7.6,0.1,0.06
73GS2053,GS,98.6,-0.02,192270,0.07,0.06
EMKAYTOOLS,SM,90.45,-5.19,96.52,0.07,0.06
ZEAL,SM,57.75,-11.36,76.86,0.11,0.06
TOP20,EQ,8.36,-1.99,9.68,0.76,0.06
SIDDHIKA,SM,206,-2.85,127.29,0.03,0.06
ROLLT,BE,1.14,-5,28.51,5.49,0.06
SGBFEB27,GB,13650,-1.39,283.08,0,0.06
HOLMARC,SM,63.2,-4.96,63.52,0.1,0.06
CHAMUNDA,SM,41.15,-3.06,45.28,0.15,0.06
BILVYAPAR,BE,5.08,-3.05,15.93,1.24,0.06
MARCO,SM,29,-11.99,54.23,0.21,0.06
ARMOUR,SM,20,-9.09,33.74,0.3,0.06
CINEVISTA,EQ,14.15,-0.84,81.27,0.43,0.06
DEEM,SM,32.2,-7.47,26.85,0.18,0.06
JFLLIFE,SM,8.85,-4.84,29.2,0.66,0.06
AEL120924A,N5,1145.05,-0.43,26.55,0.01,0.06
NMSTEEL,SM,20.2,-3.81,34.92,0.29,0.06
BLUEWATER,SM,144,-3.68,158.4,0.04,0.06
SITINET,BZ,0.3,-3.23,26.16,19.13,0.06
KALYANIFRG,EQ,566,-2.92,205.91,0.01,0.06
GURUNANAK,SM,25,-2.34,30,0.22,0.06
HEADSUP,EQ,6.78,-2.59,14.97,0.82,0.06
SGBMAR28X,GB,13661,-1.41,1034.6,0,0.06
PATTECH,SM,95,-0.26,89.27,0.06,0.06
KARMAENG,EQ,37.19,-1.61,43.03,0.15,0.06
ARABIAN,SM,68.4,-3.53,74.5,0.08,0.06
HGM,EQ,47.36,-8.64,59.65,0.11,0.06
LAL,EQ,6.55,-6.29,113.14,0.83,0.06
NPBET,EQ,259.82,-3.05,10.17,0.02,0.05
SOCL,SM,26.15,-4.91,35.02,0.21,0.05
CURRENT,SM,110.5,-12.54,211.59,0.05,0.05
SURYALAXMI,EQ,47,-7.26,88.38,0.11,0.05
BONLON,BE,36.15,-4.87,51.27,0.15,0.05
RUCHINFRA,EQ,4.69,-3.1,110.7,1.16,0.05
CAPTRUST,BE,11.59,-1.36,39.43,0.47,0.05
1060ECL29,NS,1020,-13.27,199.16,0,0.05
SGL,EQ,9.16,-10.55,24.72,0.54,0.05
ANTGRAPHIC,EQ,0.7,-2.78,10.85,7.42,0.05
738REC27TF,N2,1042.42,-1.65,888.18,0.01,0.05
AUSOMENT,BE,95.95,-5,130.72,0.05,0.05
CALSOFT,EQ,12.5,-5.37,77.29,0.4,0.05
ODIGMA,EQ,21.75,-3.93,67.99,0.23,0.05
DIVIDEND,EQ,33.88,-0.76,8.55,0.15,0.05
SBIETFQLTY,EQ,202.7,-1.32,71.6,0.02,0.05
BABAFP,SM,21.15,-15.4,34.53,0.22,0.05
UNIENTER,EQ,91,-4.41,632.87,0.05,0.05
STEELCITY,EQ,73.98,-2.84,111.76,0.07,0.05
HOMESFY,SM,123.35,-4.97,39.8,0.04,0.05
UNIINFO,EQ,10,-11.89,10.69,0.47,0.05
PROPEQUITY,SM,165,-2.94,172.95,0.03,0.05
TRIDHYA,SM,6.55,-17.09,15.25,0.66,0.05
IPHL,SM,49,-6.04,122.45,0.1,0.05
875AEL29,NK,1005,-0.99,398.34,0,0.05
PCCL,SM,241,-3.04,595.27,0.02,0.05
PHOGLOBAL,SM,15.4,-5.52,29.79,0.3,0.05
GOYALALUM,BE,5.6,-4.92,79.93,0.84,0.05
SGBSEP27,GB,13607,-1.83,854.37,0,0.05
TARAPUR,EQ,25.39,-4.98,49.51,0.18,0.05
PEARLPOLY,EQ,14,-7.47,23.57,0.33,0.05
MIEL,SM,11.7,-4.88,20.59,0.4,0.05
364D280127,TB,94.45,-0.71,8500.5,0.05,0.05
9MMFSML,N2,1067,-0.73,0,0,0.05
DANGEE,EQ,2.69,-8.19,41.42,1.72,0.05
SATIPOLY,SM,29.5,-4.22,14.59,0.16,0.05
SPLIL,EQ,23.1,-4.66,66.99,0.2,0.05
AQYLON,EQ,53.3,-4.99,1352.38,0.09,0.05
RKDL,EQ,19.04,-2.31,45.7,0.25,0.05
LOYALTEX,BE,188.5,-4.8,90.79,0.02,0.05
INSPIRISYS,BE,73.15,-4.08,289.8,0.06,0.05
RULKA,SM,80.25,-6.69,34.17,0.06,0.05
704IRFC28,N6,1027,-3.17,271.01,0,0.05
ITALIANE,ST,37.6,-1.05,55.56,0.12,0.05
MEGAFLEX,ST,151,-0.98,183.18,0.03,0.05
SHRENIK,BZ,0.38,-2.56,23.26,11.91,0.05
TGBHOTELS,EQ,7.81,-6.13,22.87,0.56,0.05
GSEC5IETF,EQ,64.15,-0.2,20.46,0.07,0.04
SELECTIPO,EQ,39.34,-1.85,16.46,0.11,0.04
ASTRON,EQ,3.54,-4.84,16.46,1.24,0.04
ARISTO,SM,78.55,-4.21,53.48,0.06,0.04
AMBICAAGAR,EQ,21.3,-8.43,36.59,0.19,0.04
ITBETA,EQ,307.37,-0.64,5.3,0.01,0.04
JAYESH,SM,145,-2.03,126.03,0.03,0.04
893NHB29,N6,5499,-0.87,365.8,0,0.04
GOLDSTAR,ST,6.4,-4.48,183.17,0.68,0.04
JMA,EQ,79.85,-0.65,182.39,0.05,0.04
MICROPRO,SM,16.4,-6.29,23.45,0.26,0.04
GANGAFORGE,EQ,2.66,-0.75,35.86,1.63,0.04
84TCHF28,NA,1024.8,-0.41,92.82,0,0.04
KHFM,SM,55.5,-2.97,128.26,0.08,0.04
ARCIIL,SM,41.65,-4.03,42.89,0.1,0.04
IVZINNIFTY,EQ,2611.2,-1.83,87.39,0,0.04
DIGJAMLMTD,EQ,36.22,-9.77,72.44,0.11,0.04
LICNMID100,EQ,54.55,-1.84,577.63,0.08,0.04
DGCONTENT,EQ,22.5,-4.3,130.92,0.18,0.04
CLSL,SM,41,-6.82,70.27,0.1,0.04
930APMD28,N0,102150,-0.19,1021.49,0,0.04
VLINFRA,SM,20.1,-8.64,31.58,0.2,0.04
SYNOPTICS,SM,41.7,-4.9,35.36,0.1,0.04
ROML,EQ,40.09,-2.08,60.09,0.1,0.04
NEXT30ADD,EQ,38.02,-1.5,41.22,0.11,0.04
GROBTEA,EQ,846,-1.61,98.33,0,0.04
MONEXT50,EQ,61.98,-2.3,3.04,0.06,0.04
USHAFIN,SM,30.5,-3.17,132.6,0.13,0.04
SPPPOLY,SM,11.35,-4.62,17.47,0.34,0.04
NAGREEKEXP,EQ,19.46,-4.93,60.81,0.2,0.04
DBSTOCKBRO,EQ,25.1,-1.38,87.85,0.15,0.04
SHANTI,EQ,5.15,-5.33,5.72,0.74,0.04
RETAIL,EQ,16.99,-4.44,13.94,0.22,0.04
SRGHFL,EQ,232.6,-0.94,365.22,0.02,0.04
SHEKHAWATI,EQ,10.33,-3.19,35.61,0.36,0.04
UMESLTD,BE,6.2,-1.74,16.38,0.59,0.04
PRECISION,SM,7.25,-4.61,16.65,0.52,0.04
NAMAN,SM,46.55,-5,60.82,0.08,0.04
LICNETFN50,EQ,254.85,-1.86,816.68,0.01,0.04
THESL,SM,11.95,-4.78,14.92,0.3,0.04
SGBJUN27,GB,13650.93,-1.44,627.65,0,0.04
MEDISTEP,ST,17.35,-4.93,24.65,0.21,0.04
AUSL,SM,18.25,-4.95,45.32,0.2,0.04
SAMAY,SM,30,-4.61,46.05,0.12,0.04
846REC28,N6,1080.45,-0.88,1770.62,0,0.04
APEXECO,SM,110,-0.09,145.04,0.03,0.04
S&SPOWER,BE,331.35,-2,408.94,0.01,0.04
VIVIDHA,EQ,0.49,-7.55,14.34,7.28,0.04
957ICCL25,YW,1055,-0.28,27.83,0,0.04
MEDIORG,SM,21,-4.76,24.57,0.16,0.04
AXISHCETF,EQ,146.98,-0.28,22.11,0.02,0.04
INFRA,EQ,10.48,-1.87,7.43,0.33,0.03
VISHWAS,SM,36.1,-3.73,36.1,0.1,0.03
ORIENTLTD,EQ,55.1,-7.02,55.1,0.06,0.03
BBNPNBETF,EQ,52.75,-2.59,4.15,0.07,0.03
730PFCL41,NC,901,-6.75,19.67,0,0.03
ASCOM,ST,226.7,-1.99,265.56,0.01,0.03
NIDAN,SM,13.5,-6.9,18.77,0.24,0.03
ORTINGLOBE,BE,13.98,-4.96,11.37,0.24,0.03
MARUSHIKA,SM,94,-2.13,80.25,0.04,0.03
10CAGL27,N5,1011,-0.39,56.11,0,0.03
GRAPHISAD,ST,30.95,-4.92,56.57,0.11,0.03
SVPGLOB,BE,2.4,-4.76,30.36,1.37,0.03
AVIANSH,SM,110,-1.26,153.75,0.03,0.03
RTL,ST,83,-2.18,109.55,0.04,0.03
KREBSBIO,EQ,43.11,-8.55,92.95,0.07,0.03
IDFNIFTYET,EQ,251.1,-0.94,3.59,0.01,0.03
ACEINTEG,EQ,15.9,-7.29,16.22,0.2,0.03
SGBFEB28IX,GB,13750,-2.55,558.19,0,0.03
1003ISFL28,N4,1001,-0.01,80.47,0,0.03
21STCENMGM,EQ,29.49,-1.99,30.96,0.11,0.03
MOQUALITY,EQ,182.44,-0.97,21.06,0.02,0.03
710GS2029,GS,103.51,-1.55,156300.1,0.03,0.03
GATECHDVR,EQ,0.39,-2.5,7.4,7.83,0.03
SHIVAMILLS,EQ,43.8,-10.39,37.85,0.06,0.03
SGBOCT26,GB,13701,-1.58,428.24,0,0.03
805ABCL28,N5,1000,-0.5,234.02,0,0.03
INFOMEDIA,EQ,4.82,-3.02,24.19,0.62,0.03
12VCCL29B,N0,98800,-0.2,54.34,0,0.03
HALDER,EQ,248,-1.59,308.47,0.01,0.03
LAXMICOT,BE,12.5,-4.94,21.43,0.23,0.03
VR,SM,144,-4.67,127.87,0.02,0.03
ASHOKAMET,EQ,12.75,-6.04,31.87,0.22,0.03
TNTELE,EQ,8.77,-3.31,40.05,0.32,0.03
TIMESCAN,SM,45,-3.85,31.45,0.06,0.03
TIJARIA,BE,4.28,-4.89,12.25,0.61,0.03
PALASHSECU,EQ,82.38,-2.67,82.41,0.03,0.03
842IIFL26,NL,994.98,-0.2,146.51,0,0.03
MADHUCON,EQ,3.85,-4.94,28.41,0.66,0.03
YCCL,SM,9.4,-3.59,18.15,0.27,0.03
DNAMEDIA,EQ,2.71,-2.87,31.9,0.9,0.02
OSWALSEEDS,EQ,11.1,-1.77,101.53,0.22,0.02
HBSL,EQ,44.02,-4.99,31.42,0.05,0.02
SHRITECH,SM,58.25,-2.92,145.33,0.04,0.02
BBTCL,EQ,169,-2.81,346.64,0.01,0.02
SHAHALLOYS,EQ,56.5,-5.38,111.86,0.04,0.02
ENIFTY,EQ,22.92,-1.97,15.06,0.1,0.02
RITEZONE,SM,15.2,-4.7,6.43,0.14,0.02
AKASH,EQ,23.86,-1.24,40.23,0.09,0.02
GSEC10YEAR,EQ,29.6,-0.34,93.72,0.07,0.02
SURAJLTD,EQ,216,-2.97,396.66,0.01,0.02
667GS2050,GS,92.69,-0.12,140474.59,0.02,0.02
SECMARK,EQ,97,-5.38,101.34,0.02,0.02
BIKEWO,ST,17.3,-2.54,22.56,0.12,0.02
903SFL28,YI,1030.4,-1.2,51.44,0,0.02
TWCGOLDETF,EQ,141.51,-0.92,22.43,0.01,0.02
797IGT31,NL,1011.2,-2.77,41.68,0,0.02
9SCL26BA,NA,1020.51,-0.73,412.8,0,0.02
726GS2032,GS,102.2,-1.26,151256,0.02,0.02
DIVYADHAN,SM,20.15,-4.95,28.83,0.1,0.02
MCON,ST,39.8,-4.1,29.17,0.05,0.02
RAJRILTD,BE,19.55,-0.51,1087.14,0.1,0.02
HPIL,EQ,119,-2.51,135.95,0.02,0.02
PLADAINFO,SM,9.45,-4.55,8.1,0.21,0.02
12VCCL27A,N0,98200,-0.81,14.73,0,0.02
PRANIK,SM,40.6,-9.78,44.7,0.05,0.02
FLFL,BZ,1.23,-3.91,24.82,1.51,0.02
MFML,EQ,22.1,-7.8,23.47,0.08,0.02
WEWIN,EQ,38.79,-8.17,39.41,0.05,0.02
LICNFNHGP,EQ,255.84,-1.62,685.53,0.01,0.02
MANUGRAPH,EQ,10.62,-7.01,32.3,0.17,0.02
AHLEAST,EQ,140.1,-2.59,242.26,0.01,0.02
MEP,BZ,0.87,-1.14,15.96,2.1,0.02
SAGARDEEP,EQ,22.2,-3.27,37.87,0.08,0.02
601GS2030,GS,98.7,-0.1,97713,0.02,0.02
EQUAL200,EQ,12.13,-2.1,16.39,0.15,0.02
SGBJ28VIII,GB,13747.99,-2.91,717.81,0,0.02
ADL,EQ,57.99,-9.4,32.28,0.03,0.02
EQUIPPP,BE,15.42,-4.99,158.97,0.11,0.02
LICNETFSEN,EQ,827.85,-2.62,682.66,0,0.02
MPEL,SM,53.05,-4.93,41.25,0.03,0.02
MOMGF,EQ,142.86,-2.08,1.79,0.01,0.02
935LTF29,N5,1048,-0.2,116.24,0,0.02
VELS,SM,47.4,-0.63,61.18,0.04,0.02
VICTORYEV,SM,14,-2.78,33.73,0.12,0.02
GTECJAINX,EQ,19.5,-1.37,19.87,0.09,0.02
TCHF30,NB,1035.1,-3.89,80.78,0,0.02
CELLPOINT,SM,13.8,-2.13,25.79,0.12,0.02
GUJRAFFIA,EQ,36.8,-0.3,19.89,0.04,0.02
RAJTV,EQ,36,-3.36,186.89,0.04,0.02
MON50EQUAL,EQ,30.5,-1.52,95.28,0.05,0.02
CYBERMEDIA,EQ,12.61,-3.96,26,0.12,0.02
ASLIND,ST,77.2,-4.98,80.42,0.02,0.02
930SFL28,YP,1025,-2.01,33.15,0,0.02
WIPL,EQ,145,-2.85,123.07,0.01,0.02
HDFCLOWVOL,EQ,19.17,-1.19,32.92,0.08,0.02
YUDIZ,ST,23.3,-4.9,24.04,0.06,0.02
LYPSAGEMS,EQ,4.5,-2.39,13.27,0.33,0.02
GOLDENTOBC,BZ,22.61,-4.96,39.81,0.07,0.02
AATMAJ,SM,18.5,-1.86,41.81,0.08,0.01
MOTOGENFIN,EQ,19.5,-1.71,75.52,0.08,0.01
DCMFINSERV,BE,5.44,-4.9,10.22,0.27,0.01
MANDEEP,SM,18.15,-3.46,18.76,0.08,0.01
EBANKNIFTY,EQ,52.7,-2.53,11.97,0.03,0.01
BOHRAIND,BE,15.52,-4.96,32.86,0.09,0.01
GIRIRAJ,ST,190,-1.78,454.49,0.01,0.01
KEEPLEARN,EQ,1.54,-10.47,23.98,0.84,0.01
MODIRUBBER,EQ,111,-1.77,277.95,0.01,0.01
AGARWALFT,SM,23,-4.17,16.66,0.06,0.01
CMRSL,SM,55.2,-4.91,16.16,0.02,0.01
MOMNC,EQ,27.6,-4.96,2.07,0.05,0.01
DICIND,EQ,490.6,-3.68,450.32,0,0.01
PARAMOUNT,SM,36.5,-4.45,25.34,0.04,0.01
OMKARCHEM,BZ,3.52,-4.86,7.24,0.37,0.01
GILT5BETA,EQ,64.06,-0.34,25.26,0.02,0.01
SOMATEX,BE,86.31,-2,285.11,0.01,0.01
SEL,SM,130.9,-2.31,30.35,0.01,0.01
SEYAIND,BE,10.38,-0.86,27.58,0.12,0.01
GROWWLOVOL,EQ,9.84,-0.4,3.99,0.13,0.01
880IREDA34,N6,1215,-1.22,175.16,0,0.01
96IIFL28,N5,991.99,-0.11,379.76,0,0.01
CADSYS,SM,46.7,-0.64,46.71,0.03,0.01
KSR,BE,34.1,-1.98,62.67,0.03,0.01
83GS2040,GS,110.5,-0.45,99450,0.01,0.01
QVCEL,SM,22.9,-2.14,23.93,0.05,0.01
ATLPP,E1,7.25,-7.05,28.85,0.15,0.01
TVVISION,EQ,5.36,-1.65,20.77,0.21,0.01
1025IIFL30,Y3,1075,-0.99,66.64,0,0.01
DKEGL,SM,70,-5.08,52.56,0.01,0.01
930APMD31,N0,103700,-0.29,1036.99,0,0.01
MSCIADD,EQ,27.24,-1.52,3.08,0.04,0.01
NAGREEKCAP,EQ,21.62,-3.57,27.27,0.05,0.01
BANK10ADD,EQ,15.69,-2.43,7.38,0.06,0.01
865SCL26,N8,980.02,-2,13.42,0,0.01
12AFIL27A,N0,9908.08,-0.91,29.72,0,0.01
ABSL10BANK,EQ,156.1,-2.74,43.04,0.01,0.01
QUICKTOUCH,SM,27.55,-5,35.31,0.04,0.01
1150AFIL28,N0,9500,-5,19,0,0.01
364D110327,TB,94,-0.28,7520,0.01,0.01
GRCL,SM,361,-4.79,207.14,0,0.01
925ECL28,N2,965,-0.62,46.66,0,0.01
692GS2039,GS,96.33,-2.01,117522.6,0.01,0.01
IL&FSTRANS,BZ,1.93,-4.93,63.49,0.44,0.01
BALCO,SM,14.1,-4.73,6.16,0.06,0.01
PANSARI,EQ,258.5,-4.96,451,0,0.01
94SFL28,YL,1086,-0.23,461.43,0,0.01
BOSS,SM,39.65,-4.92,17.63,0.02,0.01
COMPINFO,BZ,0.95,-4.04,8.15,0.83,0.01
ICDSLTD,BE,40,-3.15,52.11,0.02,0.01
PERFECT,SZ,1.45,-3.33,2.54,0.54,0.01
1065NFL27,NC,995,-0.5,93.82,0,0.01
AIROLAM,EQ,84.49,-2,126.75,0.01,0.01
BLUECOAST,EQ,18.84,-4.99,32.39,0.04,0.01
CREATIVEYE,EQ,6.02,-1.79,12.08,0.12,0.01
JALAN,SM,1.8,-2.7,2.62,0.39,0.01
SHANTHALA,SM,28.1,-4.1,18.82,0.02,0.01
VIPULLTD,BE,10.77,-1.91,151.81,0.06,0.01
897MOFSL29,N4,1012,-0.56,96.28,0,0.01
KHAITANLTD,EQ,99,-4.05,47.02,0.01,0.01
MARINETRAN,ST,16.2,-4.99,20.62,0.04,0.01
NKIND,EQ,61.98,-2.46,37.25,0.01,0.01
837IIFL28,Y4,986.5,-0.15,87.38,0,0.01
ARVEE,BE,134.2,-4.98,147.89,0,0.01
ANSALAPI,BZ,3.04,-1.94,47.85,0.2,0.01
AILIMITED,SM,37.85,-4.9,22.79,0.01,0.01
9SCL27,N2,1011.5,-1.46,10.54,0,0.01
ESENSEX,EQ,73.96,-1.88,13.9,0.01,0.01
862AEL31,NM,1012.1,-0.28,51.58,0,0.01
699GS2026,GS,102.35,-0.61,57316,0,0.01
716GS2050,GS,100.01,-4.07,88008.8,0,0
MOSERVICE,EQ,29,-2.68,5,0.02,0
KAUSHALYA,EQ,805,-0.53,27.88,0,0
622GS2035,GS,93,-2.09,95209.06,0.01,0
MTEDUCARE,BE,1.28,-4.48,9.25,0.34,0
965AEL27,N4,1052.15,-0.55,499.07,0,0
GSEC10ABSL,EQ,110.25,-0.14,31.72,0,0
ZENITHEXPO,EQ,187.4,-0.01,101.13,0,0
SETUINFRA,BZ,0.39,-2.5,4.9,0.88,0
ANKITMETAL,BZ,1.35,-4.93,19.05,0.26,0
SUPREMEENG,BZ,0.98,-4.85,24.5,0.34,0
RADAAN,EQ,2.58,-4.44,13.97,0.13,0
GLFL,BE,3.96,-2.7,10.74,0.07,0
SABAR,ST,5.7,-4.2,10.96,0.05,0
1018GS2026,GS,102.24,-0.01,15336,0,0
ABSLMSCIN,EQ,27.21,-2.02,9.45,0.01,0
SHUBHLAXMI,SM,26,-1.89,27.57,0.01,0
TECILCHEM,EQ,11.3,-0.7,21.43,0.02,0
1050SCFL31,Z2,1062,-0.09,2.37,0,0
QUADPRO,SM,1.9,-2.56,9.6,0.12,0
995SCL2035,NM,970,-13.93,5.42,0,0
10IIFL29,N6,981,-0.61,30.43,0,0
ARTNIRMAN,EQ,32.65,-2.33,81.48,0.01,0
723GS2039,GS,104.75,-0.24,122557.5,0,0
GILT10BETA,EQ,25.74,-0.92,23.15,0.01,0
PREMIER,BE,2.78,-4.79,8.44,0.07,0
MORARJEE,BZ,6.17,-4.93,22.42,0.03,0
MASKINVEST,EQ,127.7,-4.85,38.97,0,0
865TCAPS27,N8,1053,-0.19,632.21,0,0
ARENTERP,EQ,36.2,-1.74,11.25,0,0
MOLOWVOL,EQ,34.85,-1.05,64.87,0,0
SABEVENTS,BE,8.98,-4.97,9.41,0.02,0
579GS2030,GS,95.44,-3.69,99257.6,0,0
WINSOME,BZ,1.64,-1.8,11.6,0.07,0
UNIVPHOTO,BE,419.5,-1.99,459.21,0,0
925SCL2028,N8,981.18,-2,13.43,0,0
1040NFL26,NA,980.55,-4.8,93.29,0,0
PFCL41A,NE,940.01,-0.21,6.35,0,0
CIF27,NM,1151.1,-0.25,5.62,0,0
889SCFL27,YC,985.8,-0.32,9.94,0,0
IIFLZC28,NG,1558.2,-0.32,106.18,0,0
8SMC29,N1,512,-0.58,102.4,0,0
662GS2051,GS,90,-3.49,49500,0,0
GVPTECHPP,E1,2.15,-6.93,4.55,0.02,0
888ECL28,N1,966,-1.85,39.53,0,0
IMC1,N3,246,-3.15,60.02,0,0
IMC1,N1,244.23,-2.74,59.59,0,0
SANCO,BZ,2.3,-3.77,3.01,0.01,0
AARTISURF,P1,168,-19.62,18.18,0,0
925SCL28C,BS,580.3,-18.73,5.09,0,0
ORTEL,BZ,1.69,-4.52,5.57,0.01,0
706GS2046,GS,99.3,-0.19,84405,0,0
935PFL33,N3,1045,-1.97,58.41,0,0
980SCL33,NX,820.2,-8.87,6.16,0,0
GSEC10IETF,EQ,258.5,-0.08,535.12,0,0
795GS2032,GS,101.4,-4.11,96330,0,0
772GS2049,GS,104,-4.1,83200,0,0
832GS2032,GS,103.9,-4.24,92921.98,0,0
ABMINTLLTD,BE,43.42,-1.99,40.85,0,0